sample_barcode	patient_barcode	project_id	project_code	nonsynonymous_count	total_mutation_count	metric_label
TCGA-OR-A5J1-01A	TCGA-OR-A5J1	TCGA-ACC	ACC	23	42	mutation_count_proxy_no_callable_territory
TCGA-OR-A5J2-01A	TCGA-OR-A5J2	TCGA-ACC	ACC	28	45	mutation_count_proxy_no_callable_territory
TCGA-OR-A5J3-01A	TCGA-OR-A5J3	TCGA-ACC	ACC	10	19	mutation_count_proxy_no_callable_territory
TCGA-OR-A5J4-01A	TCGA-OR-A5J4	TCGA-ACC	ACC	116	169	mutation_count_proxy_no_callable_territory
TCGA-OR-A5J5-01A	TCGA-OR-A5J5	TCGA-ACC	ACC	351	546	mutation_count_proxy_no_callable_territory
TCGA-OR-A5J6-01A	TCGA-OR-A5J6	TCGA-ACC	ACC	29	41	mutation_count_proxy_no_callable_territory
TCGA-OR-A5J7-01A	TCGA-OR-A5J7	TCGA-ACC	ACC	48	63	mutation_count_proxy_no_callable_territory
TCGA-OR-A5J8-01A	TCGA-OR-A5J8	TCGA-ACC	ACC	87	126	mutation_count_proxy_no_callable_territory
TCGA-OR-A5J9-01A	TCGA-OR-A5J9	TCGA-ACC	ACC	30	43	mutation_count_proxy_no_callable_territory
TCGA-OR-A5JA-01A	TCGA-OR-A5JA	TCGA-ACC	ACC	473	668	mutation_count_proxy_no_callable_territory
TCGA-OR-A5JB-01A	TCGA-OR-A5JB	TCGA-ACC	ACC	283	431	mutation_count_proxy_no_callable_territory
TCGA-OR-A5JC-01A	TCGA-OR-A5JC	TCGA-ACC	ACC	26	41	mutation_count_proxy_no_callable_territory
TCGA-OR-A5JD-01A	TCGA-OR-A5JD	TCGA-ACC	ACC	27	37	mutation_count_proxy_no_callable_territory
TCGA-OR-A5JE-01A	TCGA-OR-A5JE	TCGA-ACC	ACC	52	75	mutation_count_proxy_no_callable_territory
TCGA-OR-A5JF-01A	TCGA-OR-A5JF	TCGA-ACC	ACC	67	95	mutation_count_proxy_no_callable_territory
TCGA-OR-A5JG-01A	TCGA-OR-A5JG	TCGA-ACC	ACC	27	40	mutation_count_proxy_no_callable_territory
TCGA-OR-A5JH-01A	TCGA-OR-A5JH	TCGA-ACC	ACC	6	11	mutation_count_proxy_no_callable_territory
TCGA-OR-A5JI-01A	TCGA-OR-A5JI	TCGA-ACC	ACC	12	15	mutation_count_proxy_no_callable_territory
TCGA-OR-A5JJ-01A	TCGA-OR-A5JJ	TCGA-ACC	ACC	18	24	mutation_count_proxy_no_callable_territory
TCGA-OR-A5JK-01A	TCGA-OR-A5JK	TCGA-ACC	ACC	24	36	mutation_count_proxy_no_callable_territory
TCGA-OR-A5JL-01A	TCGA-OR-A5JL	TCGA-ACC	ACC	11	14	mutation_count_proxy_no_callable_territory
TCGA-OR-A5JM-01A	TCGA-OR-A5JM	TCGA-ACC	ACC	61	99	mutation_count_proxy_no_callable_territory
TCGA-OR-A5JO-01A	TCGA-OR-A5JO	TCGA-ACC	ACC	13	18	mutation_count_proxy_no_callable_territory
TCGA-OR-A5JP-01A	TCGA-OR-A5JP	TCGA-ACC	ACC	66	104	mutation_count_proxy_no_callable_territory
TCGA-OR-A5JQ-01A	TCGA-OR-A5JQ	TCGA-ACC	ACC	6	9	mutation_count_proxy_no_callable_territory
TCGA-OR-A5JR-01A	TCGA-OR-A5JR	TCGA-ACC	ACC	4	7	mutation_count_proxy_no_callable_territory
TCGA-OR-A5JS-01A	TCGA-OR-A5JS	TCGA-ACC	ACC	29	52	mutation_count_proxy_no_callable_territory
TCGA-OR-A5JT-01A	TCGA-OR-A5JT	TCGA-ACC	ACC	24	41	mutation_count_proxy_no_callable_territory
TCGA-OR-A5JU-01A	TCGA-OR-A5JU	TCGA-ACC	ACC	24	32	mutation_count_proxy_no_callable_territory
TCGA-OR-A5JV-01A	TCGA-OR-A5JV	TCGA-ACC	ACC	25	36	mutation_count_proxy_no_callable_territory
TCGA-OR-A5JW-01A	TCGA-OR-A5JW	TCGA-ACC	ACC	27	37	mutation_count_proxy_no_callable_territory
TCGA-OR-A5JX-01A	TCGA-OR-A5JX	TCGA-ACC	ACC	32	43	mutation_count_proxy_no_callable_territory
TCGA-OR-A5JY-01A	TCGA-OR-A5JY	TCGA-ACC	ACC	68	104	mutation_count_proxy_no_callable_territory
TCGA-OR-A5JZ-01A	TCGA-OR-A5JZ	TCGA-ACC	ACC	15	22	mutation_count_proxy_no_callable_territory
TCGA-OR-A5K0-01A	TCGA-OR-A5K0	TCGA-ACC	ACC	49	83	mutation_count_proxy_no_callable_territory
TCGA-OR-A5K1-01A	TCGA-OR-A5K1	TCGA-ACC	ACC	13	18	mutation_count_proxy_no_callable_territory
TCGA-OR-A5K2-01A	TCGA-OR-A5K2	TCGA-ACC	ACC	44	77	mutation_count_proxy_no_callable_territory
TCGA-OR-A5K3-01A	TCGA-OR-A5K3	TCGA-ACC	ACC	14	20	mutation_count_proxy_no_callable_territory
TCGA-OR-A5K4-01A	TCGA-OR-A5K4	TCGA-ACC	ACC	211	345	mutation_count_proxy_no_callable_territory
TCGA-OR-A5K5-01A	TCGA-OR-A5K5	TCGA-ACC	ACC	114	171	mutation_count_proxy_no_callable_territory
TCGA-OR-A5K6-01A	TCGA-OR-A5K6	TCGA-ACC	ACC	25	38	mutation_count_proxy_no_callable_territory
TCGA-OR-A5K8-01A	TCGA-OR-A5K8	TCGA-ACC	ACC	25	37	mutation_count_proxy_no_callable_territory
TCGA-OR-A5K9-01A	TCGA-OR-A5K9	TCGA-ACC	ACC	115	172	mutation_count_proxy_no_callable_territory
TCGA-OR-A5KB-01A	TCGA-OR-A5KB	TCGA-ACC	ACC	1841	2876	mutation_count_proxy_no_callable_territory
TCGA-OR-A5KO-01A	TCGA-OR-A5KO	TCGA-ACC	ACC	29	44	mutation_count_proxy_no_callable_territory
TCGA-OR-A5KP-01A	TCGA-OR-A5KP	TCGA-ACC	ACC	61	90	mutation_count_proxy_no_callable_territory
TCGA-OR-A5KQ-01A	TCGA-OR-A5KQ	TCGA-ACC	ACC	10	13	mutation_count_proxy_no_callable_territory
TCGA-OR-A5KS-01A	TCGA-OR-A5KS	TCGA-ACC	ACC	19	27	mutation_count_proxy_no_callable_territory
TCGA-OR-A5KT-01A	TCGA-OR-A5KT	TCGA-ACC	ACC	24	42	mutation_count_proxy_no_callable_territory
TCGA-OR-A5KU-01A	TCGA-OR-A5KU	TCGA-ACC	ACC	18	31	mutation_count_proxy_no_callable_territory
TCGA-OR-A5KV-01A	TCGA-OR-A5KV	TCGA-ACC	ACC	18	28	mutation_count_proxy_no_callable_territory
TCGA-OR-A5KW-01A	TCGA-OR-A5KW	TCGA-ACC	ACC	21	36	mutation_count_proxy_no_callable_territory
TCGA-OR-A5KX-01A	TCGA-OR-A5KX	TCGA-ACC	ACC	35	60	mutation_count_proxy_no_callable_territory
TCGA-OR-A5KY-01A	TCGA-OR-A5KY	TCGA-ACC	ACC	27	39	mutation_count_proxy_no_callable_territory
TCGA-OR-A5KZ-01A	TCGA-OR-A5KZ	TCGA-ACC	ACC	27	38	mutation_count_proxy_no_callable_territory
TCGA-OR-A5L1-01A	TCGA-OR-A5L1	TCGA-ACC	ACC	14	28	mutation_count_proxy_no_callable_territory
TCGA-OR-A5L2-01A	TCGA-OR-A5L2	TCGA-ACC	ACC	128	195	mutation_count_proxy_no_callable_territory
TCGA-OR-A5L3-01A	TCGA-OR-A5L3	TCGA-ACC	ACC	21	33	mutation_count_proxy_no_callable_territory
TCGA-OR-A5L4-01A	TCGA-OR-A5L4	TCGA-ACC	ACC	24	32	mutation_count_proxy_no_callable_territory
TCGA-OR-A5L5-01A	TCGA-OR-A5L5	TCGA-ACC	ACC	10	13	mutation_count_proxy_no_callable_territory
TCGA-OR-A5L6-01A	TCGA-OR-A5L6	TCGA-ACC	ACC	37	56	mutation_count_proxy_no_callable_territory
TCGA-OR-A5L8-01A	TCGA-OR-A5L8	TCGA-ACC	ACC	14	23	mutation_count_proxy_no_callable_territory
TCGA-OR-A5L9-01A	TCGA-OR-A5L9	TCGA-ACC	ACC	7	12	mutation_count_proxy_no_callable_territory
TCGA-OR-A5LA-01A	TCGA-OR-A5LA	TCGA-ACC	ACC	7	14	mutation_count_proxy_no_callable_territory
TCGA-OR-A5LB-01A	TCGA-OR-A5LB	TCGA-ACC	ACC	222	347	mutation_count_proxy_no_callable_territory
TCGA-OR-A5LC-01A	TCGA-OR-A5LC	TCGA-ACC	ACC	44	68	mutation_count_proxy_no_callable_territory
TCGA-OR-A5LD-01A	TCGA-OR-A5LD	TCGA-ACC	ACC	54	91	mutation_count_proxy_no_callable_territory
TCGA-OR-A5LE-01A	TCGA-OR-A5LE	TCGA-ACC	ACC	22	29	mutation_count_proxy_no_callable_territory
TCGA-OR-A5LF-01A	TCGA-OR-A5LF	TCGA-ACC	ACC	21	29	mutation_count_proxy_no_callable_territory
TCGA-OR-A5LG-01A	TCGA-OR-A5LG	TCGA-ACC	ACC	18	33	mutation_count_proxy_no_callable_territory
TCGA-OR-A5LH-01A	TCGA-OR-A5LH	TCGA-ACC	ACC	9	10	mutation_count_proxy_no_callable_territory
TCGA-OR-A5LI-01A	TCGA-OR-A5LI	TCGA-ACC	ACC	51	88	mutation_count_proxy_no_callable_territory
TCGA-OR-A5LJ-01A	TCGA-OR-A5LJ	TCGA-ACC	ACC	400	632	mutation_count_proxy_no_callable_territory
TCGA-OR-A5LK-01A	TCGA-OR-A5LK	TCGA-ACC	ACC	41	68	mutation_count_proxy_no_callable_territory
TCGA-OR-A5LL-01A	TCGA-OR-A5LL	TCGA-ACC	ACC	49	75	mutation_count_proxy_no_callable_territory
TCGA-OR-A5LM-01A	TCGA-OR-A5LM	TCGA-ACC	ACC	23	33	mutation_count_proxy_no_callable_territory
TCGA-OR-A5LN-01A	TCGA-OR-A5LN	TCGA-ACC	ACC	11	18	mutation_count_proxy_no_callable_territory
TCGA-OR-A5LO-01A	TCGA-OR-A5LO	TCGA-ACC	ACC	60	100	mutation_count_proxy_no_callable_territory
TCGA-OR-A5LP-01A	TCGA-OR-A5LP	TCGA-ACC	ACC	18	23	mutation_count_proxy_no_callable_territory
TCGA-OR-A5LR-01A	TCGA-OR-A5LR	TCGA-ACC	ACC	12	14	mutation_count_proxy_no_callable_territory
TCGA-OR-A5LS-01A	TCGA-OR-A5LS	TCGA-ACC	ACC	11	19	mutation_count_proxy_no_callable_territory
TCGA-OR-A5LT-01A	TCGA-OR-A5LT	TCGA-ACC	ACC	22	30	mutation_count_proxy_no_callable_territory
TCGA-OU-A5PI-01A	TCGA-OU-A5PI	TCGA-ACC	ACC	28	39	mutation_count_proxy_no_callable_territory
TCGA-P6-A5OF-01A	TCGA-P6-A5OF	TCGA-ACC	ACC	28	43	mutation_count_proxy_no_callable_territory
TCGA-P6-A5OG-01A	TCGA-P6-A5OG	TCGA-ACC	ACC	213	321	mutation_count_proxy_no_callable_territory
TCGA-P6-A5OH-01A	TCGA-P6-A5OH	TCGA-ACC	ACC	123	177	mutation_count_proxy_no_callable_territory
TCGA-PA-A5YG-01A	TCGA-PA-A5YG	TCGA-ACC	ACC	10	11	mutation_count_proxy_no_callable_territory
TCGA-PK-A5H8-01A	TCGA-PK-A5H8	TCGA-ACC	ACC	20	33	mutation_count_proxy_no_callable_territory
TCGA-PK-A5H9-01A	TCGA-PK-A5H9	TCGA-ACC	ACC	15	22	mutation_count_proxy_no_callable_territory
TCGA-PK-A5HA-01A	TCGA-PK-A5HA	TCGA-ACC	ACC	48	75	mutation_count_proxy_no_callable_territory
TCGA-PK-A5HB-01A	TCGA-PK-A5HB	TCGA-ACC	ACC	975	1590	mutation_count_proxy_no_callable_territory
TCGA-PK-A5HC-01A	TCGA-PK-A5HC	TCGA-ACC	ACC	55	87	mutation_count_proxy_no_callable_territory
TCGA-2F-A9KO-01A	TCGA-2F-A9KO	TCGA-BLCA	BLCA	483	740	mutation_count_proxy_no_callable_territory
TCGA-2F-A9KP-01A	TCGA-2F-A9KP	TCGA-BLCA	BLCA	130	184	mutation_count_proxy_no_callable_territory
TCGA-2F-A9KQ-01A	TCGA-2F-A9KQ	TCGA-BLCA	BLCA	60	88	mutation_count_proxy_no_callable_territory
TCGA-2F-A9KR-01A	TCGA-2F-A9KR	TCGA-BLCA	BLCA	206	319	mutation_count_proxy_no_callable_territory
TCGA-2F-A9KT-01A	TCGA-2F-A9KT	TCGA-BLCA	BLCA	330	461	mutation_count_proxy_no_callable_territory
TCGA-2F-A9KW-01A	TCGA-2F-A9KW	TCGA-BLCA	BLCA	93	152	mutation_count_proxy_no_callable_territory
TCGA-4Z-AA7M-01A	TCGA-4Z-AA7M	TCGA-BLCA	BLCA	469	707	mutation_count_proxy_no_callable_territory
TCGA-4Z-AA7N-01A	TCGA-4Z-AA7N	TCGA-BLCA	BLCA	12	25	mutation_count_proxy_no_callable_territory
TCGA-4Z-AA7O-01A	TCGA-4Z-AA7O	TCGA-BLCA	BLCA	156	260	mutation_count_proxy_no_callable_territory
TCGA-4Z-AA7Q-01A	TCGA-4Z-AA7Q	TCGA-BLCA	BLCA	222	330	mutation_count_proxy_no_callable_territory
TCGA-4Z-AA7R-01A	TCGA-4Z-AA7R	TCGA-BLCA	BLCA	318	471	mutation_count_proxy_no_callable_territory
TCGA-4Z-AA7S-01A	TCGA-4Z-AA7S	TCGA-BLCA	BLCA	58	81	mutation_count_proxy_no_callable_territory
TCGA-4Z-AA7W-01A	TCGA-4Z-AA7W	TCGA-BLCA	BLCA	501	712	mutation_count_proxy_no_callable_territory
TCGA-4Z-AA7Y-01A	TCGA-4Z-AA7Y	TCGA-BLCA	BLCA	258	404	mutation_count_proxy_no_callable_territory
TCGA-4Z-AA80-01A	TCGA-4Z-AA80	TCGA-BLCA	BLCA	371	548	mutation_count_proxy_no_callable_territory
TCGA-4Z-AA81-01A	TCGA-4Z-AA81	TCGA-BLCA	BLCA	191	281	mutation_count_proxy_no_callable_territory
TCGA-4Z-AA82-01A	TCGA-4Z-AA82	TCGA-BLCA	BLCA	95	143	mutation_count_proxy_no_callable_territory
TCGA-4Z-AA83-01A	TCGA-4Z-AA83	TCGA-BLCA	BLCA	74	117	mutation_count_proxy_no_callable_territory
TCGA-4Z-AA84-01A	TCGA-4Z-AA84	TCGA-BLCA	BLCA	411	684	mutation_count_proxy_no_callable_territory
TCGA-4Z-AA86-01A	TCGA-4Z-AA86	TCGA-BLCA	BLCA	195	289	mutation_count_proxy_no_callable_territory
TCGA-4Z-AA87-01A	TCGA-4Z-AA87	TCGA-BLCA	BLCA	229	334	mutation_count_proxy_no_callable_territory
TCGA-4Z-AA89-01A	TCGA-4Z-AA89	TCGA-BLCA	BLCA	125	183	mutation_count_proxy_no_callable_territory
TCGA-5N-A9KI-01A	TCGA-5N-A9KI	TCGA-BLCA	BLCA	147	221	mutation_count_proxy_no_callable_territory
TCGA-5N-A9KM-01A	TCGA-5N-A9KM	TCGA-BLCA	BLCA	186	286	mutation_count_proxy_no_callable_territory
TCGA-BL-A0C8-01A	TCGA-BL-A0C8	TCGA-BLCA	BLCA	108	164	mutation_count_proxy_no_callable_territory
TCGA-BL-A13I-01A	TCGA-BL-A13I	TCGA-BLCA	BLCA	197	270	mutation_count_proxy_no_callable_territory
TCGA-BL-A13J-01A	TCGA-BL-A13J	TCGA-BLCA	BLCA	192	298	mutation_count_proxy_no_callable_territory
TCGA-BL-A3JM-01A	TCGA-BL-A3JM	TCGA-BLCA	BLCA	176	281	mutation_count_proxy_no_callable_territory
TCGA-BL-A5ZZ-01A	TCGA-BL-A5ZZ	TCGA-BLCA	BLCA	228	358	mutation_count_proxy_no_callable_territory
TCGA-BT-A0S7-01A	TCGA-BT-A0S7	TCGA-BLCA	BLCA	37	57	mutation_count_proxy_no_callable_territory
TCGA-BT-A0YX-01A	TCGA-BT-A0YX	TCGA-BLCA	BLCA	579	906	mutation_count_proxy_no_callable_territory
TCGA-BT-A20J-01A	TCGA-BT-A20J	TCGA-BLCA	BLCA	422	640	mutation_count_proxy_no_callable_territory
TCGA-BT-A20N-01A	TCGA-BT-A20N	TCGA-BLCA	BLCA	238	371	mutation_count_proxy_no_callable_territory
TCGA-BT-A20O-01A	TCGA-BT-A20O	TCGA-BLCA	BLCA	170	242	mutation_count_proxy_no_callable_territory
TCGA-BT-A20P-01A	TCGA-BT-A20P	TCGA-BLCA	BLCA	86	125	mutation_count_proxy_no_callable_territory
TCGA-BT-A20Q-01A	TCGA-BT-A20Q	TCGA-BLCA	BLCA	90	128	mutation_count_proxy_no_callable_territory
TCGA-BT-A20R-01A	TCGA-BT-A20R	TCGA-BLCA	BLCA	248	379	mutation_count_proxy_no_callable_territory
TCGA-BT-A20T-01A	TCGA-BT-A20T	TCGA-BLCA	BLCA	232	358	mutation_count_proxy_no_callable_territory
TCGA-BT-A20U-01A	TCGA-BT-A20U	TCGA-BLCA	BLCA	83	121	mutation_count_proxy_no_callable_territory
TCGA-BT-A20V-01A	TCGA-BT-A20V	TCGA-BLCA	BLCA	97	141	mutation_count_proxy_no_callable_territory
TCGA-BT-A20W-01A	TCGA-BT-A20W	TCGA-BLCA	BLCA	84	112	mutation_count_proxy_no_callable_territory
TCGA-BT-A20X-01A	TCGA-BT-A20X	TCGA-BLCA	BLCA	69	95	mutation_count_proxy_no_callable_territory
TCGA-BT-A2LA-01A	TCGA-BT-A2LA	TCGA-BLCA	BLCA	171	267	mutation_count_proxy_no_callable_territory
TCGA-BT-A2LB-01A	TCGA-BT-A2LB	TCGA-BLCA	BLCA	1012	1656	mutation_count_proxy_no_callable_territory
TCGA-BT-A2LD-01A	TCGA-BT-A2LD	TCGA-BLCA	BLCA	95	138	mutation_count_proxy_no_callable_territory
TCGA-BT-A3PH-01A	TCGA-BT-A3PH	TCGA-BLCA	BLCA	410	602	mutation_count_proxy_no_callable_territory
TCGA-BT-A3PJ-01A	TCGA-BT-A3PJ	TCGA-BLCA	BLCA	436	693	mutation_count_proxy_no_callable_territory
TCGA-BT-A3PK-01A	TCGA-BT-A3PK	TCGA-BLCA	BLCA	339	488	mutation_count_proxy_no_callable_territory
TCGA-BT-A42B-01A	TCGA-BT-A42B	TCGA-BLCA	BLCA	53	91	mutation_count_proxy_no_callable_territory
TCGA-BT-A42C-01A	TCGA-BT-A42C	TCGA-BLCA	BLCA	338	513	mutation_count_proxy_no_callable_territory
TCGA-BT-A42E-01A	TCGA-BT-A42E	TCGA-BLCA	BLCA	158	234	mutation_count_proxy_no_callable_territory
TCGA-BT-A42F-01A	TCGA-BT-A42F	TCGA-BLCA	BLCA	160	226	mutation_count_proxy_no_callable_territory
TCGA-C4-A0EZ-01A	TCGA-C4-A0EZ	TCGA-BLCA	BLCA	169	262	mutation_count_proxy_no_callable_territory
TCGA-C4-A0F0-01A	TCGA-C4-A0F0	TCGA-BLCA	BLCA	87	140	mutation_count_proxy_no_callable_territory
TCGA-C4-A0F1-01A	TCGA-C4-A0F1	TCGA-BLCA	BLCA	149	245	mutation_count_proxy_no_callable_territory
TCGA-C4-A0F6-01A	TCGA-C4-A0F6	TCGA-BLCA	BLCA	184	272	mutation_count_proxy_no_callable_territory
TCGA-C4-A0F7-01A	TCGA-C4-A0F7	TCGA-BLCA	BLCA	63	111	mutation_count_proxy_no_callable_territory
TCGA-CF-A1HR-01A	TCGA-CF-A1HR	TCGA-BLCA	BLCA	250	387	mutation_count_proxy_no_callable_territory
TCGA-CF-A1HS-01A	TCGA-CF-A1HS	TCGA-BLCA	BLCA	238	356	mutation_count_proxy_no_callable_territory
TCGA-CF-A27C-01A	TCGA-CF-A27C	TCGA-BLCA	BLCA	131	208	mutation_count_proxy_no_callable_territory
TCGA-CF-A3MF-01A	TCGA-CF-A3MF	TCGA-BLCA	BLCA	23	31	mutation_count_proxy_no_callable_territory
TCGA-CF-A3MG-01A	TCGA-CF-A3MG	TCGA-BLCA	BLCA	121	192	mutation_count_proxy_no_callable_territory
TCGA-CF-A3MH-01A	TCGA-CF-A3MH	TCGA-BLCA	BLCA	43	62	mutation_count_proxy_no_callable_territory
TCGA-CF-A3MI-01A	TCGA-CF-A3MI	TCGA-BLCA	BLCA	62	98	mutation_count_proxy_no_callable_territory
TCGA-CF-A47S-01A	TCGA-CF-A47S	TCGA-BLCA	BLCA	26	35	mutation_count_proxy_no_callable_territory
TCGA-CF-A47T-01A	TCGA-CF-A47T	TCGA-BLCA	BLCA	27	40	mutation_count_proxy_no_callable_territory
TCGA-CF-A47V-01A	TCGA-CF-A47V	TCGA-BLCA	BLCA	65	107	mutation_count_proxy_no_callable_territory
TCGA-CF-A47W-01A	TCGA-CF-A47W	TCGA-BLCA	BLCA	26	41	mutation_count_proxy_no_callable_territory
TCGA-CF-A47X-01A	TCGA-CF-A47X	TCGA-BLCA	BLCA	288	444	mutation_count_proxy_no_callable_territory
TCGA-CF-A47Y-01A	TCGA-CF-A47Y	TCGA-BLCA	BLCA	59	92	mutation_count_proxy_no_callable_territory
TCGA-CF-A5U8-01A	TCGA-CF-A5U8	TCGA-BLCA	BLCA	45	74	mutation_count_proxy_no_callable_territory
TCGA-CF-A5UA-01A	TCGA-CF-A5UA	TCGA-BLCA	BLCA	66	102	mutation_count_proxy_no_callable_territory
TCGA-CF-A7I0-01A	TCGA-CF-A7I0	TCGA-BLCA	BLCA	36	70	mutation_count_proxy_no_callable_territory
TCGA-CF-A8HX-01A	TCGA-CF-A8HX	TCGA-BLCA	BLCA	52	91	mutation_count_proxy_no_callable_territory
TCGA-CF-A8HY-01A	TCGA-CF-A8HY	TCGA-BLCA	BLCA	86	129	mutation_count_proxy_no_callable_territory
TCGA-CF-A9FF-01A	TCGA-CF-A9FF	TCGA-BLCA	BLCA	131	191	mutation_count_proxy_no_callable_territory
TCGA-CF-A9FH-01A	TCGA-CF-A9FH	TCGA-BLCA	BLCA	38	47	mutation_count_proxy_no_callable_territory
TCGA-CF-A9FL-01A	TCGA-CF-A9FL	TCGA-BLCA	BLCA	57	80	mutation_count_proxy_no_callable_territory
TCGA-CF-A9FM-01A	TCGA-CF-A9FM	TCGA-BLCA	BLCA	20	32	mutation_count_proxy_no_callable_territory
TCGA-CU-A0YN-01A	TCGA-CU-A0YN	TCGA-BLCA	BLCA	145	213	mutation_count_proxy_no_callable_territory
TCGA-CU-A0YO-01A	TCGA-CU-A0YO	TCGA-BLCA	BLCA	91	135	mutation_count_proxy_no_callable_territory
TCGA-CU-A0YR-01A	TCGA-CU-A0YR	TCGA-BLCA	BLCA	274	413	mutation_count_proxy_no_callable_territory
TCGA-CU-A3KJ-01A	TCGA-CU-A3KJ	TCGA-BLCA	BLCA	199	307	mutation_count_proxy_no_callable_territory
TCGA-CU-A3QU-01A	TCGA-CU-A3QU	TCGA-BLCA	BLCA	86	141	mutation_count_proxy_no_callable_territory
TCGA-CU-A3YL-01A	TCGA-CU-A3YL	TCGA-BLCA	BLCA	210	295	mutation_count_proxy_no_callable_territory
TCGA-CU-A5W6-01A	TCGA-CU-A5W6	TCGA-BLCA	BLCA	198	298	mutation_count_proxy_no_callable_territory
TCGA-CU-A72E-01A	TCGA-CU-A72E	TCGA-BLCA	BLCA	90	138	mutation_count_proxy_no_callable_territory
TCGA-DK-A1A3-01A	TCGA-DK-A1A3	TCGA-BLCA	BLCA	557	856	mutation_count_proxy_no_callable_territory
TCGA-DK-A1A5-01A	TCGA-DK-A1A5	TCGA-BLCA	BLCA	231	371	mutation_count_proxy_no_callable_territory
TCGA-DK-A1A6-06A	TCGA-DK-A1A6	TCGA-BLCA	BLCA	253	369	mutation_count_proxy_no_callable_territory
TCGA-DK-A1A7-01A	TCGA-DK-A1A7	TCGA-BLCA	BLCA	211	304	mutation_count_proxy_no_callable_territory
TCGA-DK-A1AA-01A	TCGA-DK-A1AA	TCGA-BLCA	BLCA	76	109	mutation_count_proxy_no_callable_territory
TCGA-DK-A1AB-01A	TCGA-DK-A1AB	TCGA-BLCA	BLCA	173	274	mutation_count_proxy_no_callable_territory
TCGA-DK-A1AC-01A	TCGA-DK-A1AC	TCGA-BLCA	BLCA	1264	2121	mutation_count_proxy_no_callable_territory
TCGA-DK-A1AD-01A	TCGA-DK-A1AD	TCGA-BLCA	BLCA	218	331	mutation_count_proxy_no_callable_territory
TCGA-DK-A1AE-01A	TCGA-DK-A1AE	TCGA-BLCA	BLCA	107	157	mutation_count_proxy_no_callable_territory
TCGA-DK-A1AF-01A	TCGA-DK-A1AF	TCGA-BLCA	BLCA	102	142	mutation_count_proxy_no_callable_territory
TCGA-DK-A1AG-01A	TCGA-DK-A1AG	TCGA-BLCA	BLCA	110	163	mutation_count_proxy_no_callable_territory
TCGA-DK-A2HX-01A	TCGA-DK-A2HX	TCGA-BLCA	BLCA	95	142	mutation_count_proxy_no_callable_territory
TCGA-DK-A2I1-01A	TCGA-DK-A2I1	TCGA-BLCA	BLCA	703	1061	mutation_count_proxy_no_callable_territory
TCGA-DK-A2I2-01A	TCGA-DK-A2I2	TCGA-BLCA	BLCA	398	632	mutation_count_proxy_no_callable_territory
TCGA-DK-A2I4-01A	TCGA-DK-A2I4	TCGA-BLCA	BLCA	786	1279	mutation_count_proxy_no_callable_territory
TCGA-DK-A2I6-01A	TCGA-DK-A2I6	TCGA-BLCA	BLCA	244	391	mutation_count_proxy_no_callable_territory
TCGA-DK-A3IK-01A	TCGA-DK-A3IK	TCGA-BLCA	BLCA	196	271	mutation_count_proxy_no_callable_territory
TCGA-DK-A3IL-01A	TCGA-DK-A3IL	TCGA-BLCA	BLCA	174	237	mutation_count_proxy_no_callable_territory
TCGA-DK-A3IM-01A	TCGA-DK-A3IM	TCGA-BLCA	BLCA	75	113	mutation_count_proxy_no_callable_territory
TCGA-DK-A3IN-01A	TCGA-DK-A3IN	TCGA-BLCA	BLCA	342	521	mutation_count_proxy_no_callable_territory
TCGA-DK-A3IQ-01A	TCGA-DK-A3IQ	TCGA-BLCA	BLCA	162	248	mutation_count_proxy_no_callable_territory
TCGA-DK-A3IS-01A	TCGA-DK-A3IS	TCGA-BLCA	BLCA	302	466	mutation_count_proxy_no_callable_territory
TCGA-DK-A3IT-01A	TCGA-DK-A3IT	TCGA-BLCA	BLCA	388	559	mutation_count_proxy_no_callable_territory
TCGA-DK-A3IU-01A	TCGA-DK-A3IU	TCGA-BLCA	BLCA	347	554	mutation_count_proxy_no_callable_territory
TCGA-DK-A3IV-01A	TCGA-DK-A3IV	TCGA-BLCA	BLCA	75	107	mutation_count_proxy_no_callable_territory
TCGA-DK-A3WW-01A	TCGA-DK-A3WW	TCGA-BLCA	BLCA	1059	1637	mutation_count_proxy_no_callable_territory
TCGA-DK-A3WX-01A	TCGA-DK-A3WX	TCGA-BLCA	BLCA	33	56	mutation_count_proxy_no_callable_territory
TCGA-DK-A3WY-01A	TCGA-DK-A3WY	TCGA-BLCA	BLCA	18	23	mutation_count_proxy_no_callable_territory
TCGA-DK-A3X1-01A	TCGA-DK-A3X1	TCGA-BLCA	BLCA	761	1218	mutation_count_proxy_no_callable_territory
TCGA-DK-A3X2-01A	TCGA-DK-A3X2	TCGA-BLCA	BLCA	121	164	mutation_count_proxy_no_callable_territory
TCGA-DK-A6AV-01A	TCGA-DK-A6AV	TCGA-BLCA	BLCA	101	168	mutation_count_proxy_no_callable_territory
TCGA-DK-A6AW-01A	TCGA-DK-A6AW	TCGA-BLCA	BLCA	3532	5076	mutation_count_proxy_no_callable_territory
TCGA-DK-A6B0-01A	TCGA-DK-A6B0	TCGA-BLCA	BLCA	24	33	mutation_count_proxy_no_callable_territory
TCGA-DK-A6B1-01A	TCGA-DK-A6B1	TCGA-BLCA	BLCA	124	197	mutation_count_proxy_no_callable_territory
TCGA-DK-A6B2-01A	TCGA-DK-A6B2	TCGA-BLCA	BLCA	170	271	mutation_count_proxy_no_callable_territory
TCGA-DK-A6B5-01A	TCGA-DK-A6B5	TCGA-BLCA	BLCA	114	185	mutation_count_proxy_no_callable_territory
TCGA-DK-A6B6-01A	TCGA-DK-A6B6	TCGA-BLCA	BLCA	773	1365	mutation_count_proxy_no_callable_territory
TCGA-DK-AA6L-01A	TCGA-DK-AA6L	TCGA-BLCA	BLCA	373	550	mutation_count_proxy_no_callable_territory
TCGA-DK-AA6M-01A	TCGA-DK-AA6M	TCGA-BLCA	BLCA	60	94	mutation_count_proxy_no_callable_territory
TCGA-DK-AA6P-01A	TCGA-DK-AA6P	TCGA-BLCA	BLCA	170	258	mutation_count_proxy_no_callable_territory
TCGA-DK-AA6Q-01A	TCGA-DK-AA6Q	TCGA-BLCA	BLCA	108	157	mutation_count_proxy_no_callable_territory
TCGA-DK-AA6R-01A	TCGA-DK-AA6R	TCGA-BLCA	BLCA	328	454	mutation_count_proxy_no_callable_territory
TCGA-DK-AA6S-01A	TCGA-DK-AA6S	TCGA-BLCA	BLCA	511	798	mutation_count_proxy_no_callable_territory
TCGA-DK-AA6T-01A	TCGA-DK-AA6T	TCGA-BLCA	BLCA	83	121	mutation_count_proxy_no_callable_territory
TCGA-DK-AA6U-01A	TCGA-DK-AA6U	TCGA-BLCA	BLCA	414	587	mutation_count_proxy_no_callable_territory
TCGA-DK-AA6W-01A	TCGA-DK-AA6W	TCGA-BLCA	BLCA	232	346	mutation_count_proxy_no_callable_territory
TCGA-DK-AA6X-01A	TCGA-DK-AA6X	TCGA-BLCA	BLCA	110	149	mutation_count_proxy_no_callable_territory
TCGA-DK-AA71-01A	TCGA-DK-AA71	TCGA-BLCA	BLCA	583	898	mutation_count_proxy_no_callable_territory
TCGA-DK-AA74-01A	TCGA-DK-AA74	TCGA-BLCA	BLCA	214	293	mutation_count_proxy_no_callable_territory
TCGA-DK-AA75-01A	TCGA-DK-AA75	TCGA-BLCA	BLCA	403	658	mutation_count_proxy_no_callable_territory
TCGA-DK-AA76-01A	TCGA-DK-AA76	TCGA-BLCA	BLCA	225	323	mutation_count_proxy_no_callable_territory
TCGA-DK-AA77-01A	TCGA-DK-AA77	TCGA-BLCA	BLCA	315	483	mutation_count_proxy_no_callable_territory
TCGA-E5-A2PC-01A	TCGA-E5-A2PC	TCGA-BLCA	BLCA	202	331	mutation_count_proxy_no_callable_territory
TCGA-E5-A4TZ-01A	TCGA-E5-A4TZ	TCGA-BLCA	BLCA	412	625	mutation_count_proxy_no_callable_territory
TCGA-E5-A4U1-01A	TCGA-E5-A4U1	TCGA-BLCA	BLCA	544	825	mutation_count_proxy_no_callable_territory
TCGA-E7-A3X6-01A	TCGA-E7-A3X6	TCGA-BLCA	BLCA	108	152	mutation_count_proxy_no_callable_territory
TCGA-E7-A3Y1-01A	TCGA-E7-A3Y1	TCGA-BLCA	BLCA	150	229	mutation_count_proxy_no_callable_territory
TCGA-E7-A4IJ-01A	TCGA-E7-A4IJ	TCGA-BLCA	BLCA	299	476	mutation_count_proxy_no_callable_territory
TCGA-E7-A4XJ-01A	TCGA-E7-A4XJ	TCGA-BLCA	BLCA	38	61	mutation_count_proxy_no_callable_territory
TCGA-E7-A519-01A	TCGA-E7-A519	TCGA-BLCA	BLCA	67	93	mutation_count_proxy_no_callable_territory
TCGA-E7-A541-01A	TCGA-E7-A541	TCGA-BLCA	BLCA	421	587	mutation_count_proxy_no_callable_territory
TCGA-E7-A5KE-01A	TCGA-E7-A5KE	TCGA-BLCA	BLCA	169	295	mutation_count_proxy_no_callable_territory
TCGA-E7-A5KF-01A	TCGA-E7-A5KF	TCGA-BLCA	BLCA	172	275	mutation_count_proxy_no_callable_territory
TCGA-E7-A677-01A	TCGA-E7-A677	TCGA-BLCA	BLCA	211	326	mutation_count_proxy_no_callable_territory
TCGA-E7-A678-01A	TCGA-E7-A678	TCGA-BLCA	BLCA	46	66	mutation_count_proxy_no_callable_territory
TCGA-E7-A6MD-01A	TCGA-E7-A6MD	TCGA-BLCA	BLCA	387	620	mutation_count_proxy_no_callable_territory
TCGA-E7-A6ME-01A	TCGA-E7-A6ME	TCGA-BLCA	BLCA	117	178	mutation_count_proxy_no_callable_territory
TCGA-E7-A6MF-01A	TCGA-E7-A6MF	TCGA-BLCA	BLCA	39	63	mutation_count_proxy_no_callable_territory
TCGA-E7-A7DU-01A	TCGA-E7-A7DU	TCGA-BLCA	BLCA	243	359	mutation_count_proxy_no_callable_territory
TCGA-E7-A7DV-01A	TCGA-E7-A7DV	TCGA-BLCA	BLCA	490	695	mutation_count_proxy_no_callable_territory
TCGA-E7-A7PW-01A	TCGA-E7-A7PW	TCGA-BLCA	BLCA	74	127	mutation_count_proxy_no_callable_territory
TCGA-E7-A7XN-01A	TCGA-E7-A7XN	TCGA-BLCA	BLCA	842	1257	mutation_count_proxy_no_callable_territory
TCGA-E7-A85H-01A	TCGA-E7-A85H	TCGA-BLCA	BLCA	379	567	mutation_count_proxy_no_callable_territory
TCGA-E7-A8O7-01A	TCGA-E7-A8O7	TCGA-BLCA	BLCA	26	43	mutation_count_proxy_no_callable_territory
TCGA-E7-A8O8-01A	TCGA-E7-A8O8	TCGA-BLCA	BLCA	113	161	mutation_count_proxy_no_callable_territory
TCGA-E7-A97P-01A	TCGA-E7-A97P	TCGA-BLCA	BLCA	192	276	mutation_count_proxy_no_callable_territory
TCGA-E7-A97Q-01A	TCGA-E7-A97Q	TCGA-BLCA	BLCA	63	89	mutation_count_proxy_no_callable_territory
TCGA-FD-A3B3-01A	TCGA-FD-A3B3	TCGA-BLCA	BLCA	159	233	mutation_count_proxy_no_callable_territory
TCGA-FD-A3B4-01A	TCGA-FD-A3B4	TCGA-BLCA	BLCA	72	105	mutation_count_proxy_no_callable_territory
TCGA-FD-A3B5-01A	TCGA-FD-A3B5	TCGA-BLCA	BLCA	140	195	mutation_count_proxy_no_callable_territory
TCGA-FD-A3B6-01A	TCGA-FD-A3B6	TCGA-BLCA	BLCA	255	357	mutation_count_proxy_no_callable_territory
TCGA-FD-A3B7-01A	TCGA-FD-A3B7	TCGA-BLCA	BLCA	66	91	mutation_count_proxy_no_callable_territory
TCGA-FD-A3B8-01A	TCGA-FD-A3B8	TCGA-BLCA	BLCA	38	52	mutation_count_proxy_no_callable_territory
TCGA-FD-A3N5-01A	TCGA-FD-A3N5	TCGA-BLCA	BLCA	273	434	mutation_count_proxy_no_callable_territory
TCGA-FD-A3N6-01A	TCGA-FD-A3N6	TCGA-BLCA	BLCA	111	158	mutation_count_proxy_no_callable_territory
TCGA-FD-A3NA-01A	TCGA-FD-A3NA	TCGA-BLCA	BLCA	163	233	mutation_count_proxy_no_callable_territory
TCGA-FD-A3SJ-01A	TCGA-FD-A3SJ	TCGA-BLCA	BLCA	220	326	mutation_count_proxy_no_callable_territory
TCGA-FD-A3SL-01A	TCGA-FD-A3SL	TCGA-BLCA	BLCA	201	307	mutation_count_proxy_no_callable_territory
TCGA-FD-A3SM-01A	TCGA-FD-A3SM	TCGA-BLCA	BLCA	181	267	mutation_count_proxy_no_callable_territory
TCGA-FD-A3SN-01A	TCGA-FD-A3SN	TCGA-BLCA	BLCA	332	543	mutation_count_proxy_no_callable_territory
TCGA-FD-A3SO-01A	TCGA-FD-A3SO	TCGA-BLCA	BLCA	311	495	mutation_count_proxy_no_callable_territory
TCGA-FD-A3SP-01A	TCGA-FD-A3SP	TCGA-BLCA	BLCA	103	169	mutation_count_proxy_no_callable_territory
TCGA-FD-A3SQ-01A	TCGA-FD-A3SQ	TCGA-BLCA	BLCA	67	104	mutation_count_proxy_no_callable_territory
TCGA-FD-A3SR-01A	TCGA-FD-A3SR	TCGA-BLCA	BLCA	130	177	mutation_count_proxy_no_callable_territory
TCGA-FD-A3SS-01A	TCGA-FD-A3SS	TCGA-BLCA	BLCA	432	674	mutation_count_proxy_no_callable_territory
TCGA-FD-A43N-01A	TCGA-FD-A43N	TCGA-BLCA	BLCA	163	249	mutation_count_proxy_no_callable_territory
TCGA-FD-A43P-01A	TCGA-FD-A43P	TCGA-BLCA	BLCA	367	564	mutation_count_proxy_no_callable_territory
TCGA-FD-A43U-01A	TCGA-FD-A43U	TCGA-BLCA	BLCA	60	98	mutation_count_proxy_no_callable_territory
TCGA-FD-A43X-01A	TCGA-FD-A43X	TCGA-BLCA	BLCA	283	440	mutation_count_proxy_no_callable_territory
TCGA-FD-A43Y-01A	TCGA-FD-A43Y	TCGA-BLCA	BLCA	57	91	mutation_count_proxy_no_callable_territory
TCGA-FD-A5BR-01A	TCGA-FD-A5BR	TCGA-BLCA	BLCA	86	117	mutation_count_proxy_no_callable_territory
TCGA-FD-A5BS-01A	TCGA-FD-A5BS	TCGA-BLCA	BLCA	22	34	mutation_count_proxy_no_callable_territory
TCGA-FD-A5BT-01A	TCGA-FD-A5BT	TCGA-BLCA	BLCA	108	171	mutation_count_proxy_no_callable_territory
TCGA-FD-A5BU-01A	TCGA-FD-A5BU	TCGA-BLCA	BLCA	68	90	mutation_count_proxy_no_callable_territory
TCGA-FD-A5BV-01A	TCGA-FD-A5BV	TCGA-BLCA	BLCA	108	164	mutation_count_proxy_no_callable_territory
TCGA-FD-A5BX-01A	TCGA-FD-A5BX	TCGA-BLCA	BLCA	312	473	mutation_count_proxy_no_callable_territory
TCGA-FD-A5BY-01A	TCGA-FD-A5BY	TCGA-BLCA	BLCA	44	65	mutation_count_proxy_no_callable_territory
TCGA-FD-A5BZ-01A	TCGA-FD-A5BZ	TCGA-BLCA	BLCA	108	176	mutation_count_proxy_no_callable_territory
TCGA-FD-A5C0-01A	TCGA-FD-A5C0	TCGA-BLCA	BLCA	108	171	mutation_count_proxy_no_callable_territory
TCGA-FD-A5C1-01A	TCGA-FD-A5C1	TCGA-BLCA	BLCA	131	192	mutation_count_proxy_no_callable_territory
TCGA-FD-A62N-01A	TCGA-FD-A62N	TCGA-BLCA	BLCA	82	126	mutation_count_proxy_no_callable_territory
TCGA-FD-A62O-01A	TCGA-FD-A62O	TCGA-BLCA	BLCA	160	255	mutation_count_proxy_no_callable_territory
TCGA-FD-A62P-01A	TCGA-FD-A62P	TCGA-BLCA	BLCA	355	532	mutation_count_proxy_no_callable_territory
TCGA-FD-A62S-01A	TCGA-FD-A62S	TCGA-BLCA	BLCA	71	101	mutation_count_proxy_no_callable_territory
TCGA-FD-A6TA-01A	TCGA-FD-A6TA	TCGA-BLCA	BLCA	243	355	mutation_count_proxy_no_callable_territory
TCGA-FD-A6TB-01A	TCGA-FD-A6TB	TCGA-BLCA	BLCA	184	276	mutation_count_proxy_no_callable_territory
TCGA-FD-A6TC-01A	TCGA-FD-A6TC	TCGA-BLCA	BLCA	856	1314	mutation_count_proxy_no_callable_territory
TCGA-FD-A6TD-01A	TCGA-FD-A6TD	TCGA-BLCA	BLCA	120	189	mutation_count_proxy_no_callable_territory
TCGA-FD-A6TE-01A	TCGA-FD-A6TE	TCGA-BLCA	BLCA	247	379	mutation_count_proxy_no_callable_territory
TCGA-FD-A6TF-01A	TCGA-FD-A6TF	TCGA-BLCA	BLCA	127	195	mutation_count_proxy_no_callable_territory
TCGA-FD-A6TG-01A	TCGA-FD-A6TG	TCGA-BLCA	BLCA	357	536	mutation_count_proxy_no_callable_territory
TCGA-FD-A6TH-01A	TCGA-FD-A6TH	TCGA-BLCA	BLCA	146	211	mutation_count_proxy_no_callable_territory
TCGA-FD-A6TI-01A	TCGA-FD-A6TI	TCGA-BLCA	BLCA	114	163	mutation_count_proxy_no_callable_territory
TCGA-FD-A6TK-01A	TCGA-FD-A6TK	TCGA-BLCA	BLCA	111	163	mutation_count_proxy_no_callable_territory
TCGA-FJ-A3Z7-01A	TCGA-FJ-A3Z7	TCGA-BLCA	BLCA	293	437	mutation_count_proxy_no_callable_territory
TCGA-FJ-A3Z9-01A	TCGA-FJ-A3Z9	TCGA-BLCA	BLCA	66	99	mutation_count_proxy_no_callable_territory
TCGA-FJ-A3ZE-01A	TCGA-FJ-A3ZE	TCGA-BLCA	BLCA	369	552	mutation_count_proxy_no_callable_territory
TCGA-FJ-A3ZF-01A	TCGA-FJ-A3ZF	TCGA-BLCA	BLCA	220	350	mutation_count_proxy_no_callable_territory
TCGA-FJ-A871-01A	TCGA-FJ-A871	TCGA-BLCA	BLCA	44	65	mutation_count_proxy_no_callable_territory
TCGA-FT-A3EE-01A	TCGA-FT-A3EE	TCGA-BLCA	BLCA	116	167	mutation_count_proxy_no_callable_territory
TCGA-FT-A61P-01A	TCGA-FT-A61P	TCGA-BLCA	BLCA	145	226	mutation_count_proxy_no_callable_territory
TCGA-G2-A2EC-01A	TCGA-G2-A2EC	TCGA-BLCA	BLCA	164	248	mutation_count_proxy_no_callable_territory
TCGA-G2-A2EF-01A	TCGA-G2-A2EF	TCGA-BLCA	BLCA	234	363	mutation_count_proxy_no_callable_territory
TCGA-G2-A2EJ-01A	TCGA-G2-A2EJ	TCGA-BLCA	BLCA	521	821	mutation_count_proxy_no_callable_territory
TCGA-G2-A2EK-01A	TCGA-G2-A2EK	TCGA-BLCA	BLCA	63	88	mutation_count_proxy_no_callable_territory
TCGA-G2-A2EL-01A	TCGA-G2-A2EL	TCGA-BLCA	BLCA	204	320	mutation_count_proxy_no_callable_territory
TCGA-G2-A2EO-01A	TCGA-G2-A2EO	TCGA-BLCA	BLCA	798	1228	mutation_count_proxy_no_callable_territory
TCGA-G2-A2ES-01A	TCGA-G2-A2ES	TCGA-BLCA	BLCA	408	641	mutation_count_proxy_no_callable_territory
TCGA-G2-A3IB-01A	TCGA-G2-A3IB	TCGA-BLCA	BLCA	83	123	mutation_count_proxy_no_callable_territory
TCGA-G2-A3IE-01A	TCGA-G2-A3IE	TCGA-BLCA	BLCA	331	499	mutation_count_proxy_no_callable_territory
TCGA-G2-A3VY-01A	TCGA-G2-A3VY	TCGA-BLCA	BLCA	659	989	mutation_count_proxy_no_callable_territory
TCGA-G2-AA3B-01A	TCGA-G2-AA3B	TCGA-BLCA	BLCA	651	955	mutation_count_proxy_no_callable_territory
TCGA-G2-AA3C-01A	TCGA-G2-AA3C	TCGA-BLCA	BLCA	217	331	mutation_count_proxy_no_callable_territory
TCGA-G2-AA3D-01A	TCGA-G2-AA3D	TCGA-BLCA	BLCA	237	325	mutation_count_proxy_no_callable_territory
TCGA-G2-AA3F-01A	TCGA-G2-AA3F	TCGA-BLCA	BLCA	131	186	mutation_count_proxy_no_callable_territory
TCGA-GC-A3BM-01A	TCGA-GC-A3BM	TCGA-BLCA	BLCA	196	303	mutation_count_proxy_no_callable_territory
TCGA-GC-A3I6-01A	TCGA-GC-A3I6	TCGA-BLCA	BLCA	167	260	mutation_count_proxy_no_callable_territory
TCGA-GC-A3OO-01A	TCGA-GC-A3OO	TCGA-BLCA	BLCA	115	186	mutation_count_proxy_no_callable_territory
TCGA-GC-A3RB-01A	TCGA-GC-A3RB	TCGA-BLCA	BLCA	147	233	mutation_count_proxy_no_callable_territory
TCGA-GC-A3RC-01A	TCGA-GC-A3RC	TCGA-BLCA	BLCA	306	512	mutation_count_proxy_no_callable_territory
TCGA-GC-A3RD-01A	TCGA-GC-A3RD	TCGA-BLCA	BLCA	73	121	mutation_count_proxy_no_callable_territory
TCGA-GC-A3WC-01A	TCGA-GC-A3WC	TCGA-BLCA	BLCA	271	419	mutation_count_proxy_no_callable_territory
TCGA-GC-A3YS-01A	TCGA-GC-A3YS	TCGA-BLCA	BLCA	209	341	mutation_count_proxy_no_callable_territory
TCGA-GC-A4ZW-01A	TCGA-GC-A4ZW	TCGA-BLCA	BLCA	611	902	mutation_count_proxy_no_callable_territory
TCGA-GC-A6I1-01A	TCGA-GC-A6I1	TCGA-BLCA	BLCA	203	333	mutation_count_proxy_no_callable_territory
TCGA-GC-A6I3-01A	TCGA-GC-A6I3	TCGA-BLCA	BLCA	341	554	mutation_count_proxy_no_callable_territory
TCGA-GD-A2C5-01A	TCGA-GD-A2C5	TCGA-BLCA	BLCA	392	605	mutation_count_proxy_no_callable_territory
TCGA-GD-A3OP-01A	TCGA-GD-A3OP	TCGA-BLCA	BLCA	650	962	mutation_count_proxy_no_callable_territory
TCGA-GD-A3OQ-01A	TCGA-GD-A3OQ	TCGA-BLCA	BLCA	210	270	mutation_count_proxy_no_callable_territory
TCGA-GD-A3OS-01A	TCGA-GD-A3OS	TCGA-BLCA	BLCA	85	119	mutation_count_proxy_no_callable_territory
TCGA-GD-A6C6-01A	TCGA-GD-A6C6	TCGA-BLCA	BLCA	232	373	mutation_count_proxy_no_callable_territory
TCGA-GD-A76B-01A	TCGA-GD-A76B	TCGA-BLCA	BLCA	177	254	mutation_count_proxy_no_callable_territory
TCGA-GU-A42P-01A	TCGA-GU-A42P	TCGA-BLCA	BLCA	215	361	mutation_count_proxy_no_callable_territory
TCGA-GU-A42Q-01A	TCGA-GU-A42Q	TCGA-BLCA	BLCA	162	247	mutation_count_proxy_no_callable_territory
TCGA-GU-A42R-01A	TCGA-GU-A42R	TCGA-BLCA	BLCA	129	230	mutation_count_proxy_no_callable_territory
TCGA-GU-A762-01A	TCGA-GU-A762	TCGA-BLCA	BLCA	107	150	mutation_count_proxy_no_callable_territory
TCGA-GU-A763-01A	TCGA-GU-A763	TCGA-BLCA	BLCA	58	85	mutation_count_proxy_no_callable_territory
TCGA-GU-A764-01A	TCGA-GU-A764	TCGA-BLCA	BLCA	115	173	mutation_count_proxy_no_callable_territory
TCGA-GU-A766-01A	TCGA-GU-A766	TCGA-BLCA	BLCA	166	256	mutation_count_proxy_no_callable_territory
TCGA-GU-A767-01A	TCGA-GU-A767	TCGA-BLCA	BLCA	362	530	mutation_count_proxy_no_callable_territory
TCGA-GU-AATO-01A	TCGA-GU-AATO	TCGA-BLCA	BLCA	285	424	mutation_count_proxy_no_callable_territory
TCGA-GU-AATP-01A	TCGA-GU-AATP	TCGA-BLCA	BLCA	291	434	mutation_count_proxy_no_callable_territory
TCGA-GU-AATQ-01A	TCGA-GU-AATQ	TCGA-BLCA	BLCA	144	226	mutation_count_proxy_no_callable_territory
TCGA-GV-A3JV-01A	TCGA-GV-A3JV	TCGA-BLCA	BLCA	106	162	mutation_count_proxy_no_callable_territory
TCGA-GV-A3JW-01A	TCGA-GV-A3JW	TCGA-BLCA	BLCA	72	104	mutation_count_proxy_no_callable_territory
TCGA-GV-A3JX-01A	TCGA-GV-A3JX	TCGA-BLCA	BLCA	268	372	mutation_count_proxy_no_callable_territory
TCGA-GV-A3JZ-01A	TCGA-GV-A3JZ	TCGA-BLCA	BLCA	417	609	mutation_count_proxy_no_callable_territory
TCGA-GV-A3QF-01A	TCGA-GV-A3QF	TCGA-BLCA	BLCA	127	185	mutation_count_proxy_no_callable_territory
TCGA-GV-A3QG-01A	TCGA-GV-A3QG	TCGA-BLCA	BLCA	89	127	mutation_count_proxy_no_callable_territory
TCGA-GV-A3QH-01A	TCGA-GV-A3QH	TCGA-BLCA	BLCA	152	221	mutation_count_proxy_no_callable_territory
TCGA-GV-A3QI-01A	TCGA-GV-A3QI	TCGA-BLCA	BLCA	415	632	mutation_count_proxy_no_callable_territory
TCGA-GV-A3QK-01B	TCGA-GV-A3QK	TCGA-BLCA	BLCA	123	195	mutation_count_proxy_no_callable_territory
TCGA-GV-A40E-01A	TCGA-GV-A40E	TCGA-BLCA	BLCA	142	204	mutation_count_proxy_no_callable_territory
TCGA-GV-A40G-01A	TCGA-GV-A40G	TCGA-BLCA	BLCA	146	220	mutation_count_proxy_no_callable_territory
TCGA-GV-A6ZA-01A	TCGA-GV-A6ZA	TCGA-BLCA	BLCA	290	415	mutation_count_proxy_no_callable_territory
TCGA-H4-A2HO-01A	TCGA-H4-A2HO	TCGA-BLCA	BLCA	335	522	mutation_count_proxy_no_callable_territory
TCGA-H4-A2HQ-01A	TCGA-H4-A2HQ	TCGA-BLCA	BLCA	419	643	mutation_count_proxy_no_callable_territory
TCGA-HQ-A2OE-01A	TCGA-HQ-A2OE	TCGA-BLCA	BLCA	137	198	mutation_count_proxy_no_callable_territory
TCGA-HQ-A2OF-01A	TCGA-HQ-A2OF	TCGA-BLCA	BLCA	96	158	mutation_count_proxy_no_callable_territory
TCGA-HQ-A5ND-01A	TCGA-HQ-A5ND	TCGA-BLCA	BLCA	76	122	mutation_count_proxy_no_callable_territory
TCGA-HQ-A5NE-01A	TCGA-HQ-A5NE	TCGA-BLCA	BLCA	336	509	mutation_count_proxy_no_callable_territory
TCGA-K4-A3WS-01A	TCGA-K4-A3WS	TCGA-BLCA	BLCA	258	373	mutation_count_proxy_no_callable_territory
TCGA-K4-A3WU-01B	TCGA-K4-A3WU	TCGA-BLCA	BLCA	176	267	mutation_count_proxy_no_callable_territory
TCGA-K4-A3WV-01A	TCGA-K4-A3WV	TCGA-BLCA	BLCA	115	182	mutation_count_proxy_no_callable_territory
TCGA-K4-A4AB-01B	TCGA-K4-A4AB	TCGA-BLCA	BLCA	85	140	mutation_count_proxy_no_callable_territory
TCGA-K4-A4AC-01A	TCGA-K4-A4AC	TCGA-BLCA	BLCA	135	200	mutation_count_proxy_no_callable_territory
TCGA-K4-A54R-01A	TCGA-K4-A54R	TCGA-BLCA	BLCA	1625	2501	mutation_count_proxy_no_callable_territory
TCGA-K4-A5RH-01A	TCGA-K4-A5RH	TCGA-BLCA	BLCA	340	501	mutation_count_proxy_no_callable_territory
TCGA-K4-A5RI-01A	TCGA-K4-A5RI	TCGA-BLCA	BLCA	238	365	mutation_count_proxy_no_callable_territory
TCGA-K4-A5RJ-01A	TCGA-K4-A5RJ	TCGA-BLCA	BLCA	314	496	mutation_count_proxy_no_callable_territory
TCGA-K4-A6FZ-01A	TCGA-K4-A6FZ	TCGA-BLCA	BLCA	695	1046	mutation_count_proxy_no_callable_territory
TCGA-K4-A6MB-01A	TCGA-K4-A6MB	TCGA-BLCA	BLCA	296	473	mutation_count_proxy_no_callable_territory
TCGA-K4-A83P-01A	TCGA-K4-A83P	TCGA-BLCA	BLCA	454	671	mutation_count_proxy_no_callable_territory
TCGA-K4-AAQO-01A	TCGA-K4-AAQO	TCGA-BLCA	BLCA	228	338	mutation_count_proxy_no_callable_territory
TCGA-KQ-A41N-01A	TCGA-KQ-A41N	TCGA-BLCA	BLCA	2502	3583	mutation_count_proxy_no_callable_territory
TCGA-KQ-A41O-01A	TCGA-KQ-A41O	TCGA-BLCA	BLCA	209	325	mutation_count_proxy_no_callable_territory
TCGA-KQ-A41P-01A	TCGA-KQ-A41P	TCGA-BLCA	BLCA	276	417	mutation_count_proxy_no_callable_territory
TCGA-KQ-A41Q-01A	TCGA-KQ-A41Q	TCGA-BLCA	BLCA	225	350	mutation_count_proxy_no_callable_territory
TCGA-KQ-A41R-01A	TCGA-KQ-A41R	TCGA-BLCA	BLCA	665	1080	mutation_count_proxy_no_callable_territory
TCGA-KQ-A41S-01A	TCGA-KQ-A41S	TCGA-BLCA	BLCA	231	348	mutation_count_proxy_no_callable_territory
TCGA-LC-A66R-01A	TCGA-LC-A66R	TCGA-BLCA	BLCA	121	190	mutation_count_proxy_no_callable_territory
TCGA-LT-A5Z6-01A	TCGA-LT-A5Z6	TCGA-BLCA	BLCA	451	741	mutation_count_proxy_no_callable_territory
TCGA-LT-A8JT-01A	TCGA-LT-A8JT	TCGA-BLCA	BLCA	67	105	mutation_count_proxy_no_callable_territory
TCGA-MV-A51V-01A	TCGA-MV-A51V	TCGA-BLCA	BLCA	1397	1991	mutation_count_proxy_no_callable_territory
TCGA-PQ-A6FI-01A	TCGA-PQ-A6FI	TCGA-BLCA	BLCA	139	209	mutation_count_proxy_no_callable_territory
TCGA-PQ-A6FN-01A	TCGA-PQ-A6FN	TCGA-BLCA	BLCA	76	110	mutation_count_proxy_no_callable_territory
TCGA-R3-A69X-01A	TCGA-R3-A69X	TCGA-BLCA	BLCA	196	290	mutation_count_proxy_no_callable_territory
TCGA-S5-A6DX-01A	TCGA-S5-A6DX	TCGA-BLCA	BLCA	589	911	mutation_count_proxy_no_callable_territory
TCGA-S5-AA26-01A	TCGA-S5-AA26	TCGA-BLCA	BLCA	211	309	mutation_count_proxy_no_callable_territory
TCGA-SY-A9G0-01A	TCGA-SY-A9G0	TCGA-BLCA	BLCA	45	68	mutation_count_proxy_no_callable_territory
TCGA-SY-A9G5-01A	TCGA-SY-A9G5	TCGA-BLCA	BLCA	909	1367	mutation_count_proxy_no_callable_territory
TCGA-UY-A78K-01A	TCGA-UY-A78K	TCGA-BLCA	BLCA	759	1077	mutation_count_proxy_no_callable_territory
TCGA-UY-A78L-01A	TCGA-UY-A78L	TCGA-BLCA	BLCA	185	291	mutation_count_proxy_no_callable_territory
TCGA-UY-A78M-01A	TCGA-UY-A78M	TCGA-BLCA	BLCA	143	205	mutation_count_proxy_no_callable_territory
TCGA-UY-A78N-01A	TCGA-UY-A78N	TCGA-BLCA	BLCA	261	386	mutation_count_proxy_no_callable_territory
TCGA-UY-A78O-01A	TCGA-UY-A78O	TCGA-BLCA	BLCA	174	249	mutation_count_proxy_no_callable_territory
TCGA-UY-A78P-01A	TCGA-UY-A78P	TCGA-BLCA	BLCA	249	385	mutation_count_proxy_no_callable_territory
TCGA-UY-A8OB-01A	TCGA-UY-A8OB	TCGA-BLCA	BLCA	308	417	mutation_count_proxy_no_callable_territory
TCGA-UY-A8OC-01A	TCGA-UY-A8OC	TCGA-BLCA	BLCA	86	130	mutation_count_proxy_no_callable_territory
TCGA-UY-A8OD-01A	TCGA-UY-A8OD	TCGA-BLCA	BLCA	87	133	mutation_count_proxy_no_callable_territory
TCGA-UY-A9PA-01A	TCGA-UY-A9PA	TCGA-BLCA	BLCA	158	235	mutation_count_proxy_no_callable_territory
TCGA-UY-A9PB-01A	TCGA-UY-A9PB	TCGA-BLCA	BLCA	489	773	mutation_count_proxy_no_callable_territory
TCGA-UY-A9PD-01A	TCGA-UY-A9PD	TCGA-BLCA	BLCA	259	393	mutation_count_proxy_no_callable_territory
TCGA-UY-A9PE-01A	TCGA-UY-A9PE	TCGA-BLCA	BLCA	197	306	mutation_count_proxy_no_callable_territory
TCGA-UY-A9PF-01A	TCGA-UY-A9PF	TCGA-BLCA	BLCA	407	678	mutation_count_proxy_no_callable_territory
TCGA-UY-A9PH-01A	TCGA-UY-A9PH	TCGA-BLCA	BLCA	321	518	mutation_count_proxy_no_callable_territory
TCGA-XF-A8HB-01A	TCGA-XF-A8HB	TCGA-BLCA	BLCA	70	98	mutation_count_proxy_no_callable_territory
TCGA-XF-A8HC-01A	TCGA-XF-A8HC	TCGA-BLCA	BLCA	114	208	mutation_count_proxy_no_callable_territory
TCGA-XF-A8HD-01A	TCGA-XF-A8HD	TCGA-BLCA	BLCA	426	645	mutation_count_proxy_no_callable_territory
TCGA-XF-A8HE-01A	TCGA-XF-A8HE	TCGA-BLCA	BLCA	370	570	mutation_count_proxy_no_callable_territory
TCGA-XF-A8HF-01A	TCGA-XF-A8HF	TCGA-BLCA	BLCA	144	202	mutation_count_proxy_no_callable_territory
TCGA-XF-A8HG-01A	TCGA-XF-A8HG	TCGA-BLCA	BLCA	270	422	mutation_count_proxy_no_callable_territory
TCGA-XF-A8HH-01A	TCGA-XF-A8HH	TCGA-BLCA	BLCA	84	157	mutation_count_proxy_no_callable_territory
TCGA-XF-A8HI-01A	TCGA-XF-A8HI	TCGA-BLCA	BLCA	63	108	mutation_count_proxy_no_callable_territory
TCGA-XF-A9SG-01A	TCGA-XF-A9SG	TCGA-BLCA	BLCA	174	265	mutation_count_proxy_no_callable_territory
TCGA-XF-A9SH-01A	TCGA-XF-A9SH	TCGA-BLCA	BLCA	38	60	mutation_count_proxy_no_callable_territory
TCGA-XF-A9SI-01A	TCGA-XF-A9SI	TCGA-BLCA	BLCA	322	471	mutation_count_proxy_no_callable_territory
TCGA-XF-A9SJ-01A	TCGA-XF-A9SJ	TCGA-BLCA	BLCA	255	395	mutation_count_proxy_no_callable_territory
TCGA-XF-A9SK-01A	TCGA-XF-A9SK	TCGA-BLCA	BLCA	133	203	mutation_count_proxy_no_callable_territory
TCGA-XF-A9SL-01A	TCGA-XF-A9SL	TCGA-BLCA	BLCA	85	121	mutation_count_proxy_no_callable_territory
TCGA-XF-A9SM-01A	TCGA-XF-A9SM	TCGA-BLCA	BLCA	211	324	mutation_count_proxy_no_callable_territory
TCGA-XF-A9SP-01A	TCGA-XF-A9SP	TCGA-BLCA	BLCA	274	422	mutation_count_proxy_no_callable_territory
TCGA-XF-A9ST-01A	TCGA-XF-A9ST	TCGA-BLCA	BLCA	510	753	mutation_count_proxy_no_callable_territory
TCGA-XF-A9SU-01A	TCGA-XF-A9SU	TCGA-BLCA	BLCA	56	71	mutation_count_proxy_no_callable_territory
TCGA-XF-A9SV-01A	TCGA-XF-A9SV	TCGA-BLCA	BLCA	60	99	mutation_count_proxy_no_callable_territory
TCGA-XF-A9SW-01A	TCGA-XF-A9SW	TCGA-BLCA	BLCA	45	84	mutation_count_proxy_no_callable_territory
TCGA-XF-A9SX-01A	TCGA-XF-A9SX	TCGA-BLCA	BLCA	99	146	mutation_count_proxy_no_callable_territory
TCGA-XF-A9SY-01A	TCGA-XF-A9SY	TCGA-BLCA	BLCA	396	577	mutation_count_proxy_no_callable_territory
TCGA-XF-A9SZ-01A	TCGA-XF-A9SZ	TCGA-BLCA	BLCA	199	281	mutation_count_proxy_no_callable_territory
TCGA-XF-A9T0-01A	TCGA-XF-A9T0	TCGA-BLCA	BLCA	668	1090	mutation_count_proxy_no_callable_territory
TCGA-XF-A9T2-01A	TCGA-XF-A9T2	TCGA-BLCA	BLCA	77	125	mutation_count_proxy_no_callable_territory
TCGA-XF-A9T3-01A	TCGA-XF-A9T3	TCGA-BLCA	BLCA	353	561	mutation_count_proxy_no_callable_territory
TCGA-XF-A9T4-01A	TCGA-XF-A9T4	TCGA-BLCA	BLCA	34	52	mutation_count_proxy_no_callable_territory
TCGA-XF-A9T5-01A	TCGA-XF-A9T5	TCGA-BLCA	BLCA	617	942	mutation_count_proxy_no_callable_territory
TCGA-XF-A9T6-01A	TCGA-XF-A9T6	TCGA-BLCA	BLCA	289	425	mutation_count_proxy_no_callable_territory
TCGA-XF-A9T8-01A	TCGA-XF-A9T8	TCGA-BLCA	BLCA	633	951	mutation_count_proxy_no_callable_territory
TCGA-XF-AAME-01A	TCGA-XF-AAME	TCGA-BLCA	BLCA	22	25	mutation_count_proxy_no_callable_territory
TCGA-XF-AAMF-01A	TCGA-XF-AAMF	TCGA-BLCA	BLCA	70	100	mutation_count_proxy_no_callable_territory
TCGA-XF-AAMG-01A	TCGA-XF-AAMG	TCGA-BLCA	BLCA	883	1308	mutation_count_proxy_no_callable_territory
TCGA-XF-AAMH-01A	TCGA-XF-AAMH	TCGA-BLCA	BLCA	56	86	mutation_count_proxy_no_callable_territory
TCGA-XF-AAMJ-01A	TCGA-XF-AAMJ	TCGA-BLCA	BLCA	40	58	mutation_count_proxy_no_callable_territory
TCGA-XF-AAML-01A	TCGA-XF-AAML	TCGA-BLCA	BLCA	440	678	mutation_count_proxy_no_callable_territory
TCGA-XF-AAMQ-01A	TCGA-XF-AAMQ	TCGA-BLCA	BLCA	167	280	mutation_count_proxy_no_callable_territory
TCGA-XF-AAMR-01A	TCGA-XF-AAMR	TCGA-BLCA	BLCA	90	136	mutation_count_proxy_no_callable_territory
TCGA-XF-AAMT-01A	TCGA-XF-AAMT	TCGA-BLCA	BLCA	96	141	mutation_count_proxy_no_callable_territory
TCGA-XF-AAMW-01A	TCGA-XF-AAMW	TCGA-BLCA	BLCA	24	42	mutation_count_proxy_no_callable_territory
TCGA-XF-AAMX-01A	TCGA-XF-AAMX	TCGA-BLCA	BLCA	295	442	mutation_count_proxy_no_callable_territory
TCGA-XF-AAMY-01A	TCGA-XF-AAMY	TCGA-BLCA	BLCA	105	150	mutation_count_proxy_no_callable_territory
TCGA-XF-AAMZ-01A	TCGA-XF-AAMZ	TCGA-BLCA	BLCA	261	356	mutation_count_proxy_no_callable_territory
TCGA-XF-AAN0-01A	TCGA-XF-AAN0	TCGA-BLCA	BLCA	380	563	mutation_count_proxy_no_callable_territory
TCGA-XF-AAN1-01A	TCGA-XF-AAN1	TCGA-BLCA	BLCA	69	112	mutation_count_proxy_no_callable_territory
TCGA-XF-AAN2-01A	TCGA-XF-AAN2	TCGA-BLCA	BLCA	398	632	mutation_count_proxy_no_callable_territory
TCGA-XF-AAN3-01A	TCGA-XF-AAN3	TCGA-BLCA	BLCA	128	213	mutation_count_proxy_no_callable_territory
TCGA-XF-AAN4-01A	TCGA-XF-AAN4	TCGA-BLCA	BLCA	42	56	mutation_count_proxy_no_callable_territory
TCGA-XF-AAN5-01A	TCGA-XF-AAN5	TCGA-BLCA	BLCA	286	418	mutation_count_proxy_no_callable_territory
TCGA-XF-AAN7-01A	TCGA-XF-AAN7	TCGA-BLCA	BLCA	130	190	mutation_count_proxy_no_callable_territory
TCGA-XF-AAN8-01A	TCGA-XF-AAN8	TCGA-BLCA	BLCA	1	2	mutation_count_proxy_no_callable_territory
TCGA-YC-A89H-01A	TCGA-YC-A89H	TCGA-BLCA	BLCA	1343	2305	mutation_count_proxy_no_callable_territory
TCGA-YC-A8S6-01A	TCGA-YC-A8S6	TCGA-BLCA	BLCA	96	126	mutation_count_proxy_no_callable_territory
TCGA-YC-A9TC-01A	TCGA-YC-A9TC	TCGA-BLCA	BLCA	111	155	mutation_count_proxy_no_callable_territory
TCGA-YF-AA3L-01A	TCGA-YF-AA3L	TCGA-BLCA	BLCA	278	425	mutation_count_proxy_no_callable_territory
TCGA-YF-AA3M-01A	TCGA-YF-AA3M	TCGA-BLCA	BLCA	135	237	mutation_count_proxy_no_callable_territory
TCGA-ZF-A9R0-01A	TCGA-ZF-A9R0	TCGA-BLCA	BLCA	176	271	mutation_count_proxy_no_callable_territory
TCGA-ZF-A9R1-01A	TCGA-ZF-A9R1	TCGA-BLCA	BLCA	84	130	mutation_count_proxy_no_callable_territory
TCGA-ZF-A9R2-01A	TCGA-ZF-A9R2	TCGA-BLCA	BLCA	131	196	mutation_count_proxy_no_callable_territory
TCGA-ZF-A9R3-01A	TCGA-ZF-A9R3	TCGA-BLCA	BLCA	80	118	mutation_count_proxy_no_callable_territory
TCGA-ZF-A9R4-01A	TCGA-ZF-A9R4	TCGA-BLCA	BLCA	226	332	mutation_count_proxy_no_callable_territory
TCGA-ZF-A9R5-01A	TCGA-ZF-A9R5	TCGA-BLCA	BLCA	98	130	mutation_count_proxy_no_callable_territory
TCGA-ZF-A9R7-01A	TCGA-ZF-A9R7	TCGA-BLCA	BLCA	622	955	mutation_count_proxy_no_callable_territory
TCGA-ZF-A9R9-01A	TCGA-ZF-A9R9	TCGA-BLCA	BLCA	175	261	mutation_count_proxy_no_callable_territory
TCGA-ZF-A9RC-01A	TCGA-ZF-A9RC	TCGA-BLCA	BLCA	838	1341	mutation_count_proxy_no_callable_territory
TCGA-ZF-A9RD-01A	TCGA-ZF-A9RD	TCGA-BLCA	BLCA	155	243	mutation_count_proxy_no_callable_territory
TCGA-ZF-A9RE-01A	TCGA-ZF-A9RE	TCGA-BLCA	BLCA	62	89	mutation_count_proxy_no_callable_territory
TCGA-ZF-A9RF-01A	TCGA-ZF-A9RF	TCGA-BLCA	BLCA	229	325	mutation_count_proxy_no_callable_territory
TCGA-ZF-A9RG-01A	TCGA-ZF-A9RG	TCGA-BLCA	BLCA	217	326	mutation_count_proxy_no_callable_territory
TCGA-ZF-A9RL-01A	TCGA-ZF-A9RL	TCGA-BLCA	BLCA	306	447	mutation_count_proxy_no_callable_territory
TCGA-ZF-A9RM-01A	TCGA-ZF-A9RM	TCGA-BLCA	BLCA	81	116	mutation_count_proxy_no_callable_territory
TCGA-ZF-A9RN-01A	TCGA-ZF-A9RN	TCGA-BLCA	BLCA	164	259	mutation_count_proxy_no_callable_territory
TCGA-ZF-AA4N-01A	TCGA-ZF-AA4N	TCGA-BLCA	BLCA	147	218	mutation_count_proxy_no_callable_territory
TCGA-ZF-AA4R-01A	TCGA-ZF-AA4R	TCGA-BLCA	BLCA	61	85	mutation_count_proxy_no_callable_territory
TCGA-ZF-AA4T-01A	TCGA-ZF-AA4T	TCGA-BLCA	BLCA	89	130	mutation_count_proxy_no_callable_territory
TCGA-ZF-AA4U-01A	TCGA-ZF-AA4U	TCGA-BLCA	BLCA	53	86	mutation_count_proxy_no_callable_territory
TCGA-ZF-AA4V-01A	TCGA-ZF-AA4V	TCGA-BLCA	BLCA	573	933	mutation_count_proxy_no_callable_territory
TCGA-ZF-AA4W-01A	TCGA-ZF-AA4W	TCGA-BLCA	BLCA	499	699	mutation_count_proxy_no_callable_territory
TCGA-ZF-AA4X-01A	TCGA-ZF-AA4X	TCGA-BLCA	BLCA	573	870	mutation_count_proxy_no_callable_territory
TCGA-ZF-AA51-01A	TCGA-ZF-AA51	TCGA-BLCA	BLCA	613	925	mutation_count_proxy_no_callable_territory
TCGA-ZF-AA52-01A	TCGA-ZF-AA52	TCGA-BLCA	BLCA	103	160	mutation_count_proxy_no_callable_territory
TCGA-ZF-AA53-01A	TCGA-ZF-AA53	TCGA-BLCA	BLCA	162	246	mutation_count_proxy_no_callable_territory
TCGA-ZF-AA54-01A	TCGA-ZF-AA54	TCGA-BLCA	BLCA	172	253	mutation_count_proxy_no_callable_territory
TCGA-ZF-AA56-01A	TCGA-ZF-AA56	TCGA-BLCA	BLCA	101	131	mutation_count_proxy_no_callable_territory
TCGA-ZF-AA58-01A	TCGA-ZF-AA58	TCGA-BLCA	BLCA	201	292	mutation_count_proxy_no_callable_territory
TCGA-ZF-AA5H-01A	TCGA-ZF-AA5H	TCGA-BLCA	BLCA	55	85	mutation_count_proxy_no_callable_territory
TCGA-ZF-AA5N-01A	TCGA-ZF-AA5N	TCGA-BLCA	BLCA	49	69	mutation_count_proxy_no_callable_territory
TCGA-ZF-AA5P-01A	TCGA-ZF-AA5P	TCGA-BLCA	BLCA	51	71	mutation_count_proxy_no_callable_territory
TCGA-3C-AAAU-01A	TCGA-3C-AAAU	TCGA-BRCA	BRCA	22	50	mutation_count_proxy_no_callable_territory
TCGA-3C-AALI-01A	TCGA-3C-AALI	TCGA-BRCA	BRCA	446	824	mutation_count_proxy_no_callable_territory
TCGA-3C-AALJ-01A	TCGA-3C-AALJ	TCGA-BRCA	BRCA	28	72	mutation_count_proxy_no_callable_territory
TCGA-3C-AALK-01A	TCGA-3C-AALK	TCGA-BRCA	BRCA	45	69	mutation_count_proxy_no_callable_territory
TCGA-4H-AAAK-01A	TCGA-4H-AAAK	TCGA-BRCA	BRCA	20	37	mutation_count_proxy_no_callable_territory
TCGA-5L-AAT0-01A	TCGA-5L-AAT0	TCGA-BRCA	BRCA	134	282	mutation_count_proxy_no_callable_territory
TCGA-5L-AAT1-01A	TCGA-5L-AAT1	TCGA-BRCA	BRCA	1035	1998	mutation_count_proxy_no_callable_territory
TCGA-5T-A9QA-01A	TCGA-5T-A9QA	TCGA-BRCA	BRCA	55	93	mutation_count_proxy_no_callable_territory
TCGA-A1-A0SB-01A	TCGA-A1-A0SB	TCGA-BRCA	BRCA	15	19	mutation_count_proxy_no_callable_territory
TCGA-A1-A0SD-01A	TCGA-A1-A0SD	TCGA-BRCA	BRCA	33	44	mutation_count_proxy_no_callable_territory
TCGA-A1-A0SE-01A	TCGA-A1-A0SE	TCGA-BRCA	BRCA	28	39	mutation_count_proxy_no_callable_territory
TCGA-A1-A0SF-01A	TCGA-A1-A0SF	TCGA-BRCA	BRCA	48	67	mutation_count_proxy_no_callable_territory
TCGA-A1-A0SI-01A	TCGA-A1-A0SI	TCGA-BRCA	BRCA	175	279	mutation_count_proxy_no_callable_territory
TCGA-A1-A0SJ-01A	TCGA-A1-A0SJ	TCGA-BRCA	BRCA	31	42	mutation_count_proxy_no_callable_territory
TCGA-A1-A0SK-01A	TCGA-A1-A0SK	TCGA-BRCA	BRCA	59	88	mutation_count_proxy_no_callable_territory
TCGA-A1-A0SM-01A	TCGA-A1-A0SM	TCGA-BRCA	BRCA	19	34	mutation_count_proxy_no_callable_territory
TCGA-A1-A0SN-01A	TCGA-A1-A0SN	TCGA-BRCA	BRCA	51	80	mutation_count_proxy_no_callable_territory
TCGA-A1-A0SO-01A	TCGA-A1-A0SO	TCGA-BRCA	BRCA	268	386	mutation_count_proxy_no_callable_territory
TCGA-A1-A0SQ-01A	TCGA-A1-A0SQ	TCGA-BRCA	BRCA	23	40	mutation_count_proxy_no_callable_territory
TCGA-A2-A04P-01A	TCGA-A2-A04P	TCGA-BRCA	BRCA	124	180	mutation_count_proxy_no_callable_territory
TCGA-A2-A04Q-01A	TCGA-A2-A04Q	TCGA-BRCA	BRCA	45	71	mutation_count_proxy_no_callable_territory
TCGA-A2-A04R-01A	TCGA-A2-A04R	TCGA-BRCA	BRCA	76	109	mutation_count_proxy_no_callable_territory
TCGA-A2-A04T-01A	TCGA-A2-A04T	TCGA-BRCA	BRCA	86	127	mutation_count_proxy_no_callable_territory
TCGA-A2-A04U-01A	TCGA-A2-A04U	TCGA-BRCA	BRCA	49	71	mutation_count_proxy_no_callable_territory
TCGA-A2-A04V-01A	TCGA-A2-A04V	TCGA-BRCA	BRCA	25	44	mutation_count_proxy_no_callable_territory
TCGA-A2-A04W-01A	TCGA-A2-A04W	TCGA-BRCA	BRCA	125	190	mutation_count_proxy_no_callable_territory
TCGA-A2-A04X-01A	TCGA-A2-A04X	TCGA-BRCA	BRCA	26	54	mutation_count_proxy_no_callable_territory
TCGA-A2-A04Y-01A	TCGA-A2-A04Y	TCGA-BRCA	BRCA	48	66	mutation_count_proxy_no_callable_territory
TCGA-A2-A0CK-01A	TCGA-A2-A0CK	TCGA-BRCA	BRCA	12	33	mutation_count_proxy_no_callable_territory
TCGA-A2-A0CL-01A	TCGA-A2-A0CL	TCGA-BRCA	BRCA	129	205	mutation_count_proxy_no_callable_territory
TCGA-A2-A0CM-01A	TCGA-A2-A0CM	TCGA-BRCA	BRCA	52	76	mutation_count_proxy_no_callable_territory
TCGA-A2-A0CP-01A	TCGA-A2-A0CP	TCGA-BRCA	BRCA	37	52	mutation_count_proxy_no_callable_territory
TCGA-A2-A0CR-01A	TCGA-A2-A0CR	TCGA-BRCA	BRCA	128	221	mutation_count_proxy_no_callable_territory
TCGA-A2-A0CS-01A	TCGA-A2-A0CS	TCGA-BRCA	BRCA	31	57	mutation_count_proxy_no_callable_territory
TCGA-A2-A0CT-01A	TCGA-A2-A0CT	TCGA-BRCA	BRCA	79	126	mutation_count_proxy_no_callable_territory
TCGA-A2-A0CU-01A	TCGA-A2-A0CU	TCGA-BRCA	BRCA	41	64	mutation_count_proxy_no_callable_territory
TCGA-A2-A0CV-01A	TCGA-A2-A0CV	TCGA-BRCA	BRCA	22	27	mutation_count_proxy_no_callable_territory
TCGA-A2-A0CW-01A	TCGA-A2-A0CW	TCGA-BRCA	BRCA	61	93	mutation_count_proxy_no_callable_territory
TCGA-A2-A0CX-01A	TCGA-A2-A0CX	TCGA-BRCA	BRCA	243	371	mutation_count_proxy_no_callable_territory
TCGA-A2-A0CZ-01A	TCGA-A2-A0CZ	TCGA-BRCA	BRCA	24	32	mutation_count_proxy_no_callable_territory
TCGA-A2-A0D0-01A	TCGA-A2-A0D0	TCGA-BRCA	BRCA	74	114	mutation_count_proxy_no_callable_territory
TCGA-A2-A0D1-01A	TCGA-A2-A0D1	TCGA-BRCA	BRCA	44	79	mutation_count_proxy_no_callable_territory
TCGA-A2-A0D2-01A	TCGA-A2-A0D2	TCGA-BRCA	BRCA	79	116	mutation_count_proxy_no_callable_territory
TCGA-A2-A0D3-01A	TCGA-A2-A0D3	TCGA-BRCA	BRCA	25	39	mutation_count_proxy_no_callable_territory
TCGA-A2-A0D4-01A	TCGA-A2-A0D4	TCGA-BRCA	BRCA	35	48	mutation_count_proxy_no_callable_territory
TCGA-A2-A0EM-01A	TCGA-A2-A0EM	TCGA-BRCA	BRCA	30	39	mutation_count_proxy_no_callable_territory
TCGA-A2-A0EN-01A	TCGA-A2-A0EN	TCGA-BRCA	BRCA	31	43	mutation_count_proxy_no_callable_territory
TCGA-A2-A0EO-01A	TCGA-A2-A0EO	TCGA-BRCA	BRCA	28	45	mutation_count_proxy_no_callable_territory
TCGA-A2-A0EP-01A	TCGA-A2-A0EP	TCGA-BRCA	BRCA	9	22	mutation_count_proxy_no_callable_territory
TCGA-A2-A0ER-01A	TCGA-A2-A0ER	TCGA-BRCA	BRCA	25	37	mutation_count_proxy_no_callable_territory
TCGA-A2-A0ES-01A	TCGA-A2-A0ES	TCGA-BRCA	BRCA	13	22	mutation_count_proxy_no_callable_territory
TCGA-A2-A0EU-01A	TCGA-A2-A0EU	TCGA-BRCA	BRCA	43	57	mutation_count_proxy_no_callable_territory
TCGA-A2-A0EV-01A	TCGA-A2-A0EV	TCGA-BRCA	BRCA	60	83	mutation_count_proxy_no_callable_territory
TCGA-A2-A0EW-01A	TCGA-A2-A0EW	TCGA-BRCA	BRCA	15	21	mutation_count_proxy_no_callable_territory
TCGA-A2-A0EX-01A	TCGA-A2-A0EX	TCGA-BRCA	BRCA	27	35	mutation_count_proxy_no_callable_territory
TCGA-A2-A0EY-01A	TCGA-A2-A0EY	TCGA-BRCA	BRCA	175	299	mutation_count_proxy_no_callable_territory
TCGA-A2-A0ST-01A	TCGA-A2-A0ST	TCGA-BRCA	BRCA	15	28	mutation_count_proxy_no_callable_territory
TCGA-A2-A0SU-01A	TCGA-A2-A0SU	TCGA-BRCA	BRCA	32	43	mutation_count_proxy_no_callable_territory
TCGA-A2-A0SV-01A	TCGA-A2-A0SV	TCGA-BRCA	BRCA	33	51	mutation_count_proxy_no_callable_territory
TCGA-A2-A0SW-01A	TCGA-A2-A0SW	TCGA-BRCA	BRCA	51	71	mutation_count_proxy_no_callable_territory
TCGA-A2-A0SY-01A	TCGA-A2-A0SY	TCGA-BRCA	BRCA	114	181	mutation_count_proxy_no_callable_territory
TCGA-A2-A0T0-01A	TCGA-A2-A0T0	TCGA-BRCA	BRCA	164	239	mutation_count_proxy_no_callable_territory
TCGA-A2-A0T1-01A	TCGA-A2-A0T1	TCGA-BRCA	BRCA	23	35	mutation_count_proxy_no_callable_territory
TCGA-A2-A0T2-01A	TCGA-A2-A0T2	TCGA-BRCA	BRCA	26	43	mutation_count_proxy_no_callable_territory
TCGA-A2-A0T3-01A	TCGA-A2-A0T3	TCGA-BRCA	BRCA	29	48	mutation_count_proxy_no_callable_territory
TCGA-A2-A0T4-01A	TCGA-A2-A0T4	TCGA-BRCA	BRCA	31	45	mutation_count_proxy_no_callable_territory
TCGA-A2-A0T5-01A	TCGA-A2-A0T5	TCGA-BRCA	BRCA	15	17	mutation_count_proxy_no_callable_territory
TCGA-A2-A0T6-01A	TCGA-A2-A0T6	TCGA-BRCA	BRCA	17	29	mutation_count_proxy_no_callable_territory
TCGA-A2-A0T7-01A	TCGA-A2-A0T7	TCGA-BRCA	BRCA	23	33	mutation_count_proxy_no_callable_territory
TCGA-A2-A0YC-01A	TCGA-A2-A0YC	TCGA-BRCA	BRCA	22	35	mutation_count_proxy_no_callable_territory
TCGA-A2-A0YD-01A	TCGA-A2-A0YD	TCGA-BRCA	BRCA	53	95	mutation_count_proxy_no_callable_territory
TCGA-A2-A0YE-01A	TCGA-A2-A0YE	TCGA-BRCA	BRCA	28	50	mutation_count_proxy_no_callable_territory
TCGA-A2-A0YF-01A	TCGA-A2-A0YF	TCGA-BRCA	BRCA	24	49	mutation_count_proxy_no_callable_territory
TCGA-A2-A0YG-01A	TCGA-A2-A0YG	TCGA-BRCA	BRCA	50	79	mutation_count_proxy_no_callable_territory
TCGA-A2-A0YH-01A	TCGA-A2-A0YH	TCGA-BRCA	BRCA	66	104	mutation_count_proxy_no_callable_territory
TCGA-A2-A0YI-01A	TCGA-A2-A0YI	TCGA-BRCA	BRCA	12	19	mutation_count_proxy_no_callable_territory
TCGA-A2-A0YJ-01A	TCGA-A2-A0YJ	TCGA-BRCA	BRCA	76	101	mutation_count_proxy_no_callable_territory
TCGA-A2-A0YK-01A	TCGA-A2-A0YK	TCGA-BRCA	BRCA	309	489	mutation_count_proxy_no_callable_territory
TCGA-A2-A0YL-01A	TCGA-A2-A0YL	TCGA-BRCA	BRCA	28	50	mutation_count_proxy_no_callable_territory
TCGA-A2-A0YM-01A	TCGA-A2-A0YM	TCGA-BRCA	BRCA	77	115	mutation_count_proxy_no_callable_territory
TCGA-A2-A0YT-01A	TCGA-A2-A0YT	TCGA-BRCA	BRCA	56	87	mutation_count_proxy_no_callable_territory
TCGA-A2-A1FV-01A	TCGA-A2-A1FV	TCGA-BRCA	BRCA	39	57	mutation_count_proxy_no_callable_territory
TCGA-A2-A1FX-01A	TCGA-A2-A1FX	TCGA-BRCA	BRCA	24	32	mutation_count_proxy_no_callable_territory
TCGA-A2-A1FZ-01A	TCGA-A2-A1FZ	TCGA-BRCA	BRCA	26	36	mutation_count_proxy_no_callable_territory
TCGA-A2-A1G1-01A	TCGA-A2-A1G1	TCGA-BRCA	BRCA	27	46	mutation_count_proxy_no_callable_territory
TCGA-A2-A1G4-01A	TCGA-A2-A1G4	TCGA-BRCA	BRCA	28	45	mutation_count_proxy_no_callable_territory
TCGA-A2-A1G6-01A	TCGA-A2-A1G6	TCGA-BRCA	BRCA	8	11	mutation_count_proxy_no_callable_territory
TCGA-A2-A259-01A	TCGA-A2-A259	TCGA-BRCA	BRCA	21	31	mutation_count_proxy_no_callable_territory
TCGA-A2-A25A-01A	TCGA-A2-A25A	TCGA-BRCA	BRCA	299	412	mutation_count_proxy_no_callable_territory
TCGA-A2-A25C-01A	TCGA-A2-A25C	TCGA-BRCA	BRCA	34	46	mutation_count_proxy_no_callable_territory
TCGA-A2-A25D-01A	TCGA-A2-A25D	TCGA-BRCA	BRCA	49	72	mutation_count_proxy_no_callable_territory
TCGA-A2-A25E-01A	TCGA-A2-A25E	TCGA-BRCA	BRCA	51	69	mutation_count_proxy_no_callable_territory
TCGA-A2-A25F-01A	TCGA-A2-A25F	TCGA-BRCA	BRCA	5	9	mutation_count_proxy_no_callable_territory
TCGA-A2-A3KD-01A	TCGA-A2-A3KD	TCGA-BRCA	BRCA	8	18	mutation_count_proxy_no_callable_territory
TCGA-A2-A3XU-01A	TCGA-A2-A3XU	TCGA-BRCA	BRCA	19	38	mutation_count_proxy_no_callable_territory
TCGA-A2-A3XV-01A	TCGA-A2-A3XV	TCGA-BRCA	BRCA	39	56	mutation_count_proxy_no_callable_territory
TCGA-A2-A3XZ-01A	TCGA-A2-A3XZ	TCGA-BRCA	BRCA	32	59	mutation_count_proxy_no_callable_territory
TCGA-A2-A3Y0-01A	TCGA-A2-A3Y0	TCGA-BRCA	BRCA	146	252	mutation_count_proxy_no_callable_territory
TCGA-A2-A4S1-01A	TCGA-A2-A4S1	TCGA-BRCA	BRCA	71	106	mutation_count_proxy_no_callable_territory
TCGA-A2-A4S2-01A	TCGA-A2-A4S2	TCGA-BRCA	BRCA	27	47	mutation_count_proxy_no_callable_territory
TCGA-A2-A4S3-01A	TCGA-A2-A4S3	TCGA-BRCA	BRCA	55	115	mutation_count_proxy_no_callable_territory
TCGA-A7-A0CD-01A	TCGA-A7-A0CD	TCGA-BRCA	BRCA	22	38	mutation_count_proxy_no_callable_territory
TCGA-A7-A0CE-01A	TCGA-A7-A0CE	TCGA-BRCA	BRCA	178	285	mutation_count_proxy_no_callable_territory
TCGA-A7-A0CG-01A	TCGA-A7-A0CG	TCGA-BRCA	BRCA	46	78	mutation_count_proxy_no_callable_territory
TCGA-A7-A0CH-01A	TCGA-A7-A0CH	TCGA-BRCA	BRCA	53	80	mutation_count_proxy_no_callable_territory
TCGA-A7-A0CJ-01A	TCGA-A7-A0CJ	TCGA-BRCA	BRCA	54	77	mutation_count_proxy_no_callable_territory
TCGA-A7-A0D9-01A	TCGA-A7-A0D9	TCGA-BRCA	BRCA	40	63	mutation_count_proxy_no_callable_territory
TCGA-A7-A0DA-01A	TCGA-A7-A0DA	TCGA-BRCA	BRCA	149	210	mutation_count_proxy_no_callable_territory
TCGA-A7-A13D-01A	TCGA-A7-A13D	TCGA-BRCA	BRCA	88	158	mutation_count_proxy_no_callable_territory
TCGA-A7-A13E-01A	TCGA-A7-A13E	TCGA-BRCA	BRCA	93	156	mutation_count_proxy_no_callable_territory
TCGA-A7-A13F-01A	TCGA-A7-A13F	TCGA-BRCA	BRCA	73	97	mutation_count_proxy_no_callable_territory
TCGA-A7-A13G-01A	TCGA-A7-A13G	TCGA-BRCA	BRCA	20	36	mutation_count_proxy_no_callable_territory
TCGA-A7-A26E-01A	TCGA-A7-A26E	TCGA-BRCA	BRCA	39	71	mutation_count_proxy_no_callable_territory
TCGA-A7-A26F-01A	TCGA-A7-A26F	TCGA-BRCA	BRCA	37	57	mutation_count_proxy_no_callable_territory
TCGA-A7-A26G-01A	TCGA-A7-A26G	TCGA-BRCA	BRCA	45	72	mutation_count_proxy_no_callable_territory
TCGA-A7-A26H-01A	TCGA-A7-A26H	TCGA-BRCA	BRCA	107	156	mutation_count_proxy_no_callable_territory
TCGA-A7-A26I-01A	TCGA-A7-A26I	TCGA-BRCA	BRCA	34	47	mutation_count_proxy_no_callable_territory
TCGA-A7-A26J-01A	TCGA-A7-A26J	TCGA-BRCA	BRCA	23	52	mutation_count_proxy_no_callable_territory
TCGA-A7-A2KD-01A	TCGA-A7-A2KD	TCGA-BRCA	BRCA	30	63	mutation_count_proxy_no_callable_territory
TCGA-A7-A3RF-01A	TCGA-A7-A3RF	TCGA-BRCA	BRCA	32	65	mutation_count_proxy_no_callable_territory
TCGA-A7-A425-01A	TCGA-A7-A425	TCGA-BRCA	BRCA	28	42	mutation_count_proxy_no_callable_territory
TCGA-A7-A4SD-01A	TCGA-A7-A4SD	TCGA-BRCA	BRCA	87	146	mutation_count_proxy_no_callable_territory
TCGA-A7-A4SE-01A	TCGA-A7-A4SE	TCGA-BRCA	BRCA	179	321	mutation_count_proxy_no_callable_territory
TCGA-A7-A56D-01A	TCGA-A7-A56D	TCGA-BRCA	BRCA	240	472	mutation_count_proxy_no_callable_territory
TCGA-A7-A5ZV-01A	TCGA-A7-A5ZV	TCGA-BRCA	BRCA	160	280	mutation_count_proxy_no_callable_territory
TCGA-A7-A5ZW-01A	TCGA-A7-A5ZW	TCGA-BRCA	BRCA	29	42	mutation_count_proxy_no_callable_territory
TCGA-A7-A5ZX-01A	TCGA-A7-A5ZX	TCGA-BRCA	BRCA	62	96	mutation_count_proxy_no_callable_territory
TCGA-A7-A6VW-01A	TCGA-A7-A6VW	TCGA-BRCA	BRCA	56	100	mutation_count_proxy_no_callable_territory
TCGA-A7-A6VY-01A	TCGA-A7-A6VY	TCGA-BRCA	BRCA	94	154	mutation_count_proxy_no_callable_territory
TCGA-A8-A06N-01A	TCGA-A8-A06N	TCGA-BRCA	BRCA	33	53	mutation_count_proxy_no_callable_territory
TCGA-A8-A06O-01A	TCGA-A8-A06O	TCGA-BRCA	BRCA	69	90	mutation_count_proxy_no_callable_territory
TCGA-A8-A06P-01A	TCGA-A8-A06P	TCGA-BRCA	BRCA	31	48	mutation_count_proxy_no_callable_territory
TCGA-A8-A06Q-01A	TCGA-A8-A06Q	TCGA-BRCA	BRCA	210	322	mutation_count_proxy_no_callable_territory
TCGA-A8-A06T-01A	TCGA-A8-A06T	TCGA-BRCA	BRCA	26	41	mutation_count_proxy_no_callable_territory
TCGA-A8-A06U-01A	TCGA-A8-A06U	TCGA-BRCA	BRCA	61	98	mutation_count_proxy_no_callable_territory
TCGA-A8-A06X-01A	TCGA-A8-A06X	TCGA-BRCA	BRCA	182	275	mutation_count_proxy_no_callable_territory
TCGA-A8-A06Y-01A	TCGA-A8-A06Y	TCGA-BRCA	BRCA	28	45	mutation_count_proxy_no_callable_territory
TCGA-A8-A06Z-01A	TCGA-A8-A06Z	TCGA-BRCA	BRCA	70	108	mutation_count_proxy_no_callable_territory
TCGA-A8-A075-01A	TCGA-A8-A075	TCGA-BRCA	BRCA	74	111	mutation_count_proxy_no_callable_territory
TCGA-A8-A076-01A	TCGA-A8-A076	TCGA-BRCA	BRCA	68	99	mutation_count_proxy_no_callable_territory
TCGA-A8-A079-01A	TCGA-A8-A079	TCGA-BRCA	BRCA	64	99	mutation_count_proxy_no_callable_territory
TCGA-A8-A07B-01A	TCGA-A8-A07B	TCGA-BRCA	BRCA	64	93	mutation_count_proxy_no_callable_territory
TCGA-A8-A07C-01A	TCGA-A8-A07C	TCGA-BRCA	BRCA	136	195	mutation_count_proxy_no_callable_territory
TCGA-A8-A07E-01A	TCGA-A8-A07E	TCGA-BRCA	BRCA	57	80	mutation_count_proxy_no_callable_territory
TCGA-A8-A07G-01A	TCGA-A8-A07G	TCGA-BRCA	BRCA	59	84	mutation_count_proxy_no_callable_territory
TCGA-A8-A07I-01A	TCGA-A8-A07I	TCGA-BRCA	BRCA	40	60	mutation_count_proxy_no_callable_territory
TCGA-A8-A07J-01A	TCGA-A8-A07J	TCGA-BRCA	BRCA	37	54	mutation_count_proxy_no_callable_territory
TCGA-A8-A07L-01A	TCGA-A8-A07L	TCGA-BRCA	BRCA	80	106	mutation_count_proxy_no_callable_territory
TCGA-A8-A07O-01A	TCGA-A8-A07O	TCGA-BRCA	BRCA	38	58	mutation_count_proxy_no_callable_territory
TCGA-A8-A07P-01A	TCGA-A8-A07P	TCGA-BRCA	BRCA	46	69	mutation_count_proxy_no_callable_territory
TCGA-A8-A07U-01A	TCGA-A8-A07U	TCGA-BRCA	BRCA	62	91	mutation_count_proxy_no_callable_territory
TCGA-A8-A07W-01A	TCGA-A8-A07W	TCGA-BRCA	BRCA	128	186	mutation_count_proxy_no_callable_territory
TCGA-A8-A07Z-01A	TCGA-A8-A07Z	TCGA-BRCA	BRCA	15	26	mutation_count_proxy_no_callable_territory
TCGA-A8-A082-01A	TCGA-A8-A082	TCGA-BRCA	BRCA	17	28	mutation_count_proxy_no_callable_territory
TCGA-A8-A083-01A	TCGA-A8-A083	TCGA-BRCA	BRCA	29	32	mutation_count_proxy_no_callable_territory
TCGA-A8-A084-01A	TCGA-A8-A084	TCGA-BRCA	BRCA	62	90	mutation_count_proxy_no_callable_territory
TCGA-A8-A085-01A	TCGA-A8-A085	TCGA-BRCA	BRCA	60	88	mutation_count_proxy_no_callable_territory
TCGA-A8-A086-01A	TCGA-A8-A086	TCGA-BRCA	BRCA	18	26	mutation_count_proxy_no_callable_territory
TCGA-A8-A08A-01A	TCGA-A8-A08A	TCGA-BRCA	BRCA	24	34	mutation_count_proxy_no_callable_territory
TCGA-A8-A08B-01A	TCGA-A8-A08B	TCGA-BRCA	BRCA	46	74	mutation_count_proxy_no_callable_territory
TCGA-A8-A08F-01A	TCGA-A8-A08F	TCGA-BRCA	BRCA	127	188	mutation_count_proxy_no_callable_territory
TCGA-A8-A08G-01A	TCGA-A8-A08G	TCGA-BRCA	BRCA	43	62	mutation_count_proxy_no_callable_territory
TCGA-A8-A08H-01A	TCGA-A8-A08H	TCGA-BRCA	BRCA	104	178	mutation_count_proxy_no_callable_territory
TCGA-A8-A08I-01A	TCGA-A8-A08I	TCGA-BRCA	BRCA	34	51	mutation_count_proxy_no_callable_territory
TCGA-A8-A08L-01A	TCGA-A8-A08L	TCGA-BRCA	BRCA	191	284	mutation_count_proxy_no_callable_territory
TCGA-A8-A08O-01A	TCGA-A8-A08O	TCGA-BRCA	BRCA	20	33	mutation_count_proxy_no_callable_territory
TCGA-A8-A08P-01A	TCGA-A8-A08P	TCGA-BRCA	BRCA	66	90	mutation_count_proxy_no_callable_territory
TCGA-A8-A08R-01A	TCGA-A8-A08R	TCGA-BRCA	BRCA	224	347	mutation_count_proxy_no_callable_territory
TCGA-A8-A08S-01A	TCGA-A8-A08S	TCGA-BRCA	BRCA	42	72	mutation_count_proxy_no_callable_territory
TCGA-A8-A08T-01A	TCGA-A8-A08T	TCGA-BRCA	BRCA	39	61	mutation_count_proxy_no_callable_territory
TCGA-A8-A08Z-01A	TCGA-A8-A08Z	TCGA-BRCA	BRCA	28	47	mutation_count_proxy_no_callable_territory
TCGA-A8-A090-01A	TCGA-A8-A090	TCGA-BRCA	BRCA	33	50	mutation_count_proxy_no_callable_territory
TCGA-A8-A091-01A	TCGA-A8-A091	TCGA-BRCA	BRCA	19	29	mutation_count_proxy_no_callable_territory
TCGA-A8-A092-01A	TCGA-A8-A092	TCGA-BRCA	BRCA	68	96	mutation_count_proxy_no_callable_territory
TCGA-A8-A093-01A	TCGA-A8-A093	TCGA-BRCA	BRCA	88	144	mutation_count_proxy_no_callable_territory
TCGA-A8-A094-01A	TCGA-A8-A094	TCGA-BRCA	BRCA	172	254	mutation_count_proxy_no_callable_territory
TCGA-A8-A095-01A	TCGA-A8-A095	TCGA-BRCA	BRCA	126	214	mutation_count_proxy_no_callable_territory
TCGA-A8-A096-01A	TCGA-A8-A096	TCGA-BRCA	BRCA	29	40	mutation_count_proxy_no_callable_territory
TCGA-A8-A097-01A	TCGA-A8-A097	TCGA-BRCA	BRCA	88	136	mutation_count_proxy_no_callable_territory
TCGA-A8-A09A-01A	TCGA-A8-A09A	TCGA-BRCA	BRCA	206	301	mutation_count_proxy_no_callable_territory
TCGA-A8-A09B-01A	TCGA-A8-A09B	TCGA-BRCA	BRCA	38	60	mutation_count_proxy_no_callable_territory
TCGA-A8-A09C-01A	TCGA-A8-A09C	TCGA-BRCA	BRCA	24	47	mutation_count_proxy_no_callable_territory
TCGA-A8-A09D-01A	TCGA-A8-A09D	TCGA-BRCA	BRCA	39	64	mutation_count_proxy_no_callable_territory
TCGA-A8-A09E-01A	TCGA-A8-A09E	TCGA-BRCA	BRCA	49	82	mutation_count_proxy_no_callable_territory
TCGA-A8-A09G-01A	TCGA-A8-A09G	TCGA-BRCA	BRCA	234	363	mutation_count_proxy_no_callable_territory
TCGA-A8-A09I-01A	TCGA-A8-A09I	TCGA-BRCA	BRCA	126	195	mutation_count_proxy_no_callable_territory
TCGA-A8-A09K-01A	TCGA-A8-A09K	TCGA-BRCA	BRCA	35	50	mutation_count_proxy_no_callable_territory
TCGA-A8-A09M-01A	TCGA-A8-A09M	TCGA-BRCA	BRCA	130	194	mutation_count_proxy_no_callable_territory
TCGA-A8-A09N-01A	TCGA-A8-A09N	TCGA-BRCA	BRCA	58	106	mutation_count_proxy_no_callable_territory
TCGA-A8-A09Q-01A	TCGA-A8-A09Q	TCGA-BRCA	BRCA	128	202	mutation_count_proxy_no_callable_territory
TCGA-A8-A09R-01A	TCGA-A8-A09R	TCGA-BRCA	BRCA	65	88	mutation_count_proxy_no_callable_territory
TCGA-A8-A09T-01A	TCGA-A8-A09T	TCGA-BRCA	BRCA	22	27	mutation_count_proxy_no_callable_territory
TCGA-A8-A09V-01A	TCGA-A8-A09V	TCGA-BRCA	BRCA	30	49	mutation_count_proxy_no_callable_territory
TCGA-A8-A09W-01A	TCGA-A8-A09W	TCGA-BRCA	BRCA	79	119	mutation_count_proxy_no_callable_territory
TCGA-A8-A09X-01A	TCGA-A8-A09X	TCGA-BRCA	BRCA	46	74	mutation_count_proxy_no_callable_territory
TCGA-A8-A09Z-01A	TCGA-A8-A09Z	TCGA-BRCA	BRCA	1084	1720	mutation_count_proxy_no_callable_territory
TCGA-A8-A0A1-01A	TCGA-A8-A0A1	TCGA-BRCA	BRCA	45	62	mutation_count_proxy_no_callable_territory
TCGA-A8-A0A2-01A	TCGA-A8-A0A2	TCGA-BRCA	BRCA	28	57	mutation_count_proxy_no_callable_territory
TCGA-A8-A0A4-01A	TCGA-A8-A0A4	TCGA-BRCA	BRCA	23	41	mutation_count_proxy_no_callable_territory
TCGA-A8-A0A6-01A	TCGA-A8-A0A6	TCGA-BRCA	BRCA	26	43	mutation_count_proxy_no_callable_territory
TCGA-A8-A0A7-01A	TCGA-A8-A0A7	TCGA-BRCA	BRCA	190	304	mutation_count_proxy_no_callable_territory
TCGA-A8-A0A9-01A	TCGA-A8-A0A9	TCGA-BRCA	BRCA	52	66	mutation_count_proxy_no_callable_territory
TCGA-A8-A0AB-01A	TCGA-A8-A0AB	TCGA-BRCA	BRCA	29	43	mutation_count_proxy_no_callable_territory
TCGA-A8-A0AD-01A	TCGA-A8-A0AD	TCGA-BRCA	BRCA	24	43	mutation_count_proxy_no_callable_territory
TCGA-AC-A23C-01A	TCGA-AC-A23C	TCGA-BRCA	BRCA	110	153	mutation_count_proxy_no_callable_territory
TCGA-AC-A23H-01A	TCGA-AC-A23H	TCGA-BRCA	BRCA	4161	6419	mutation_count_proxy_no_callable_territory
TCGA-AC-A2B8-01A	TCGA-AC-A2B8	TCGA-BRCA	BRCA	82	133	mutation_count_proxy_no_callable_territory
TCGA-AC-A2BK-01A	TCGA-AC-A2BK	TCGA-BRCA	BRCA	78	130	mutation_count_proxy_no_callable_territory
TCGA-AC-A2FB-01A	TCGA-AC-A2FB	TCGA-BRCA	BRCA	10	17	mutation_count_proxy_no_callable_territory
TCGA-AC-A2FF-01A	TCGA-AC-A2FF	TCGA-BRCA	BRCA	16	19	mutation_count_proxy_no_callable_territory
TCGA-AC-A2FG-01A	TCGA-AC-A2FG	TCGA-BRCA	BRCA	27	42	mutation_count_proxy_no_callable_territory
TCGA-AC-A2FK-01A	TCGA-AC-A2FK	TCGA-BRCA	BRCA	1	3	mutation_count_proxy_no_callable_territory
TCGA-AC-A2QH-01A	TCGA-AC-A2QH	TCGA-BRCA	BRCA	26	37	mutation_count_proxy_no_callable_territory
TCGA-AC-A3HN-01A	TCGA-AC-A3HN	TCGA-BRCA	BRCA	12	23	mutation_count_proxy_no_callable_territory
TCGA-AC-A3QP-01A	TCGA-AC-A3QP	TCGA-BRCA	BRCA	22	38	mutation_count_proxy_no_callable_territory
TCGA-AC-A3QQ-01A	TCGA-AC-A3QQ	TCGA-BRCA	BRCA	25	37	mutation_count_proxy_no_callable_territory
TCGA-AC-A3W5-01A	TCGA-AC-A3W5	TCGA-BRCA	BRCA	118	231	mutation_count_proxy_no_callable_territory
TCGA-AC-A3YI-01A	TCGA-AC-A3YI	TCGA-BRCA	BRCA	14	21	mutation_count_proxy_no_callable_territory
TCGA-AC-A3YJ-01A	TCGA-AC-A3YJ	TCGA-BRCA	BRCA	17	43	mutation_count_proxy_no_callable_territory
TCGA-AC-A4ZE-01A	TCGA-AC-A4ZE	TCGA-BRCA	BRCA	45	80	mutation_count_proxy_no_callable_territory
TCGA-AC-A5EH-01A	TCGA-AC-A5EH	TCGA-BRCA	BRCA	127	214	mutation_count_proxy_no_callable_territory
TCGA-AC-A5EI-01A	TCGA-AC-A5EI	TCGA-BRCA	BRCA	29	51	mutation_count_proxy_no_callable_territory
TCGA-AC-A5XS-01A	TCGA-AC-A5XS	TCGA-BRCA	BRCA	788	1454	mutation_count_proxy_no_callable_territory
TCGA-AC-A5XU-01A	TCGA-AC-A5XU	TCGA-BRCA	BRCA	54	119	mutation_count_proxy_no_callable_territory
TCGA-AC-A62V-01A	TCGA-AC-A62V	TCGA-BRCA	BRCA	67	114	mutation_count_proxy_no_callable_territory
TCGA-AC-A62Y-01A	TCGA-AC-A62Y	TCGA-BRCA	BRCA	57	95	mutation_count_proxy_no_callable_territory
TCGA-AC-A6IV-01A	TCGA-AC-A6IV	TCGA-BRCA	BRCA	18	33	mutation_count_proxy_no_callable_territory
TCGA-AC-A6IW-01A	TCGA-AC-A6IW	TCGA-BRCA	BRCA	126	251	mutation_count_proxy_no_callable_territory
TCGA-AC-A6IX-01A	TCGA-AC-A6IX	TCGA-BRCA	BRCA	49	76	mutation_count_proxy_no_callable_territory
TCGA-AC-A6IX-06A	TCGA-AC-A6IX	TCGA-BRCA	BRCA	38	66	mutation_count_proxy_no_callable_territory
TCGA-AC-A6NO-01A	TCGA-AC-A6NO	TCGA-BRCA	BRCA	26	51	mutation_count_proxy_no_callable_territory
TCGA-AC-A7VB-01A	TCGA-AC-A7VB	TCGA-BRCA	BRCA	22	42	mutation_count_proxy_no_callable_territory
TCGA-AC-A7VC-01A	TCGA-AC-A7VC	TCGA-BRCA	BRCA	15	29	mutation_count_proxy_no_callable_territory
TCGA-AC-A8OP-01A	TCGA-AC-A8OP	TCGA-BRCA	BRCA	136	262	mutation_count_proxy_no_callable_territory
TCGA-AC-A8OQ-01A	TCGA-AC-A8OQ	TCGA-BRCA	BRCA	76	149	mutation_count_proxy_no_callable_territory
TCGA-AC-A8OR-01A	TCGA-AC-A8OR	TCGA-BRCA	BRCA	58	94	mutation_count_proxy_no_callable_territory
TCGA-AC-A8OS-01A	TCGA-AC-A8OS	TCGA-BRCA	BRCA	41	85	mutation_count_proxy_no_callable_territory
TCGA-AN-A03X-01A	TCGA-AN-A03X	TCGA-BRCA	BRCA	34	54	mutation_count_proxy_no_callable_territory
TCGA-AN-A03Y-01A	TCGA-AN-A03Y	TCGA-BRCA	BRCA	27	43	mutation_count_proxy_no_callable_territory
TCGA-AN-A041-01A	TCGA-AN-A041	TCGA-BRCA	BRCA	28	43	mutation_count_proxy_no_callable_territory
TCGA-AN-A046-01A	TCGA-AN-A046	TCGA-BRCA	BRCA	5366	7586	mutation_count_proxy_no_callable_territory
TCGA-AN-A049-01A	TCGA-AN-A049	TCGA-BRCA	BRCA	29	41	mutation_count_proxy_no_callable_territory
TCGA-AN-A04A-01A	TCGA-AN-A04A	TCGA-BRCA	BRCA	40	62	mutation_count_proxy_no_callable_territory
TCGA-AN-A04C-01A	TCGA-AN-A04C	TCGA-BRCA	BRCA	66	102	mutation_count_proxy_no_callable_territory
TCGA-AN-A04D-01A	TCGA-AN-A04D	TCGA-BRCA	BRCA	83	126	mutation_count_proxy_no_callable_territory
TCGA-AN-A0AJ-01A	TCGA-AN-A0AJ	TCGA-BRCA	BRCA	78	119	mutation_count_proxy_no_callable_territory
TCGA-AN-A0AK-01A	TCGA-AN-A0AK	TCGA-BRCA	BRCA	1107	1748	mutation_count_proxy_no_callable_territory
TCGA-AN-A0AL-01A	TCGA-AN-A0AL	TCGA-BRCA	BRCA	79	116	mutation_count_proxy_no_callable_territory
TCGA-AN-A0AM-01A	TCGA-AN-A0AM	TCGA-BRCA	BRCA	85	128	mutation_count_proxy_no_callable_territory
TCGA-AN-A0AR-01A	TCGA-AN-A0AR	TCGA-BRCA	BRCA	111	162	mutation_count_proxy_no_callable_territory
TCGA-AN-A0AS-01A	TCGA-AN-A0AS	TCGA-BRCA	BRCA	42	52	mutation_count_proxy_no_callable_territory
TCGA-AN-A0AT-01A	TCGA-AN-A0AT	TCGA-BRCA	BRCA	118	153	mutation_count_proxy_no_callable_territory
TCGA-AN-A0FD-01A	TCGA-AN-A0FD	TCGA-BRCA	BRCA	31	47	mutation_count_proxy_no_callable_territory
TCGA-AN-A0FF-01A	TCGA-AN-A0FF	TCGA-BRCA	BRCA	20	29	mutation_count_proxy_no_callable_territory
TCGA-AN-A0FJ-01A	TCGA-AN-A0FJ	TCGA-BRCA	BRCA	77	129	mutation_count_proxy_no_callable_territory
TCGA-AN-A0FK-01A	TCGA-AN-A0FK	TCGA-BRCA	BRCA	34	60	mutation_count_proxy_no_callable_territory
TCGA-AN-A0FL-01A	TCGA-AN-A0FL	TCGA-BRCA	BRCA	148	218	mutation_count_proxy_no_callable_territory
TCGA-AN-A0FS-01A	TCGA-AN-A0FS	TCGA-BRCA	BRCA	61	96	mutation_count_proxy_no_callable_territory
TCGA-AN-A0FT-01A	TCGA-AN-A0FT	TCGA-BRCA	BRCA	83	136	mutation_count_proxy_no_callable_territory
TCGA-AN-A0FV-01A	TCGA-AN-A0FV	TCGA-BRCA	BRCA	80	121	mutation_count_proxy_no_callable_territory
TCGA-AN-A0FW-01A	TCGA-AN-A0FW	TCGA-BRCA	BRCA	105	160	mutation_count_proxy_no_callable_territory
TCGA-AN-A0FX-01A	TCGA-AN-A0FX	TCGA-BRCA	BRCA	115	164	mutation_count_proxy_no_callable_territory
TCGA-AN-A0FY-01A	TCGA-AN-A0FY	TCGA-BRCA	BRCA	48	65	mutation_count_proxy_no_callable_territory
TCGA-AN-A0G0-01A	TCGA-AN-A0G0	TCGA-BRCA	BRCA	32	51	mutation_count_proxy_no_callable_territory
TCGA-AN-A0XL-01A	TCGA-AN-A0XL	TCGA-BRCA	BRCA	33	50	mutation_count_proxy_no_callable_territory
TCGA-AN-A0XN-01A	TCGA-AN-A0XN	TCGA-BRCA	BRCA	145	193	mutation_count_proxy_no_callable_territory
TCGA-AN-A0XO-01A	TCGA-AN-A0XO	TCGA-BRCA	BRCA	33	46	mutation_count_proxy_no_callable_territory
TCGA-AN-A0XP-01A	TCGA-AN-A0XP	TCGA-BRCA	BRCA	26	39	mutation_count_proxy_no_callable_territory
TCGA-AN-A0XS-01A	TCGA-AN-A0XS	TCGA-BRCA	BRCA	25	35	mutation_count_proxy_no_callable_territory
TCGA-AN-A0XT-01A	TCGA-AN-A0XT	TCGA-BRCA	BRCA	11	22	mutation_count_proxy_no_callable_territory
TCGA-AN-A0XU-01A	TCGA-AN-A0XU	TCGA-BRCA	BRCA	112	153	mutation_count_proxy_no_callable_territory
TCGA-AN-A0XV-01A	TCGA-AN-A0XV	TCGA-BRCA	BRCA	32	49	mutation_count_proxy_no_callable_territory
TCGA-AN-A0XW-01A	TCGA-AN-A0XW	TCGA-BRCA	BRCA	282	429	mutation_count_proxy_no_callable_territory
TCGA-AO-A03L-01A	TCGA-AO-A03L	TCGA-BRCA	BRCA	28	39	mutation_count_proxy_no_callable_territory
TCGA-AO-A03M-01B	TCGA-AO-A03M	TCGA-BRCA	BRCA	739	1151	mutation_count_proxy_no_callable_territory
TCGA-AO-A03N-01B	TCGA-AO-A03N	TCGA-BRCA	BRCA	86	135	mutation_count_proxy_no_callable_territory
TCGA-AO-A03O-01A	TCGA-AO-A03O	TCGA-BRCA	BRCA	72	103	mutation_count_proxy_no_callable_territory
TCGA-AO-A03R-01A	TCGA-AO-A03R	TCGA-BRCA	BRCA	37	59	mutation_count_proxy_no_callable_territory
TCGA-AO-A03T-01A	TCGA-AO-A03T	TCGA-BRCA	BRCA	89	131	mutation_count_proxy_no_callable_territory
TCGA-AO-A03U-01B	TCGA-AO-A03U	TCGA-BRCA	BRCA	5	7	mutation_count_proxy_no_callable_territory
TCGA-AO-A03V-01A	TCGA-AO-A03V	TCGA-BRCA	BRCA	51	74	mutation_count_proxy_no_callable_territory
TCGA-AO-A0J2-01A	TCGA-AO-A0J2	TCGA-BRCA	BRCA	53	91	mutation_count_proxy_no_callable_territory
TCGA-AO-A0J3-01A	TCGA-AO-A0J3	TCGA-BRCA	BRCA	76	108	mutation_count_proxy_no_callable_territory
TCGA-AO-A0J4-01A	TCGA-AO-A0J4	TCGA-BRCA	BRCA	104	151	mutation_count_proxy_no_callable_territory
TCGA-AO-A0J5-01A	TCGA-AO-A0J5	TCGA-BRCA	BRCA	52	85	mutation_count_proxy_no_callable_territory
TCGA-AO-A0J6-01A	TCGA-AO-A0J6	TCGA-BRCA	BRCA	99	147	mutation_count_proxy_no_callable_territory
TCGA-AO-A0J7-01A	TCGA-AO-A0J7	TCGA-BRCA	BRCA	18	28	mutation_count_proxy_no_callable_territory
TCGA-AO-A0J9-01A	TCGA-AO-A0J9	TCGA-BRCA	BRCA	103	170	mutation_count_proxy_no_callable_territory
TCGA-AO-A0JA-01A	TCGA-AO-A0JA	TCGA-BRCA	BRCA	21	36	mutation_count_proxy_no_callable_territory
TCGA-AO-A0JB-01A	TCGA-AO-A0JB	TCGA-BRCA	BRCA	90	141	mutation_count_proxy_no_callable_territory
TCGA-AO-A0JC-01A	TCGA-AO-A0JC	TCGA-BRCA	BRCA	136	210	mutation_count_proxy_no_callable_territory
TCGA-AO-A0JD-01A	TCGA-AO-A0JD	TCGA-BRCA	BRCA	101	142	mutation_count_proxy_no_callable_territory
TCGA-AO-A0JE-01A	TCGA-AO-A0JE	TCGA-BRCA	BRCA	44	61	mutation_count_proxy_no_callable_territory
TCGA-AO-A0JF-01A	TCGA-AO-A0JF	TCGA-BRCA	BRCA	24	37	mutation_count_proxy_no_callable_territory
TCGA-AO-A0JG-01A	TCGA-AO-A0JG	TCGA-BRCA	BRCA	16	22	mutation_count_proxy_no_callable_territory
TCGA-AO-A0JI-01A	TCGA-AO-A0JI	TCGA-BRCA	BRCA	14	24	mutation_count_proxy_no_callable_territory
TCGA-AO-A0JJ-01A	TCGA-AO-A0JJ	TCGA-BRCA	BRCA	15	24	mutation_count_proxy_no_callable_territory
TCGA-AO-A0JM-01A	TCGA-AO-A0JM	TCGA-BRCA	BRCA	33	54	mutation_count_proxy_no_callable_territory
TCGA-AO-A124-01A	TCGA-AO-A124	TCGA-BRCA	BRCA	132	194	mutation_count_proxy_no_callable_territory
TCGA-AO-A125-01A	TCGA-AO-A125	TCGA-BRCA	BRCA	31	49	mutation_count_proxy_no_callable_territory
TCGA-AO-A126-01A	TCGA-AO-A126	TCGA-BRCA	BRCA	20	29	mutation_count_proxy_no_callable_territory
TCGA-AO-A12A-01A	TCGA-AO-A12A	TCGA-BRCA	BRCA	14	21	mutation_count_proxy_no_callable_territory
TCGA-AO-A12B-01A	TCGA-AO-A12B	TCGA-BRCA	BRCA	18	28	mutation_count_proxy_no_callable_territory
TCGA-AO-A12D-01A	TCGA-AO-A12D	TCGA-BRCA	BRCA	52	74	mutation_count_proxy_no_callable_territory
TCGA-AO-A12E-01A	TCGA-AO-A12E	TCGA-BRCA	BRCA	26	36	mutation_count_proxy_no_callable_territory
TCGA-AO-A12F-01A	TCGA-AO-A12F	TCGA-BRCA	BRCA	35	46	mutation_count_proxy_no_callable_territory
TCGA-AO-A12G-01A	TCGA-AO-A12G	TCGA-BRCA	BRCA	34	51	mutation_count_proxy_no_callable_territory
TCGA-AO-A12H-01A	TCGA-AO-A12H	TCGA-BRCA	BRCA	21	33	mutation_count_proxy_no_callable_territory
TCGA-AO-A1KO-01A	TCGA-AO-A1KO	TCGA-BRCA	BRCA	5	10	mutation_count_proxy_no_callable_territory
TCGA-AO-A1KP-01A	TCGA-AO-A1KP	TCGA-BRCA	BRCA	16	27	mutation_count_proxy_no_callable_territory
TCGA-AO-A1KR-01A	TCGA-AO-A1KR	TCGA-BRCA	BRCA	64	94	mutation_count_proxy_no_callable_territory
TCGA-AO-A1KS-01A	TCGA-AO-A1KS	TCGA-BRCA	BRCA	32	59	mutation_count_proxy_no_callable_territory
TCGA-AO-A1KT-01A	TCGA-AO-A1KT	TCGA-BRCA	BRCA	35	56	mutation_count_proxy_no_callable_territory
TCGA-AQ-A04H-01B	TCGA-AQ-A04H	TCGA-BRCA	BRCA	60	87	mutation_count_proxy_no_callable_territory
TCGA-AQ-A04J-01A	TCGA-AQ-A04J	TCGA-BRCA	BRCA	69	106	mutation_count_proxy_no_callable_territory
TCGA-AQ-A0Y5-01A	TCGA-AQ-A0Y5	TCGA-BRCA	BRCA	55	74	mutation_count_proxy_no_callable_territory
TCGA-AQ-A1H2-01A	TCGA-AQ-A1H2	TCGA-BRCA	BRCA	23	39	mutation_count_proxy_no_callable_territory
TCGA-AQ-A1H3-01A	TCGA-AQ-A1H3	TCGA-BRCA	BRCA	20	33	mutation_count_proxy_no_callable_territory
TCGA-AQ-A54O-01A	TCGA-AQ-A54O	TCGA-BRCA	BRCA	18	27	mutation_count_proxy_no_callable_territory
TCGA-AQ-A7U7-01A	TCGA-AQ-A7U7	TCGA-BRCA	BRCA	58	107	mutation_count_proxy_no_callable_territory
TCGA-AR-A0TP-01A	TCGA-AR-A0TP	TCGA-BRCA	BRCA	54	83	mutation_count_proxy_no_callable_territory
TCGA-AR-A0TQ-01A	TCGA-AR-A0TQ	TCGA-BRCA	BRCA	32	52	mutation_count_proxy_no_callable_territory
TCGA-AR-A0TR-01A	TCGA-AR-A0TR	TCGA-BRCA	BRCA	31	46	mutation_count_proxy_no_callable_territory
TCGA-AR-A0TS-01A	TCGA-AR-A0TS	TCGA-BRCA	BRCA	67	100	mutation_count_proxy_no_callable_territory
TCGA-AR-A0TT-01A	TCGA-AR-A0TT	TCGA-BRCA	BRCA	54	80	mutation_count_proxy_no_callable_territory
TCGA-AR-A0TU-01A	TCGA-AR-A0TU	TCGA-BRCA	BRCA	60	98	mutation_count_proxy_no_callable_territory
TCGA-AR-A0TV-01A	TCGA-AR-A0TV	TCGA-BRCA	BRCA	56	83	mutation_count_proxy_no_callable_territory
TCGA-AR-A0TX-01A	TCGA-AR-A0TX	TCGA-BRCA	BRCA	273	414	mutation_count_proxy_no_callable_territory
TCGA-AR-A0TY-01A	TCGA-AR-A0TY	TCGA-BRCA	BRCA	80	121	mutation_count_proxy_no_callable_territory
TCGA-AR-A0TZ-01A	TCGA-AR-A0TZ	TCGA-BRCA	BRCA	55	70	mutation_count_proxy_no_callable_territory
TCGA-AR-A0U0-01A	TCGA-AR-A0U0	TCGA-BRCA	BRCA	37	55	mutation_count_proxy_no_callable_territory
TCGA-AR-A0U1-01A	TCGA-AR-A0U1	TCGA-BRCA	BRCA	77	112	mutation_count_proxy_no_callable_territory
TCGA-AR-A0U2-01A	TCGA-AR-A0U2	TCGA-BRCA	BRCA	43	61	mutation_count_proxy_no_callable_territory
TCGA-AR-A0U3-01A	TCGA-AR-A0U3	TCGA-BRCA	BRCA	31	44	mutation_count_proxy_no_callable_territory
TCGA-AR-A0U4-01A	TCGA-AR-A0U4	TCGA-BRCA	BRCA	144	212	mutation_count_proxy_no_callable_territory
TCGA-AR-A1AH-01A	TCGA-AR-A1AH	TCGA-BRCA	BRCA	77	131	mutation_count_proxy_no_callable_territory
TCGA-AR-A1AI-01A	TCGA-AR-A1AI	TCGA-BRCA	BRCA	70	92	mutation_count_proxy_no_callable_territory
TCGA-AR-A1AJ-01A	TCGA-AR-A1AJ	TCGA-BRCA	BRCA	41	57	mutation_count_proxy_no_callable_territory
TCGA-AR-A1AK-01A	TCGA-AR-A1AK	TCGA-BRCA	BRCA	55	84	mutation_count_proxy_no_callable_territory
TCGA-AR-A1AL-01A	TCGA-AR-A1AL	TCGA-BRCA	BRCA	24	36	mutation_count_proxy_no_callable_territory
TCGA-AR-A1AN-01A	TCGA-AR-A1AN	TCGA-BRCA	BRCA	25	35	mutation_count_proxy_no_callable_territory
TCGA-AR-A1AO-01A	TCGA-AR-A1AO	TCGA-BRCA	BRCA	89	126	mutation_count_proxy_no_callable_territory
TCGA-AR-A1AP-01A	TCGA-AR-A1AP	TCGA-BRCA	BRCA	31	55	mutation_count_proxy_no_callable_territory
TCGA-AR-A1AQ-01A	TCGA-AR-A1AQ	TCGA-BRCA	BRCA	37	52	mutation_count_proxy_no_callable_territory
TCGA-AR-A1AS-01A	TCGA-AR-A1AS	TCGA-BRCA	BRCA	28	44	mutation_count_proxy_no_callable_territory
TCGA-AR-A1AT-01A	TCGA-AR-A1AT	TCGA-BRCA	BRCA	27	39	mutation_count_proxy_no_callable_territory
TCGA-AR-A1AU-01A	TCGA-AR-A1AU	TCGA-BRCA	BRCA	18	27	mutation_count_proxy_no_callable_territory
TCGA-AR-A1AV-01A	TCGA-AR-A1AV	TCGA-BRCA	BRCA	42	56	mutation_count_proxy_no_callable_territory
TCGA-AR-A1AW-01A	TCGA-AR-A1AW	TCGA-BRCA	BRCA	29	44	mutation_count_proxy_no_callable_territory
TCGA-AR-A1AY-01A	TCGA-AR-A1AY	TCGA-BRCA	BRCA	57	79	mutation_count_proxy_no_callable_territory
TCGA-AR-A24H-01A	TCGA-AR-A24H	TCGA-BRCA	BRCA	122	169	mutation_count_proxy_no_callable_territory
TCGA-AR-A24K-01A	TCGA-AR-A24K	TCGA-BRCA	BRCA	27	38	mutation_count_proxy_no_callable_territory
TCGA-AR-A24L-01A	TCGA-AR-A24L	TCGA-BRCA	BRCA	40	61	mutation_count_proxy_no_callable_territory
TCGA-AR-A24M-01A	TCGA-AR-A24M	TCGA-BRCA	BRCA	14	28	mutation_count_proxy_no_callable_territory
TCGA-AR-A24N-01A	TCGA-AR-A24N	TCGA-BRCA	BRCA	32	49	mutation_count_proxy_no_callable_territory
TCGA-AR-A24O-01A	TCGA-AR-A24O	TCGA-BRCA	BRCA	20	27	mutation_count_proxy_no_callable_territory
TCGA-AR-A24P-01A	TCGA-AR-A24P	TCGA-BRCA	BRCA	21	26	mutation_count_proxy_no_callable_territory
TCGA-AR-A24Q-01A	TCGA-AR-A24Q	TCGA-BRCA	BRCA	161	244	mutation_count_proxy_no_callable_territory
TCGA-AR-A24R-01A	TCGA-AR-A24R	TCGA-BRCA	BRCA	22	31	mutation_count_proxy_no_callable_territory
TCGA-AR-A24S-01A	TCGA-AR-A24S	TCGA-BRCA	BRCA	43	62	mutation_count_proxy_no_callable_territory
TCGA-AR-A24T-01A	TCGA-AR-A24T	TCGA-BRCA	BRCA	23	32	mutation_count_proxy_no_callable_territory
TCGA-AR-A24U-01A	TCGA-AR-A24U	TCGA-BRCA	BRCA	34	49	mutation_count_proxy_no_callable_territory
TCGA-AR-A24V-01A	TCGA-AR-A24V	TCGA-BRCA	BRCA	20	28	mutation_count_proxy_no_callable_territory
TCGA-AR-A24W-01A	TCGA-AR-A24W	TCGA-BRCA	BRCA	14	19	mutation_count_proxy_no_callable_territory
TCGA-AR-A24X-01A	TCGA-AR-A24X	TCGA-BRCA	BRCA	27	38	mutation_count_proxy_no_callable_territory
TCGA-AR-A250-01A	TCGA-AR-A250	TCGA-BRCA	BRCA	117	165	mutation_count_proxy_no_callable_territory
TCGA-AR-A251-01A	TCGA-AR-A251	TCGA-BRCA	BRCA	157	219	mutation_count_proxy_no_callable_territory
TCGA-AR-A252-01A	TCGA-AR-A252	TCGA-BRCA	BRCA	14	19	mutation_count_proxy_no_callable_territory
TCGA-AR-A254-01A	TCGA-AR-A254	TCGA-BRCA	BRCA	33	47	mutation_count_proxy_no_callable_territory
TCGA-AR-A255-01A	TCGA-AR-A255	TCGA-BRCA	BRCA	66	97	mutation_count_proxy_no_callable_territory
TCGA-AR-A256-01A	TCGA-AR-A256	TCGA-BRCA	BRCA	167	245	mutation_count_proxy_no_callable_territory
TCGA-AR-A2LE-01A	TCGA-AR-A2LE	TCGA-BRCA	BRCA	248	401	mutation_count_proxy_no_callable_territory
TCGA-AR-A2LH-01A	TCGA-AR-A2LH	TCGA-BRCA	BRCA	60	75	mutation_count_proxy_no_callable_territory
TCGA-AR-A2LK-01A	TCGA-AR-A2LK	TCGA-BRCA	BRCA	33	53	mutation_count_proxy_no_callable_territory
TCGA-AR-A2LL-01A	TCGA-AR-A2LL	TCGA-BRCA	BRCA	33	40	mutation_count_proxy_no_callable_territory
TCGA-AR-A2LM-01A	TCGA-AR-A2LM	TCGA-BRCA	BRCA	11	18	mutation_count_proxy_no_callable_territory
TCGA-AR-A2LO-01A	TCGA-AR-A2LO	TCGA-BRCA	BRCA	15	20	mutation_count_proxy_no_callable_territory
TCGA-AR-A2LQ-01A	TCGA-AR-A2LQ	TCGA-BRCA	BRCA	10	16	mutation_count_proxy_no_callable_territory
TCGA-AR-A2LR-01A	TCGA-AR-A2LR	TCGA-BRCA	BRCA	54	79	mutation_count_proxy_no_callable_territory
TCGA-AR-A5QM-01A	TCGA-AR-A5QM	TCGA-BRCA	BRCA	24	38	mutation_count_proxy_no_callable_territory
TCGA-AR-A5QN-01A	TCGA-AR-A5QN	TCGA-BRCA	BRCA	31	59	mutation_count_proxy_no_callable_territory
TCGA-AR-A5QP-01A	TCGA-AR-A5QP	TCGA-BRCA	BRCA	25	38	mutation_count_proxy_no_callable_territory
TCGA-AR-A5QQ-01A	TCGA-AR-A5QQ	TCGA-BRCA	BRCA	67	106	mutation_count_proxy_no_callable_territory
TCGA-B6-A0I1-01A	TCGA-B6-A0I1	TCGA-BRCA	BRCA	50	92	mutation_count_proxy_no_callable_territory
TCGA-B6-A0I2-01A	TCGA-B6-A0I2	TCGA-BRCA	BRCA	53	80	mutation_count_proxy_no_callable_territory
TCGA-B6-A0I5-01A	TCGA-B6-A0I5	TCGA-BRCA	BRCA	22	35	mutation_count_proxy_no_callable_territory
TCGA-B6-A0I8-01A	TCGA-B6-A0I8	TCGA-BRCA	BRCA	111	174	mutation_count_proxy_no_callable_territory
TCGA-B6-A0I9-01A	TCGA-B6-A0I9	TCGA-BRCA	BRCA	72	118	mutation_count_proxy_no_callable_territory
TCGA-B6-A0IA-01A	TCGA-B6-A0IA	TCGA-BRCA	BRCA	26	45	mutation_count_proxy_no_callable_territory
TCGA-B6-A0IB-01A	TCGA-B6-A0IB	TCGA-BRCA	BRCA	64	99	mutation_count_proxy_no_callable_territory
TCGA-B6-A0IC-01A	TCGA-B6-A0IC	TCGA-BRCA	BRCA	30	49	mutation_count_proxy_no_callable_territory
TCGA-B6-A0IG-01A	TCGA-B6-A0IG	TCGA-BRCA	BRCA	36	48	mutation_count_proxy_no_callable_territory
TCGA-B6-A0IH-01A	TCGA-B6-A0IH	TCGA-BRCA	BRCA	37	48	mutation_count_proxy_no_callable_territory
TCGA-B6-A0IJ-01A	TCGA-B6-A0IJ	TCGA-BRCA	BRCA	132	177	mutation_count_proxy_no_callable_territory
TCGA-B6-A0IK-01A	TCGA-B6-A0IK	TCGA-BRCA	BRCA	112	207	mutation_count_proxy_no_callable_territory
TCGA-B6-A0IM-01A	TCGA-B6-A0IM	TCGA-BRCA	BRCA	28	46	mutation_count_proxy_no_callable_territory
TCGA-B6-A0IN-01A	TCGA-B6-A0IN	TCGA-BRCA	BRCA	29	52	mutation_count_proxy_no_callable_territory
TCGA-B6-A0IO-01A	TCGA-B6-A0IO	TCGA-BRCA	BRCA	57	93	mutation_count_proxy_no_callable_territory
TCGA-B6-A0IP-01A	TCGA-B6-A0IP	TCGA-BRCA	BRCA	34	59	mutation_count_proxy_no_callable_territory
TCGA-B6-A0IQ-01A	TCGA-B6-A0IQ	TCGA-BRCA	BRCA	65	92	mutation_count_proxy_no_callable_territory
TCGA-B6-A0RE-01A	TCGA-B6-A0RE	TCGA-BRCA	BRCA	137	211	mutation_count_proxy_no_callable_territory
TCGA-B6-A0RG-01A	TCGA-B6-A0RG	TCGA-BRCA	BRCA	66	94	mutation_count_proxy_no_callable_territory
TCGA-B6-A0RH-01A	TCGA-B6-A0RH	TCGA-BRCA	BRCA	37	50	mutation_count_proxy_no_callable_territory
TCGA-B6-A0RI-01A	TCGA-B6-A0RI	TCGA-BRCA	BRCA	19	32	mutation_count_proxy_no_callable_territory
TCGA-B6-A0RL-01A	TCGA-B6-A0RL	TCGA-BRCA	BRCA	52	76	mutation_count_proxy_no_callable_territory
TCGA-B6-A0RN-01A	TCGA-B6-A0RN	TCGA-BRCA	BRCA	25	38	mutation_count_proxy_no_callable_territory
TCGA-B6-A0RO-01A	TCGA-B6-A0RO	TCGA-BRCA	BRCA	33	47	mutation_count_proxy_no_callable_territory
TCGA-B6-A0RP-01A	TCGA-B6-A0RP	TCGA-BRCA	BRCA	19	31	mutation_count_proxy_no_callable_territory
TCGA-B6-A0RS-01A	TCGA-B6-A0RS	TCGA-BRCA	BRCA	138	205	mutation_count_proxy_no_callable_territory
TCGA-B6-A0RT-01A	TCGA-B6-A0RT	TCGA-BRCA	BRCA	55	73	mutation_count_proxy_no_callable_territory
TCGA-B6-A0RU-01A	TCGA-B6-A0RU	TCGA-BRCA	BRCA	45	65	mutation_count_proxy_no_callable_territory
TCGA-B6-A0RV-01A	TCGA-B6-A0RV	TCGA-BRCA	BRCA	36	68	mutation_count_proxy_no_callable_territory
TCGA-B6-A0WV-01A	TCGA-B6-A0WV	TCGA-BRCA	BRCA	28	46	mutation_count_proxy_no_callable_territory
TCGA-B6-A0WW-01A	TCGA-B6-A0WW	TCGA-BRCA	BRCA	32	52	mutation_count_proxy_no_callable_territory
TCGA-B6-A0WX-01A	TCGA-B6-A0WX	TCGA-BRCA	BRCA	27	48	mutation_count_proxy_no_callable_territory
TCGA-B6-A0WY-01A	TCGA-B6-A0WY	TCGA-BRCA	BRCA	31	39	mutation_count_proxy_no_callable_territory
TCGA-B6-A0WZ-01A	TCGA-B6-A0WZ	TCGA-BRCA	BRCA	56	97	mutation_count_proxy_no_callable_territory
TCGA-B6-A0X0-01A	TCGA-B6-A0X0	TCGA-BRCA	BRCA	18	28	mutation_count_proxy_no_callable_territory
TCGA-B6-A0X1-01A	TCGA-B6-A0X1	TCGA-BRCA	BRCA	67	99	mutation_count_proxy_no_callable_territory
TCGA-B6-A0X4-01A	TCGA-B6-A0X4	TCGA-BRCA	BRCA	18	24	mutation_count_proxy_no_callable_territory
TCGA-B6-A0X5-01A	TCGA-B6-A0X5	TCGA-BRCA	BRCA	34	54	mutation_count_proxy_no_callable_territory
TCGA-B6-A0X7-01A	TCGA-B6-A0X7	TCGA-BRCA	BRCA	15	26	mutation_count_proxy_no_callable_territory
TCGA-B6-A1KC-01B	TCGA-B6-A1KC	TCGA-BRCA	BRCA	26	40	mutation_count_proxy_no_callable_territory
TCGA-B6-A1KF-01A	TCGA-B6-A1KF	TCGA-BRCA	BRCA	46	83	mutation_count_proxy_no_callable_territory
TCGA-B6-A1KI-01A	TCGA-B6-A1KI	TCGA-BRCA	BRCA	21	33	mutation_count_proxy_no_callable_territory
TCGA-B6-A1KN-01A	TCGA-B6-A1KN	TCGA-BRCA	BRCA	58	79	mutation_count_proxy_no_callable_territory
TCGA-B6-A2IU-01A	TCGA-B6-A2IU	TCGA-BRCA	BRCA	36	56	mutation_count_proxy_no_callable_territory
TCGA-B6-A401-01A	TCGA-B6-A401	TCGA-BRCA	BRCA	19	33	mutation_count_proxy_no_callable_territory
TCGA-B6-A409-01A	TCGA-B6-A409	TCGA-BRCA	BRCA	28	58	mutation_count_proxy_no_callable_territory
TCGA-B6-A40B-01A	TCGA-B6-A40B	TCGA-BRCA	BRCA	40	70	mutation_count_proxy_no_callable_territory
TCGA-B6-A40C-01A	TCGA-B6-A40C	TCGA-BRCA	BRCA	33	57	mutation_count_proxy_no_callable_territory
TCGA-BH-A0AU-01A	TCGA-BH-A0AU	TCGA-BRCA	BRCA	17	25	mutation_count_proxy_no_callable_territory
TCGA-BH-A0AV-01A	TCGA-BH-A0AV	TCGA-BRCA	BRCA	54	92	mutation_count_proxy_no_callable_territory
TCGA-BH-A0AW-01A	TCGA-BH-A0AW	TCGA-BRCA	BRCA	135	219	mutation_count_proxy_no_callable_territory
TCGA-BH-A0AY-01A	TCGA-BH-A0AY	TCGA-BRCA	BRCA	98	162	mutation_count_proxy_no_callable_territory
TCGA-BH-A0AZ-01A	TCGA-BH-A0AZ	TCGA-BRCA	BRCA	55	80	mutation_count_proxy_no_callable_territory
TCGA-BH-A0B0-01A	TCGA-BH-A0B0	TCGA-BRCA	BRCA	65	101	mutation_count_proxy_no_callable_territory
TCGA-BH-A0B1-01A	TCGA-BH-A0B1	TCGA-BRCA	BRCA	49	76	mutation_count_proxy_no_callable_territory
TCGA-BH-A0B4-01A	TCGA-BH-A0B4	TCGA-BRCA	BRCA	65	84	mutation_count_proxy_no_callable_territory
TCGA-BH-A0B5-01A	TCGA-BH-A0B5	TCGA-BRCA	BRCA	60	93	mutation_count_proxy_no_callable_territory
TCGA-BH-A0B6-01A	TCGA-BH-A0B6	TCGA-BRCA	BRCA	658	1297	mutation_count_proxy_no_callable_territory
TCGA-BH-A0B7-01A	TCGA-BH-A0B7	TCGA-BRCA	BRCA	71	97	mutation_count_proxy_no_callable_territory
TCGA-BH-A0B8-01A	TCGA-BH-A0B8	TCGA-BRCA	BRCA	116	195	mutation_count_proxy_no_callable_territory
TCGA-BH-A0B9-01A	TCGA-BH-A0B9	TCGA-BRCA	BRCA	30	46	mutation_count_proxy_no_callable_territory
TCGA-BH-A0BA-01A	TCGA-BH-A0BA	TCGA-BRCA	BRCA	72	110	mutation_count_proxy_no_callable_territory
TCGA-BH-A0BC-01A	TCGA-BH-A0BC	TCGA-BRCA	BRCA	58	92	mutation_count_proxy_no_callable_territory
TCGA-BH-A0BD-01A	TCGA-BH-A0BD	TCGA-BRCA	BRCA	28	42	mutation_count_proxy_no_callable_territory
TCGA-BH-A0BF-01A	TCGA-BH-A0BF	TCGA-BRCA	BRCA	21	37	mutation_count_proxy_no_callable_territory
TCGA-BH-A0BG-01A	TCGA-BH-A0BG	TCGA-BRCA	BRCA	34	49	mutation_count_proxy_no_callable_territory
TCGA-BH-A0BJ-01A	TCGA-BH-A0BJ	TCGA-BRCA	BRCA	53	75	mutation_count_proxy_no_callable_territory
TCGA-BH-A0BL-01A	TCGA-BH-A0BL	TCGA-BRCA	BRCA	106	143	mutation_count_proxy_no_callable_territory
TCGA-BH-A0BM-01A	TCGA-BH-A0BM	TCGA-BRCA	BRCA	50	77	mutation_count_proxy_no_callable_territory
TCGA-BH-A0BO-01A	TCGA-BH-A0BO	TCGA-BRCA	BRCA	52	66	mutation_count_proxy_no_callable_territory
TCGA-BH-A0BP-01A	TCGA-BH-A0BP	TCGA-BRCA	BRCA	137	206	mutation_count_proxy_no_callable_territory
TCGA-BH-A0BQ-01A	TCGA-BH-A0BQ	TCGA-BRCA	BRCA	43	63	mutation_count_proxy_no_callable_territory
TCGA-BH-A0BR-01A	TCGA-BH-A0BR	TCGA-BRCA	BRCA	48	78	mutation_count_proxy_no_callable_territory
TCGA-BH-A0BS-01A	TCGA-BH-A0BS	TCGA-BRCA	BRCA	12	26	mutation_count_proxy_no_callable_territory
TCGA-BH-A0BT-01A	TCGA-BH-A0BT	TCGA-BRCA	BRCA	37	50	mutation_count_proxy_no_callable_territory
TCGA-BH-A0BV-01A	TCGA-BH-A0BV	TCGA-BRCA	BRCA	53	83	mutation_count_proxy_no_callable_territory
TCGA-BH-A0BW-01A	TCGA-BH-A0BW	TCGA-BRCA	BRCA	139	218	mutation_count_proxy_no_callable_territory
TCGA-BH-A0BZ-01A	TCGA-BH-A0BZ	TCGA-BRCA	BRCA	241	331	mutation_count_proxy_no_callable_territory
TCGA-BH-A0C0-01A	TCGA-BH-A0C0	TCGA-BRCA	BRCA	183	244	mutation_count_proxy_no_callable_territory
TCGA-BH-A0C3-01A	TCGA-BH-A0C3	TCGA-BRCA	BRCA	10	20	mutation_count_proxy_no_callable_territory
TCGA-BH-A0C7-01B	TCGA-BH-A0C7	TCGA-BRCA	BRCA	43	66	mutation_count_proxy_no_callable_territory
TCGA-BH-A0DD-01A	TCGA-BH-A0DD	TCGA-BRCA	BRCA	21	38	mutation_count_proxy_no_callable_territory
TCGA-BH-A0DE-01A	TCGA-BH-A0DE	TCGA-BRCA	BRCA	57	82	mutation_count_proxy_no_callable_territory
TCGA-BH-A0DG-01A	TCGA-BH-A0DG	TCGA-BRCA	BRCA	33	48	mutation_count_proxy_no_callable_territory
TCGA-BH-A0DH-01A	TCGA-BH-A0DH	TCGA-BRCA	BRCA	65	105	mutation_count_proxy_no_callable_territory
TCGA-BH-A0DI-01A	TCGA-BH-A0DI	TCGA-BRCA	BRCA	39	64	mutation_count_proxy_no_callable_territory
TCGA-BH-A0DK-01A	TCGA-BH-A0DK	TCGA-BRCA	BRCA	168	266	mutation_count_proxy_no_callable_territory
TCGA-BH-A0DL-01A	TCGA-BH-A0DL	TCGA-BRCA	BRCA	97	135	mutation_count_proxy_no_callable_territory
TCGA-BH-A0DO-01B	TCGA-BH-A0DO	TCGA-BRCA	BRCA	20	35	mutation_count_proxy_no_callable_territory
TCGA-BH-A0DP-01A	TCGA-BH-A0DP	TCGA-BRCA	BRCA	53	78	mutation_count_proxy_no_callable_territory
TCGA-BH-A0DQ-01A	TCGA-BH-A0DQ	TCGA-BRCA	BRCA	61	77	mutation_count_proxy_no_callable_territory
TCGA-BH-A0DS-01A	TCGA-BH-A0DS	TCGA-BRCA	BRCA	35	62	mutation_count_proxy_no_callable_territory
TCGA-BH-A0DT-01A	TCGA-BH-A0DT	TCGA-BRCA	BRCA	16	20	mutation_count_proxy_no_callable_territory
TCGA-BH-A0DV-01A	TCGA-BH-A0DV	TCGA-BRCA	BRCA	17	21	mutation_count_proxy_no_callable_territory
TCGA-BH-A0DX-01A	TCGA-BH-A0DX	TCGA-BRCA	BRCA	58	79	mutation_count_proxy_no_callable_territory
TCGA-BH-A0DZ-01A	TCGA-BH-A0DZ	TCGA-BRCA	BRCA	434	779	mutation_count_proxy_no_callable_territory
TCGA-BH-A0E0-01A	TCGA-BH-A0E0	TCGA-BRCA	BRCA	59	93	mutation_count_proxy_no_callable_territory
TCGA-BH-A0E1-01A	TCGA-BH-A0E1	TCGA-BRCA	BRCA	44	72	mutation_count_proxy_no_callable_territory
TCGA-BH-A0E2-01A	TCGA-BH-A0E2	TCGA-BRCA	BRCA	41	64	mutation_count_proxy_no_callable_territory
TCGA-BH-A0E6-01A	TCGA-BH-A0E6	TCGA-BRCA	BRCA	68	100	mutation_count_proxy_no_callable_territory
TCGA-BH-A0E7-01A	TCGA-BH-A0E7	TCGA-BRCA	BRCA	40	52	mutation_count_proxy_no_callable_territory
TCGA-BH-A0E9-01B	TCGA-BH-A0E9	TCGA-BRCA	BRCA	33	38	mutation_count_proxy_no_callable_territory
TCGA-BH-A0EA-01A	TCGA-BH-A0EA	TCGA-BRCA	BRCA	25	33	mutation_count_proxy_no_callable_territory
TCGA-BH-A0EI-01A	TCGA-BH-A0EI	TCGA-BRCA	BRCA	16	25	mutation_count_proxy_no_callable_territory
TCGA-BH-A0GY-01A	TCGA-BH-A0GY	TCGA-BRCA	BRCA	34	48	mutation_count_proxy_no_callable_territory
TCGA-BH-A0GZ-01A	TCGA-BH-A0GZ	TCGA-BRCA	BRCA	34	47	mutation_count_proxy_no_callable_territory
TCGA-BH-A0H3-01A	TCGA-BH-A0H3	TCGA-BRCA	BRCA	13	21	mutation_count_proxy_no_callable_territory
TCGA-BH-A0H5-01A	TCGA-BH-A0H5	TCGA-BRCA	BRCA	227	334	mutation_count_proxy_no_callable_territory
TCGA-BH-A0H6-01A	TCGA-BH-A0H6	TCGA-BRCA	BRCA	17	30	mutation_count_proxy_no_callable_territory
TCGA-BH-A0H7-01A	TCGA-BH-A0H7	TCGA-BRCA	BRCA	79	119	mutation_count_proxy_no_callable_territory
TCGA-BH-A0H9-01A	TCGA-BH-A0H9	TCGA-BRCA	BRCA	66	108	mutation_count_proxy_no_callable_territory
TCGA-BH-A0HA-01A	TCGA-BH-A0HA	TCGA-BRCA	BRCA	324	470	mutation_count_proxy_no_callable_territory
TCGA-BH-A0HB-01A	TCGA-BH-A0HB	TCGA-BRCA	BRCA	31	45	mutation_count_proxy_no_callable_territory
TCGA-BH-A0HF-01A	TCGA-BH-A0HF	TCGA-BRCA	BRCA	830	1455	mutation_count_proxy_no_callable_territory
TCGA-BH-A0HI-01A	TCGA-BH-A0HI	TCGA-BRCA	BRCA	31	39	mutation_count_proxy_no_callable_territory
TCGA-BH-A0HK-01A	TCGA-BH-A0HK	TCGA-BRCA	BRCA	167	289	mutation_count_proxy_no_callable_territory
TCGA-BH-A0HL-01A	TCGA-BH-A0HL	TCGA-BRCA	BRCA	32	44	mutation_count_proxy_no_callable_territory
TCGA-BH-A0HN-01A	TCGA-BH-A0HN	TCGA-BRCA	BRCA	25	37	mutation_count_proxy_no_callable_territory
TCGA-BH-A0HO-01A	TCGA-BH-A0HO	TCGA-BRCA	BRCA	14	29	mutation_count_proxy_no_callable_territory
TCGA-BH-A0HP-01A	TCGA-BH-A0HP	TCGA-BRCA	BRCA	236	364	mutation_count_proxy_no_callable_territory
TCGA-BH-A0HQ-01A	TCGA-BH-A0HQ	TCGA-BRCA	BRCA	27	49	mutation_count_proxy_no_callable_territory
TCGA-BH-A0HU-01A	TCGA-BH-A0HU	TCGA-BRCA	BRCA	31	50	mutation_count_proxy_no_callable_territory
TCGA-BH-A0HW-01A	TCGA-BH-A0HW	TCGA-BRCA	BRCA	33	46	mutation_count_proxy_no_callable_territory
TCGA-BH-A0HX-01A	TCGA-BH-A0HX	TCGA-BRCA	BRCA	57	92	mutation_count_proxy_no_callable_territory
TCGA-BH-A0HY-01A	TCGA-BH-A0HY	TCGA-BRCA	BRCA	52	89	mutation_count_proxy_no_callable_territory
TCGA-BH-A0RX-01A	TCGA-BH-A0RX	TCGA-BRCA	BRCA	39	55	mutation_count_proxy_no_callable_territory
TCGA-BH-A0W3-01A	TCGA-BH-A0W3	TCGA-BRCA	BRCA	14	24	mutation_count_proxy_no_callable_territory
TCGA-BH-A0W4-01A	TCGA-BH-A0W4	TCGA-BRCA	BRCA	33	43	mutation_count_proxy_no_callable_territory
TCGA-BH-A0W5-01A	TCGA-BH-A0W5	TCGA-BRCA	BRCA	26	31	mutation_count_proxy_no_callable_territory
TCGA-BH-A0WA-01A	TCGA-BH-A0WA	TCGA-BRCA	BRCA	89	123	mutation_count_proxy_no_callable_territory
TCGA-BH-A18F-01A	TCGA-BH-A18F	TCGA-BRCA	BRCA	47	72	mutation_count_proxy_no_callable_territory
TCGA-BH-A18G-01A	TCGA-BH-A18G	TCGA-BRCA	BRCA	1236	1922	mutation_count_proxy_no_callable_territory
TCGA-BH-A18H-01A	TCGA-BH-A18H	TCGA-BRCA	BRCA	41	59	mutation_count_proxy_no_callable_territory
TCGA-BH-A18I-01A	TCGA-BH-A18I	TCGA-BRCA	BRCA	25	37	mutation_count_proxy_no_callable_territory
TCGA-BH-A18J-01A	TCGA-BH-A18J	TCGA-BRCA	BRCA	73	113	mutation_count_proxy_no_callable_territory
TCGA-BH-A18K-01A	TCGA-BH-A18K	TCGA-BRCA	BRCA	50	77	mutation_count_proxy_no_callable_territory
TCGA-BH-A18L-01A	TCGA-BH-A18L	TCGA-BRCA	BRCA	45	72	mutation_count_proxy_no_callable_territory
TCGA-BH-A18M-01A	TCGA-BH-A18M	TCGA-BRCA	BRCA	17	22	mutation_count_proxy_no_callable_territory
TCGA-BH-A18N-01A	TCGA-BH-A18N	TCGA-BRCA	BRCA	31	47	mutation_count_proxy_no_callable_territory
TCGA-BH-A18P-01A	TCGA-BH-A18P	TCGA-BRCA	BRCA	271	446	mutation_count_proxy_no_callable_territory
TCGA-BH-A18Q-01A	TCGA-BH-A18Q	TCGA-BRCA	BRCA	75	121	mutation_count_proxy_no_callable_territory
TCGA-BH-A18S-01A	TCGA-BH-A18S	TCGA-BRCA	BRCA	25	39	mutation_count_proxy_no_callable_territory
TCGA-BH-A18T-01A	TCGA-BH-A18T	TCGA-BRCA	BRCA	72	111	mutation_count_proxy_no_callable_territory
TCGA-BH-A18U-01A	TCGA-BH-A18U	TCGA-BRCA	BRCA	121	188	mutation_count_proxy_no_callable_territory
TCGA-BH-A18V-01A	TCGA-BH-A18V	TCGA-BRCA	BRCA	177	264	mutation_count_proxy_no_callable_territory
TCGA-BH-A18V-06A	TCGA-BH-A18V	TCGA-BRCA	BRCA	199	301	mutation_count_proxy_no_callable_territory
TCGA-BH-A1EN-01A	TCGA-BH-A1EN	TCGA-BRCA	BRCA	64	90	mutation_count_proxy_no_callable_territory
TCGA-BH-A1EO-01A	TCGA-BH-A1EO	TCGA-BRCA	BRCA	41	53	mutation_count_proxy_no_callable_territory
TCGA-BH-A1ET-01A	TCGA-BH-A1ET	TCGA-BRCA	BRCA	25	38	mutation_count_proxy_no_callable_territory
TCGA-BH-A1EU-01A	TCGA-BH-A1EU	TCGA-BRCA	BRCA	26	38	mutation_count_proxy_no_callable_territory
TCGA-BH-A1EV-01A	TCGA-BH-A1EV	TCGA-BRCA	BRCA	85	131	mutation_count_proxy_no_callable_territory
TCGA-BH-A1EW-01A	TCGA-BH-A1EW	TCGA-BRCA	BRCA	14	22	mutation_count_proxy_no_callable_territory
TCGA-BH-A1EX-01A	TCGA-BH-A1EX	TCGA-BRCA	BRCA	23	35	mutation_count_proxy_no_callable_territory
TCGA-BH-A1EY-01A	TCGA-BH-A1EY	TCGA-BRCA	BRCA	35	58	mutation_count_proxy_no_callable_territory
TCGA-BH-A1F0-01A	TCGA-BH-A1F0	TCGA-BRCA	BRCA	59	101	mutation_count_proxy_no_callable_territory
TCGA-BH-A1F2-01A	TCGA-BH-A1F2	TCGA-BRCA	BRCA	49	75	mutation_count_proxy_no_callable_territory
TCGA-BH-A1F5-01A	TCGA-BH-A1F5	TCGA-BRCA	BRCA	31	45	mutation_count_proxy_no_callable_territory
TCGA-BH-A1F6-01A	TCGA-BH-A1F6	TCGA-BRCA	BRCA	32	58	mutation_count_proxy_no_callable_territory
TCGA-BH-A1FC-01A	TCGA-BH-A1FC	TCGA-BRCA	BRCA	101	135	mutation_count_proxy_no_callable_territory
TCGA-BH-A1FD-01A	TCGA-BH-A1FD	TCGA-BRCA	BRCA	28	44	mutation_count_proxy_no_callable_territory
TCGA-BH-A1FE-01A	TCGA-BH-A1FE	TCGA-BRCA	BRCA	19	28	mutation_count_proxy_no_callable_territory
TCGA-BH-A1FE-06A	TCGA-BH-A1FE	TCGA-BRCA	BRCA	1	1	mutation_count_proxy_no_callable_territory
TCGA-BH-A1FG-01A	TCGA-BH-A1FG	TCGA-BRCA	BRCA	17	27	mutation_count_proxy_no_callable_territory
TCGA-BH-A1FH-01A	TCGA-BH-A1FH	TCGA-BRCA	BRCA	24	37	mutation_count_proxy_no_callable_territory
TCGA-BH-A1FL-01A	TCGA-BH-A1FL	TCGA-BRCA	BRCA	18	30	mutation_count_proxy_no_callable_territory
TCGA-BH-A1FM-01A	TCGA-BH-A1FM	TCGA-BRCA	BRCA	48	68	mutation_count_proxy_no_callable_territory
TCGA-BH-A1FN-01A	TCGA-BH-A1FN	TCGA-BRCA	BRCA	94	158	mutation_count_proxy_no_callable_territory
TCGA-BH-A1FR-01A	TCGA-BH-A1FR	TCGA-BRCA	BRCA	14	17	mutation_count_proxy_no_callable_territory
TCGA-BH-A1FU-01A	TCGA-BH-A1FU	TCGA-BRCA	BRCA	80	119	mutation_count_proxy_no_callable_territory
TCGA-BH-A201-01A	TCGA-BH-A201	TCGA-BRCA	BRCA	21	28	mutation_count_proxy_no_callable_territory
TCGA-BH-A202-01A	TCGA-BH-A202	TCGA-BRCA	BRCA	25	31	mutation_count_proxy_no_callable_territory
TCGA-BH-A203-01A	TCGA-BH-A203	TCGA-BRCA	BRCA	61	106	mutation_count_proxy_no_callable_territory
TCGA-BH-A204-01A	TCGA-BH-A204	TCGA-BRCA	BRCA	36	56	mutation_count_proxy_no_callable_territory
TCGA-BH-A208-01A	TCGA-BH-A208	TCGA-BRCA	BRCA	57	88	mutation_count_proxy_no_callable_territory
TCGA-BH-A209-01A	TCGA-BH-A209	TCGA-BRCA	BRCA	83	133	mutation_count_proxy_no_callable_territory
TCGA-BH-A28Q-01A	TCGA-BH-A28Q	TCGA-BRCA	BRCA	19	30	mutation_count_proxy_no_callable_territory
TCGA-BH-A2L8-01A	TCGA-BH-A2L8	TCGA-BRCA	BRCA	420	637	mutation_count_proxy_no_callable_territory
TCGA-BH-A42U-01A	TCGA-BH-A42U	TCGA-BRCA	BRCA	19	37	mutation_count_proxy_no_callable_territory
TCGA-BH-A42V-01A	TCGA-BH-A42V	TCGA-BRCA	BRCA	39	62	mutation_count_proxy_no_callable_territory
TCGA-BH-A5IZ-01A	TCGA-BH-A5IZ	TCGA-BRCA	BRCA	111	207	mutation_count_proxy_no_callable_territory
TCGA-BH-A5J0-01A	TCGA-BH-A5J0	TCGA-BRCA	BRCA	61	109	mutation_count_proxy_no_callable_territory
TCGA-BH-A6R8-01A	TCGA-BH-A6R8	TCGA-BRCA	BRCA	30	44	mutation_count_proxy_no_callable_territory
TCGA-BH-A6R9-01A	TCGA-BH-A6R9	TCGA-BRCA	BRCA	14	32	mutation_count_proxy_no_callable_territory
TCGA-BH-A8FY-01A	TCGA-BH-A8FY	TCGA-BRCA	BRCA	39	64	mutation_count_proxy_no_callable_territory
TCGA-BH-A8FZ-01A	TCGA-BH-A8FZ	TCGA-BRCA	BRCA	57	101	mutation_count_proxy_no_callable_territory
TCGA-BH-A8G0-01A	TCGA-BH-A8G0	TCGA-BRCA	BRCA	12	21	mutation_count_proxy_no_callable_territory
TCGA-BH-AB28-01A	TCGA-BH-AB28	TCGA-BRCA	BRCA	53	101	mutation_count_proxy_no_callable_territory
TCGA-C8-A12K-01A	TCGA-C8-A12K	TCGA-BRCA	BRCA	123	184	mutation_count_proxy_no_callable_territory
TCGA-C8-A12L-01A	TCGA-C8-A12L	TCGA-BRCA	BRCA	73	102	mutation_count_proxy_no_callable_territory
TCGA-C8-A12M-01A	TCGA-C8-A12M	TCGA-BRCA	BRCA	52	89	mutation_count_proxy_no_callable_territory
TCGA-C8-A12N-01A	TCGA-C8-A12N	TCGA-BRCA	BRCA	19	33	mutation_count_proxy_no_callable_territory
TCGA-C8-A12O-01A	TCGA-C8-A12O	TCGA-BRCA	BRCA	35	52	mutation_count_proxy_no_callable_territory
TCGA-C8-A12P-01A	TCGA-C8-A12P	TCGA-BRCA	BRCA	141	210	mutation_count_proxy_no_callable_territory
TCGA-C8-A12Q-01A	TCGA-C8-A12Q	TCGA-BRCA	BRCA	96	146	mutation_count_proxy_no_callable_territory
TCGA-C8-A12T-01A	TCGA-C8-A12T	TCGA-BRCA	BRCA	149	214	mutation_count_proxy_no_callable_territory
TCGA-C8-A12U-01A	TCGA-C8-A12U	TCGA-BRCA	BRCA	44	65	mutation_count_proxy_no_callable_territory
TCGA-C8-A12V-01A	TCGA-C8-A12V	TCGA-BRCA	BRCA	42	55	mutation_count_proxy_no_callable_territory
TCGA-C8-A12W-01A	TCGA-C8-A12W	TCGA-BRCA	BRCA	51	83	mutation_count_proxy_no_callable_territory
TCGA-C8-A12X-01A	TCGA-C8-A12X	TCGA-BRCA	BRCA	45	72	mutation_count_proxy_no_callable_territory
TCGA-C8-A12Z-01A	TCGA-C8-A12Z	TCGA-BRCA	BRCA	44	63	mutation_count_proxy_no_callable_territory
TCGA-C8-A130-01A	TCGA-C8-A130	TCGA-BRCA	BRCA	35	58	mutation_count_proxy_no_callable_territory
TCGA-C8-A131-01A	TCGA-C8-A131	TCGA-BRCA	BRCA	57	84	mutation_count_proxy_no_callable_territory
TCGA-C8-A132-01A	TCGA-C8-A132	TCGA-BRCA	BRCA	62	88	mutation_count_proxy_no_callable_territory
TCGA-C8-A133-01A	TCGA-C8-A133	TCGA-BRCA	BRCA	24	36	mutation_count_proxy_no_callable_territory
TCGA-C8-A134-01A	TCGA-C8-A134	TCGA-BRCA	BRCA	83	124	mutation_count_proxy_no_callable_territory
TCGA-C8-A135-01A	TCGA-C8-A135	TCGA-BRCA	BRCA	54	87	mutation_count_proxy_no_callable_territory
TCGA-C8-A137-01A	TCGA-C8-A137	TCGA-BRCA	BRCA	40	64	mutation_count_proxy_no_callable_territory
TCGA-C8-A1HE-01A	TCGA-C8-A1HE	TCGA-BRCA	BRCA	36	58	mutation_count_proxy_no_callable_territory
TCGA-C8-A1HF-01A	TCGA-C8-A1HF	TCGA-BRCA	BRCA	25	43	mutation_count_proxy_no_callable_territory
TCGA-C8-A1HG-01A	TCGA-C8-A1HG	TCGA-BRCA	BRCA	40	75	mutation_count_proxy_no_callable_territory
TCGA-C8-A1HI-01A	TCGA-C8-A1HI	TCGA-BRCA	BRCA	46	77	mutation_count_proxy_no_callable_territory
TCGA-C8-A1HJ-01A	TCGA-C8-A1HJ	TCGA-BRCA	BRCA	95	135	mutation_count_proxy_no_callable_territory
TCGA-C8-A1HK-01A	TCGA-C8-A1HK	TCGA-BRCA	BRCA	52	76	mutation_count_proxy_no_callable_territory
TCGA-C8-A1HL-01A	TCGA-C8-A1HL	TCGA-BRCA	BRCA	27	38	mutation_count_proxy_no_callable_territory
TCGA-C8-A1HM-01A	TCGA-C8-A1HM	TCGA-BRCA	BRCA	302	462	mutation_count_proxy_no_callable_territory
TCGA-C8-A1HO-01A	TCGA-C8-A1HO	TCGA-BRCA	BRCA	28	51	mutation_count_proxy_no_callable_territory
TCGA-C8-A26V-01A	TCGA-C8-A26V	TCGA-BRCA	BRCA	65	99	mutation_count_proxy_no_callable_territory
TCGA-C8-A26W-01A	TCGA-C8-A26W	TCGA-BRCA	BRCA	46	73	mutation_count_proxy_no_callable_territory
TCGA-C8-A26X-01A	TCGA-C8-A26X	TCGA-BRCA	BRCA	69	90	mutation_count_proxy_no_callable_territory
TCGA-C8-A26Y-01A	TCGA-C8-A26Y	TCGA-BRCA	BRCA	623	942	mutation_count_proxy_no_callable_territory
TCGA-C8-A26Z-01A	TCGA-C8-A26Z	TCGA-BRCA	BRCA	42	62	mutation_count_proxy_no_callable_territory
TCGA-C8-A273-01A	TCGA-C8-A273	TCGA-BRCA	BRCA	16	28	mutation_count_proxy_no_callable_territory
TCGA-C8-A274-01A	TCGA-C8-A274	TCGA-BRCA	BRCA	188	297	mutation_count_proxy_no_callable_territory
TCGA-C8-A275-01A	TCGA-C8-A275	TCGA-BRCA	BRCA	103	146	mutation_count_proxy_no_callable_territory
TCGA-C8-A278-01A	TCGA-C8-A278	TCGA-BRCA	BRCA	43	57	mutation_count_proxy_no_callable_territory
TCGA-C8-A27A-01A	TCGA-C8-A27A	TCGA-BRCA	BRCA	24	41	mutation_count_proxy_no_callable_territory
TCGA-C8-A27B-01A	TCGA-C8-A27B	TCGA-BRCA	BRCA	124	169	mutation_count_proxy_no_callable_territory
TCGA-C8-A3M7-01A	TCGA-C8-A3M7	TCGA-BRCA	BRCA	126	229	mutation_count_proxy_no_callable_territory
TCGA-C8-A3M8-01A	TCGA-C8-A3M8	TCGA-BRCA	BRCA	42	68	mutation_count_proxy_no_callable_territory
TCGA-C8-A8HP-01A	TCGA-C8-A8HP	TCGA-BRCA	BRCA	142	276	mutation_count_proxy_no_callable_territory
TCGA-C8-A8HQ-01A	TCGA-C8-A8HQ	TCGA-BRCA	BRCA	212	379	mutation_count_proxy_no_callable_territory
TCGA-C8-A8HR-01A	TCGA-C8-A8HR	TCGA-BRCA	BRCA	40	64	mutation_count_proxy_no_callable_territory
TCGA-C8-A9FZ-01A	TCGA-C8-A9FZ	TCGA-BRCA	BRCA	21	32	mutation_count_proxy_no_callable_territory
TCGA-D8-A13Y-01A	TCGA-D8-A13Y	TCGA-BRCA	BRCA	66	92	mutation_count_proxy_no_callable_territory
TCGA-D8-A13Z-01A	TCGA-D8-A13Z	TCGA-BRCA	BRCA	80	112	mutation_count_proxy_no_callable_territory
TCGA-D8-A140-01A	TCGA-D8-A140	TCGA-BRCA	BRCA	94	149	mutation_count_proxy_no_callable_territory
TCGA-D8-A141-01A	TCGA-D8-A141	TCGA-BRCA	BRCA	19	25	mutation_count_proxy_no_callable_territory
TCGA-D8-A142-01A	TCGA-D8-A142	TCGA-BRCA	BRCA	115	173	mutation_count_proxy_no_callable_territory
TCGA-D8-A143-01A	TCGA-D8-A143	TCGA-BRCA	BRCA	48	70	mutation_count_proxy_no_callable_territory
TCGA-D8-A145-01A	TCGA-D8-A145	TCGA-BRCA	BRCA	41	54	mutation_count_proxy_no_callable_territory
TCGA-D8-A146-01A	TCGA-D8-A146	TCGA-BRCA	BRCA	32	45	mutation_count_proxy_no_callable_territory
TCGA-D8-A147-01A	TCGA-D8-A147	TCGA-BRCA	BRCA	147	215	mutation_count_proxy_no_callable_territory
TCGA-D8-A1J8-01A	TCGA-D8-A1J8	TCGA-BRCA	BRCA	683	1045	mutation_count_proxy_no_callable_territory
TCGA-D8-A1J9-01A	TCGA-D8-A1J9	TCGA-BRCA	BRCA	169	280	mutation_count_proxy_no_callable_territory
TCGA-D8-A1JA-01A	TCGA-D8-A1JA	TCGA-BRCA	BRCA	787	1201	mutation_count_proxy_no_callable_territory
TCGA-D8-A1JB-01A	TCGA-D8-A1JB	TCGA-BRCA	BRCA	39	69	mutation_count_proxy_no_callable_territory
TCGA-D8-A1JC-01A	TCGA-D8-A1JC	TCGA-BRCA	BRCA	75	126	mutation_count_proxy_no_callable_territory
TCGA-D8-A1JD-01A	TCGA-D8-A1JD	TCGA-BRCA	BRCA	99	137	mutation_count_proxy_no_callable_territory
TCGA-D8-A1JE-01A	TCGA-D8-A1JE	TCGA-BRCA	BRCA	28	41	mutation_count_proxy_no_callable_territory
TCGA-D8-A1JF-01A	TCGA-D8-A1JF	TCGA-BRCA	BRCA	40	56	mutation_count_proxy_no_callable_territory
TCGA-D8-A1JI-01A	TCGA-D8-A1JI	TCGA-BRCA	BRCA	22	44	mutation_count_proxy_no_callable_territory
TCGA-D8-A1JJ-01A	TCGA-D8-A1JJ	TCGA-BRCA	BRCA	65	102	mutation_count_proxy_no_callable_territory
TCGA-D8-A1JK-01A	TCGA-D8-A1JK	TCGA-BRCA	BRCA	191	283	mutation_count_proxy_no_callable_territory
TCGA-D8-A1JL-01A	TCGA-D8-A1JL	TCGA-BRCA	BRCA	87	136	mutation_count_proxy_no_callable_territory
TCGA-D8-A1JM-01A	TCGA-D8-A1JM	TCGA-BRCA	BRCA	37	58	mutation_count_proxy_no_callable_territory
TCGA-D8-A1JN-01A	TCGA-D8-A1JN	TCGA-BRCA	BRCA	121	213	mutation_count_proxy_no_callable_territory
TCGA-D8-A1JP-01A	TCGA-D8-A1JP	TCGA-BRCA	BRCA	99	148	mutation_count_proxy_no_callable_territory
TCGA-D8-A1JS-01A	TCGA-D8-A1JS	TCGA-BRCA	BRCA	19	33	mutation_count_proxy_no_callable_territory
TCGA-D8-A1JT-01A	TCGA-D8-A1JT	TCGA-BRCA	BRCA	27	47	mutation_count_proxy_no_callable_territory
TCGA-D8-A1JU-01A	TCGA-D8-A1JU	TCGA-BRCA	BRCA	13	21	mutation_count_proxy_no_callable_territory
TCGA-D8-A1X6-01A	TCGA-D8-A1X6	TCGA-BRCA	BRCA	37	49	mutation_count_proxy_no_callable_territory
TCGA-D8-A1X7-01A	TCGA-D8-A1X7	TCGA-BRCA	BRCA	20	32	mutation_count_proxy_no_callable_territory
TCGA-D8-A1X8-01A	TCGA-D8-A1X8	TCGA-BRCA	BRCA	22	36	mutation_count_proxy_no_callable_territory
TCGA-D8-A1X9-01A	TCGA-D8-A1X9	TCGA-BRCA	BRCA	83	108	mutation_count_proxy_no_callable_territory
TCGA-D8-A1XA-01A	TCGA-D8-A1XA	TCGA-BRCA	BRCA	24	34	mutation_count_proxy_no_callable_territory
TCGA-D8-A1XB-01A	TCGA-D8-A1XB	TCGA-BRCA	BRCA	35	54	mutation_count_proxy_no_callable_territory
TCGA-D8-A1XC-01A	TCGA-D8-A1XC	TCGA-BRCA	BRCA	26	36	mutation_count_proxy_no_callable_territory
TCGA-D8-A1XF-01A	TCGA-D8-A1XF	TCGA-BRCA	BRCA	28	56	mutation_count_proxy_no_callable_territory
TCGA-D8-A1XG-01A	TCGA-D8-A1XG	TCGA-BRCA	BRCA	17	36	mutation_count_proxy_no_callable_territory
TCGA-D8-A1XJ-01A	TCGA-D8-A1XJ	TCGA-BRCA	BRCA	78	121	mutation_count_proxy_no_callable_territory
TCGA-D8-A1XK-01A	TCGA-D8-A1XK	TCGA-BRCA	BRCA	945	1426	mutation_count_proxy_no_callable_territory
TCGA-D8-A1XL-01A	TCGA-D8-A1XL	TCGA-BRCA	BRCA	90	118	mutation_count_proxy_no_callable_territory
TCGA-D8-A1XM-01A	TCGA-D8-A1XM	TCGA-BRCA	BRCA	44	68	mutation_count_proxy_no_callable_territory
TCGA-D8-A1XO-01A	TCGA-D8-A1XO	TCGA-BRCA	BRCA	13	31	mutation_count_proxy_no_callable_territory
TCGA-D8-A1XQ-01A	TCGA-D8-A1XQ	TCGA-BRCA	BRCA	786	1180	mutation_count_proxy_no_callable_territory
TCGA-D8-A1XR-01A	TCGA-D8-A1XR	TCGA-BRCA	BRCA	25	37	mutation_count_proxy_no_callable_territory
TCGA-D8-A1XS-01A	TCGA-D8-A1XS	TCGA-BRCA	BRCA	22	32	mutation_count_proxy_no_callable_territory
TCGA-D8-A1XT-01A	TCGA-D8-A1XT	TCGA-BRCA	BRCA	34	48	mutation_count_proxy_no_callable_territory
TCGA-D8-A1XU-01A	TCGA-D8-A1XU	TCGA-BRCA	BRCA	24	40	mutation_count_proxy_no_callable_territory
TCGA-D8-A1XV-01A	TCGA-D8-A1XV	TCGA-BRCA	BRCA	25	38	mutation_count_proxy_no_callable_territory
TCGA-D8-A1XW-01A	TCGA-D8-A1XW	TCGA-BRCA	BRCA	85	130	mutation_count_proxy_no_callable_territory
TCGA-D8-A1XY-01A	TCGA-D8-A1XY	TCGA-BRCA	BRCA	43	66	mutation_count_proxy_no_callable_territory
TCGA-D8-A1XZ-01A	TCGA-D8-A1XZ	TCGA-BRCA	BRCA	72	105	mutation_count_proxy_no_callable_territory
TCGA-D8-A1Y0-01A	TCGA-D8-A1Y0	TCGA-BRCA	BRCA	54	84	mutation_count_proxy_no_callable_territory
TCGA-D8-A1Y1-01A	TCGA-D8-A1Y1	TCGA-BRCA	BRCA	203	292	mutation_count_proxy_no_callable_territory
TCGA-D8-A27E-01A	TCGA-D8-A27E	TCGA-BRCA	BRCA	10	14	mutation_count_proxy_no_callable_territory
TCGA-D8-A27F-01A	TCGA-D8-A27F	TCGA-BRCA	BRCA	61	84	mutation_count_proxy_no_callable_territory
TCGA-D8-A27G-01A	TCGA-D8-A27G	TCGA-BRCA	BRCA	804	1188	mutation_count_proxy_no_callable_territory
TCGA-D8-A27H-01A	TCGA-D8-A27H	TCGA-BRCA	BRCA	123	172	mutation_count_proxy_no_callable_territory
TCGA-D8-A27I-01A	TCGA-D8-A27I	TCGA-BRCA	BRCA	29	39	mutation_count_proxy_no_callable_territory
TCGA-D8-A27K-01A	TCGA-D8-A27K	TCGA-BRCA	BRCA	21	27	mutation_count_proxy_no_callable_territory
TCGA-D8-A27L-01A	TCGA-D8-A27L	TCGA-BRCA	BRCA	39	58	mutation_count_proxy_no_callable_territory
TCGA-D8-A27M-01A	TCGA-D8-A27M	TCGA-BRCA	BRCA	71	101	mutation_count_proxy_no_callable_territory
TCGA-D8-A27N-01A	TCGA-D8-A27N	TCGA-BRCA	BRCA	40	64	mutation_count_proxy_no_callable_territory
TCGA-D8-A27P-01A	TCGA-D8-A27P	TCGA-BRCA	BRCA	21	34	mutation_count_proxy_no_callable_territory
TCGA-D8-A27R-01A	TCGA-D8-A27R	TCGA-BRCA	BRCA	34	44	mutation_count_proxy_no_callable_territory
TCGA-D8-A27T-01A	TCGA-D8-A27T	TCGA-BRCA	BRCA	20	34	mutation_count_proxy_no_callable_territory
TCGA-D8-A27V-01A	TCGA-D8-A27V	TCGA-BRCA	BRCA	3078	3333	mutation_count_proxy_no_callable_territory
TCGA-D8-A27W-01A	TCGA-D8-A27W	TCGA-BRCA	BRCA	43	60	mutation_count_proxy_no_callable_territory
TCGA-D8-A3Z6-01A	TCGA-D8-A3Z6	TCGA-BRCA	BRCA	25	44	mutation_count_proxy_no_callable_territory
TCGA-D8-A4Z1-01A	TCGA-D8-A4Z1	TCGA-BRCA	BRCA	29	47	mutation_count_proxy_no_callable_territory
TCGA-D8-A73U-01A	TCGA-D8-A73U	TCGA-BRCA	BRCA	121	216	mutation_count_proxy_no_callable_territory
TCGA-D8-A73W-01A	TCGA-D8-A73W	TCGA-BRCA	BRCA	37	58	mutation_count_proxy_no_callable_territory
TCGA-D8-A73X-01A	TCGA-D8-A73X	TCGA-BRCA	BRCA	29	58	mutation_count_proxy_no_callable_territory
TCGA-E2-A105-01A	TCGA-E2-A105	TCGA-BRCA	BRCA	52	76	mutation_count_proxy_no_callable_territory
TCGA-E2-A10A-01A	TCGA-E2-A10A	TCGA-BRCA	BRCA	22	36	mutation_count_proxy_no_callable_territory
TCGA-E2-A10B-01A	TCGA-E2-A10B	TCGA-BRCA	BRCA	46	75	mutation_count_proxy_no_callable_territory
TCGA-E2-A10C-01A	TCGA-E2-A10C	TCGA-BRCA	BRCA	328	523	mutation_count_proxy_no_callable_territory
TCGA-E2-A10F-01A	TCGA-E2-A10F	TCGA-BRCA	BRCA	21	32	mutation_count_proxy_no_callable_territory
TCGA-E2-A14N-01A	TCGA-E2-A14N	TCGA-BRCA	BRCA	76	115	mutation_count_proxy_no_callable_territory
TCGA-E2-A14O-01A	TCGA-E2-A14O	TCGA-BRCA	BRCA	31	40	mutation_count_proxy_no_callable_territory
TCGA-E2-A14P-01A	TCGA-E2-A14P	TCGA-BRCA	BRCA	63	118	mutation_count_proxy_no_callable_territory
TCGA-E2-A14Q-01A	TCGA-E2-A14Q	TCGA-BRCA	BRCA	26	44	mutation_count_proxy_no_callable_territory
TCGA-E2-A14R-01A	TCGA-E2-A14R	TCGA-BRCA	BRCA	111	153	mutation_count_proxy_no_callable_territory
TCGA-E2-A14T-01A	TCGA-E2-A14T	TCGA-BRCA	BRCA	35	50	mutation_count_proxy_no_callable_territory
TCGA-E2-A14V-01A	TCGA-E2-A14V	TCGA-BRCA	BRCA	110	152	mutation_count_proxy_no_callable_territory
TCGA-E2-A14W-01A	TCGA-E2-A14W	TCGA-BRCA	BRCA	95	128	mutation_count_proxy_no_callable_territory
TCGA-E2-A14X-01A	TCGA-E2-A14X	TCGA-BRCA	BRCA	25	44	mutation_count_proxy_no_callable_territory
TCGA-E2-A14Y-01A	TCGA-E2-A14Y	TCGA-BRCA	BRCA	76	114	mutation_count_proxy_no_callable_territory
TCGA-E2-A14Z-01A	TCGA-E2-A14Z	TCGA-BRCA	BRCA	59	102	mutation_count_proxy_no_callable_territory
TCGA-E2-A150-01A	TCGA-E2-A150	TCGA-BRCA	BRCA	69	96	mutation_count_proxy_no_callable_territory
TCGA-E2-A152-01A	TCGA-E2-A152	TCGA-BRCA	BRCA	120	175	mutation_count_proxy_no_callable_territory
TCGA-E2-A153-01A	TCGA-E2-A153	TCGA-BRCA	BRCA	44	61	mutation_count_proxy_no_callable_territory
TCGA-E2-A154-01A	TCGA-E2-A154	TCGA-BRCA	BRCA	42	61	mutation_count_proxy_no_callable_territory
TCGA-E2-A155-01A	TCGA-E2-A155	TCGA-BRCA	BRCA	58	86	mutation_count_proxy_no_callable_territory
TCGA-E2-A159-01A	TCGA-E2-A159	TCGA-BRCA	BRCA	125	203	mutation_count_proxy_no_callable_territory
TCGA-E2-A15A-01A	TCGA-E2-A15A	TCGA-BRCA	BRCA	58	68	mutation_count_proxy_no_callable_territory
TCGA-E2-A15A-06A	TCGA-E2-A15A	TCGA-BRCA	BRCA	36	41	mutation_count_proxy_no_callable_territory
TCGA-E2-A15C-01A	TCGA-E2-A15C	TCGA-BRCA	BRCA	35	54	mutation_count_proxy_no_callable_territory
TCGA-E2-A15D-01A	TCGA-E2-A15D	TCGA-BRCA	BRCA	33	40	mutation_count_proxy_no_callable_territory
TCGA-E2-A15E-01A	TCGA-E2-A15E	TCGA-BRCA	BRCA	34	41	mutation_count_proxy_no_callable_territory
TCGA-E2-A15E-06A	TCGA-E2-A15E	TCGA-BRCA	BRCA	32	43	mutation_count_proxy_no_callable_territory
TCGA-E2-A15F-01A	TCGA-E2-A15F	TCGA-BRCA	BRCA	23	31	mutation_count_proxy_no_callable_territory
TCGA-E2-A15G-01A	TCGA-E2-A15G	TCGA-BRCA	BRCA	51	78	mutation_count_proxy_no_callable_territory
TCGA-E2-A15H-01A	TCGA-E2-A15H	TCGA-BRCA	BRCA	28	38	mutation_count_proxy_no_callable_territory
TCGA-E2-A15I-01A	TCGA-E2-A15I	TCGA-BRCA	BRCA	57	95	mutation_count_proxy_no_callable_territory
TCGA-E2-A15J-01A	TCGA-E2-A15J	TCGA-BRCA	BRCA	20	27	mutation_count_proxy_no_callable_territory
TCGA-E2-A15K-01A	TCGA-E2-A15K	TCGA-BRCA	BRCA	67	101	mutation_count_proxy_no_callable_territory
TCGA-E2-A15K-06A	TCGA-E2-A15K	TCGA-BRCA	BRCA	72	113	mutation_count_proxy_no_callable_territory
TCGA-E2-A15M-01A	TCGA-E2-A15M	TCGA-BRCA	BRCA	147	226	mutation_count_proxy_no_callable_territory
TCGA-E2-A15P-01A	TCGA-E2-A15P	TCGA-BRCA	BRCA	41	54	mutation_count_proxy_no_callable_territory
TCGA-E2-A15R-01A	TCGA-E2-A15R	TCGA-BRCA	BRCA	34	51	mutation_count_proxy_no_callable_territory
TCGA-E2-A15S-01A	TCGA-E2-A15S	TCGA-BRCA	BRCA	53	75	mutation_count_proxy_no_callable_territory
TCGA-E2-A1AZ-01A	TCGA-E2-A1AZ	TCGA-BRCA	BRCA	49	84	mutation_count_proxy_no_callable_territory
TCGA-E2-A1B0-01A	TCGA-E2-A1B0	TCGA-BRCA	BRCA	41	63	mutation_count_proxy_no_callable_territory
TCGA-E2-A1B4-01A	TCGA-E2-A1B4	TCGA-BRCA	BRCA	31	44	mutation_count_proxy_no_callable_territory
TCGA-E2-A1B5-01A	TCGA-E2-A1B5	TCGA-BRCA	BRCA	62	101	mutation_count_proxy_no_callable_territory
TCGA-E2-A1B6-01A	TCGA-E2-A1B6	TCGA-BRCA	BRCA	43	63	mutation_count_proxy_no_callable_territory
TCGA-E2-A1BC-01A	TCGA-E2-A1BC	TCGA-BRCA	BRCA	66	97	mutation_count_proxy_no_callable_territory
TCGA-E2-A1BD-01A	TCGA-E2-A1BD	TCGA-BRCA	BRCA	37	48	mutation_count_proxy_no_callable_territory
TCGA-E2-A1IE-01A	TCGA-E2-A1IE	TCGA-BRCA	BRCA	18	31	mutation_count_proxy_no_callable_territory
TCGA-E2-A1IF-01A	TCGA-E2-A1IF	TCGA-BRCA	BRCA	18	26	mutation_count_proxy_no_callable_territory
TCGA-E2-A1IG-01A	TCGA-E2-A1IG	TCGA-BRCA	BRCA	41	65	mutation_count_proxy_no_callable_territory
TCGA-E2-A1IH-01A	TCGA-E2-A1IH	TCGA-BRCA	BRCA	65	89	mutation_count_proxy_no_callable_territory
TCGA-E2-A1II-01A	TCGA-E2-A1II	TCGA-BRCA	BRCA	28	38	mutation_count_proxy_no_callable_territory
TCGA-E2-A1IJ-01A	TCGA-E2-A1IJ	TCGA-BRCA	BRCA	15	23	mutation_count_proxy_no_callable_territory
TCGA-E2-A1IK-01A	TCGA-E2-A1IK	TCGA-BRCA	BRCA	15	22	mutation_count_proxy_no_callable_territory
TCGA-E2-A1IL-01A	TCGA-E2-A1IL	TCGA-BRCA	BRCA	23	38	mutation_count_proxy_no_callable_territory
TCGA-E2-A1IO-01A	TCGA-E2-A1IO	TCGA-BRCA	BRCA	13	17	mutation_count_proxy_no_callable_territory
TCGA-E2-A1IU-01A	TCGA-E2-A1IU	TCGA-BRCA	BRCA	22	36	mutation_count_proxy_no_callable_territory
TCGA-E2-A1L6-01A	TCGA-E2-A1L6	TCGA-BRCA	BRCA	20	31	mutation_count_proxy_no_callable_territory
TCGA-E2-A1L7-01A	TCGA-E2-A1L7	TCGA-BRCA	BRCA	60	83	mutation_count_proxy_no_callable_territory
TCGA-E2-A1L9-01A	TCGA-E2-A1L9	TCGA-BRCA	BRCA	24	33	mutation_count_proxy_no_callable_territory
TCGA-E2-A1LA-01A	TCGA-E2-A1LA	TCGA-BRCA	BRCA	74	115	mutation_count_proxy_no_callable_territory
TCGA-E2-A1LB-01A	TCGA-E2-A1LB	TCGA-BRCA	BRCA	42	61	mutation_count_proxy_no_callable_territory
TCGA-E2-A1LH-01A	TCGA-E2-A1LH	TCGA-BRCA	BRCA	177	243	mutation_count_proxy_no_callable_territory
TCGA-E2-A1LI-01A	TCGA-E2-A1LI	TCGA-BRCA	BRCA	27	39	mutation_count_proxy_no_callable_territory
TCGA-E2-A1LK-01A	TCGA-E2-A1LK	TCGA-BRCA	BRCA	34	64	mutation_count_proxy_no_callable_territory
TCGA-E2-A1LL-01A	TCGA-E2-A1LL	TCGA-BRCA	BRCA	42	64	mutation_count_proxy_no_callable_territory
TCGA-E2-A1LS-01A	TCGA-E2-A1LS	TCGA-BRCA	BRCA	63	90	mutation_count_proxy_no_callable_territory
TCGA-E2-A2P6-01A	TCGA-E2-A2P6	TCGA-BRCA	BRCA	104	197	mutation_count_proxy_no_callable_territory
TCGA-E2-A56Z-01A	TCGA-E2-A56Z	TCGA-BRCA	BRCA	44	65	mutation_count_proxy_no_callable_territory
TCGA-E2-A570-01A	TCGA-E2-A570	TCGA-BRCA	BRCA	19	39	mutation_count_proxy_no_callable_territory
TCGA-E2-A572-01A	TCGA-E2-A572	TCGA-BRCA	BRCA	22	29	mutation_count_proxy_no_callable_territory
TCGA-E2-A573-01A	TCGA-E2-A573	TCGA-BRCA	BRCA	46	81	mutation_count_proxy_no_callable_territory
TCGA-E2-A574-01A	TCGA-E2-A574	TCGA-BRCA	BRCA	90	165	mutation_count_proxy_no_callable_territory
TCGA-E2-A9RU-01A	TCGA-E2-A9RU	TCGA-BRCA	BRCA	64	115	mutation_count_proxy_no_callable_territory
TCGA-E9-A1N3-01A	TCGA-E9-A1N3	TCGA-BRCA	BRCA	23	32	mutation_count_proxy_no_callable_territory
TCGA-E9-A1N4-01A	TCGA-E9-A1N4	TCGA-BRCA	BRCA	20	35	mutation_count_proxy_no_callable_territory
TCGA-E9-A1N5-01A	TCGA-E9-A1N5	TCGA-BRCA	BRCA	30	43	mutation_count_proxy_no_callable_territory
TCGA-E9-A1N8-01A	TCGA-E9-A1N8	TCGA-BRCA	BRCA	31	43	mutation_count_proxy_no_callable_territory
TCGA-E9-A1N9-01A	TCGA-E9-A1N9	TCGA-BRCA	BRCA	47	74	mutation_count_proxy_no_callable_territory
TCGA-E9-A1NA-01A	TCGA-E9-A1NA	TCGA-BRCA	BRCA	88	124	mutation_count_proxy_no_callable_territory
TCGA-E9-A1NC-01A	TCGA-E9-A1NC	TCGA-BRCA	BRCA	65	94	mutation_count_proxy_no_callable_territory
TCGA-E9-A1NE-01A	TCGA-E9-A1NE	TCGA-BRCA	BRCA	49	63	mutation_count_proxy_no_callable_territory
TCGA-E9-A1NF-01A	TCGA-E9-A1NF	TCGA-BRCA	BRCA	50	71	mutation_count_proxy_no_callable_territory
TCGA-E9-A1NG-01A	TCGA-E9-A1NG	TCGA-BRCA	BRCA	16	24	mutation_count_proxy_no_callable_territory
TCGA-E9-A1NH-01A	TCGA-E9-A1NH	TCGA-BRCA	BRCA	24	42	mutation_count_proxy_no_callable_territory
TCGA-E9-A1NI-01A	TCGA-E9-A1NI	TCGA-BRCA	BRCA	32	43	mutation_count_proxy_no_callable_territory
TCGA-E9-A1QZ-01A	TCGA-E9-A1QZ	TCGA-BRCA	BRCA	21	27	mutation_count_proxy_no_callable_territory
TCGA-E9-A1R2-01A	TCGA-E9-A1R2	TCGA-BRCA	BRCA	55	75	mutation_count_proxy_no_callable_territory
TCGA-E9-A1R3-01A	TCGA-E9-A1R3	TCGA-BRCA	BRCA	21	28	mutation_count_proxy_no_callable_territory
TCGA-E9-A1R4-01A	TCGA-E9-A1R4	TCGA-BRCA	BRCA	111	162	mutation_count_proxy_no_callable_territory
TCGA-E9-A1R5-01A	TCGA-E9-A1R5	TCGA-BRCA	BRCA	41	58	mutation_count_proxy_no_callable_territory
TCGA-E9-A1R6-01A	TCGA-E9-A1R6	TCGA-BRCA	BRCA	28	39	mutation_count_proxy_no_callable_territory
TCGA-E9-A1R7-01A	TCGA-E9-A1R7	TCGA-BRCA	BRCA	44	65	mutation_count_proxy_no_callable_territory
TCGA-E9-A1RA-01A	TCGA-E9-A1RA	TCGA-BRCA	BRCA	15	27	mutation_count_proxy_no_callable_territory
TCGA-E9-A1RB-01A	TCGA-E9-A1RB	TCGA-BRCA	BRCA	26	43	mutation_count_proxy_no_callable_territory
TCGA-E9-A1RC-01A	TCGA-E9-A1RC	TCGA-BRCA	BRCA	39	59	mutation_count_proxy_no_callable_territory
TCGA-E9-A1RD-01A	TCGA-E9-A1RD	TCGA-BRCA	BRCA	21	27	mutation_count_proxy_no_callable_territory
TCGA-E9-A1RE-01A	TCGA-E9-A1RE	TCGA-BRCA	BRCA	48	68	mutation_count_proxy_no_callable_territory
TCGA-E9-A1RF-01A	TCGA-E9-A1RF	TCGA-BRCA	BRCA	128	181	mutation_count_proxy_no_callable_territory
TCGA-E9-A1RG-01A	TCGA-E9-A1RG	TCGA-BRCA	BRCA	33	45	mutation_count_proxy_no_callable_territory
TCGA-E9-A1RH-01A	TCGA-E9-A1RH	TCGA-BRCA	BRCA	85	122	mutation_count_proxy_no_callable_territory
TCGA-E9-A226-01A	TCGA-E9-A226	TCGA-BRCA	BRCA	61	87	mutation_count_proxy_no_callable_territory
TCGA-E9-A227-01A	TCGA-E9-A227	TCGA-BRCA	BRCA	15	23	mutation_count_proxy_no_callable_territory
TCGA-E9-A228-01A	TCGA-E9-A228	TCGA-BRCA	BRCA	39	56	mutation_count_proxy_no_callable_territory
TCGA-E9-A229-01A	TCGA-E9-A229	TCGA-BRCA	BRCA	20	35	mutation_count_proxy_no_callable_territory
TCGA-E9-A22B-01A	TCGA-E9-A22B	TCGA-BRCA	BRCA	53	78	mutation_count_proxy_no_callable_territory
TCGA-E9-A22D-01A	TCGA-E9-A22D	TCGA-BRCA	BRCA	28	44	mutation_count_proxy_no_callable_territory
TCGA-E9-A22E-01A	TCGA-E9-A22E	TCGA-BRCA	BRCA	117	158	mutation_count_proxy_no_callable_territory
TCGA-E9-A22G-01A	TCGA-E9-A22G	TCGA-BRCA	BRCA	81	128	mutation_count_proxy_no_callable_territory
TCGA-E9-A22H-01A	TCGA-E9-A22H	TCGA-BRCA	BRCA	26	30	mutation_count_proxy_no_callable_territory
TCGA-E9-A243-01A	TCGA-E9-A243	TCGA-BRCA	BRCA	67	95	mutation_count_proxy_no_callable_territory
TCGA-E9-A244-01A	TCGA-E9-A244	TCGA-BRCA	BRCA	80	134	mutation_count_proxy_no_callable_territory
TCGA-E9-A245-01A	TCGA-E9-A245	TCGA-BRCA	BRCA	18	26	mutation_count_proxy_no_callable_territory
TCGA-E9-A247-01A	TCGA-E9-A247	TCGA-BRCA	BRCA	39	53	mutation_count_proxy_no_callable_territory
TCGA-E9-A248-01A	TCGA-E9-A248	TCGA-BRCA	BRCA	29	36	mutation_count_proxy_no_callable_territory
TCGA-E9-A249-01A	TCGA-E9-A249	TCGA-BRCA	BRCA	18	32	mutation_count_proxy_no_callable_territory
TCGA-E9-A24A-01A	TCGA-E9-A24A	TCGA-BRCA	BRCA	22	25	mutation_count_proxy_no_callable_territory
TCGA-E9-A295-01A	TCGA-E9-A295	TCGA-BRCA	BRCA	85	119	mutation_count_proxy_no_callable_territory
TCGA-E9-A2JS-01A	TCGA-E9-A2JS	TCGA-BRCA	BRCA	56	98	mutation_count_proxy_no_callable_territory
TCGA-E9-A2JT-01A	TCGA-E9-A2JT	TCGA-BRCA	BRCA	21	28	mutation_count_proxy_no_callable_territory
TCGA-E9-A3HO-01A	TCGA-E9-A3HO	TCGA-BRCA	BRCA	54	86	mutation_count_proxy_no_callable_territory
TCGA-E9-A3X8-01A	TCGA-E9-A3X8	TCGA-BRCA	BRCA	26	44	mutation_count_proxy_no_callable_territory
TCGA-E9-A54Y-01A	TCGA-E9-A54Y	TCGA-BRCA	BRCA	36	66	mutation_count_proxy_no_callable_territory
TCGA-E9-A5FK-01A	TCGA-E9-A5FK	TCGA-BRCA	BRCA	22	44	mutation_count_proxy_no_callable_territory
TCGA-E9-A5FL-01A	TCGA-E9-A5FL	TCGA-BRCA	BRCA	80	145	mutation_count_proxy_no_callable_territory
TCGA-E9-A5UO-01A	TCGA-E9-A5UO	TCGA-BRCA	BRCA	24	46	mutation_count_proxy_no_callable_territory
TCGA-E9-A6HE-01A	TCGA-E9-A6HE	TCGA-BRCA	BRCA	19	28	mutation_count_proxy_no_callable_territory
TCGA-EW-A1IW-01A	TCGA-EW-A1IW	TCGA-BRCA	BRCA	78	131	mutation_count_proxy_no_callable_territory
TCGA-EW-A1IX-01A	TCGA-EW-A1IX	TCGA-BRCA	BRCA	31	44	mutation_count_proxy_no_callable_territory
TCGA-EW-A1IY-01A	TCGA-EW-A1IY	TCGA-BRCA	BRCA	27	42	mutation_count_proxy_no_callable_territory
TCGA-EW-A1IZ-01A	TCGA-EW-A1IZ	TCGA-BRCA	BRCA	364	534	mutation_count_proxy_no_callable_territory
TCGA-EW-A1J1-01A	TCGA-EW-A1J1	TCGA-BRCA	BRCA	15	25	mutation_count_proxy_no_callable_territory
TCGA-EW-A1J3-01A	TCGA-EW-A1J3	TCGA-BRCA	BRCA	21	32	mutation_count_proxy_no_callable_territory
TCGA-EW-A1J5-01A	TCGA-EW-A1J5	TCGA-BRCA	BRCA	360	545	mutation_count_proxy_no_callable_territory
TCGA-EW-A1J6-01A	TCGA-EW-A1J6	TCGA-BRCA	BRCA	29	47	mutation_count_proxy_no_callable_territory
TCGA-EW-A1OV-01A	TCGA-EW-A1OV	TCGA-BRCA	BRCA	97	144	mutation_count_proxy_no_callable_territory
TCGA-EW-A1OX-01A	TCGA-EW-A1OX	TCGA-BRCA	BRCA	12	24	mutation_count_proxy_no_callable_territory
TCGA-EW-A1OY-01A	TCGA-EW-A1OY	TCGA-BRCA	BRCA	57	85	mutation_count_proxy_no_callable_territory
TCGA-EW-A1OZ-01A	TCGA-EW-A1OZ	TCGA-BRCA	BRCA	53	79	mutation_count_proxy_no_callable_territory
TCGA-EW-A1P0-01A	TCGA-EW-A1P0	TCGA-BRCA	BRCA	19	29	mutation_count_proxy_no_callable_territory
TCGA-EW-A1P1-01A	TCGA-EW-A1P1	TCGA-BRCA	BRCA	2	3	mutation_count_proxy_no_callable_territory
TCGA-EW-A1P3-01A	TCGA-EW-A1P3	TCGA-BRCA	BRCA	21	30	mutation_count_proxy_no_callable_territory
TCGA-EW-A1P4-01A	TCGA-EW-A1P4	TCGA-BRCA	BRCA	57	83	mutation_count_proxy_no_callable_territory
TCGA-EW-A1P5-01A	TCGA-EW-A1P5	TCGA-BRCA	BRCA	16	24	mutation_count_proxy_no_callable_territory
TCGA-EW-A1P6-01A	TCGA-EW-A1P6	TCGA-BRCA	BRCA	20	29	mutation_count_proxy_no_callable_territory
TCGA-EW-A1P7-01A	TCGA-EW-A1P7	TCGA-BRCA	BRCA	20	29	mutation_count_proxy_no_callable_territory
TCGA-EW-A1P8-01A	TCGA-EW-A1P8	TCGA-BRCA	BRCA	28	42	mutation_count_proxy_no_callable_territory
TCGA-EW-A1PA-01A	TCGA-EW-A1PA	TCGA-BRCA	BRCA	28	46	mutation_count_proxy_no_callable_territory
TCGA-EW-A1PB-01A	TCGA-EW-A1PB	TCGA-BRCA	BRCA	128	192	mutation_count_proxy_no_callable_territory
TCGA-EW-A1PE-01A	TCGA-EW-A1PE	TCGA-BRCA	BRCA	28	43	mutation_count_proxy_no_callable_territory
TCGA-EW-A1PG-01A	TCGA-EW-A1PG	TCGA-BRCA	BRCA	9	15	mutation_count_proxy_no_callable_territory
TCGA-EW-A1PH-01A	TCGA-EW-A1PH	TCGA-BRCA	BRCA	44	68	mutation_count_proxy_no_callable_territory
TCGA-EW-A2FR-01A	TCGA-EW-A2FR	TCGA-BRCA	BRCA	38	57	mutation_count_proxy_no_callable_territory
TCGA-EW-A2FS-01A	TCGA-EW-A2FS	TCGA-BRCA	BRCA	26	50	mutation_count_proxy_no_callable_territory
TCGA-EW-A2FV-01A	TCGA-EW-A2FV	TCGA-BRCA	BRCA	3899	4232	mutation_count_proxy_no_callable_territory
TCGA-EW-A2FW-01A	TCGA-EW-A2FW	TCGA-BRCA	BRCA	23	31	mutation_count_proxy_no_callable_territory
TCGA-EW-A423-01A	TCGA-EW-A423	TCGA-BRCA	BRCA	42	95	mutation_count_proxy_no_callable_territory
TCGA-EW-A6S9-01A	TCGA-EW-A6S9	TCGA-BRCA	BRCA	24	51	mutation_count_proxy_no_callable_territory
TCGA-EW-A6SA-01A	TCGA-EW-A6SA	TCGA-BRCA	BRCA	66	129	mutation_count_proxy_no_callable_territory
TCGA-EW-A6SB-01A	TCGA-EW-A6SB	TCGA-BRCA	BRCA	66	92	mutation_count_proxy_no_callable_territory
TCGA-EW-A6SC-01A	TCGA-EW-A6SC	TCGA-BRCA	BRCA	26	47	mutation_count_proxy_no_callable_territory
TCGA-EW-A6SD-01A	TCGA-EW-A6SD	TCGA-BRCA	BRCA	43	80	mutation_count_proxy_no_callable_territory
TCGA-GI-A2C8-01A	TCGA-GI-A2C8	TCGA-BRCA	BRCA	106	151	mutation_count_proxy_no_callable_territory
TCGA-GM-A2D9-01A	TCGA-GM-A2D9	TCGA-BRCA	BRCA	426	658	mutation_count_proxy_no_callable_territory
TCGA-GM-A2DB-01A	TCGA-GM-A2DB	TCGA-BRCA	BRCA	124	162	mutation_count_proxy_no_callable_territory
TCGA-GM-A2DC-01A	TCGA-GM-A2DC	TCGA-BRCA	BRCA	14	32	mutation_count_proxy_no_callable_territory
TCGA-GM-A2DD-01A	TCGA-GM-A2DD	TCGA-BRCA	BRCA	50	77	mutation_count_proxy_no_callable_territory
TCGA-GM-A2DH-01A	TCGA-GM-A2DH	TCGA-BRCA	BRCA	172	242	mutation_count_proxy_no_callable_territory
TCGA-GM-A2DI-01A	TCGA-GM-A2DI	TCGA-BRCA	BRCA	64	94	mutation_count_proxy_no_callable_territory
TCGA-GM-A2DK-01A	TCGA-GM-A2DK	TCGA-BRCA	BRCA	20	38	mutation_count_proxy_no_callable_territory
TCGA-GM-A2DL-01A	TCGA-GM-A2DL	TCGA-BRCA	BRCA	43	56	mutation_count_proxy_no_callable_territory
TCGA-GM-A2DM-01A	TCGA-GM-A2DM	TCGA-BRCA	BRCA	24	28	mutation_count_proxy_no_callable_territory
TCGA-GM-A2DN-01A	TCGA-GM-A2DN	TCGA-BRCA	BRCA	23	28	mutation_count_proxy_no_callable_territory
TCGA-GM-A2DO-01A	TCGA-GM-A2DO	TCGA-BRCA	BRCA	138	220	mutation_count_proxy_no_callable_territory
TCGA-GM-A3NW-01A	TCGA-GM-A3NW	TCGA-BRCA	BRCA	51	100	mutation_count_proxy_no_callable_territory
TCGA-GM-A3XL-01A	TCGA-GM-A3XL	TCGA-BRCA	BRCA	88	156	mutation_count_proxy_no_callable_territory
TCGA-GM-A4E0-01A	TCGA-GM-A4E0	TCGA-BRCA	BRCA	20	43	mutation_count_proxy_no_callable_territory
TCGA-GM-A5PX-01A	TCGA-GM-A5PX	TCGA-BRCA	BRCA	24	44	mutation_count_proxy_no_callable_territory
TCGA-HN-A2NL-01A	TCGA-HN-A2NL	TCGA-BRCA	BRCA	69	102	mutation_count_proxy_no_callable_territory
TCGA-HN-A2OB-01A	TCGA-HN-A2OB	TCGA-BRCA	BRCA	18	26	mutation_count_proxy_no_callable_territory
TCGA-JL-A3YX-01A	TCGA-JL-A3YX	TCGA-BRCA	BRCA	27	56	mutation_count_proxy_no_callable_territory
TCGA-LD-A66U-01A	TCGA-LD-A66U	TCGA-BRCA	BRCA	31	49	mutation_count_proxy_no_callable_territory
TCGA-LD-A74U-01A	TCGA-LD-A74U	TCGA-BRCA	BRCA	188	361	mutation_count_proxy_no_callable_territory
TCGA-LD-A7W5-01A	TCGA-LD-A7W5	TCGA-BRCA	BRCA	41	70	mutation_count_proxy_no_callable_territory
TCGA-LD-A7W6-01A	TCGA-LD-A7W6	TCGA-BRCA	BRCA	29	51	mutation_count_proxy_no_callable_territory
TCGA-LD-A9QF-01A	TCGA-LD-A9QF	TCGA-BRCA	BRCA	19	41	mutation_count_proxy_no_callable_territory
TCGA-LL-A440-01A	TCGA-LL-A440	TCGA-BRCA	BRCA	3	9	mutation_count_proxy_no_callable_territory
TCGA-LL-A50Y-01A	TCGA-LL-A50Y	TCGA-BRCA	BRCA	24	50	mutation_count_proxy_no_callable_territory
TCGA-LL-A5YL-01A	TCGA-LL-A5YL	TCGA-BRCA	BRCA	55	97	mutation_count_proxy_no_callable_territory
TCGA-LL-A5YN-01A	TCGA-LL-A5YN	TCGA-BRCA	BRCA	27	51	mutation_count_proxy_no_callable_territory
TCGA-LL-A5YO-01A	TCGA-LL-A5YO	TCGA-BRCA	BRCA	41	63	mutation_count_proxy_no_callable_territory
TCGA-LL-A5YP-01A	TCGA-LL-A5YP	TCGA-BRCA	BRCA	64	110	mutation_count_proxy_no_callable_territory
TCGA-LL-A6FP-01A	TCGA-LL-A6FP	TCGA-BRCA	BRCA	51	83	mutation_count_proxy_no_callable_territory
TCGA-LL-A6FQ-01A	TCGA-LL-A6FQ	TCGA-BRCA	BRCA	38	73	mutation_count_proxy_no_callable_territory
TCGA-LL-A6FR-01A	TCGA-LL-A6FR	TCGA-BRCA	BRCA	36	73	mutation_count_proxy_no_callable_territory
TCGA-LL-A73Z-01A	TCGA-LL-A73Z	TCGA-BRCA	BRCA	40	62	mutation_count_proxy_no_callable_territory
TCGA-LL-A740-01A	TCGA-LL-A740	TCGA-BRCA	BRCA	43	80	mutation_count_proxy_no_callable_territory
TCGA-LL-A7SZ-01A	TCGA-LL-A7SZ	TCGA-BRCA	BRCA	86	130	mutation_count_proxy_no_callable_territory
TCGA-LL-A7T0-01A	TCGA-LL-A7T0	TCGA-BRCA	BRCA	40	81	mutation_count_proxy_no_callable_territory
TCGA-LL-A8F5-01A	TCGA-LL-A8F5	TCGA-BRCA	BRCA	131	217	mutation_count_proxy_no_callable_territory
TCGA-LL-A9Q3-01A	TCGA-LL-A9Q3	TCGA-BRCA	BRCA	47	75	mutation_count_proxy_no_callable_territory
TCGA-OK-A5Q2-01A	TCGA-OK-A5Q2	TCGA-BRCA	BRCA	24	44	mutation_count_proxy_no_callable_territory
TCGA-OL-A5D8-01A	TCGA-OL-A5D8	TCGA-BRCA	BRCA	24	46	mutation_count_proxy_no_callable_territory
TCGA-OL-A5DA-01A	TCGA-OL-A5DA	TCGA-BRCA	BRCA	59	118	mutation_count_proxy_no_callable_territory
TCGA-OL-A5RU-01A	TCGA-OL-A5RU	TCGA-BRCA	BRCA	34	50	mutation_count_proxy_no_callable_territory
TCGA-OL-A5RV-01A	TCGA-OL-A5RV	TCGA-BRCA	BRCA	11	18	mutation_count_proxy_no_callable_territory
TCGA-OL-A5RW-01A	TCGA-OL-A5RW	TCGA-BRCA	BRCA	143	261	mutation_count_proxy_no_callable_territory
TCGA-OL-A5RX-01A	TCGA-OL-A5RX	TCGA-BRCA	BRCA	22	39	mutation_count_proxy_no_callable_territory
TCGA-OL-A5RY-01A	TCGA-OL-A5RY	TCGA-BRCA	BRCA	10	17	mutation_count_proxy_no_callable_territory
TCGA-OL-A5RZ-01A	TCGA-OL-A5RZ	TCGA-BRCA	BRCA	94	167	mutation_count_proxy_no_callable_territory
TCGA-OL-A5S0-01A	TCGA-OL-A5S0	TCGA-BRCA	BRCA	30	53	mutation_count_proxy_no_callable_territory
TCGA-OL-A66H-01A	TCGA-OL-A66H	TCGA-BRCA	BRCA	18	31	mutation_count_proxy_no_callable_territory
TCGA-OL-A66I-01A	TCGA-OL-A66I	TCGA-BRCA	BRCA	39	60	mutation_count_proxy_no_callable_territory
TCGA-OL-A66J-01A	TCGA-OL-A66J	TCGA-BRCA	BRCA	46	72	mutation_count_proxy_no_callable_territory
TCGA-OL-A66L-01A	TCGA-OL-A66L	TCGA-BRCA	BRCA	56	98	mutation_count_proxy_no_callable_territory
TCGA-OL-A66N-01A	TCGA-OL-A66N	TCGA-BRCA	BRCA	33	62	mutation_count_proxy_no_callable_territory
TCGA-OL-A66O-01A	TCGA-OL-A66O	TCGA-BRCA	BRCA	28	45	mutation_count_proxy_no_callable_territory
TCGA-OL-A66P-01A	TCGA-OL-A66P	TCGA-BRCA	BRCA	92	143	mutation_count_proxy_no_callable_territory
TCGA-OL-A6VO-01A	TCGA-OL-A6VO	TCGA-BRCA	BRCA	31	62	mutation_count_proxy_no_callable_territory
TCGA-OL-A6VQ-01A	TCGA-OL-A6VQ	TCGA-BRCA	BRCA	66	137	mutation_count_proxy_no_callable_territory
TCGA-OL-A6VR-01A	TCGA-OL-A6VR	TCGA-BRCA	BRCA	23	40	mutation_count_proxy_no_callable_territory
TCGA-OL-A97C-01A	TCGA-OL-A97C	TCGA-BRCA	BRCA	60	96	mutation_count_proxy_no_callable_territory
TCGA-PE-A5DC-01A	TCGA-PE-A5DC	TCGA-BRCA	BRCA	90	171	mutation_count_proxy_no_callable_territory
TCGA-PE-A5DD-01A	TCGA-PE-A5DD	TCGA-BRCA	BRCA	53	92	mutation_count_proxy_no_callable_territory
TCGA-PE-A5DE-01A	TCGA-PE-A5DE	TCGA-BRCA	BRCA	387	704	mutation_count_proxy_no_callable_territory
TCGA-PL-A8LV-01A	TCGA-PL-A8LV	TCGA-BRCA	BRCA	94	167	mutation_count_proxy_no_callable_territory
TCGA-PL-A8LX-01A	TCGA-PL-A8LX	TCGA-BRCA	BRCA	29	53	mutation_count_proxy_no_callable_territory
TCGA-PL-A8LY-01A	TCGA-PL-A8LY	TCGA-BRCA	BRCA	4	8	mutation_count_proxy_no_callable_territory
TCGA-PL-A8LZ-01A	TCGA-PL-A8LZ	TCGA-BRCA	BRCA	81	140	mutation_count_proxy_no_callable_territory
TCGA-S3-A6ZF-01A	TCGA-S3-A6ZF	TCGA-BRCA	BRCA	30	60	mutation_count_proxy_no_callable_territory
TCGA-S3-A6ZH-01A	TCGA-S3-A6ZH	TCGA-BRCA	BRCA	32	52	mutation_count_proxy_no_callable_territory
TCGA-S3-AA0Z-01A	TCGA-S3-AA0Z	TCGA-BRCA	BRCA	45	80	mutation_count_proxy_no_callable_territory
TCGA-S3-AA10-01A	TCGA-S3-AA10	TCGA-BRCA	BRCA	133	231	mutation_count_proxy_no_callable_territory
TCGA-S3-AA11-01A	TCGA-S3-AA11	TCGA-BRCA	BRCA	58	110	mutation_count_proxy_no_callable_territory
TCGA-S3-AA12-01A	TCGA-S3-AA12	TCGA-BRCA	BRCA	34	72	mutation_count_proxy_no_callable_territory
TCGA-S3-AA14-01A	TCGA-S3-AA14	TCGA-BRCA	BRCA	16	27	mutation_count_proxy_no_callable_territory
TCGA-S3-AA15-01A	TCGA-S3-AA15	TCGA-BRCA	BRCA	35	81	mutation_count_proxy_no_callable_territory
TCGA-S3-AA17-01A	TCGA-S3-AA17	TCGA-BRCA	BRCA	88	161	mutation_count_proxy_no_callable_territory
TCGA-UL-AAZ6-01A	TCGA-UL-AAZ6	TCGA-BRCA	BRCA	75	150	mutation_count_proxy_no_callable_territory
TCGA-UU-A93S-01A	TCGA-UU-A93S	TCGA-BRCA	BRCA	138	241	mutation_count_proxy_no_callable_territory
TCGA-V7-A7HQ-01A	TCGA-V7-A7HQ	TCGA-BRCA	BRCA	22	35	mutation_count_proxy_no_callable_territory
TCGA-WT-AB41-01A	TCGA-WT-AB41	TCGA-BRCA	BRCA	40	66	mutation_count_proxy_no_callable_territory
TCGA-WT-AB44-01A	TCGA-WT-AB44	TCGA-BRCA	BRCA	29	66	mutation_count_proxy_no_callable_territory
TCGA-XX-A899-01A	TCGA-XX-A899	TCGA-BRCA	BRCA	74	130	mutation_count_proxy_no_callable_territory
TCGA-XX-A89A-01A	TCGA-XX-A89A	TCGA-BRCA	BRCA	148	271	mutation_count_proxy_no_callable_territory
TCGA-Z7-A8R5-01A	TCGA-Z7-A8R5	TCGA-BRCA	BRCA	23	36	mutation_count_proxy_no_callable_territory
TCGA-Z7-A8R6-01A	TCGA-Z7-A8R6	TCGA-BRCA	BRCA	63	117	mutation_count_proxy_no_callable_territory
TCGA-2W-A8YY-01A	TCGA-2W-A8YY	TCGA-CESC	CESC	11218	20353	mutation_count_proxy_no_callable_territory
TCGA-4J-AA1J-01A	TCGA-4J-AA1J	TCGA-CESC	CESC	129	255	mutation_count_proxy_no_callable_territory
TCGA-BI-A0VR-01A	TCGA-BI-A0VR	TCGA-CESC	CESC	105	176	mutation_count_proxy_no_callable_territory
TCGA-BI-A0VS-01A	TCGA-BI-A0VS	TCGA-CESC	CESC	108	165	mutation_count_proxy_no_callable_territory
TCGA-BI-A20A-01A	TCGA-BI-A20A	TCGA-CESC	CESC	49	75	mutation_count_proxy_no_callable_territory
TCGA-C5-A0TN-01A	TCGA-C5-A0TN	TCGA-CESC	CESC	21	32	mutation_count_proxy_no_callable_territory
TCGA-C5-A1BE-01B	TCGA-C5-A1BE	TCGA-CESC	CESC	66	97	mutation_count_proxy_no_callable_territory
TCGA-C5-A1BF-01B	TCGA-C5-A1BF	TCGA-CESC	CESC	63	100	mutation_count_proxy_no_callable_territory
TCGA-C5-A1BI-01B	TCGA-C5-A1BI	TCGA-CESC	CESC	101	169	mutation_count_proxy_no_callable_territory
TCGA-C5-A1BJ-01A	TCGA-C5-A1BJ	TCGA-CESC	CESC	139	195	mutation_count_proxy_no_callable_territory
TCGA-C5-A1BK-01B	TCGA-C5-A1BK	TCGA-CESC	CESC	153	234	mutation_count_proxy_no_callable_territory
TCGA-C5-A1BL-01A	TCGA-C5-A1BL	TCGA-CESC	CESC	206	302	mutation_count_proxy_no_callable_territory
TCGA-C5-A1BM-01A	TCGA-C5-A1BM	TCGA-CESC	CESC	122	180	mutation_count_proxy_no_callable_territory
TCGA-C5-A1BN-01B	TCGA-C5-A1BN	TCGA-CESC	CESC	60	90	mutation_count_proxy_no_callable_territory
TCGA-C5-A1M5-01A	TCGA-C5-A1M5	TCGA-CESC	CESC	58	97	mutation_count_proxy_no_callable_territory
TCGA-C5-A1M6-01A	TCGA-C5-A1M6	TCGA-CESC	CESC	127	200	mutation_count_proxy_no_callable_territory
TCGA-C5-A1M7-01A	TCGA-C5-A1M7	TCGA-CESC	CESC	100	154	mutation_count_proxy_no_callable_territory
TCGA-C5-A1M8-01A	TCGA-C5-A1M8	TCGA-CESC	CESC	59	88	mutation_count_proxy_no_callable_territory
TCGA-C5-A1M9-01A	TCGA-C5-A1M9	TCGA-CESC	CESC	44	65	mutation_count_proxy_no_callable_territory
TCGA-C5-A1ME-01A	TCGA-C5-A1ME	TCGA-CESC	CESC	63	91	mutation_count_proxy_no_callable_territory
TCGA-C5-A1MF-01A	TCGA-C5-A1MF	TCGA-CESC	CESC	85	128	mutation_count_proxy_no_callable_territory
TCGA-C5-A1MH-01A	TCGA-C5-A1MH	TCGA-CESC	CESC	451	638	mutation_count_proxy_no_callable_territory
TCGA-C5-A1MI-01A	TCGA-C5-A1MI	TCGA-CESC	CESC	44	78	mutation_count_proxy_no_callable_territory
TCGA-C5-A1MJ-01A	TCGA-C5-A1MJ	TCGA-CESC	CESC	81	129	mutation_count_proxy_no_callable_territory
TCGA-C5-A1MK-01A	TCGA-C5-A1MK	TCGA-CESC	CESC	283	444	mutation_count_proxy_no_callable_territory
TCGA-C5-A1ML-01A	TCGA-C5-A1ML	TCGA-CESC	CESC	65	101	mutation_count_proxy_no_callable_territory
TCGA-C5-A1MN-01A	TCGA-C5-A1MN	TCGA-CESC	CESC	128	197	mutation_count_proxy_no_callable_territory
TCGA-C5-A1MP-01A	TCGA-C5-A1MP	TCGA-CESC	CESC	45	68	mutation_count_proxy_no_callable_territory
TCGA-C5-A1MQ-01A	TCGA-C5-A1MQ	TCGA-CESC	CESC	41	62	mutation_count_proxy_no_callable_territory
TCGA-C5-A2LS-01A	TCGA-C5-A2LS	TCGA-CESC	CESC	47	90	mutation_count_proxy_no_callable_territory
TCGA-C5-A2LT-01A	TCGA-C5-A2LT	TCGA-CESC	CESC	35	67	mutation_count_proxy_no_callable_territory
TCGA-C5-A2LV-01A	TCGA-C5-A2LV	TCGA-CESC	CESC	58	116	mutation_count_proxy_no_callable_territory
TCGA-C5-A2LX-01A	TCGA-C5-A2LX	TCGA-CESC	CESC	171	317	mutation_count_proxy_no_callable_territory
TCGA-C5-A2LY-01A	TCGA-C5-A2LY	TCGA-CESC	CESC	82	168	mutation_count_proxy_no_callable_territory
TCGA-C5-A2M1-01A	TCGA-C5-A2M1	TCGA-CESC	CESC	84	149	mutation_count_proxy_no_callable_territory
TCGA-C5-A2M2-01A	TCGA-C5-A2M2	TCGA-CESC	CESC	56	91	mutation_count_proxy_no_callable_territory
TCGA-C5-A3HF-01A	TCGA-C5-A3HF	TCGA-CESC	CESC	31	61	mutation_count_proxy_no_callable_territory
TCGA-C5-A7CG-01A	TCGA-C5-A7CG	TCGA-CESC	CESC	50	81	mutation_count_proxy_no_callable_territory
TCGA-C5-A7CH-01A	TCGA-C5-A7CH	TCGA-CESC	CESC	55	106	mutation_count_proxy_no_callable_territory
TCGA-C5-A7CJ-01A	TCGA-C5-A7CJ	TCGA-CESC	CESC	58	115	mutation_count_proxy_no_callable_territory
TCGA-C5-A7CK-01A	TCGA-C5-A7CK	TCGA-CESC	CESC	117	214	mutation_count_proxy_no_callable_territory
TCGA-C5-A7CL-01A	TCGA-C5-A7CL	TCGA-CESC	CESC	103	187	mutation_count_proxy_no_callable_territory
TCGA-C5-A7CM-01A	TCGA-C5-A7CM	TCGA-CESC	CESC	16	32	mutation_count_proxy_no_callable_territory
TCGA-C5-A7CO-01A	TCGA-C5-A7CO	TCGA-CESC	CESC	103	170	mutation_count_proxy_no_callable_territory
TCGA-C5-A7UC-01A	TCGA-C5-A7UC	TCGA-CESC	CESC	58	102	mutation_count_proxy_no_callable_territory
TCGA-C5-A7UE-01A	TCGA-C5-A7UE	TCGA-CESC	CESC	143	247	mutation_count_proxy_no_callable_territory
TCGA-C5-A7UH-01A	TCGA-C5-A7UH	TCGA-CESC	CESC	197	337	mutation_count_proxy_no_callable_territory
TCGA-C5-A7UI-01A	TCGA-C5-A7UI	TCGA-CESC	CESC	104	188	mutation_count_proxy_no_callable_territory
TCGA-C5-A7X3-01A	TCGA-C5-A7X3	TCGA-CESC	CESC	65	106	mutation_count_proxy_no_callable_territory
TCGA-C5-A7X5-01A	TCGA-C5-A7X5	TCGA-CESC	CESC	190	369	mutation_count_proxy_no_callable_territory
TCGA-C5-A7X8-01A	TCGA-C5-A7X8	TCGA-CESC	CESC	58	115	mutation_count_proxy_no_callable_territory
TCGA-C5-A7XC-01A	TCGA-C5-A7XC	TCGA-CESC	CESC	68	123	mutation_count_proxy_no_callable_territory
TCGA-C5-A8XH-01A	TCGA-C5-A8XH	TCGA-CESC	CESC	238	426	mutation_count_proxy_no_callable_territory
TCGA-C5-A8XI-01A	TCGA-C5-A8XI	TCGA-CESC	CESC	51	84	mutation_count_proxy_no_callable_territory
TCGA-C5-A8XJ-01A	TCGA-C5-A8XJ	TCGA-CESC	CESC	277	559	mutation_count_proxy_no_callable_territory
TCGA-C5-A8XK-01A	TCGA-C5-A8XK	TCGA-CESC	CESC	183	365	mutation_count_proxy_no_callable_territory
TCGA-C5-A8YQ-01A	TCGA-C5-A8YQ	TCGA-CESC	CESC	154	271	mutation_count_proxy_no_callable_territory
TCGA-C5-A8YR-01A	TCGA-C5-A8YR	TCGA-CESC	CESC	106	210	mutation_count_proxy_no_callable_territory
TCGA-C5-A8YT-01A	TCGA-C5-A8YT	TCGA-CESC	CESC	5	8	mutation_count_proxy_no_callable_territory
TCGA-C5-A8ZZ-01A	TCGA-C5-A8ZZ	TCGA-CESC	CESC	85	149	mutation_count_proxy_no_callable_territory
TCGA-C5-A901-01A	TCGA-C5-A901	TCGA-CESC	CESC	78	172	mutation_count_proxy_no_callable_territory
TCGA-C5-A902-01A	TCGA-C5-A902	TCGA-CESC	CESC	249	495	mutation_count_proxy_no_callable_territory
TCGA-C5-A905-01A	TCGA-C5-A905	TCGA-CESC	CESC	78	135	mutation_count_proxy_no_callable_territory
TCGA-C5-A907-01A	TCGA-C5-A907	TCGA-CESC	CESC	52	81	mutation_count_proxy_no_callable_territory
TCGA-DG-A2KH-01A	TCGA-DG-A2KH	TCGA-CESC	CESC	62	101	mutation_count_proxy_no_callable_territory
TCGA-DG-A2KJ-01A	TCGA-DG-A2KJ	TCGA-CESC	CESC	77	139	mutation_count_proxy_no_callable_territory
TCGA-DG-A2KK-01A	TCGA-DG-A2KK	TCGA-CESC	CESC	290	583	mutation_count_proxy_no_callable_territory
TCGA-DG-A2KL-01A	TCGA-DG-A2KL	TCGA-CESC	CESC	149	302	mutation_count_proxy_no_callable_territory
TCGA-DG-A2KM-01A	TCGA-DG-A2KM	TCGA-CESC	CESC	169	302	mutation_count_proxy_no_callable_territory
TCGA-DR-A0ZL-01A	TCGA-DR-A0ZL	TCGA-CESC	CESC	60	89	mutation_count_proxy_no_callable_territory
TCGA-DR-A0ZM-01A	TCGA-DR-A0ZM	TCGA-CESC	CESC	1136	1767	mutation_count_proxy_no_callable_territory
TCGA-DS-A0VK-01A	TCGA-DS-A0VK	TCGA-CESC	CESC	113	182	mutation_count_proxy_no_callable_territory
TCGA-DS-A0VL-01A	TCGA-DS-A0VL	TCGA-CESC	CESC	62	99	mutation_count_proxy_no_callable_territory
TCGA-DS-A0VM-01A	TCGA-DS-A0VM	TCGA-CESC	CESC	256	412	mutation_count_proxy_no_callable_territory
TCGA-DS-A0VN-01A	TCGA-DS-A0VN	TCGA-CESC	CESC	118	196	mutation_count_proxy_no_callable_territory
TCGA-DS-A1OA-01A	TCGA-DS-A1OA	TCGA-CESC	CESC	44	100	mutation_count_proxy_no_callable_territory
TCGA-DS-A1OB-01A	TCGA-DS-A1OB	TCGA-CESC	CESC	508	892	mutation_count_proxy_no_callable_territory
TCGA-DS-A1OC-01A	TCGA-DS-A1OC	TCGA-CESC	CESC	256	452	mutation_count_proxy_no_callable_territory
TCGA-DS-A1OD-01A	TCGA-DS-A1OD	TCGA-CESC	CESC	111	246	mutation_count_proxy_no_callable_territory
TCGA-DS-A3LQ-01A	TCGA-DS-A3LQ	TCGA-CESC	CESC	36	72	mutation_count_proxy_no_callable_territory
TCGA-DS-A5RQ-01A	TCGA-DS-A5RQ	TCGA-CESC	CESC	82	171	mutation_count_proxy_no_callable_territory
TCGA-DS-A7WF-01A	TCGA-DS-A7WF	TCGA-CESC	CESC	41	64	mutation_count_proxy_no_callable_territory
TCGA-DS-A7WH-01A	TCGA-DS-A7WH	TCGA-CESC	CESC	90	165	mutation_count_proxy_no_callable_territory
TCGA-DS-A7WI-01A	TCGA-DS-A7WI	TCGA-CESC	CESC	25	52	mutation_count_proxy_no_callable_territory
TCGA-EA-A1QS-01A	TCGA-EA-A1QS	TCGA-CESC	CESC	58	100	mutation_count_proxy_no_callable_territory
TCGA-EA-A1QT-01A	TCGA-EA-A1QT	TCGA-CESC	CESC	63	92	mutation_count_proxy_no_callable_territory
TCGA-EA-A3HQ-01A	TCGA-EA-A3HQ	TCGA-CESC	CESC	84	152	mutation_count_proxy_no_callable_territory
TCGA-EA-A3HR-01A	TCGA-EA-A3HR	TCGA-CESC	CESC	61	126	mutation_count_proxy_no_callable_territory
TCGA-EA-A3HS-01A	TCGA-EA-A3HS	TCGA-CESC	CESC	701	1218	mutation_count_proxy_no_callable_territory
TCGA-EA-A3HT-01A	TCGA-EA-A3HT	TCGA-CESC	CESC	92	173	mutation_count_proxy_no_callable_territory
TCGA-EA-A3HU-01A	TCGA-EA-A3HU	TCGA-CESC	CESC	958	1789	mutation_count_proxy_no_callable_territory
TCGA-EA-A3QD-01A	TCGA-EA-A3QD	TCGA-CESC	CESC	84	164	mutation_count_proxy_no_callable_territory
TCGA-EA-A3QE-01A	TCGA-EA-A3QE	TCGA-CESC	CESC	58	110	mutation_count_proxy_no_callable_territory
TCGA-EA-A3Y4-01A	TCGA-EA-A3Y4	TCGA-CESC	CESC	113	225	mutation_count_proxy_no_callable_territory
TCGA-EA-A410-01A	TCGA-EA-A410	TCGA-CESC	CESC	1466	2703	mutation_count_proxy_no_callable_territory
TCGA-EA-A411-01A	TCGA-EA-A411	TCGA-CESC	CESC	50	88	mutation_count_proxy_no_callable_territory
TCGA-EA-A439-01A	TCGA-EA-A439	TCGA-CESC	CESC	89	165	mutation_count_proxy_no_callable_territory
TCGA-EA-A43B-01A	TCGA-EA-A43B	TCGA-CESC	CESC	187	327	mutation_count_proxy_no_callable_territory
TCGA-EA-A5FO-01A	TCGA-EA-A5FO	TCGA-CESC	CESC	66	128	mutation_count_proxy_no_callable_territory
TCGA-EA-A5O9-01A	TCGA-EA-A5O9	TCGA-CESC	CESC	48	87	mutation_count_proxy_no_callable_territory
TCGA-EA-A5ZD-01A	TCGA-EA-A5ZD	TCGA-CESC	CESC	21	34	mutation_count_proxy_no_callable_territory
TCGA-EA-A5ZE-01A	TCGA-EA-A5ZE	TCGA-CESC	CESC	42	98	mutation_count_proxy_no_callable_territory
TCGA-EA-A5ZF-01A	TCGA-EA-A5ZF	TCGA-CESC	CESC	64	117	mutation_count_proxy_no_callable_territory
TCGA-EA-A6QX-01A	TCGA-EA-A6QX	TCGA-CESC	CESC	54	115	mutation_count_proxy_no_callable_territory
TCGA-EA-A78R-01A	TCGA-EA-A78R	TCGA-CESC	CESC	51	100	mutation_count_proxy_no_callable_territory
TCGA-EA-A97N-01A	TCGA-EA-A97N	TCGA-CESC	CESC	104	216	mutation_count_proxy_no_callable_territory
TCGA-EK-A2GZ-01A	TCGA-EK-A2GZ	TCGA-CESC	CESC	62	120	mutation_count_proxy_no_callable_territory
TCGA-EK-A2H0-01A	TCGA-EK-A2H0	TCGA-CESC	CESC	149	286	mutation_count_proxy_no_callable_territory
TCGA-EK-A2H1-01A	TCGA-EK-A2H1	TCGA-CESC	CESC	29	58	mutation_count_proxy_no_callable_territory
TCGA-EK-A2IP-01A	TCGA-EK-A2IP	TCGA-CESC	CESC	109	224	mutation_count_proxy_no_callable_territory
TCGA-EK-A2PG-01A	TCGA-EK-A2PG	TCGA-CESC	CESC	519	940	mutation_count_proxy_no_callable_territory
TCGA-EK-A2PI-01A	TCGA-EK-A2PI	TCGA-CESC	CESC	71	132	mutation_count_proxy_no_callable_territory
TCGA-EK-A2PK-01A	TCGA-EK-A2PK	TCGA-CESC	CESC	25	51	mutation_count_proxy_no_callable_territory
TCGA-EK-A2PL-01A	TCGA-EK-A2PL	TCGA-CESC	CESC	160	274	mutation_count_proxy_no_callable_territory
TCGA-EK-A2PM-01A	TCGA-EK-A2PM	TCGA-CESC	CESC	261	482	mutation_count_proxy_no_callable_territory
TCGA-EK-A2R7-01A	TCGA-EK-A2R7	TCGA-CESC	CESC	122	211	mutation_count_proxy_no_callable_territory
TCGA-EK-A2R8-01A	TCGA-EK-A2R8	TCGA-CESC	CESC	251	479	mutation_count_proxy_no_callable_territory
TCGA-EK-A2R9-01A	TCGA-EK-A2R9	TCGA-CESC	CESC	48	91	mutation_count_proxy_no_callable_territory
TCGA-EK-A2RA-01A	TCGA-EK-A2RA	TCGA-CESC	CESC	190	368	mutation_count_proxy_no_callable_territory
TCGA-EK-A2RB-01A	TCGA-EK-A2RB	TCGA-CESC	CESC	99	167	mutation_count_proxy_no_callable_territory
TCGA-EK-A2RC-01A	TCGA-EK-A2RC	TCGA-CESC	CESC	149	277	mutation_count_proxy_no_callable_territory
TCGA-EK-A2RD-01A	TCGA-EK-A2RD	TCGA-CESC	CESC	154	302	mutation_count_proxy_no_callable_territory
TCGA-EK-A2RE-01A	TCGA-EK-A2RE	TCGA-CESC	CESC	20	36	mutation_count_proxy_no_callable_territory
TCGA-EK-A2RJ-01A	TCGA-EK-A2RJ	TCGA-CESC	CESC	332	572	mutation_count_proxy_no_callable_territory
TCGA-EK-A2RK-01A	TCGA-EK-A2RK	TCGA-CESC	CESC	200	364	mutation_count_proxy_no_callable_territory
TCGA-EK-A2RL-01A	TCGA-EK-A2RL	TCGA-CESC	CESC	21	52	mutation_count_proxy_no_callable_territory
TCGA-EK-A2RM-01A	TCGA-EK-A2RM	TCGA-CESC	CESC	80	139	mutation_count_proxy_no_callable_territory
TCGA-EK-A2RN-01A	TCGA-EK-A2RN	TCGA-CESC	CESC	135	245	mutation_count_proxy_no_callable_territory
TCGA-EK-A2RO-01A	TCGA-EK-A2RO	TCGA-CESC	CESC	117	195	mutation_count_proxy_no_callable_territory
TCGA-EK-A3GJ-01A	TCGA-EK-A3GJ	TCGA-CESC	CESC	198	374	mutation_count_proxy_no_callable_territory
TCGA-EK-A3GK-01A	TCGA-EK-A3GK	TCGA-CESC	CESC	1092	2051	mutation_count_proxy_no_callable_territory
TCGA-EK-A3GM-01A	TCGA-EK-A3GM	TCGA-CESC	CESC	159	304	mutation_count_proxy_no_callable_territory
TCGA-EK-A3GN-01A	TCGA-EK-A3GN	TCGA-CESC	CESC	45	107	mutation_count_proxy_no_callable_territory
TCGA-EX-A1H5-01A	TCGA-EX-A1H5	TCGA-CESC	CESC	41	64	mutation_count_proxy_no_callable_territory
TCGA-EX-A1H6-01B	TCGA-EX-A1H6	TCGA-CESC	CESC	88	169	mutation_count_proxy_no_callable_territory
TCGA-EX-A3L1-01A	TCGA-EX-A3L1	TCGA-CESC	CESC	38	64	mutation_count_proxy_no_callable_territory
TCGA-EX-A449-01A	TCGA-EX-A449	TCGA-CESC	CESC	26	56	mutation_count_proxy_no_callable_territory
TCGA-EX-A69L-01A	TCGA-EX-A69L	TCGA-CESC	CESC	51	100	mutation_count_proxy_no_callable_territory
TCGA-EX-A69M-01A	TCGA-EX-A69M	TCGA-CESC	CESC	43	85	mutation_count_proxy_no_callable_territory
TCGA-EX-A8YF-01A	TCGA-EX-A8YF	TCGA-CESC	CESC	38	72	mutation_count_proxy_no_callable_territory
TCGA-FU-A23K-01A	TCGA-FU-A23K	TCGA-CESC	CESC	93	149	mutation_count_proxy_no_callable_territory
TCGA-FU-A23L-01A	TCGA-FU-A23L	TCGA-CESC	CESC	150	214	mutation_count_proxy_no_callable_territory
TCGA-FU-A2QG-01A	TCGA-FU-A2QG	TCGA-CESC	CESC	72	152	mutation_count_proxy_no_callable_territory
TCGA-FU-A3EO-01A	TCGA-FU-A3EO	TCGA-CESC	CESC	47	86	mutation_count_proxy_no_callable_territory
TCGA-FU-A3HY-01A	TCGA-FU-A3HY	TCGA-CESC	CESC	159	310	mutation_count_proxy_no_callable_territory
TCGA-FU-A3HZ-01A	TCGA-FU-A3HZ	TCGA-CESC	CESC	1881	3273	mutation_count_proxy_no_callable_territory
TCGA-FU-A3NI-01A	TCGA-FU-A3NI	TCGA-CESC	CESC	90	167	mutation_count_proxy_no_callable_territory
TCGA-FU-A3TQ-01A	TCGA-FU-A3TQ	TCGA-CESC	CESC	54	91	mutation_count_proxy_no_callable_territory
TCGA-FU-A3TX-01A	TCGA-FU-A3TX	TCGA-CESC	CESC	55	94	mutation_count_proxy_no_callable_territory
TCGA-FU-A3WB-01A	TCGA-FU-A3WB	TCGA-CESC	CESC	66	108	mutation_count_proxy_no_callable_territory
TCGA-FU-A3YQ-01A	TCGA-FU-A3YQ	TCGA-CESC	CESC	68	136	mutation_count_proxy_no_callable_territory
TCGA-FU-A40J-01A	TCGA-FU-A40J	TCGA-CESC	CESC	187	342	mutation_count_proxy_no_callable_territory
TCGA-FU-A5XV-01A	TCGA-FU-A5XV	TCGA-CESC	CESC	84	158	mutation_count_proxy_no_callable_territory
TCGA-FU-A770-01A	TCGA-FU-A770	TCGA-CESC	CESC	40	83	mutation_count_proxy_no_callable_territory
TCGA-GH-A9DA-01A	TCGA-GH-A9DA	TCGA-CESC	CESC	76	127	mutation_count_proxy_no_callable_territory
TCGA-HG-A2PA-01A	TCGA-HG-A2PA	TCGA-CESC	CESC	62	105	mutation_count_proxy_no_callable_territory
TCGA-HG-A9SC-01A	TCGA-HG-A9SC	TCGA-CESC	CESC	79	135	mutation_count_proxy_no_callable_territory
TCGA-HM-A3JJ-01A	TCGA-HM-A3JJ	TCGA-CESC	CESC	130	200	mutation_count_proxy_no_callable_territory
TCGA-HM-A3JK-01A	TCGA-HM-A3JK	TCGA-CESC	CESC	46	88	mutation_count_proxy_no_callable_territory
TCGA-HM-A6W2-01A	TCGA-HM-A6W2	TCGA-CESC	CESC	39	83	mutation_count_proxy_no_callable_territory
TCGA-HM-A6W2-06A	TCGA-HM-A6W2	TCGA-CESC	CESC	37	73	mutation_count_proxy_no_callable_territory
TCGA-IR-A3L7-01A	TCGA-IR-A3L7	TCGA-CESC	CESC	22	51	mutation_count_proxy_no_callable_territory
TCGA-IR-A3LA-01A	TCGA-IR-A3LA	TCGA-CESC	CESC	937	1823	mutation_count_proxy_no_callable_territory
TCGA-IR-A3LB-01A	TCGA-IR-A3LB	TCGA-CESC	CESC	47	79	mutation_count_proxy_no_callable_territory
TCGA-IR-A3LC-01A	TCGA-IR-A3LC	TCGA-CESC	CESC	37	71	mutation_count_proxy_no_callable_territory
TCGA-IR-A3LF-01A	TCGA-IR-A3LF	TCGA-CESC	CESC	106	210	mutation_count_proxy_no_callable_territory
TCGA-IR-A3LH-01A	TCGA-IR-A3LH	TCGA-CESC	CESC	746	1384	mutation_count_proxy_no_callable_territory
TCGA-IR-A3LI-01A	TCGA-IR-A3LI	TCGA-CESC	CESC	300	583	mutation_count_proxy_no_callable_territory
TCGA-IR-A3LK-01A	TCGA-IR-A3LK	TCGA-CESC	CESC	1163	2141	mutation_count_proxy_no_callable_territory
TCGA-IR-A3LL-01A	TCGA-IR-A3LL	TCGA-CESC	CESC	331	606	mutation_count_proxy_no_callable_territory
TCGA-JW-A5VG-01A	TCGA-JW-A5VG	TCGA-CESC	CESC	30	40	mutation_count_proxy_no_callable_territory
TCGA-JW-A5VH-01A	TCGA-JW-A5VH	TCGA-CESC	CESC	66	101	mutation_count_proxy_no_callable_territory
TCGA-JW-A5VI-01A	TCGA-JW-A5VI	TCGA-CESC	CESC	67	103	mutation_count_proxy_no_callable_territory
TCGA-JW-A5VJ-01A	TCGA-JW-A5VJ	TCGA-CESC	CESC	187	344	mutation_count_proxy_no_callable_territory
TCGA-JW-A5VK-01A	TCGA-JW-A5VK	TCGA-CESC	CESC	39	79	mutation_count_proxy_no_callable_territory
TCGA-JW-A5VL-01A	TCGA-JW-A5VL	TCGA-CESC	CESC	1844	3382	mutation_count_proxy_no_callable_territory
TCGA-JW-A69B-01A	TCGA-JW-A69B	TCGA-CESC	CESC	37	75	mutation_count_proxy_no_callable_territory
TCGA-JW-A852-01A	TCGA-JW-A852	TCGA-CESC	CESC	80	145	mutation_count_proxy_no_callable_territory
TCGA-JW-AAVH-01A	TCGA-JW-AAVH	TCGA-CESC	CESC	100	175	mutation_count_proxy_no_callable_territory
TCGA-JX-A3PZ-01A	TCGA-JX-A3PZ	TCGA-CESC	CESC	42	81	mutation_count_proxy_no_callable_territory
TCGA-JX-A3Q0-01A	TCGA-JX-A3Q0	TCGA-CESC	CESC	664	1228	mutation_count_proxy_no_callable_territory
TCGA-JX-A3Q8-01A	TCGA-JX-A3Q8	TCGA-CESC	CESC	54	94	mutation_count_proxy_no_callable_territory
TCGA-JX-A5QV-01A	TCGA-JX-A5QV	TCGA-CESC	CESC	43	79	mutation_count_proxy_no_callable_territory
TCGA-LP-A4AU-01A	TCGA-LP-A4AU	TCGA-CESC	CESC	41	84	mutation_count_proxy_no_callable_territory
TCGA-LP-A4AV-01A	TCGA-LP-A4AV	TCGA-CESC	CESC	354	622	mutation_count_proxy_no_callable_territory
TCGA-LP-A4AW-01A	TCGA-LP-A4AW	TCGA-CESC	CESC	90	176	mutation_count_proxy_no_callable_territory
TCGA-LP-A4AX-01A	TCGA-LP-A4AX	TCGA-CESC	CESC	37	74	mutation_count_proxy_no_callable_territory
TCGA-LP-A5U2-01A	TCGA-LP-A5U2	TCGA-CESC	CESC	184	320	mutation_count_proxy_no_callable_territory
TCGA-LP-A5U3-01A	TCGA-LP-A5U3	TCGA-CESC	CESC	37	64	mutation_count_proxy_no_callable_territory
TCGA-LP-A7HU-01A	TCGA-LP-A7HU	TCGA-CESC	CESC	141	275	mutation_count_proxy_no_callable_territory
TCGA-MA-AA3W-01A	TCGA-MA-AA3W	TCGA-CESC	CESC	59	96	mutation_count_proxy_no_callable_territory
TCGA-MA-AA3X-01A	TCGA-MA-AA3X	TCGA-CESC	CESC	56	117	mutation_count_proxy_no_callable_territory
TCGA-MA-AA3Y-01A	TCGA-MA-AA3Y	TCGA-CESC	CESC	147	278	mutation_count_proxy_no_callable_territory
TCGA-MA-AA3Z-01A	TCGA-MA-AA3Z	TCGA-CESC	CESC	156	305	mutation_count_proxy_no_callable_territory
TCGA-MA-AA41-01A	TCGA-MA-AA41	TCGA-CESC	CESC	420	814	mutation_count_proxy_no_callable_territory
TCGA-MA-AA42-01A	TCGA-MA-AA42	TCGA-CESC	CESC	455	838	mutation_count_proxy_no_callable_territory
TCGA-MA-AA43-01A	TCGA-MA-AA43	TCGA-CESC	CESC	59	105	mutation_count_proxy_no_callable_territory
TCGA-MU-A5YI-01A	TCGA-MU-A5YI	TCGA-CESC	CESC	62	124	mutation_count_proxy_no_callable_territory
TCGA-MU-A8JM-01A	TCGA-MU-A8JM	TCGA-CESC	CESC	86	189	mutation_count_proxy_no_callable_territory
TCGA-MY-A913-01A	TCGA-MY-A913	TCGA-CESC	CESC	156	281	mutation_count_proxy_no_callable_territory
TCGA-PN-A8MA-01A	TCGA-PN-A8MA	TCGA-CESC	CESC	138	243	mutation_count_proxy_no_callable_territory
TCGA-Q1-A5R1-01A	TCGA-Q1-A5R1	TCGA-CESC	CESC	59	108	mutation_count_proxy_no_callable_territory
TCGA-Q1-A5R2-01A	TCGA-Q1-A5R2	TCGA-CESC	CESC	349	649	mutation_count_proxy_no_callable_territory
TCGA-Q1-A5R3-01A	TCGA-Q1-A5R3	TCGA-CESC	CESC	58	96	mutation_count_proxy_no_callable_territory
TCGA-Q1-A6DT-01A	TCGA-Q1-A6DT	TCGA-CESC	CESC	152	265	mutation_count_proxy_no_callable_territory
TCGA-Q1-A6DV-01A	TCGA-Q1-A6DV	TCGA-CESC	CESC	24	60	mutation_count_proxy_no_callable_territory
TCGA-Q1-A6DW-01A	TCGA-Q1-A6DW	TCGA-CESC	CESC	95	162	mutation_count_proxy_no_callable_territory
TCGA-Q1-A73O-01A	TCGA-Q1-A73O	TCGA-CESC	CESC	1283	2428	mutation_count_proxy_no_callable_territory
TCGA-Q1-A73P-01A	TCGA-Q1-A73P	TCGA-CESC	CESC	217	422	mutation_count_proxy_no_callable_territory
TCGA-Q1-A73Q-01A	TCGA-Q1-A73Q	TCGA-CESC	CESC	56	113	mutation_count_proxy_no_callable_territory
TCGA-Q1-A73R-01A	TCGA-Q1-A73R	TCGA-CESC	CESC	45	92	mutation_count_proxy_no_callable_territory
TCGA-Q1-A73S-01A	TCGA-Q1-A73S	TCGA-CESC	CESC	22	48	mutation_count_proxy_no_callable_territory
TCGA-R2-A69V-01A	TCGA-R2-A69V	TCGA-CESC	CESC	90	172	mutation_count_proxy_no_callable_territory
TCGA-RA-A741-01A	TCGA-RA-A741	TCGA-CESC	CESC	50	92	mutation_count_proxy_no_callable_territory
TCGA-UC-A7PD-01A	TCGA-UC-A7PD	TCGA-CESC	CESC	30	63	mutation_count_proxy_no_callable_territory
TCGA-UC-A7PF-01A	TCGA-UC-A7PF	TCGA-CESC	CESC	346	716	mutation_count_proxy_no_callable_territory
TCGA-UC-A7PG-01A	TCGA-UC-A7PG	TCGA-CESC	CESC	243	438	mutation_count_proxy_no_callable_territory
TCGA-UC-A7PG-06A	TCGA-UC-A7PG	TCGA-CESC	CESC	200	397	mutation_count_proxy_no_callable_territory
TCGA-UC-A7PI-01A	TCGA-UC-A7PI	TCGA-CESC	CESC	49	88	mutation_count_proxy_no_callable_territory
TCGA-VS-A8EB-01A	TCGA-VS-A8EB	TCGA-CESC	CESC	62	120	mutation_count_proxy_no_callable_territory
TCGA-VS-A8EC-01A	TCGA-VS-A8EC	TCGA-CESC	CESC	118	224	mutation_count_proxy_no_callable_territory
TCGA-VS-A8EG-01A	TCGA-VS-A8EG	TCGA-CESC	CESC	37	64	mutation_count_proxy_no_callable_territory
TCGA-VS-A8EH-01A	TCGA-VS-A8EH	TCGA-CESC	CESC	58	114	mutation_count_proxy_no_callable_territory
TCGA-VS-A8EI-01A	TCGA-VS-A8EI	TCGA-CESC	CESC	117	196	mutation_count_proxy_no_callable_territory
TCGA-VS-A8EJ-01A	TCGA-VS-A8EJ	TCGA-CESC	CESC	128	225	mutation_count_proxy_no_callable_territory
TCGA-VS-A8EK-01A	TCGA-VS-A8EK	TCGA-CESC	CESC	198	372	mutation_count_proxy_no_callable_territory
TCGA-VS-A8EL-01A	TCGA-VS-A8EL	TCGA-CESC	CESC	302	525	mutation_count_proxy_no_callable_territory
TCGA-VS-A8Q8-01A	TCGA-VS-A8Q8	TCGA-CESC	CESC	71	143	mutation_count_proxy_no_callable_territory
TCGA-VS-A8Q9-01A	TCGA-VS-A8Q9	TCGA-CESC	CESC	39	85	mutation_count_proxy_no_callable_territory
TCGA-VS-A8QA-01A	TCGA-VS-A8QA	TCGA-CESC	CESC	160	307	mutation_count_proxy_no_callable_territory
TCGA-VS-A8QC-01A	TCGA-VS-A8QC	TCGA-CESC	CESC	134	236	mutation_count_proxy_no_callable_territory
TCGA-VS-A8QF-01A	TCGA-VS-A8QF	TCGA-CESC	CESC	106	186	mutation_count_proxy_no_callable_territory
TCGA-VS-A8QH-01A	TCGA-VS-A8QH	TCGA-CESC	CESC	114	201	mutation_count_proxy_no_callable_territory
TCGA-VS-A8QM-01A	TCGA-VS-A8QM	TCGA-CESC	CESC	96	162	mutation_count_proxy_no_callable_territory
TCGA-VS-A94W-01A	TCGA-VS-A94W	TCGA-CESC	CESC	62	119	mutation_count_proxy_no_callable_territory
TCGA-VS-A94X-01A	TCGA-VS-A94X	TCGA-CESC	CESC	261	480	mutation_count_proxy_no_callable_territory
TCGA-VS-A94Y-01A	TCGA-VS-A94Y	TCGA-CESC	CESC	43	77	mutation_count_proxy_no_callable_territory
TCGA-VS-A94Z-01A	TCGA-VS-A94Z	TCGA-CESC	CESC	652	1206	mutation_count_proxy_no_callable_territory
TCGA-VS-A950-01A	TCGA-VS-A950	TCGA-CESC	CESC	93	163	mutation_count_proxy_no_callable_territory
TCGA-VS-A952-01A	TCGA-VS-A952	TCGA-CESC	CESC	108	209	mutation_count_proxy_no_callable_territory
TCGA-VS-A953-01A	TCGA-VS-A953	TCGA-CESC	CESC	323	655	mutation_count_proxy_no_callable_territory
TCGA-VS-A954-01A	TCGA-VS-A954	TCGA-CESC	CESC	65	150	mutation_count_proxy_no_callable_territory
TCGA-VS-A957-01A	TCGA-VS-A957	TCGA-CESC	CESC	60	110	mutation_count_proxy_no_callable_territory
TCGA-VS-A958-01A	TCGA-VS-A958	TCGA-CESC	CESC	735	1374	mutation_count_proxy_no_callable_territory
TCGA-VS-A959-01A	TCGA-VS-A959	TCGA-CESC	CESC	227	429	mutation_count_proxy_no_callable_territory
TCGA-VS-A9U5-01A	TCGA-VS-A9U5	TCGA-CESC	CESC	72	150	mutation_count_proxy_no_callable_territory
TCGA-VS-A9U6-01A	TCGA-VS-A9U6	TCGA-CESC	CESC	419	795	mutation_count_proxy_no_callable_territory
TCGA-VS-A9U7-01A	TCGA-VS-A9U7	TCGA-CESC	CESC	148	285	mutation_count_proxy_no_callable_territory
TCGA-VS-A9UA-01A	TCGA-VS-A9UA	TCGA-CESC	CESC	154	303	mutation_count_proxy_no_callable_territory
TCGA-VS-A9UB-01A	TCGA-VS-A9UB	TCGA-CESC	CESC	94	174	mutation_count_proxy_no_callable_territory
TCGA-VS-A9UC-01A	TCGA-VS-A9UC	TCGA-CESC	CESC	158	281	mutation_count_proxy_no_callable_territory
TCGA-VS-A9UD-01A	TCGA-VS-A9UD	TCGA-CESC	CESC	152	309	mutation_count_proxy_no_callable_territory
TCGA-VS-A9UH-01A	TCGA-VS-A9UH	TCGA-CESC	CESC	193	350	mutation_count_proxy_no_callable_territory
TCGA-VS-A9UI-01A	TCGA-VS-A9UI	TCGA-CESC	CESC	121	221	mutation_count_proxy_no_callable_territory
TCGA-VS-A9UJ-01A	TCGA-VS-A9UJ	TCGA-CESC	CESC	335	602	mutation_count_proxy_no_callable_territory
TCGA-VS-A9UL-01A	TCGA-VS-A9UL	TCGA-CESC	CESC	113	220	mutation_count_proxy_no_callable_territory
TCGA-VS-A9UM-01A	TCGA-VS-A9UM	TCGA-CESC	CESC	57	121	mutation_count_proxy_no_callable_territory
TCGA-VS-A9UO-01A	TCGA-VS-A9UO	TCGA-CESC	CESC	48	78	mutation_count_proxy_no_callable_territory
TCGA-VS-A9UP-01A	TCGA-VS-A9UP	TCGA-CESC	CESC	179	322	mutation_count_proxy_no_callable_territory
TCGA-VS-A9UQ-01A	TCGA-VS-A9UQ	TCGA-CESC	CESC	24	49	mutation_count_proxy_no_callable_territory
TCGA-VS-A9UR-01A	TCGA-VS-A9UR	TCGA-CESC	CESC	103	196	mutation_count_proxy_no_callable_territory
TCGA-VS-A9UT-01A	TCGA-VS-A9UT	TCGA-CESC	CESC	25	54	mutation_count_proxy_no_callable_territory
TCGA-VS-A9UU-01A	TCGA-VS-A9UU	TCGA-CESC	CESC	61	104	mutation_count_proxy_no_callable_territory
TCGA-VS-A9UV-01A	TCGA-VS-A9UV	TCGA-CESC	CESC	80	153	mutation_count_proxy_no_callable_territory
TCGA-VS-A9UY-01A	TCGA-VS-A9UY	TCGA-CESC	CESC	108	205	mutation_count_proxy_no_callable_territory
TCGA-VS-A9UZ-01A	TCGA-VS-A9UZ	TCGA-CESC	CESC	151	315	mutation_count_proxy_no_callable_territory
TCGA-VS-A9V0-01A	TCGA-VS-A9V0	TCGA-CESC	CESC	40	78	mutation_count_proxy_no_callable_territory
TCGA-VS-A9V1-01A	TCGA-VS-A9V1	TCGA-CESC	CESC	143	278	mutation_count_proxy_no_callable_territory
TCGA-VS-A9V2-01A	TCGA-VS-A9V2	TCGA-CESC	CESC	38	68	mutation_count_proxy_no_callable_territory
TCGA-VS-A9V3-01A	TCGA-VS-A9V3	TCGA-CESC	CESC	149	287	mutation_count_proxy_no_callable_territory
TCGA-VS-A9V4-01A	TCGA-VS-A9V4	TCGA-CESC	CESC	108	197	mutation_count_proxy_no_callable_territory
TCGA-VS-A9V5-01A	TCGA-VS-A9V5	TCGA-CESC	CESC	117	230	mutation_count_proxy_no_callable_territory
TCGA-VS-AA62-01A	TCGA-VS-AA62	TCGA-CESC	CESC	88	167	mutation_count_proxy_no_callable_territory
TCGA-WL-A834-01A	TCGA-WL-A834	TCGA-CESC	CESC	87	147	mutation_count_proxy_no_callable_territory
TCGA-XS-A8TJ-01A	TCGA-XS-A8TJ	TCGA-CESC	CESC	84	156	mutation_count_proxy_no_callable_territory
TCGA-ZJ-A8QO-01A	TCGA-ZJ-A8QO	TCGA-CESC	CESC	64	109	mutation_count_proxy_no_callable_territory
TCGA-ZJ-A8QR-01A	TCGA-ZJ-A8QR	TCGA-CESC	CESC	123	216	mutation_count_proxy_no_callable_territory
TCGA-ZJ-AAX4-01A	TCGA-ZJ-AAX4	TCGA-CESC	CESC	45	94	mutation_count_proxy_no_callable_territory
TCGA-ZJ-AAX8-01A	TCGA-ZJ-AAX8	TCGA-CESC	CESC	61	110	mutation_count_proxy_no_callable_territory
TCGA-ZJ-AAXA-01A	TCGA-ZJ-AAXA	TCGA-CESC	CESC	56	116	mutation_count_proxy_no_callable_territory
TCGA-ZJ-AAXB-01A	TCGA-ZJ-AAXB	TCGA-CESC	CESC	132	252	mutation_count_proxy_no_callable_territory
TCGA-ZJ-AAXD-01A	TCGA-ZJ-AAXD	TCGA-CESC	CESC	81	139	mutation_count_proxy_no_callable_territory
TCGA-ZJ-AAXF-01A	TCGA-ZJ-AAXF	TCGA-CESC	CESC	47	84	mutation_count_proxy_no_callable_territory
TCGA-ZJ-AAXI-01A	TCGA-ZJ-AAXI	TCGA-CESC	CESC	63	126	mutation_count_proxy_no_callable_territory
TCGA-ZJ-AAXJ-01A	TCGA-ZJ-AAXJ	TCGA-CESC	CESC	88	167	mutation_count_proxy_no_callable_territory
TCGA-ZJ-AAXN-01A	TCGA-ZJ-AAXN	TCGA-CESC	CESC	51	92	mutation_count_proxy_no_callable_territory
TCGA-ZJ-AAXT-01A	TCGA-ZJ-AAXT	TCGA-CESC	CESC	143	285	mutation_count_proxy_no_callable_territory
TCGA-ZJ-AAXU-01A	TCGA-ZJ-AAXU	TCGA-CESC	CESC	358	654	mutation_count_proxy_no_callable_territory
TCGA-ZJ-AB0H-01A	TCGA-ZJ-AB0H	TCGA-CESC	CESC	98	185	mutation_count_proxy_no_callable_territory
TCGA-ZJ-AB0I-01A	TCGA-ZJ-AB0I	TCGA-CESC	CESC	91	162	mutation_count_proxy_no_callable_territory
TCGA-ZX-AA5X-01A	TCGA-ZX-AA5X	TCGA-CESC	CESC	61	103	mutation_count_proxy_no_callable_territory
TCGA-3X-AAV9-01A	TCGA-3X-AAV9	TCGA-CHOL	CHOL	43	75	mutation_count_proxy_no_callable_territory
TCGA-3X-AAVA-01A	TCGA-3X-AAVA	TCGA-CHOL	CHOL	30	60	mutation_count_proxy_no_callable_territory
TCGA-3X-AAVB-01A	TCGA-3X-AAVB	TCGA-CHOL	CHOL	30	48	mutation_count_proxy_no_callable_territory
TCGA-3X-AAVC-01A	TCGA-3X-AAVC	TCGA-CHOL	CHOL	49	84	mutation_count_proxy_no_callable_territory
TCGA-3X-AAVE-01A	TCGA-3X-AAVE	TCGA-CHOL	CHOL	38	68	mutation_count_proxy_no_callable_territory
TCGA-4G-AAZO-01A	TCGA-4G-AAZO	TCGA-CHOL	CHOL	37	69	mutation_count_proxy_no_callable_territory
TCGA-4G-AAZT-01A	TCGA-4G-AAZT	TCGA-CHOL	CHOL	85	147	mutation_count_proxy_no_callable_territory
TCGA-W5-AA2G-01A	TCGA-W5-AA2G	TCGA-CHOL	CHOL	36	80	mutation_count_proxy_no_callable_territory
TCGA-W5-AA2H-01A	TCGA-W5-AA2H	TCGA-CHOL	CHOL	6	12	mutation_count_proxy_no_callable_territory
TCGA-W5-AA2I-01A	TCGA-W5-AA2I	TCGA-CHOL	CHOL	95	139	mutation_count_proxy_no_callable_territory
TCGA-W5-AA2O-01A	TCGA-W5-AA2O	TCGA-CHOL	CHOL	51	92	mutation_count_proxy_no_callable_territory
TCGA-W5-AA2Q-01A	TCGA-W5-AA2Q	TCGA-CHOL	CHOL	89	142	mutation_count_proxy_no_callable_territory
TCGA-W5-AA2R-01A	TCGA-W5-AA2R	TCGA-CHOL	CHOL	42	77	mutation_count_proxy_no_callable_territory
TCGA-W5-AA2T-01A	TCGA-W5-AA2T	TCGA-CHOL	CHOL	62	132	mutation_count_proxy_no_callable_territory
TCGA-W5-AA2U-01A	TCGA-W5-AA2U	TCGA-CHOL	CHOL	139	250	mutation_count_proxy_no_callable_territory
TCGA-W5-AA2W-01A	TCGA-W5-AA2W	TCGA-CHOL	CHOL	29	44	mutation_count_proxy_no_callable_territory
TCGA-W5-AA2X-01A	TCGA-W5-AA2X	TCGA-CHOL	CHOL	110	163	mutation_count_proxy_no_callable_territory
TCGA-W5-AA2Z-01A	TCGA-W5-AA2Z	TCGA-CHOL	CHOL	25	43	mutation_count_proxy_no_callable_territory
TCGA-W5-AA30-01A	TCGA-W5-AA30	TCGA-CHOL	CHOL	100	190	mutation_count_proxy_no_callable_territory
TCGA-W5-AA31-01A	TCGA-W5-AA31	TCGA-CHOL	CHOL	79	130	mutation_count_proxy_no_callable_territory
TCGA-W5-AA33-01A	TCGA-W5-AA33	TCGA-CHOL	CHOL	50	94	mutation_count_proxy_no_callable_territory
TCGA-W5-AA34-01A	TCGA-W5-AA34	TCGA-CHOL	CHOL	66	121	mutation_count_proxy_no_callable_territory
TCGA-W5-AA36-01A	TCGA-W5-AA36	TCGA-CHOL	CHOL	42	72	mutation_count_proxy_no_callable_territory
TCGA-W5-AA38-01A	TCGA-W5-AA38	TCGA-CHOL	CHOL	29	57	mutation_count_proxy_no_callable_territory
TCGA-W5-AA39-01A	TCGA-W5-AA39	TCGA-CHOL	CHOL	636	1285	mutation_count_proxy_no_callable_territory
TCGA-W6-AA0S-01A	TCGA-W6-AA0S	TCGA-CHOL	CHOL	36	59	mutation_count_proxy_no_callable_territory
TCGA-WD-A7RX-01A	TCGA-WD-A7RX	TCGA-CHOL	CHOL	29	60	mutation_count_proxy_no_callable_territory
TCGA-YR-A95A-01A	TCGA-YR-A95A	TCGA-CHOL	CHOL	27	54	mutation_count_proxy_no_callable_territory
TCGA-ZD-A8I3-01A	TCGA-ZD-A8I3	TCGA-CHOL	CHOL	35	57	mutation_count_proxy_no_callable_territory
TCGA-ZH-A8Y1-01A	TCGA-ZH-A8Y1	TCGA-CHOL	CHOL	37	64	mutation_count_proxy_no_callable_territory
TCGA-ZH-A8Y2-01A	TCGA-ZH-A8Y2	TCGA-CHOL	CHOL	47	77	mutation_count_proxy_no_callable_territory
TCGA-ZH-A8Y4-01A	TCGA-ZH-A8Y4	TCGA-CHOL	CHOL	59	101	mutation_count_proxy_no_callable_territory
TCGA-ZH-A8Y5-01A	TCGA-ZH-A8Y5	TCGA-CHOL	CHOL	22	45	mutation_count_proxy_no_callable_territory
TCGA-ZH-A8Y6-01A	TCGA-ZH-A8Y6	TCGA-CHOL	CHOL	37	88	mutation_count_proxy_no_callable_territory
TCGA-ZH-A8Y8-01A	TCGA-ZH-A8Y8	TCGA-CHOL	CHOL	31	54	mutation_count_proxy_no_callable_territory
TCGA-ZU-A8S4-01A	TCGA-ZU-A8S4	TCGA-CHOL	CHOL	92	167	mutation_count_proxy_no_callable_territory
TCGA-3L-AA1B-01A	TCGA-3L-AA1B	TCGA-COAD	COAD	120	185	mutation_count_proxy_no_callable_territory
TCGA-4N-A93T-01A	TCGA-4N-A93T	TCGA-COAD	COAD	86	151	mutation_count_proxy_no_callable_territory
TCGA-4T-AA8H-01A	TCGA-4T-AA8H	TCGA-COAD	COAD	120	187	mutation_count_proxy_no_callable_territory
TCGA-5M-AAT4-01A	TCGA-5M-AAT4	TCGA-COAD	COAD	172	268	mutation_count_proxy_no_callable_territory
TCGA-5M-AAT5-01A	TCGA-5M-AAT5	TCGA-COAD	COAD	78	134	mutation_count_proxy_no_callable_territory
TCGA-5M-AAT6-01A	TCGA-5M-AAT6	TCGA-COAD	COAD	1851	2948	mutation_count_proxy_no_callable_territory
TCGA-5M-AATA-01A	TCGA-5M-AATA	TCGA-COAD	COAD	69	123	mutation_count_proxy_no_callable_territory
TCGA-5M-AATE-01A	TCGA-5M-AATE	TCGA-COAD	COAD	114	193	mutation_count_proxy_no_callable_territory
TCGA-A6-2671-01A	TCGA-A6-2671	TCGA-COAD	COAD	118	203	mutation_count_proxy_no_callable_territory
TCGA-A6-2674-01A	TCGA-A6-2674	TCGA-COAD	COAD	226	359	mutation_count_proxy_no_callable_territory
TCGA-A6-2675-01A	TCGA-A6-2675	TCGA-COAD	COAD	173	300	mutation_count_proxy_no_callable_territory
TCGA-A6-2677-01A	TCGA-A6-2677	TCGA-COAD	COAD	233	405	mutation_count_proxy_no_callable_territory
TCGA-A6-2678-01A	TCGA-A6-2678	TCGA-COAD	COAD	52	64	mutation_count_proxy_no_callable_territory
TCGA-A6-2681-01A	TCGA-A6-2681	TCGA-COAD	COAD	254	375	mutation_count_proxy_no_callable_territory
TCGA-A6-2683-01A	TCGA-A6-2683	TCGA-COAD	COAD	64	93	mutation_count_proxy_no_callable_territory
TCGA-A6-2684-01A	TCGA-A6-2684	TCGA-COAD	COAD	195	299	mutation_count_proxy_no_callable_territory
TCGA-A6-2685-01A	TCGA-A6-2685	TCGA-COAD	COAD	85	137	mutation_count_proxy_no_callable_territory
TCGA-A6-2686-01A	TCGA-A6-2686	TCGA-COAD	COAD	4033	6207	mutation_count_proxy_no_callable_territory
TCGA-A6-3807-01A	TCGA-A6-3807	TCGA-COAD	COAD	88	126	mutation_count_proxy_no_callable_territory
TCGA-A6-3808-01A	TCGA-A6-3808	TCGA-COAD	COAD	143	208	mutation_count_proxy_no_callable_territory
TCGA-A6-3809-01A	TCGA-A6-3809	TCGA-COAD	COAD	1157	1831	mutation_count_proxy_no_callable_territory
TCGA-A6-3810-01A	TCGA-A6-3810	TCGA-COAD	COAD	166	256	mutation_count_proxy_no_callable_territory
TCGA-A6-4105-01A	TCGA-A6-4105	TCGA-COAD	COAD	145	223	mutation_count_proxy_no_callable_territory
TCGA-A6-4107-01A	TCGA-A6-4107	TCGA-COAD	COAD	332	512	mutation_count_proxy_no_callable_territory
TCGA-A6-5656-01A	TCGA-A6-5656	TCGA-COAD	COAD	104	175	mutation_count_proxy_no_callable_territory
TCGA-A6-5657-01A	TCGA-A6-5657	TCGA-COAD	COAD	199	332	mutation_count_proxy_no_callable_territory
TCGA-A6-5659-01A	TCGA-A6-5659	TCGA-COAD	COAD	393	623	mutation_count_proxy_no_callable_territory
TCGA-A6-5660-01A	TCGA-A6-5660	TCGA-COAD	COAD	224	353	mutation_count_proxy_no_callable_territory
TCGA-A6-5661-01A	TCGA-A6-5661	TCGA-COAD	COAD	2402	3804	mutation_count_proxy_no_callable_territory
TCGA-A6-5662-01A	TCGA-A6-5662	TCGA-COAD	COAD	126	195	mutation_count_proxy_no_callable_territory
TCGA-A6-5664-01A	TCGA-A6-5664	TCGA-COAD	COAD	62	82	mutation_count_proxy_no_callable_territory
TCGA-A6-5665-01A	TCGA-A6-5665	TCGA-COAD	COAD	3505	5506	mutation_count_proxy_no_callable_territory
TCGA-A6-5666-01A	TCGA-A6-5666	TCGA-COAD	COAD	172	261	mutation_count_proxy_no_callable_territory
TCGA-A6-5667-01A	TCGA-A6-5667	TCGA-COAD	COAD	113	189	mutation_count_proxy_no_callable_territory
TCGA-A6-6137-01A	TCGA-A6-6137	TCGA-COAD	COAD	114	174	mutation_count_proxy_no_callable_territory
TCGA-A6-6138-01A	TCGA-A6-6138	TCGA-COAD	COAD	96	163	mutation_count_proxy_no_callable_territory
TCGA-A6-6142-01A	TCGA-A6-6142	TCGA-COAD	COAD	78	125	mutation_count_proxy_no_callable_territory
TCGA-A6-6648-01A	TCGA-A6-6648	TCGA-COAD	COAD	86	122	mutation_count_proxy_no_callable_territory
TCGA-A6-6649-01A	TCGA-A6-6649	TCGA-COAD	COAD	116	174	mutation_count_proxy_no_callable_territory
TCGA-A6-6651-01A	TCGA-A6-6651	TCGA-COAD	COAD	84	127	mutation_count_proxy_no_callable_territory
TCGA-A6-6652-01A	TCGA-A6-6652	TCGA-COAD	COAD	76	117	mutation_count_proxy_no_callable_territory
TCGA-A6-6653-01A	TCGA-A6-6653	TCGA-COAD	COAD	1055	1686	mutation_count_proxy_no_callable_territory
TCGA-A6-6654-01A	TCGA-A6-6654	TCGA-COAD	COAD	169	260	mutation_count_proxy_no_callable_territory
TCGA-A6-6780-01A	TCGA-A6-6780	TCGA-COAD	COAD	1166	1873	mutation_count_proxy_no_callable_territory
TCGA-A6-6781-01A	TCGA-A6-6781	TCGA-COAD	COAD	1905	2973	mutation_count_proxy_no_callable_territory
TCGA-A6-6782-01A	TCGA-A6-6782	TCGA-COAD	COAD	123	198	mutation_count_proxy_no_callable_territory
TCGA-A6-A565-01A	TCGA-A6-A565	TCGA-COAD	COAD	361	559	mutation_count_proxy_no_callable_territory
TCGA-A6-A566-01A	TCGA-A6-A566	TCGA-COAD	COAD	149	231	mutation_count_proxy_no_callable_territory
TCGA-A6-A567-01A	TCGA-A6-A567	TCGA-COAD	COAD	50	80	mutation_count_proxy_no_callable_territory
TCGA-A6-A56B-01A	TCGA-A6-A56B	TCGA-COAD	COAD	84	137	mutation_count_proxy_no_callable_territory
TCGA-AA-3489-01A	TCGA-AA-3489	TCGA-COAD	COAD	108	156	mutation_count_proxy_no_callable_territory
TCGA-AA-3492-01A	TCGA-AA-3492	TCGA-COAD	COAD	2004	3175	mutation_count_proxy_no_callable_territory
TCGA-AA-3496-01A	TCGA-AA-3496	TCGA-COAD	COAD	141	231	mutation_count_proxy_no_callable_territory
TCGA-AA-3502-01A	TCGA-AA-3502	TCGA-COAD	COAD	168	258	mutation_count_proxy_no_callable_territory
TCGA-AA-3506-01A	TCGA-AA-3506	TCGA-COAD	COAD	137	219	mutation_count_proxy_no_callable_territory
TCGA-AA-3510-01A	TCGA-AA-3510	TCGA-COAD	COAD	3053	4614	mutation_count_proxy_no_callable_territory
TCGA-AA-3511-01A	TCGA-AA-3511	TCGA-COAD	COAD	119	188	mutation_count_proxy_no_callable_territory
TCGA-AA-3514-01A	TCGA-AA-3514	TCGA-COAD	COAD	58	82	mutation_count_proxy_no_callable_territory
TCGA-AA-3517-01A	TCGA-AA-3517	TCGA-COAD	COAD	22	42	mutation_count_proxy_no_callable_territory
TCGA-AA-3519-01A	TCGA-AA-3519	TCGA-COAD	COAD	40	64	mutation_count_proxy_no_callable_territory
TCGA-AA-3520-01A	TCGA-AA-3520	TCGA-COAD	COAD	19	33	mutation_count_proxy_no_callable_territory
TCGA-AA-3521-01A	TCGA-AA-3521	TCGA-COAD	COAD	17	25	mutation_count_proxy_no_callable_territory
TCGA-AA-3522-01A	TCGA-AA-3522	TCGA-COAD	COAD	31	56	mutation_count_proxy_no_callable_territory
TCGA-AA-3524-01A	TCGA-AA-3524	TCGA-COAD	COAD	18	22	mutation_count_proxy_no_callable_territory
TCGA-AA-3526-01A	TCGA-AA-3526	TCGA-COAD	COAD	25	32	mutation_count_proxy_no_callable_territory
TCGA-AA-3527-01A	TCGA-AA-3527	TCGA-COAD	COAD	38	70	mutation_count_proxy_no_callable_territory
TCGA-AA-3529-01A	TCGA-AA-3529	TCGA-COAD	COAD	10	22	mutation_count_proxy_no_callable_territory
TCGA-AA-3530-01A	TCGA-AA-3530	TCGA-COAD	COAD	85	119	mutation_count_proxy_no_callable_territory
TCGA-AA-3531-01A	TCGA-AA-3531	TCGA-COAD	COAD	33	55	mutation_count_proxy_no_callable_territory
TCGA-AA-3532-01A	TCGA-AA-3532	TCGA-COAD	COAD	20	27	mutation_count_proxy_no_callable_territory
TCGA-AA-3534-01A	TCGA-AA-3534	TCGA-COAD	COAD	20	35	mutation_count_proxy_no_callable_territory
TCGA-AA-3538-01A	TCGA-AA-3538	TCGA-COAD	COAD	15	24	mutation_count_proxy_no_callable_territory
TCGA-AA-3544-01A	TCGA-AA-3544	TCGA-COAD	COAD	19	36	mutation_count_proxy_no_callable_territory
TCGA-AA-3548-01A	TCGA-AA-3548	TCGA-COAD	COAD	17	28	mutation_count_proxy_no_callable_territory
TCGA-AA-3549-01A	TCGA-AA-3549	TCGA-COAD	COAD	18	25	mutation_count_proxy_no_callable_territory
TCGA-AA-3556-01A	TCGA-AA-3556	TCGA-COAD	COAD	16	26	mutation_count_proxy_no_callable_territory
TCGA-AA-3558-01A	TCGA-AA-3558	TCGA-COAD	COAD	15	28	mutation_count_proxy_no_callable_territory
TCGA-AA-3560-01A	TCGA-AA-3560	TCGA-COAD	COAD	19	28	mutation_count_proxy_no_callable_territory
TCGA-AA-3561-01A	TCGA-AA-3561	TCGA-COAD	COAD	17	21	mutation_count_proxy_no_callable_territory
TCGA-AA-3655-01A	TCGA-AA-3655	TCGA-COAD	COAD	76	112	mutation_count_proxy_no_callable_territory
TCGA-AA-3660-01A	TCGA-AA-3660	TCGA-COAD	COAD	128	187	mutation_count_proxy_no_callable_territory
TCGA-AA-3662-01A	TCGA-AA-3662	TCGA-COAD	COAD	77	119	mutation_count_proxy_no_callable_territory
TCGA-AA-3663-01A	TCGA-AA-3663	TCGA-COAD	COAD	1919	2898	mutation_count_proxy_no_callable_territory
TCGA-AA-3664-01A	TCGA-AA-3664	TCGA-COAD	COAD	144	222	mutation_count_proxy_no_callable_territory
TCGA-AA-3666-01A	TCGA-AA-3666	TCGA-COAD	COAD	170	233	mutation_count_proxy_no_callable_territory
TCGA-AA-3667-01A	TCGA-AA-3667	TCGA-COAD	COAD	70	108	mutation_count_proxy_no_callable_territory
TCGA-AA-3672-01A	TCGA-AA-3672	TCGA-COAD	COAD	1601	2601	mutation_count_proxy_no_callable_territory
TCGA-AA-3673-01A	TCGA-AA-3673	TCGA-COAD	COAD	70	101	mutation_count_proxy_no_callable_territory
TCGA-AA-3675-01A	TCGA-AA-3675	TCGA-COAD	COAD	75	137	mutation_count_proxy_no_callable_territory
TCGA-AA-3678-01A	TCGA-AA-3678	TCGA-COAD	COAD	64	100	mutation_count_proxy_no_callable_territory
TCGA-AA-3679-01A	TCGA-AA-3679	TCGA-COAD	COAD	60	96	mutation_count_proxy_no_callable_territory
TCGA-AA-3680-01A	TCGA-AA-3680	TCGA-COAD	COAD	105	158	mutation_count_proxy_no_callable_territory
TCGA-AA-3681-01A	TCGA-AA-3681	TCGA-COAD	COAD	99	146	mutation_count_proxy_no_callable_territory
TCGA-AA-3684-01A	TCGA-AA-3684	TCGA-COAD	COAD	125	189	mutation_count_proxy_no_callable_territory
TCGA-AA-3685-01A	TCGA-AA-3685	TCGA-COAD	COAD	81	122	mutation_count_proxy_no_callable_territory
TCGA-AA-3688-01A	TCGA-AA-3688	TCGA-COAD	COAD	64	91	mutation_count_proxy_no_callable_territory
TCGA-AA-3692-01A	TCGA-AA-3692	TCGA-COAD	COAD	65	89	mutation_count_proxy_no_callable_territory
TCGA-AA-3693-01A	TCGA-AA-3693	TCGA-COAD	COAD	131	215	mutation_count_proxy_no_callable_territory
TCGA-AA-3695-01A	TCGA-AA-3695	TCGA-COAD	COAD	147	217	mutation_count_proxy_no_callable_territory
TCGA-AA-3696-01A	TCGA-AA-3696	TCGA-COAD	COAD	80	125	mutation_count_proxy_no_callable_territory
TCGA-AA-3697-01A	TCGA-AA-3697	TCGA-COAD	COAD	178	292	mutation_count_proxy_no_callable_territory
TCGA-AA-3712-01A	TCGA-AA-3712	TCGA-COAD	COAD	113	204	mutation_count_proxy_no_callable_territory
TCGA-AA-3713-01A	TCGA-AA-3713	TCGA-COAD	COAD	1011	1559	mutation_count_proxy_no_callable_territory
TCGA-AA-3715-01A	TCGA-AA-3715	TCGA-COAD	COAD	2104	3133	mutation_count_proxy_no_callable_territory
TCGA-AA-3811-01A	TCGA-AA-3811	TCGA-COAD	COAD	1894	2880	mutation_count_proxy_no_callable_territory
TCGA-AA-3812-01A	TCGA-AA-3812	TCGA-COAD	COAD	107	170	mutation_count_proxy_no_callable_territory
TCGA-AA-3814-01A	TCGA-AA-3814	TCGA-COAD	COAD	87	163	mutation_count_proxy_no_callable_territory
TCGA-AA-3815-01A	TCGA-AA-3815	TCGA-COAD	COAD	868	1370	mutation_count_proxy_no_callable_territory
TCGA-AA-3818-01A	TCGA-AA-3818	TCGA-COAD	COAD	136	209	mutation_count_proxy_no_callable_territory
TCGA-AA-3819-01A	TCGA-AA-3819	TCGA-COAD	COAD	176	275	mutation_count_proxy_no_callable_territory
TCGA-AA-3821-01A	TCGA-AA-3821	TCGA-COAD	COAD	787	1267	mutation_count_proxy_no_callable_territory
TCGA-AA-3831-01A	TCGA-AA-3831	TCGA-COAD	COAD	103	161	mutation_count_proxy_no_callable_territory
TCGA-AA-3833-01A	TCGA-AA-3833	TCGA-COAD	COAD	568	908	mutation_count_proxy_no_callable_territory
TCGA-AA-3837-01A	TCGA-AA-3837	TCGA-COAD	COAD	116	189	mutation_count_proxy_no_callable_territory
TCGA-AA-3841-01A	TCGA-AA-3841	TCGA-COAD	COAD	66	112	mutation_count_proxy_no_callable_territory
TCGA-AA-3842-01A	TCGA-AA-3842	TCGA-COAD	COAD	88	138	mutation_count_proxy_no_callable_territory
TCGA-AA-3844-01A	TCGA-AA-3844	TCGA-COAD	COAD	113	165	mutation_count_proxy_no_callable_territory
TCGA-AA-3845-01A	TCGA-AA-3845	TCGA-COAD	COAD	896	1401	mutation_count_proxy_no_callable_territory
TCGA-AA-3846-01A	TCGA-AA-3846	TCGA-COAD	COAD	98	151	mutation_count_proxy_no_callable_territory
TCGA-AA-3848-01A	TCGA-AA-3848	TCGA-COAD	COAD	134	215	mutation_count_proxy_no_callable_territory
TCGA-AA-3850-01A	TCGA-AA-3850	TCGA-COAD	COAD	105	176	mutation_count_proxy_no_callable_territory
TCGA-AA-3851-01A	TCGA-AA-3851	TCGA-COAD	COAD	89	148	mutation_count_proxy_no_callable_territory
TCGA-AA-3852-01A	TCGA-AA-3852	TCGA-COAD	COAD	141	214	mutation_count_proxy_no_callable_territory
TCGA-AA-3854-01A	TCGA-AA-3854	TCGA-COAD	COAD	137	210	mutation_count_proxy_no_callable_territory
TCGA-AA-3855-01A	TCGA-AA-3855	TCGA-COAD	COAD	144	234	mutation_count_proxy_no_callable_territory
TCGA-AA-3856-01A	TCGA-AA-3856	TCGA-COAD	COAD	56	86	mutation_count_proxy_no_callable_territory
TCGA-AA-3858-01A	TCGA-AA-3858	TCGA-COAD	COAD	59	98	mutation_count_proxy_no_callable_territory
TCGA-AA-3860-01A	TCGA-AA-3860	TCGA-COAD	COAD	51	80	mutation_count_proxy_no_callable_territory
TCGA-AA-3861-01A	TCGA-AA-3861	TCGA-COAD	COAD	122	191	mutation_count_proxy_no_callable_territory
TCGA-AA-3862-01A	TCGA-AA-3862	TCGA-COAD	COAD	79	127	mutation_count_proxy_no_callable_territory
TCGA-AA-3864-01A	TCGA-AA-3864	TCGA-COAD	COAD	2427	3840	mutation_count_proxy_no_callable_territory
TCGA-AA-3866-01A	TCGA-AA-3866	TCGA-COAD	COAD	100	149	mutation_count_proxy_no_callable_territory
TCGA-AA-3867-01A	TCGA-AA-3867	TCGA-COAD	COAD	92	128	mutation_count_proxy_no_callable_territory
TCGA-AA-3875-01A	TCGA-AA-3875	TCGA-COAD	COAD	116	164	mutation_count_proxy_no_callable_territory
TCGA-AA-3877-01A	TCGA-AA-3877	TCGA-COAD	COAD	1068	1725	mutation_count_proxy_no_callable_territory
TCGA-AA-3947-01A	TCGA-AA-3947	TCGA-COAD	COAD	2271	3523	mutation_count_proxy_no_callable_territory
TCGA-AA-3949-01A	TCGA-AA-3949	TCGA-COAD	COAD	1156	1805	mutation_count_proxy_no_callable_territory
TCGA-AA-3950-01A	TCGA-AA-3950	TCGA-COAD	COAD	125	221	mutation_count_proxy_no_callable_territory
TCGA-AA-3952-01A	TCGA-AA-3952	TCGA-COAD	COAD	97	155	mutation_count_proxy_no_callable_territory
TCGA-AA-3955-01A	TCGA-AA-3955	TCGA-COAD	COAD	129	194	mutation_count_proxy_no_callable_territory
TCGA-AA-3956-01A	TCGA-AA-3956	TCGA-COAD	COAD	136	204	mutation_count_proxy_no_callable_territory
TCGA-AA-3966-01A	TCGA-AA-3966	TCGA-COAD	COAD	1085	1723	mutation_count_proxy_no_callable_territory
TCGA-AA-3967-01A	TCGA-AA-3967	TCGA-COAD	COAD	160	248	mutation_count_proxy_no_callable_territory
TCGA-AA-3968-01A	TCGA-AA-3968	TCGA-COAD	COAD	135	184	mutation_count_proxy_no_callable_territory
TCGA-AA-3971-01A	TCGA-AA-3971	TCGA-COAD	COAD	78	125	mutation_count_proxy_no_callable_territory
TCGA-AA-3973-01A	TCGA-AA-3973	TCGA-COAD	COAD	84	127	mutation_count_proxy_no_callable_territory
TCGA-AA-3975-01A	TCGA-AA-3975	TCGA-COAD	COAD	142	214	mutation_count_proxy_no_callable_territory
TCGA-AA-3976-01A	TCGA-AA-3976	TCGA-COAD	COAD	84	130	mutation_count_proxy_no_callable_territory
TCGA-AA-3977-01A	TCGA-AA-3977	TCGA-COAD	COAD	3429	4935	mutation_count_proxy_no_callable_territory
TCGA-AA-3979-01A	TCGA-AA-3979	TCGA-COAD	COAD	128	193	mutation_count_proxy_no_callable_territory
TCGA-AA-3980-01A	TCGA-AA-3980	TCGA-COAD	COAD	93	129	mutation_count_proxy_no_callable_territory
TCGA-AA-3982-01A	TCGA-AA-3982	TCGA-COAD	COAD	122	170	mutation_count_proxy_no_callable_territory
TCGA-AA-3984-01A	TCGA-AA-3984	TCGA-COAD	COAD	5079	7648	mutation_count_proxy_no_callable_territory
TCGA-AA-3986-01A	TCGA-AA-3986	TCGA-COAD	COAD	84	138	mutation_count_proxy_no_callable_territory
TCGA-AA-3989-01A	TCGA-AA-3989	TCGA-COAD	COAD	116	165	mutation_count_proxy_no_callable_territory
TCGA-AA-3994-01A	TCGA-AA-3994	TCGA-COAD	COAD	178	276	mutation_count_proxy_no_callable_territory
TCGA-AA-A004-01A	TCGA-AA-A004	TCGA-COAD	COAD	66	100	mutation_count_proxy_no_callable_territory
TCGA-AA-A00N-01A	TCGA-AA-A00N	TCGA-COAD	COAD	4834	7410	mutation_count_proxy_no_callable_territory
TCGA-AA-A00Z-01A	TCGA-AA-A00Z	TCGA-COAD	COAD	14	18	mutation_count_proxy_no_callable_territory
TCGA-AA-A010-01A	TCGA-AA-A010	TCGA-COAD	COAD	7432	11326	mutation_count_proxy_no_callable_territory
TCGA-AA-A017-01A	TCGA-AA-A017	TCGA-COAD	COAD	54	83	mutation_count_proxy_no_callable_territory
TCGA-AA-A01C-01A	TCGA-AA-A01C	TCGA-COAD	COAD	85	113	mutation_count_proxy_no_callable_territory
TCGA-AA-A01I-01A	TCGA-AA-A01I	TCGA-COAD	COAD	102	148	mutation_count_proxy_no_callable_territory
TCGA-AA-A01P-01A	TCGA-AA-A01P	TCGA-COAD	COAD	842	1310	mutation_count_proxy_no_callable_territory
TCGA-AA-A01R-01A	TCGA-AA-A01R	TCGA-COAD	COAD	1607	2630	mutation_count_proxy_no_callable_territory
TCGA-AA-A01S-01A	TCGA-AA-A01S	TCGA-COAD	COAD	49	81	mutation_count_proxy_no_callable_territory
TCGA-AA-A01T-01A	TCGA-AA-A01T	TCGA-COAD	COAD	90	130	mutation_count_proxy_no_callable_territory
TCGA-AA-A01V-01A	TCGA-AA-A01V	TCGA-COAD	COAD	110	166	mutation_count_proxy_no_callable_territory
TCGA-AA-A01X-01A	TCGA-AA-A01X	TCGA-COAD	COAD	64	107	mutation_count_proxy_no_callable_territory
TCGA-AA-A01Z-01A	TCGA-AA-A01Z	TCGA-COAD	COAD	93	127	mutation_count_proxy_no_callable_territory
TCGA-AA-A022-01A	TCGA-AA-A022	TCGA-COAD	COAD	1459	2354	mutation_count_proxy_no_callable_territory
TCGA-AA-A024-01A	TCGA-AA-A024	TCGA-COAD	COAD	77	123	mutation_count_proxy_no_callable_territory
TCGA-AA-A02E-01A	TCGA-AA-A02E	TCGA-COAD	COAD	148	226	mutation_count_proxy_no_callable_territory
TCGA-AA-A02F-01A	TCGA-AA-A02F	TCGA-COAD	COAD	52	94	mutation_count_proxy_no_callable_territory
TCGA-AA-A02H-01A	TCGA-AA-A02H	TCGA-COAD	COAD	73	102	mutation_count_proxy_no_callable_territory
TCGA-AA-A02K-01A	TCGA-AA-A02K	TCGA-COAD	COAD	128	183	mutation_count_proxy_no_callable_territory
TCGA-AA-A02O-01A	TCGA-AA-A02O	TCGA-COAD	COAD	156	227	mutation_count_proxy_no_callable_territory
TCGA-AA-A02R-01A	TCGA-AA-A02R	TCGA-COAD	COAD	1074	1726	mutation_count_proxy_no_callable_territory
TCGA-AA-A02W-01A	TCGA-AA-A02W	TCGA-COAD	COAD	91	134	mutation_count_proxy_no_callable_territory
TCGA-AA-A02Y-01A	TCGA-AA-A02Y	TCGA-COAD	COAD	108	151	mutation_count_proxy_no_callable_territory
TCGA-AA-A03F-01A	TCGA-AA-A03F	TCGA-COAD	COAD	126	185	mutation_count_proxy_no_callable_territory
TCGA-AA-A03J-01A	TCGA-AA-A03J	TCGA-COAD	COAD	76	133	mutation_count_proxy_no_callable_territory
TCGA-AD-5900-01A	TCGA-AD-5900	TCGA-COAD	COAD	1466	2329	mutation_count_proxy_no_callable_territory
TCGA-AD-6548-01A	TCGA-AD-6548	TCGA-COAD	COAD	120	181	mutation_count_proxy_no_callable_territory
TCGA-AD-6888-01A	TCGA-AD-6888	TCGA-COAD	COAD	104	155	mutation_count_proxy_no_callable_territory
TCGA-AD-6889-01A	TCGA-AD-6889	TCGA-COAD	COAD	1693	2638	mutation_count_proxy_no_callable_territory
TCGA-AD-6890-01A	TCGA-AD-6890	TCGA-COAD	COAD	100	157	mutation_count_proxy_no_callable_territory
TCGA-AD-6895-01A	TCGA-AD-6895	TCGA-COAD	COAD	1522	2477	mutation_count_proxy_no_callable_territory
TCGA-AD-6899-01A	TCGA-AD-6899	TCGA-COAD	COAD	135	222	mutation_count_proxy_no_callable_territory
TCGA-AD-6901-01A	TCGA-AD-6901	TCGA-COAD	COAD	222	349	mutation_count_proxy_no_callable_territory
TCGA-AD-6963-01A	TCGA-AD-6963	TCGA-COAD	COAD	73	119	mutation_count_proxy_no_callable_territory
TCGA-AD-6964-01A	TCGA-AD-6964	TCGA-COAD	COAD	1404	2182	mutation_count_proxy_no_callable_territory
TCGA-AD-6965-01A	TCGA-AD-6965	TCGA-COAD	COAD	105	171	mutation_count_proxy_no_callable_territory
TCGA-AD-A5EJ-01A	TCGA-AD-A5EJ	TCGA-COAD	COAD	1426	2226	mutation_count_proxy_no_callable_territory
TCGA-AD-A5EK-01A	TCGA-AD-A5EK	TCGA-COAD	COAD	73	128	mutation_count_proxy_no_callable_territory
TCGA-AM-5820-01A	TCGA-AM-5820	TCGA-COAD	COAD	70	106	mutation_count_proxy_no_callable_territory
TCGA-AM-5821-01A	TCGA-AM-5821	TCGA-COAD	COAD	1205	1898	mutation_count_proxy_no_callable_territory
TCGA-AU-3779-01A	TCGA-AU-3779	TCGA-COAD	COAD	93	143	mutation_count_proxy_no_callable_territory
TCGA-AU-6004-01A	TCGA-AU-6004	TCGA-COAD	COAD	950	1478	mutation_count_proxy_no_callable_territory
TCGA-AY-4070-01A	TCGA-AY-4070	TCGA-COAD	COAD	151	229	mutation_count_proxy_no_callable_territory
TCGA-AY-4071-01A	TCGA-AY-4071	TCGA-COAD	COAD	115	171	mutation_count_proxy_no_callable_territory
TCGA-AY-5543-01A	TCGA-AY-5543	TCGA-COAD	COAD	96	171	mutation_count_proxy_no_callable_territory
TCGA-AY-6196-01A	TCGA-AY-6196	TCGA-COAD	COAD	210	328	mutation_count_proxy_no_callable_territory
TCGA-AY-6197-01A	TCGA-AY-6197	TCGA-COAD	COAD	1047	1645	mutation_count_proxy_no_callable_territory
TCGA-AY-6386-01A	TCGA-AY-6386	TCGA-COAD	COAD	98	159	mutation_count_proxy_no_callable_territory
TCGA-AY-A54L-01A	TCGA-AY-A54L	TCGA-COAD	COAD	139	214	mutation_count_proxy_no_callable_territory
TCGA-AY-A69D-01A	TCGA-AY-A69D	TCGA-COAD	COAD	184	289	mutation_count_proxy_no_callable_territory
TCGA-AY-A71X-01A	TCGA-AY-A71X	TCGA-COAD	COAD	89	125	mutation_count_proxy_no_callable_territory
TCGA-AY-A8YK-01A	TCGA-AY-A8YK	TCGA-COAD	COAD	60	98	mutation_count_proxy_no_callable_territory
TCGA-AZ-4308-01A	TCGA-AZ-4308	TCGA-COAD	COAD	74	98	mutation_count_proxy_no_callable_territory
TCGA-AZ-4315-01A	TCGA-AZ-4315	TCGA-COAD	COAD	6274	9853	mutation_count_proxy_no_callable_territory
TCGA-AZ-4323-01A	TCGA-AZ-4323	TCGA-COAD	COAD	51	81	mutation_count_proxy_no_callable_territory
TCGA-AZ-4614-01A	TCGA-AZ-4614	TCGA-COAD	COAD	176	287	mutation_count_proxy_no_callable_territory
TCGA-AZ-4615-01A	TCGA-AZ-4615	TCGA-COAD	COAD	820	1284	mutation_count_proxy_no_callable_territory
TCGA-AZ-4616-01A	TCGA-AZ-4616	TCGA-COAD	COAD	89	135	mutation_count_proxy_no_callable_territory
TCGA-AZ-4681-01A	TCGA-AZ-4681	TCGA-COAD	COAD	80	116	mutation_count_proxy_no_callable_territory
TCGA-AZ-4682-01B	TCGA-AZ-4682	TCGA-COAD	COAD	71	111	mutation_count_proxy_no_callable_territory
TCGA-AZ-5403-01A	TCGA-AZ-5403	TCGA-COAD	COAD	75	109	mutation_count_proxy_no_callable_territory
TCGA-AZ-5407-01A	TCGA-AZ-5407	TCGA-COAD	COAD	88	135	mutation_count_proxy_no_callable_territory
TCGA-AZ-6598-01A	TCGA-AZ-6598	TCGA-COAD	COAD	2296	3577	mutation_count_proxy_no_callable_territory
TCGA-AZ-6599-01A	TCGA-AZ-6599	TCGA-COAD	COAD	225	435	mutation_count_proxy_no_callable_territory
TCGA-AZ-6600-01A	TCGA-AZ-6600	TCGA-COAD	COAD	124	190	mutation_count_proxy_no_callable_territory
TCGA-AZ-6601-01A	TCGA-AZ-6601	TCGA-COAD	COAD	1836	2956	mutation_count_proxy_no_callable_territory
TCGA-AZ-6603-01A	TCGA-AZ-6603	TCGA-COAD	COAD	73	111	mutation_count_proxy_no_callable_territory
TCGA-AZ-6605-01A	TCGA-AZ-6605	TCGA-COAD	COAD	102	175	mutation_count_proxy_no_callable_territory
TCGA-AZ-6606-01A	TCGA-AZ-6606	TCGA-COAD	COAD	130	213	mutation_count_proxy_no_callable_territory
TCGA-AZ-6607-01A	TCGA-AZ-6607	TCGA-COAD	COAD	68	103	mutation_count_proxy_no_callable_territory
TCGA-AZ-6608-01A	TCGA-AZ-6608	TCGA-COAD	COAD	144	233	mutation_count_proxy_no_callable_territory
TCGA-CA-5254-01A	TCGA-CA-5254	TCGA-COAD	COAD	180	277	mutation_count_proxy_no_callable_territory
TCGA-CA-5255-01A	TCGA-CA-5255	TCGA-COAD	COAD	50	80	mutation_count_proxy_no_callable_territory
TCGA-CA-5256-01A	TCGA-CA-5256	TCGA-COAD	COAD	72	114	mutation_count_proxy_no_callable_territory
TCGA-CA-5796-01A	TCGA-CA-5796	TCGA-COAD	COAD	58	100	mutation_count_proxy_no_callable_territory
TCGA-CA-5797-01A	TCGA-CA-5797	TCGA-COAD	COAD	58	98	mutation_count_proxy_no_callable_territory
TCGA-CA-6715-01A	TCGA-CA-6715	TCGA-COAD	COAD	95	136	mutation_count_proxy_no_callable_territory
TCGA-CA-6716-01A	TCGA-CA-6716	TCGA-COAD	COAD	136	225	mutation_count_proxy_no_callable_territory
TCGA-CA-6717-01A	TCGA-CA-6717	TCGA-COAD	COAD	9516	13582	mutation_count_proxy_no_callable_territory
TCGA-CA-6718-01A	TCGA-CA-6718	TCGA-COAD	COAD	3193	4523	mutation_count_proxy_no_callable_territory
TCGA-CA-6719-01A	TCGA-CA-6719	TCGA-COAD	COAD	114	167	mutation_count_proxy_no_callable_territory
TCGA-CK-4947-01B	TCGA-CK-4947	TCGA-COAD	COAD	88	139	mutation_count_proxy_no_callable_territory
TCGA-CK-4948-01B	TCGA-CK-4948	TCGA-COAD	COAD	98	148	mutation_count_proxy_no_callable_territory
TCGA-CK-4950-01A	TCGA-CK-4950	TCGA-COAD	COAD	153	238	mutation_count_proxy_no_callable_territory
TCGA-CK-4951-01A	TCGA-CK-4951	TCGA-COAD	COAD	4127	6802	mutation_count_proxy_no_callable_territory
TCGA-CK-4952-01A	TCGA-CK-4952	TCGA-COAD	COAD	136	220	mutation_count_proxy_no_callable_territory
TCGA-CK-5912-01A	TCGA-CK-5912	TCGA-COAD	COAD	62	95	mutation_count_proxy_no_callable_territory
TCGA-CK-5913-01A	TCGA-CK-5913	TCGA-COAD	COAD	798	1281	mutation_count_proxy_no_callable_territory
TCGA-CK-5914-01A	TCGA-CK-5914	TCGA-COAD	COAD	129	199	mutation_count_proxy_no_callable_territory
TCGA-CK-5915-01A	TCGA-CK-5915	TCGA-COAD	COAD	81	140	mutation_count_proxy_no_callable_territory
TCGA-CK-5916-01A	TCGA-CK-5916	TCGA-COAD	COAD	1386	2226	mutation_count_proxy_no_callable_territory
TCGA-CK-6746-01A	TCGA-CK-6746	TCGA-COAD	COAD	1188	1836	mutation_count_proxy_no_callable_territory
TCGA-CK-6747-01A	TCGA-CK-6747	TCGA-COAD	COAD	170	244	mutation_count_proxy_no_callable_territory
TCGA-CK-6748-01A	TCGA-CK-6748	TCGA-COAD	COAD	55	99	mutation_count_proxy_no_callable_territory
TCGA-CK-6751-01A	TCGA-CK-6751	TCGA-COAD	COAD	164	240	mutation_count_proxy_no_callable_territory
TCGA-CM-4743-01A	TCGA-CM-4743	TCGA-COAD	COAD	1098	1724	mutation_count_proxy_no_callable_territory
TCGA-CM-4744-01A	TCGA-CM-4744	TCGA-COAD	COAD	141	217	mutation_count_proxy_no_callable_territory
TCGA-CM-4746-01A	TCGA-CM-4746	TCGA-COAD	COAD	711	1132	mutation_count_proxy_no_callable_territory
TCGA-CM-4747-01A	TCGA-CM-4747	TCGA-COAD	COAD	80	146	mutation_count_proxy_no_callable_territory
TCGA-CM-4748-01A	TCGA-CM-4748	TCGA-COAD	COAD	66	99	mutation_count_proxy_no_callable_territory
TCGA-CM-4750-01A	TCGA-CM-4750	TCGA-COAD	COAD	82	123	mutation_count_proxy_no_callable_territory
TCGA-CM-4751-01A	TCGA-CM-4751	TCGA-COAD	COAD	88	133	mutation_count_proxy_no_callable_territory
TCGA-CM-4752-01A	TCGA-CM-4752	TCGA-COAD	COAD	117	185	mutation_count_proxy_no_callable_territory
TCGA-CM-5341-01A	TCGA-CM-5341	TCGA-COAD	COAD	146	217	mutation_count_proxy_no_callable_territory
TCGA-CM-5344-01A	TCGA-CM-5344	TCGA-COAD	COAD	58	108	mutation_count_proxy_no_callable_territory
TCGA-CM-5348-01A	TCGA-CM-5348	TCGA-COAD	COAD	167	266	mutation_count_proxy_no_callable_territory
TCGA-CM-5349-01A	TCGA-CM-5349	TCGA-COAD	COAD	94	156	mutation_count_proxy_no_callable_territory
TCGA-CM-5860-01A	TCGA-CM-5860	TCGA-COAD	COAD	101	166	mutation_count_proxy_no_callable_territory
TCGA-CM-5861-01A	TCGA-CM-5861	TCGA-COAD	COAD	1353	2187	mutation_count_proxy_no_callable_territory
TCGA-CM-5862-01A	TCGA-CM-5862	TCGA-COAD	COAD	85	140	mutation_count_proxy_no_callable_territory
TCGA-CM-5863-01A	TCGA-CM-5863	TCGA-COAD	COAD	60	95	mutation_count_proxy_no_callable_territory
TCGA-CM-5864-01A	TCGA-CM-5864	TCGA-COAD	COAD	172	274	mutation_count_proxy_no_callable_territory
TCGA-CM-5868-01A	TCGA-CM-5868	TCGA-COAD	COAD	78	135	mutation_count_proxy_no_callable_territory
TCGA-CM-6161-01A	TCGA-CM-6161	TCGA-COAD	COAD	77	144	mutation_count_proxy_no_callable_territory
TCGA-CM-6162-01A	TCGA-CM-6162	TCGA-COAD	COAD	991	1564	mutation_count_proxy_no_callable_territory
TCGA-CM-6163-01A	TCGA-CM-6163	TCGA-COAD	COAD	95	144	mutation_count_proxy_no_callable_territory
TCGA-CM-6164-01A	TCGA-CM-6164	TCGA-COAD	COAD	67	104	mutation_count_proxy_no_callable_territory
TCGA-CM-6165-01A	TCGA-CM-6165	TCGA-COAD	COAD	105	164	mutation_count_proxy_no_callable_territory
TCGA-CM-6166-01A	TCGA-CM-6166	TCGA-COAD	COAD	81	123	mutation_count_proxy_no_callable_territory
TCGA-CM-6167-01A	TCGA-CM-6167	TCGA-COAD	COAD	77	112	mutation_count_proxy_no_callable_territory
TCGA-CM-6168-01A	TCGA-CM-6168	TCGA-COAD	COAD	205	319	mutation_count_proxy_no_callable_territory
TCGA-CM-6169-01A	TCGA-CM-6169	TCGA-COAD	COAD	101	143	mutation_count_proxy_no_callable_territory
TCGA-CM-6170-01A	TCGA-CM-6170	TCGA-COAD	COAD	80	136	mutation_count_proxy_no_callable_territory
TCGA-CM-6171-01A	TCGA-CM-6171	TCGA-COAD	COAD	1153	1820	mutation_count_proxy_no_callable_territory
TCGA-CM-6172-01A	TCGA-CM-6172	TCGA-COAD	COAD	83	148	mutation_count_proxy_no_callable_territory
TCGA-CM-6674-01A	TCGA-CM-6674	TCGA-COAD	COAD	835	1306	mutation_count_proxy_no_callable_territory
TCGA-CM-6675-01A	TCGA-CM-6675	TCGA-COAD	COAD	80	136	mutation_count_proxy_no_callable_territory
TCGA-CM-6676-01A	TCGA-CM-6676	TCGA-COAD	COAD	96	150	mutation_count_proxy_no_callable_territory
TCGA-CM-6677-01A	TCGA-CM-6677	TCGA-COAD	COAD	133	196	mutation_count_proxy_no_callable_territory
TCGA-CM-6678-01A	TCGA-CM-6678	TCGA-COAD	COAD	124	191	mutation_count_proxy_no_callable_territory
TCGA-CM-6679-01A	TCGA-CM-6679	TCGA-COAD	COAD	71	112	mutation_count_proxy_no_callable_territory
TCGA-CM-6680-01A	TCGA-CM-6680	TCGA-COAD	COAD	82	133	mutation_count_proxy_no_callable_territory
TCGA-D5-5537-01A	TCGA-D5-5537	TCGA-COAD	COAD	95	151	mutation_count_proxy_no_callable_territory
TCGA-D5-5538-01A	TCGA-D5-5538	TCGA-COAD	COAD	103	171	mutation_count_proxy_no_callable_territory
TCGA-D5-5539-01A	TCGA-D5-5539	TCGA-COAD	COAD	91	153	mutation_count_proxy_no_callable_territory
TCGA-D5-5540-01A	TCGA-D5-5540	TCGA-COAD	COAD	109	182	mutation_count_proxy_no_callable_territory
TCGA-D5-5541-01A	TCGA-D5-5541	TCGA-COAD	COAD	60	95	mutation_count_proxy_no_callable_territory
TCGA-D5-6529-01A	TCGA-D5-6529	TCGA-COAD	COAD	95	156	mutation_count_proxy_no_callable_territory
TCGA-D5-6530-01A	TCGA-D5-6530	TCGA-COAD	COAD	1046	1674	mutation_count_proxy_no_callable_territory
TCGA-D5-6531-01A	TCGA-D5-6531	TCGA-COAD	COAD	168	266	mutation_count_proxy_no_callable_territory
TCGA-D5-6532-01A	TCGA-D5-6532	TCGA-COAD	COAD	94	172	mutation_count_proxy_no_callable_territory
TCGA-D5-6533-01A	TCGA-D5-6533	TCGA-COAD	COAD	142	235	mutation_count_proxy_no_callable_territory
TCGA-D5-6534-01A	TCGA-D5-6534	TCGA-COAD	COAD	148	219	mutation_count_proxy_no_callable_territory
TCGA-D5-6535-01A	TCGA-D5-6535	TCGA-COAD	COAD	154	239	mutation_count_proxy_no_callable_territory
TCGA-D5-6536-01A	TCGA-D5-6536	TCGA-COAD	COAD	105	149	mutation_count_proxy_no_callable_territory
TCGA-D5-6537-01A	TCGA-D5-6537	TCGA-COAD	COAD	101	149	mutation_count_proxy_no_callable_territory
TCGA-D5-6538-01A	TCGA-D5-6538	TCGA-COAD	COAD	116	191	mutation_count_proxy_no_callable_territory
TCGA-D5-6539-01A	TCGA-D5-6539	TCGA-COAD	COAD	95	132	mutation_count_proxy_no_callable_territory
TCGA-D5-6540-01A	TCGA-D5-6540	TCGA-COAD	COAD	1190	1881	mutation_count_proxy_no_callable_territory
TCGA-D5-6541-01A	TCGA-D5-6541	TCGA-COAD	COAD	84	124	mutation_count_proxy_no_callable_territory
TCGA-D5-6898-01A	TCGA-D5-6898	TCGA-COAD	COAD	71	104	mutation_count_proxy_no_callable_territory
TCGA-D5-6920-01A	TCGA-D5-6920	TCGA-COAD	COAD	107	158	mutation_count_proxy_no_callable_territory
TCGA-D5-6922-01A	TCGA-D5-6922	TCGA-COAD	COAD	96	157	mutation_count_proxy_no_callable_territory
TCGA-D5-6924-01A	TCGA-D5-6924	TCGA-COAD	COAD	143	210	mutation_count_proxy_no_callable_territory
TCGA-D5-6926-01A	TCGA-D5-6926	TCGA-COAD	COAD	101	168	mutation_count_proxy_no_callable_territory
TCGA-D5-6927-01A	TCGA-D5-6927	TCGA-COAD	COAD	656	1013	mutation_count_proxy_no_callable_territory
TCGA-D5-6928-01A	TCGA-D5-6928	TCGA-COAD	COAD	1601	2431	mutation_count_proxy_no_callable_territory
TCGA-D5-6929-01A	TCGA-D5-6929	TCGA-COAD	COAD	106	175	mutation_count_proxy_no_callable_territory
TCGA-D5-6930-01A	TCGA-D5-6930	TCGA-COAD	COAD	1209	1872	mutation_count_proxy_no_callable_territory
TCGA-D5-6931-01A	TCGA-D5-6931	TCGA-COAD	COAD	277	425	mutation_count_proxy_no_callable_territory
TCGA-D5-6932-01A	TCGA-D5-6932	TCGA-COAD	COAD	120	184	mutation_count_proxy_no_callable_territory
TCGA-D5-7000-01A	TCGA-D5-7000	TCGA-COAD	COAD	102	158	mutation_count_proxy_no_callable_territory
TCGA-DM-A0X9-01A	TCGA-DM-A0X9	TCGA-COAD	COAD	168	247	mutation_count_proxy_no_callable_territory
TCGA-DM-A0XD-01A	TCGA-DM-A0XD	TCGA-COAD	COAD	152	242	mutation_count_proxy_no_callable_territory
TCGA-DM-A0XF-01A	TCGA-DM-A0XF	TCGA-COAD	COAD	111	181	mutation_count_proxy_no_callable_territory
TCGA-DM-A1D0-01A	TCGA-DM-A1D0	TCGA-COAD	COAD	94	161	mutation_count_proxy_no_callable_territory
TCGA-DM-A1D4-01A	TCGA-DM-A1D4	TCGA-COAD	COAD	162	247	mutation_count_proxy_no_callable_territory
TCGA-DM-A1D6-01A	TCGA-DM-A1D6	TCGA-COAD	COAD	91	161	mutation_count_proxy_no_callable_territory
TCGA-DM-A1D7-01A	TCGA-DM-A1D7	TCGA-COAD	COAD	124	201	mutation_count_proxy_no_callable_territory
TCGA-DM-A1D8-01A	TCGA-DM-A1D8	TCGA-COAD	COAD	142	234	mutation_count_proxy_no_callable_territory
TCGA-DM-A1D9-01A	TCGA-DM-A1D9	TCGA-COAD	COAD	119	198	mutation_count_proxy_no_callable_territory
TCGA-DM-A1DA-01A	TCGA-DM-A1DA	TCGA-COAD	COAD	252	383	mutation_count_proxy_no_callable_territory
TCGA-DM-A1DB-01A	TCGA-DM-A1DB	TCGA-COAD	COAD	64	106	mutation_count_proxy_no_callable_territory
TCGA-DM-A1HA-01A	TCGA-DM-A1HA	TCGA-COAD	COAD	133	199	mutation_count_proxy_no_callable_territory
TCGA-DM-A1HB-01A	TCGA-DM-A1HB	TCGA-COAD	COAD	1105	1805	mutation_count_proxy_no_callable_territory
TCGA-DM-A280-01A	TCGA-DM-A280	TCGA-COAD	COAD	121	189	mutation_count_proxy_no_callable_territory
TCGA-DM-A282-01A	TCGA-DM-A282	TCGA-COAD	COAD	92	149	mutation_count_proxy_no_callable_territory
TCGA-DM-A285-01A	TCGA-DM-A285	TCGA-COAD	COAD	169	252	mutation_count_proxy_no_callable_territory
TCGA-DM-A288-01A	TCGA-DM-A288	TCGA-COAD	COAD	73	136	mutation_count_proxy_no_callable_territory
TCGA-DM-A28A-01A	TCGA-DM-A28A	TCGA-COAD	COAD	129	202	mutation_count_proxy_no_callable_territory
TCGA-DM-A28C-01A	TCGA-DM-A28C	TCGA-COAD	COAD	99	150	mutation_count_proxy_no_callable_territory
TCGA-DM-A28E-01A	TCGA-DM-A28E	TCGA-COAD	COAD	87	134	mutation_count_proxy_no_callable_territory
TCGA-DM-A28F-01A	TCGA-DM-A28F	TCGA-COAD	COAD	224	353	mutation_count_proxy_no_callable_territory
TCGA-DM-A28G-01A	TCGA-DM-A28G	TCGA-COAD	COAD	108	176	mutation_count_proxy_no_callable_territory
TCGA-DM-A28H-01A	TCGA-DM-A28H	TCGA-COAD	COAD	120	181	mutation_count_proxy_no_callable_territory
TCGA-DM-A28K-01A	TCGA-DM-A28K	TCGA-COAD	COAD	100	157	mutation_count_proxy_no_callable_territory
TCGA-DM-A28M-01A	TCGA-DM-A28M	TCGA-COAD	COAD	98	146	mutation_count_proxy_no_callable_territory
TCGA-F4-6459-01A	TCGA-F4-6459	TCGA-COAD	COAD	122	189	mutation_count_proxy_no_callable_territory
TCGA-F4-6460-01A	TCGA-F4-6460	TCGA-COAD	COAD	125	211	mutation_count_proxy_no_callable_territory
TCGA-F4-6461-01A	TCGA-F4-6461	TCGA-COAD	COAD	135	202	mutation_count_proxy_no_callable_territory
TCGA-F4-6463-01A	TCGA-F4-6463	TCGA-COAD	COAD	69	104	mutation_count_proxy_no_callable_territory
TCGA-F4-6569-01A	TCGA-F4-6569	TCGA-COAD	COAD	117	166	mutation_count_proxy_no_callable_territory
TCGA-F4-6570-01A	TCGA-F4-6570	TCGA-COAD	COAD	1627	2476	mutation_count_proxy_no_callable_territory
TCGA-F4-6703-01A	TCGA-F4-6703	TCGA-COAD	COAD	530	763	mutation_count_proxy_no_callable_territory
TCGA-F4-6704-01A	TCGA-F4-6704	TCGA-COAD	COAD	78	106	mutation_count_proxy_no_callable_territory
TCGA-F4-6805-01A	TCGA-F4-6805	TCGA-COAD	COAD	68	104	mutation_count_proxy_no_callable_territory
TCGA-F4-6806-01A	TCGA-F4-6806	TCGA-COAD	COAD	101	160	mutation_count_proxy_no_callable_territory
TCGA-F4-6807-01A	TCGA-F4-6807	TCGA-COAD	COAD	154	233	mutation_count_proxy_no_callable_territory
TCGA-F4-6808-01A	TCGA-F4-6808	TCGA-COAD	COAD	123	194	mutation_count_proxy_no_callable_territory
TCGA-F4-6809-01A	TCGA-F4-6809	TCGA-COAD	COAD	148	220	mutation_count_proxy_no_callable_territory
TCGA-F4-6854-01A	TCGA-F4-6854	TCGA-COAD	COAD	114	158	mutation_count_proxy_no_callable_territory
TCGA-F4-6855-01A	TCGA-F4-6855	TCGA-COAD	COAD	94	159	mutation_count_proxy_no_callable_territory
TCGA-F4-6856-01A	TCGA-F4-6856	TCGA-COAD	COAD	963	1517	mutation_count_proxy_no_callable_territory
TCGA-G4-6293-01A	TCGA-G4-6293	TCGA-COAD	COAD	102	168	mutation_count_proxy_no_callable_territory
TCGA-G4-6294-01A	TCGA-G4-6294	TCGA-COAD	COAD	146	214	mutation_count_proxy_no_callable_territory
TCGA-G4-6295-01A	TCGA-G4-6295	TCGA-COAD	COAD	191	311	mutation_count_proxy_no_callable_territory
TCGA-G4-6297-01A	TCGA-G4-6297	TCGA-COAD	COAD	162	249	mutation_count_proxy_no_callable_territory
TCGA-G4-6298-01A	TCGA-G4-6298	TCGA-COAD	COAD	156	238	mutation_count_proxy_no_callable_territory
TCGA-G4-6299-01A	TCGA-G4-6299	TCGA-COAD	COAD	158	232	mutation_count_proxy_no_callable_territory
TCGA-G4-6302-01A	TCGA-G4-6302	TCGA-COAD	COAD	1780	2635	mutation_count_proxy_no_callable_territory
TCGA-G4-6303-01A	TCGA-G4-6303	TCGA-COAD	COAD	83	140	mutation_count_proxy_no_callable_territory
TCGA-G4-6304-01A	TCGA-G4-6304	TCGA-COAD	COAD	917	1403	mutation_count_proxy_no_callable_territory
TCGA-G4-6306-01A	TCGA-G4-6306	TCGA-COAD	COAD	106	159	mutation_count_proxy_no_callable_territory
TCGA-G4-6307-01A	TCGA-G4-6307	TCGA-COAD	COAD	71	116	mutation_count_proxy_no_callable_territory
TCGA-G4-6309-01A	TCGA-G4-6309	TCGA-COAD	COAD	801	1196	mutation_count_proxy_no_callable_territory
TCGA-G4-6310-01A	TCGA-G4-6310	TCGA-COAD	COAD	99	167	mutation_count_proxy_no_callable_territory
TCGA-G4-6311-01A	TCGA-G4-6311	TCGA-COAD	COAD	240	401	mutation_count_proxy_no_callable_territory
TCGA-G4-6314-01A	TCGA-G4-6314	TCGA-COAD	COAD	254	376	mutation_count_proxy_no_callable_territory
TCGA-G4-6315-01A	TCGA-G4-6315	TCGA-COAD	COAD	131	207	mutation_count_proxy_no_callable_territory
TCGA-G4-6317-01A	TCGA-G4-6317	TCGA-COAD	COAD	85	148	mutation_count_proxy_no_callable_territory
TCGA-G4-6317-02A	TCGA-G4-6317	TCGA-COAD	COAD	120	199	mutation_count_proxy_no_callable_territory
TCGA-G4-6320-01A	TCGA-G4-6320	TCGA-COAD	COAD	1951	3164	mutation_count_proxy_no_callable_territory
TCGA-G4-6321-01A	TCGA-G4-6321	TCGA-COAD	COAD	72	106	mutation_count_proxy_no_callable_territory
TCGA-G4-6322-01A	TCGA-G4-6322	TCGA-COAD	COAD	160	264	mutation_count_proxy_no_callable_territory
TCGA-G4-6323-01A	TCGA-G4-6323	TCGA-COAD	COAD	90	143	mutation_count_proxy_no_callable_territory
TCGA-G4-6586-01A	TCGA-G4-6586	TCGA-COAD	COAD	1100	1711	mutation_count_proxy_no_callable_territory
TCGA-G4-6588-01A	TCGA-G4-6588	TCGA-COAD	COAD	1938	3139	mutation_count_proxy_no_callable_territory
TCGA-G4-6625-01A	TCGA-G4-6625	TCGA-COAD	COAD	109	170	mutation_count_proxy_no_callable_territory
TCGA-G4-6626-01A	TCGA-G4-6626	TCGA-COAD	COAD	118	200	mutation_count_proxy_no_callable_territory
TCGA-G4-6627-01A	TCGA-G4-6627	TCGA-COAD	COAD	97	137	mutation_count_proxy_no_callable_territory
TCGA-G4-6628-01A	TCGA-G4-6628	TCGA-COAD	COAD	1857	2881	mutation_count_proxy_no_callable_territory
TCGA-NH-A50T-01A	TCGA-NH-A50T	TCGA-COAD	COAD	120	172	mutation_count_proxy_no_callable_territory
TCGA-NH-A50U-01A	TCGA-NH-A50U	TCGA-COAD	COAD	84	128	mutation_count_proxy_no_callable_territory
TCGA-NH-A50V-01A	TCGA-NH-A50V	TCGA-COAD	COAD	145	233	mutation_count_proxy_no_callable_territory
TCGA-NH-A5IV-01A	TCGA-NH-A5IV	TCGA-COAD	COAD	2366	3850	mutation_count_proxy_no_callable_territory
TCGA-NH-A6GA-01A	TCGA-NH-A6GA	TCGA-COAD	COAD	84	137	mutation_count_proxy_no_callable_territory
TCGA-NH-A6GB-01A	TCGA-NH-A6GB	TCGA-COAD	COAD	146	251	mutation_count_proxy_no_callable_territory
TCGA-NH-A6GC-01A	TCGA-NH-A6GC	TCGA-COAD	COAD	115	172	mutation_count_proxy_no_callable_territory
TCGA-NH-A8F7-01A	TCGA-NH-A8F7	TCGA-COAD	COAD	118	179	mutation_count_proxy_no_callable_territory
TCGA-NH-A8F7-06A	TCGA-NH-A8F7	TCGA-COAD	COAD	94	167	mutation_count_proxy_no_callable_territory
TCGA-NH-A8F8-01A	TCGA-NH-A8F8	TCGA-COAD	COAD	102	169	mutation_count_proxy_no_callable_territory
TCGA-QG-A5YV-01A	TCGA-QG-A5YV	TCGA-COAD	COAD	162	240	mutation_count_proxy_no_callable_territory
TCGA-QG-A5YW-01A	TCGA-QG-A5YW	TCGA-COAD	COAD	146	215	mutation_count_proxy_no_callable_territory
TCGA-QG-A5YX-01A	TCGA-QG-A5YX	TCGA-COAD	COAD	79	130	mutation_count_proxy_no_callable_territory
TCGA-QG-A5Z1-01A	TCGA-QG-A5Z1	TCGA-COAD	COAD	94	142	mutation_count_proxy_no_callable_territory
TCGA-QG-A5Z2-01A	TCGA-QG-A5Z2	TCGA-COAD	COAD	1022	1573	mutation_count_proxy_no_callable_territory
TCGA-QL-A97D-01A	TCGA-QL-A97D	TCGA-COAD	COAD	210	344	mutation_count_proxy_no_callable_territory
TCGA-RU-A8FL-01A	TCGA-RU-A8FL	TCGA-COAD	COAD	124	218	mutation_count_proxy_no_callable_territory
TCGA-SS-A7HO-01A	TCGA-SS-A7HO	TCGA-COAD	COAD	145	230	mutation_count_proxy_no_callable_territory
TCGA-T9-A92H-01A	TCGA-T9-A92H	TCGA-COAD	COAD	158	272	mutation_count_proxy_no_callable_territory
TCGA-WS-AB45-01A	TCGA-WS-AB45	TCGA-COAD	COAD	2499	3943	mutation_count_proxy_no_callable_territory
TCGA-FA-8693-01A	TCGA-FA-8693	TCGA-DLBC	DLBC	170	246	mutation_count_proxy_no_callable_territory
TCGA-FA-A4BB-01A	TCGA-FA-A4BB	TCGA-DLBC	DLBC	92	176	mutation_count_proxy_no_callable_territory
TCGA-FA-A4XK-01A	TCGA-FA-A4XK	TCGA-DLBC	DLBC	87	141	mutation_count_proxy_no_callable_territory
TCGA-FA-A6HN-01A	TCGA-FA-A6HN	TCGA-DLBC	DLBC	162	292	mutation_count_proxy_no_callable_territory
TCGA-FA-A6HO-01A	TCGA-FA-A6HO	TCGA-DLBC	DLBC	56	87	mutation_count_proxy_no_callable_territory
TCGA-FA-A7DS-01A	TCGA-FA-A7DS	TCGA-DLBC	DLBC	108	174	mutation_count_proxy_no_callable_territory
TCGA-FA-A7Q1-01A	TCGA-FA-A7Q1	TCGA-DLBC	DLBC	160	284	mutation_count_proxy_no_callable_territory
TCGA-FA-A82F-01A	TCGA-FA-A82F	TCGA-DLBC	DLBC	155	241	mutation_count_proxy_no_callable_territory
TCGA-FA-A86F-01A	TCGA-FA-A86F	TCGA-DLBC	DLBC	106	164	mutation_count_proxy_no_callable_territory
TCGA-FF-8041-01A	TCGA-FF-8041	TCGA-DLBC	DLBC	175	284	mutation_count_proxy_no_callable_territory
TCGA-FF-8042-01A	TCGA-FF-8042	TCGA-DLBC	DLBC	234	348	mutation_count_proxy_no_callable_territory
TCGA-FF-8043-01A	TCGA-FF-8043	TCGA-DLBC	DLBC	97	149	mutation_count_proxy_no_callable_territory
TCGA-FF-8046-01A	TCGA-FF-8046	TCGA-DLBC	DLBC	68	104	mutation_count_proxy_no_callable_territory
TCGA-FF-8047-01A	TCGA-FF-8047	TCGA-DLBC	DLBC	113	172	mutation_count_proxy_no_callable_territory
TCGA-FF-8061-01A	TCGA-FF-8061	TCGA-DLBC	DLBC	132	194	mutation_count_proxy_no_callable_territory
TCGA-FF-A7CQ-01A	TCGA-FF-A7CQ	TCGA-DLBC	DLBC	141	218	mutation_count_proxy_no_callable_territory
TCGA-FF-A7CR-01A	TCGA-FF-A7CR	TCGA-DLBC	DLBC	189	325	mutation_count_proxy_no_callable_territory
TCGA-FF-A7CW-01A	TCGA-FF-A7CW	TCGA-DLBC	DLBC	49	70	mutation_count_proxy_no_callable_territory
TCGA-FF-A7CX-01A	TCGA-FF-A7CX	TCGA-DLBC	DLBC	113	180	mutation_count_proxy_no_callable_territory
TCGA-GR-A4D4-01A	TCGA-GR-A4D4	TCGA-DLBC	DLBC	91	140	mutation_count_proxy_no_callable_territory
TCGA-GR-A4D5-01A	TCGA-GR-A4D5	TCGA-DLBC	DLBC	54	86	mutation_count_proxy_no_callable_territory
TCGA-GR-A4D6-01A	TCGA-GR-A4D6	TCGA-DLBC	DLBC	47	83	mutation_count_proxy_no_callable_territory
TCGA-GR-A4D9-01B	TCGA-GR-A4D9	TCGA-DLBC	DLBC	73	110	mutation_count_proxy_no_callable_territory
TCGA-GS-A9TQ-01A	TCGA-GS-A9TQ	TCGA-DLBC	DLBC	169	273	mutation_count_proxy_no_callable_territory
TCGA-GS-A9TT-01A	TCGA-GS-A9TT	TCGA-DLBC	DLBC	226	382	mutation_count_proxy_no_callable_territory
TCGA-GS-A9TU-01A	TCGA-GS-A9TU	TCGA-DLBC	DLBC	58	96	mutation_count_proxy_no_callable_territory
TCGA-GS-A9TV-01A	TCGA-GS-A9TV	TCGA-DLBC	DLBC	84	133	mutation_count_proxy_no_callable_territory
TCGA-GS-A9TW-01A	TCGA-GS-A9TW	TCGA-DLBC	DLBC	284	478	mutation_count_proxy_no_callable_territory
TCGA-GS-A9TX-01A	TCGA-GS-A9TX	TCGA-DLBC	DLBC	67	120	mutation_count_proxy_no_callable_territory
TCGA-GS-A9TY-01A	TCGA-GS-A9TY	TCGA-DLBC	DLBC	153	238	mutation_count_proxy_no_callable_territory
TCGA-GS-A9TZ-01A	TCGA-GS-A9TZ	TCGA-DLBC	DLBC	380	652	mutation_count_proxy_no_callable_territory
TCGA-GS-A9U3-01A	TCGA-GS-A9U3	TCGA-DLBC	DLBC	81	119	mutation_count_proxy_no_callable_territory
TCGA-GS-A9U4-01A	TCGA-GS-A9U4	TCGA-DLBC	DLBC	31	50	mutation_count_proxy_no_callable_territory
TCGA-RQ-A68N-01A	TCGA-RQ-A68N	TCGA-DLBC	DLBC	189	308	mutation_count_proxy_no_callable_territory
TCGA-RQ-A6JB-01A	TCGA-RQ-A6JB	TCGA-DLBC	DLBC	99	147	mutation_count_proxy_no_callable_territory
TCGA-RQ-AAAT-01A	TCGA-RQ-AAAT	TCGA-DLBC	DLBC	170	273	mutation_count_proxy_no_callable_territory
TCGA-VB-A8QN-01A	TCGA-VB-A8QN	TCGA-DLBC	DLBC	140	247	mutation_count_proxy_no_callable_territory
TCGA-2H-A9GF-01A	TCGA-2H-A9GF	TCGA-ESCA	ESCA	246	440	mutation_count_proxy_no_callable_territory
TCGA-2H-A9GH-01A	TCGA-2H-A9GH	TCGA-ESCA	ESCA	102	183	mutation_count_proxy_no_callable_territory
TCGA-2H-A9GI-01A	TCGA-2H-A9GI	TCGA-ESCA	ESCA	171	320	mutation_count_proxy_no_callable_territory
TCGA-2H-A9GJ-01A	TCGA-2H-A9GJ	TCGA-ESCA	ESCA	91	177	mutation_count_proxy_no_callable_territory
TCGA-2H-A9GK-01A	TCGA-2H-A9GK	TCGA-ESCA	ESCA	160	315	mutation_count_proxy_no_callable_territory
TCGA-2H-A9GL-01A	TCGA-2H-A9GL	TCGA-ESCA	ESCA	190	338	mutation_count_proxy_no_callable_territory
TCGA-2H-A9GM-01A	TCGA-2H-A9GM	TCGA-ESCA	ESCA	101	182	mutation_count_proxy_no_callable_territory
TCGA-2H-A9GN-01A	TCGA-2H-A9GN	TCGA-ESCA	ESCA	103	196	mutation_count_proxy_no_callable_territory
TCGA-2H-A9GO-01A	TCGA-2H-A9GO	TCGA-ESCA	ESCA	123	222	mutation_count_proxy_no_callable_territory
TCGA-2H-A9GQ-01A	TCGA-2H-A9GQ	TCGA-ESCA	ESCA	115	234	mutation_count_proxy_no_callable_territory
TCGA-2H-A9GR-01A	TCGA-2H-A9GR	TCGA-ESCA	ESCA	298	531	mutation_count_proxy_no_callable_territory
TCGA-IC-A6RE-01A	TCGA-IC-A6RE	TCGA-ESCA	ESCA	853	1515	mutation_count_proxy_no_callable_territory
TCGA-IC-A6RF-01A	TCGA-IC-A6RF	TCGA-ESCA	ESCA	163	318	mutation_count_proxy_no_callable_territory
TCGA-IG-A3I8-01A	TCGA-IG-A3I8	TCGA-ESCA	ESCA	190	324	mutation_count_proxy_no_callable_territory
TCGA-IG-A3QL-01A	TCGA-IG-A3QL	TCGA-ESCA	ESCA	82	165	mutation_count_proxy_no_callable_territory
TCGA-IG-A3Y9-01A	TCGA-IG-A3Y9	TCGA-ESCA	ESCA	194	360	mutation_count_proxy_no_callable_territory
TCGA-IG-A3YA-01A	TCGA-IG-A3YA	TCGA-ESCA	ESCA	75	131	mutation_count_proxy_no_callable_territory
TCGA-IG-A3YB-01A	TCGA-IG-A3YB	TCGA-ESCA	ESCA	71	132	mutation_count_proxy_no_callable_territory
TCGA-IG-A3YC-01A	TCGA-IG-A3YC	TCGA-ESCA	ESCA	49	79	mutation_count_proxy_no_callable_territory
TCGA-IG-A4P3-01A	TCGA-IG-A4P3	TCGA-ESCA	ESCA	218	372	mutation_count_proxy_no_callable_territory
TCGA-IG-A4QS-01A	TCGA-IG-A4QS	TCGA-ESCA	ESCA	211	341	mutation_count_proxy_no_callable_territory
TCGA-IG-A4QT-01A	TCGA-IG-A4QT	TCGA-ESCA	ESCA	1	8	mutation_count_proxy_no_callable_territory
TCGA-IG-A50L-01A	TCGA-IG-A50L	TCGA-ESCA	ESCA	106	171	mutation_count_proxy_no_callable_territory
TCGA-IG-A51D-01A	TCGA-IG-A51D	TCGA-ESCA	ESCA	124	222	mutation_count_proxy_no_callable_territory
TCGA-IG-A5B8-01A	TCGA-IG-A5B8	TCGA-ESCA	ESCA	230	450	mutation_count_proxy_no_callable_territory
TCGA-IG-A5S3-01A	TCGA-IG-A5S3	TCGA-ESCA	ESCA	61	122	mutation_count_proxy_no_callable_territory
TCGA-IG-A625-01A	TCGA-IG-A625	TCGA-ESCA	ESCA	53	103	mutation_count_proxy_no_callable_territory
TCGA-IG-A6QS-01A	TCGA-IG-A6QS	TCGA-ESCA	ESCA	54	105	mutation_count_proxy_no_callable_territory
TCGA-IG-A7DP-01A	TCGA-IG-A7DP	TCGA-ESCA	ESCA	10	16	mutation_count_proxy_no_callable_territory
TCGA-IG-A8O2-01A	TCGA-IG-A8O2	TCGA-ESCA	ESCA	118	235	mutation_count_proxy_no_callable_territory
TCGA-IG-A97H-01A	TCGA-IG-A97H	TCGA-ESCA	ESCA	87	162	mutation_count_proxy_no_callable_territory
TCGA-IG-A97I-01A	TCGA-IG-A97I	TCGA-ESCA	ESCA	102	196	mutation_count_proxy_no_callable_territory
TCGA-JY-A6F8-01A	TCGA-JY-A6F8	TCGA-ESCA	ESCA	93	194	mutation_count_proxy_no_callable_territory
TCGA-JY-A6FA-01A	TCGA-JY-A6FA	TCGA-ESCA	ESCA	105	198	mutation_count_proxy_no_callable_territory
TCGA-JY-A6FB-01A	TCGA-JY-A6FB	TCGA-ESCA	ESCA	79	157	mutation_count_proxy_no_callable_territory
TCGA-JY-A6FD-01A	TCGA-JY-A6FD	TCGA-ESCA	ESCA	120	215	mutation_count_proxy_no_callable_territory
TCGA-JY-A6FE-01A	TCGA-JY-A6FE	TCGA-ESCA	ESCA	57	116	mutation_count_proxy_no_callable_territory
TCGA-JY-A6FG-01A	TCGA-JY-A6FG	TCGA-ESCA	ESCA	203	361	mutation_count_proxy_no_callable_territory
TCGA-JY-A6FH-01A	TCGA-JY-A6FH	TCGA-ESCA	ESCA	117	207	mutation_count_proxy_no_callable_territory
TCGA-JY-A938-01A	TCGA-JY-A938	TCGA-ESCA	ESCA	125	220	mutation_count_proxy_no_callable_territory
TCGA-JY-A939-01A	TCGA-JY-A939	TCGA-ESCA	ESCA	52	101	mutation_count_proxy_no_callable_territory
TCGA-JY-A93C-01A	TCGA-JY-A93C	TCGA-ESCA	ESCA	84	165	mutation_count_proxy_no_callable_territory
TCGA-JY-A93D-01A	TCGA-JY-A93D	TCGA-ESCA	ESCA	92	157	mutation_count_proxy_no_callable_territory
TCGA-JY-A93E-01A	TCGA-JY-A93E	TCGA-ESCA	ESCA	168	298	mutation_count_proxy_no_callable_territory
TCGA-JY-A93F-01A	TCGA-JY-A93F	TCGA-ESCA	ESCA	85	165	mutation_count_proxy_no_callable_territory
TCGA-KH-A6WC-01A	TCGA-KH-A6WC	TCGA-ESCA	ESCA	24	38	mutation_count_proxy_no_callable_territory
TCGA-L5-A43C-01A	TCGA-L5-A43C	TCGA-ESCA	ESCA	129	217	mutation_count_proxy_no_callable_territory
TCGA-L5-A43E-01A	TCGA-L5-A43E	TCGA-ESCA	ESCA	270	461	mutation_count_proxy_no_callable_territory
TCGA-L5-A43H-01A	TCGA-L5-A43H	TCGA-ESCA	ESCA	83	125	mutation_count_proxy_no_callable_territory
TCGA-L5-A43I-01A	TCGA-L5-A43I	TCGA-ESCA	ESCA	173	328	mutation_count_proxy_no_callable_territory
TCGA-L5-A43J-01A	TCGA-L5-A43J	TCGA-ESCA	ESCA	698	1355	mutation_count_proxy_no_callable_territory
TCGA-L5-A43M-01A	TCGA-L5-A43M	TCGA-ESCA	ESCA	45	74	mutation_count_proxy_no_callable_territory
TCGA-L5-A4OE-01A	TCGA-L5-A4OE	TCGA-ESCA	ESCA	264	486	mutation_count_proxy_no_callable_territory
TCGA-L5-A4OF-01A	TCGA-L5-A4OF	TCGA-ESCA	ESCA	72	116	mutation_count_proxy_no_callable_territory
TCGA-L5-A4OG-01A	TCGA-L5-A4OG	TCGA-ESCA	ESCA	152	248	mutation_count_proxy_no_callable_territory
TCGA-L5-A4OH-01A	TCGA-L5-A4OH	TCGA-ESCA	ESCA	158	251	mutation_count_proxy_no_callable_territory
TCGA-L5-A4OI-01A	TCGA-L5-A4OI	TCGA-ESCA	ESCA	1702	3307	mutation_count_proxy_no_callable_territory
TCGA-L5-A4OJ-01A	TCGA-L5-A4OJ	TCGA-ESCA	ESCA	229	390	mutation_count_proxy_no_callable_territory
TCGA-L5-A4OM-01A	TCGA-L5-A4OM	TCGA-ESCA	ESCA	59	106	mutation_count_proxy_no_callable_territory
TCGA-L5-A4ON-01A	TCGA-L5-A4ON	TCGA-ESCA	ESCA	133	248	mutation_count_proxy_no_callable_territory
TCGA-L5-A4OO-01A	TCGA-L5-A4OO	TCGA-ESCA	ESCA	92	167	mutation_count_proxy_no_callable_territory
TCGA-L5-A4OP-01A	TCGA-L5-A4OP	TCGA-ESCA	ESCA	99	162	mutation_count_proxy_no_callable_territory
TCGA-L5-A4OQ-01A	TCGA-L5-A4OQ	TCGA-ESCA	ESCA	54	100	mutation_count_proxy_no_callable_territory
TCGA-L5-A4OR-01A	TCGA-L5-A4OR	TCGA-ESCA	ESCA	150	248	mutation_count_proxy_no_callable_territory
TCGA-L5-A4OS-01A	TCGA-L5-A4OS	TCGA-ESCA	ESCA	75	151	mutation_count_proxy_no_callable_territory
TCGA-L5-A4OT-01A	TCGA-L5-A4OT	TCGA-ESCA	ESCA	214	368	mutation_count_proxy_no_callable_territory
TCGA-L5-A4OU-01A	TCGA-L5-A4OU	TCGA-ESCA	ESCA	150	296	mutation_count_proxy_no_callable_territory
TCGA-L5-A4OW-01A	TCGA-L5-A4OW	TCGA-ESCA	ESCA	232	378	mutation_count_proxy_no_callable_territory
TCGA-L5-A4OX-01A	TCGA-L5-A4OX	TCGA-ESCA	ESCA	121	233	mutation_count_proxy_no_callable_territory
TCGA-L5-A88S-01A	TCGA-L5-A88S	TCGA-ESCA	ESCA	76	129	mutation_count_proxy_no_callable_territory
TCGA-L5-A88T-01A	TCGA-L5-A88T	TCGA-ESCA	ESCA	57	97	mutation_count_proxy_no_callable_territory
TCGA-L5-A88V-01A	TCGA-L5-A88V	TCGA-ESCA	ESCA	149	280	mutation_count_proxy_no_callable_territory
TCGA-L5-A88W-01A	TCGA-L5-A88W	TCGA-ESCA	ESCA	134	241	mutation_count_proxy_no_callable_territory
TCGA-L5-A88Y-01A	TCGA-L5-A88Y	TCGA-ESCA	ESCA	202	342	mutation_count_proxy_no_callable_territory
TCGA-L5-A88Z-01A	TCGA-L5-A88Z	TCGA-ESCA	ESCA	67	125	mutation_count_proxy_no_callable_territory
TCGA-L5-A891-01A	TCGA-L5-A891	TCGA-ESCA	ESCA	151	253	mutation_count_proxy_no_callable_territory
TCGA-L5-A893-01A	TCGA-L5-A893	TCGA-ESCA	ESCA	117	207	mutation_count_proxy_no_callable_territory
TCGA-L5-A8NE-01A	TCGA-L5-A8NE	TCGA-ESCA	ESCA	217	372	mutation_count_proxy_no_callable_territory
TCGA-L5-A8NF-01A	TCGA-L5-A8NF	TCGA-ESCA	ESCA	109	212	mutation_count_proxy_no_callable_territory
TCGA-L5-A8NG-01A	TCGA-L5-A8NG	TCGA-ESCA	ESCA	122	239	mutation_count_proxy_no_callable_territory
TCGA-L5-A8NH-01A	TCGA-L5-A8NH	TCGA-ESCA	ESCA	123	201	mutation_count_proxy_no_callable_territory
TCGA-L5-A8NI-01A	TCGA-L5-A8NI	TCGA-ESCA	ESCA	188	333	mutation_count_proxy_no_callable_territory
TCGA-L5-A8NJ-01A	TCGA-L5-A8NJ	TCGA-ESCA	ESCA	207	358	mutation_count_proxy_no_callable_territory
TCGA-L5-A8NK-01A	TCGA-L5-A8NK	TCGA-ESCA	ESCA	172	311	mutation_count_proxy_no_callable_territory
TCGA-L5-A8NL-01A	TCGA-L5-A8NL	TCGA-ESCA	ESCA	93	163	mutation_count_proxy_no_callable_territory
TCGA-L5-A8NM-01A	TCGA-L5-A8NM	TCGA-ESCA	ESCA	1418	2646	mutation_count_proxy_no_callable_territory
TCGA-L5-A8NN-01A	TCGA-L5-A8NN	TCGA-ESCA	ESCA	101	184	mutation_count_proxy_no_callable_territory
TCGA-L5-A8NQ-01A	TCGA-L5-A8NQ	TCGA-ESCA	ESCA	208	365	mutation_count_proxy_no_callable_territory
TCGA-L5-A8NR-01A	TCGA-L5-A8NR	TCGA-ESCA	ESCA	187	370	mutation_count_proxy_no_callable_territory
TCGA-L5-A8NS-01A	TCGA-L5-A8NS	TCGA-ESCA	ESCA	359	635	mutation_count_proxy_no_callable_territory
TCGA-L5-A8NT-01A	TCGA-L5-A8NT	TCGA-ESCA	ESCA	90	152	mutation_count_proxy_no_callable_territory
TCGA-L5-A8NU-01A	TCGA-L5-A8NU	TCGA-ESCA	ESCA	48	93	mutation_count_proxy_no_callable_territory
TCGA-L5-A8NV-01A	TCGA-L5-A8NV	TCGA-ESCA	ESCA	107	195	mutation_count_proxy_no_callable_territory
TCGA-L5-A8NW-01A	TCGA-L5-A8NW	TCGA-ESCA	ESCA	138	249	mutation_count_proxy_no_callable_territory
TCGA-L7-A56G-01A	TCGA-L7-A56G	TCGA-ESCA	ESCA	70	131	mutation_count_proxy_no_callable_territory
TCGA-L7-A6VZ-01A	TCGA-L7-A6VZ	TCGA-ESCA	ESCA	116	214	mutation_count_proxy_no_callable_territory
TCGA-LN-A49K-01A	TCGA-LN-A49K	TCGA-ESCA	ESCA	76	140	mutation_count_proxy_no_callable_territory
TCGA-LN-A49L-01A	TCGA-LN-A49L	TCGA-ESCA	ESCA	151	250	mutation_count_proxy_no_callable_territory
TCGA-LN-A49M-01A	TCGA-LN-A49M	TCGA-ESCA	ESCA	196	369	mutation_count_proxy_no_callable_territory
TCGA-LN-A49N-01A	TCGA-LN-A49N	TCGA-ESCA	ESCA	48	80	mutation_count_proxy_no_callable_territory
TCGA-LN-A49O-01A	TCGA-LN-A49O	TCGA-ESCA	ESCA	59	114	mutation_count_proxy_no_callable_territory
TCGA-LN-A49P-01A	TCGA-LN-A49P	TCGA-ESCA	ESCA	67	130	mutation_count_proxy_no_callable_territory
TCGA-LN-A49R-01A	TCGA-LN-A49R	TCGA-ESCA	ESCA	109	183	mutation_count_proxy_no_callable_territory
TCGA-LN-A49S-01A	TCGA-LN-A49S	TCGA-ESCA	ESCA	129	243	mutation_count_proxy_no_callable_territory
TCGA-LN-A49U-01A	TCGA-LN-A49U	TCGA-ESCA	ESCA	117	244	mutation_count_proxy_no_callable_territory
TCGA-LN-A49V-01A	TCGA-LN-A49V	TCGA-ESCA	ESCA	98	183	mutation_count_proxy_no_callable_territory
TCGA-LN-A49W-01A	TCGA-LN-A49W	TCGA-ESCA	ESCA	74	133	mutation_count_proxy_no_callable_territory
TCGA-LN-A49X-01A	TCGA-LN-A49X	TCGA-ESCA	ESCA	59	113	mutation_count_proxy_no_callable_territory
TCGA-LN-A49Y-01A	TCGA-LN-A49Y	TCGA-ESCA	ESCA	215	382	mutation_count_proxy_no_callable_territory
TCGA-LN-A4A1-01A	TCGA-LN-A4A1	TCGA-ESCA	ESCA	109	185	mutation_count_proxy_no_callable_territory
TCGA-LN-A4A2-01A	TCGA-LN-A4A2	TCGA-ESCA	ESCA	124	217	mutation_count_proxy_no_callable_territory
TCGA-LN-A4A3-01A	TCGA-LN-A4A3	TCGA-ESCA	ESCA	59	102	mutation_count_proxy_no_callable_territory
TCGA-LN-A4A4-01A	TCGA-LN-A4A4	TCGA-ESCA	ESCA	92	155	mutation_count_proxy_no_callable_territory
TCGA-LN-A4A5-01A	TCGA-LN-A4A5	TCGA-ESCA	ESCA	59	105	mutation_count_proxy_no_callable_territory
TCGA-LN-A4A6-01A	TCGA-LN-A4A6	TCGA-ESCA	ESCA	96	156	mutation_count_proxy_no_callable_territory
TCGA-LN-A4A8-01A	TCGA-LN-A4A8	TCGA-ESCA	ESCA	102	203	mutation_count_proxy_no_callable_territory
TCGA-LN-A4A9-01A	TCGA-LN-A4A9	TCGA-ESCA	ESCA	182	350	mutation_count_proxy_no_callable_territory
TCGA-LN-A4MQ-01A	TCGA-LN-A4MQ	TCGA-ESCA	ESCA	67	123	mutation_count_proxy_no_callable_territory
TCGA-LN-A4MR-01A	TCGA-LN-A4MR	TCGA-ESCA	ESCA	140	246	mutation_count_proxy_no_callable_territory
TCGA-LN-A5U5-01A	TCGA-LN-A5U5	TCGA-ESCA	ESCA	47	90	mutation_count_proxy_no_callable_territory
TCGA-LN-A5U6-01A	TCGA-LN-A5U6	TCGA-ESCA	ESCA	101	151	mutation_count_proxy_no_callable_territory
TCGA-LN-A5U7-01A	TCGA-LN-A5U7	TCGA-ESCA	ESCA	105	200	mutation_count_proxy_no_callable_territory
TCGA-LN-A7HV-01A	TCGA-LN-A7HV	TCGA-ESCA	ESCA	91	149	mutation_count_proxy_no_callable_territory
TCGA-LN-A7HW-01A	TCGA-LN-A7HW	TCGA-ESCA	ESCA	81	154	mutation_count_proxy_no_callable_territory
TCGA-LN-A7HX-01A	TCGA-LN-A7HX	TCGA-ESCA	ESCA	99	204	mutation_count_proxy_no_callable_territory
TCGA-LN-A7HY-01A	TCGA-LN-A7HY	TCGA-ESCA	ESCA	139	246	mutation_count_proxy_no_callable_territory
TCGA-LN-A7HZ-01A	TCGA-LN-A7HZ	TCGA-ESCA	ESCA	51	117	mutation_count_proxy_no_callable_territory
TCGA-LN-A8HZ-01A	TCGA-LN-A8HZ	TCGA-ESCA	ESCA	95	159	mutation_count_proxy_no_callable_territory
TCGA-LN-A8I0-01A	TCGA-LN-A8I0	TCGA-ESCA	ESCA	43	88	mutation_count_proxy_no_callable_territory
TCGA-LN-A8I1-01A	TCGA-LN-A8I1	TCGA-ESCA	ESCA	87	153	mutation_count_proxy_no_callable_territory
TCGA-LN-A9FO-01A	TCGA-LN-A9FO	TCGA-ESCA	ESCA	86	164	mutation_count_proxy_no_callable_territory
TCGA-LN-A9FP-01A	TCGA-LN-A9FP	TCGA-ESCA	ESCA	373	635	mutation_count_proxy_no_callable_territory
TCGA-LN-A9FQ-01A	TCGA-LN-A9FQ	TCGA-ESCA	ESCA	84	150	mutation_count_proxy_no_callable_territory
TCGA-LN-A9FR-01A	TCGA-LN-A9FR	TCGA-ESCA	ESCA	63	112	mutation_count_proxy_no_callable_territory
TCGA-M9-A5M8-01A	TCGA-M9-A5M8	TCGA-ESCA	ESCA	71	130	mutation_count_proxy_no_callable_territory
TCGA-Q9-A6FU-01A	TCGA-Q9-A6FU	TCGA-ESCA	ESCA	141	245	mutation_count_proxy_no_callable_territory
TCGA-Q9-A6FW-01A	TCGA-Q9-A6FW	TCGA-ESCA	ESCA	191	308	mutation_count_proxy_no_callable_territory
TCGA-R6-A6DN-01B	TCGA-R6-A6DN	TCGA-ESCA	ESCA	88	149	mutation_count_proxy_no_callable_territory
TCGA-R6-A6DQ-01B	TCGA-R6-A6DQ	TCGA-ESCA	ESCA	72	129	mutation_count_proxy_no_callable_territory
TCGA-R6-A6KZ-01A	TCGA-R6-A6KZ	TCGA-ESCA	ESCA	136	229	mutation_count_proxy_no_callable_territory
TCGA-R6-A6L4-01A	TCGA-R6-A6L4	TCGA-ESCA	ESCA	104	166	mutation_count_proxy_no_callable_territory
TCGA-R6-A6L6-01B	TCGA-R6-A6L6	TCGA-ESCA	ESCA	108	190	mutation_count_proxy_no_callable_territory
TCGA-R6-A6XG-01B	TCGA-R6-A6XG	TCGA-ESCA	ESCA	168	317	mutation_count_proxy_no_callable_territory
TCGA-R6-A6XQ-01B	TCGA-R6-A6XQ	TCGA-ESCA	ESCA	71	122	mutation_count_proxy_no_callable_territory
TCGA-R6-A6Y0-01B	TCGA-R6-A6Y0	TCGA-ESCA	ESCA	152	287	mutation_count_proxy_no_callable_territory
TCGA-R6-A6Y2-01B	TCGA-R6-A6Y2	TCGA-ESCA	ESCA	98	178	mutation_count_proxy_no_callable_territory
TCGA-R6-A8W5-01B	TCGA-R6-A8W5	TCGA-ESCA	ESCA	92	171	mutation_count_proxy_no_callable_territory
TCGA-R6-A8W8-01B	TCGA-R6-A8W8	TCGA-ESCA	ESCA	120	220	mutation_count_proxy_no_callable_territory
TCGA-R6-A8WC-01A	TCGA-R6-A8WC	TCGA-ESCA	ESCA	118	219	mutation_count_proxy_no_callable_territory
TCGA-R6-A8WG-01A	TCGA-R6-A8WG	TCGA-ESCA	ESCA	94	179	mutation_count_proxy_no_callable_territory
TCGA-RE-A7BO-01A	TCGA-RE-A7BO	TCGA-ESCA	ESCA	191	346	mutation_count_proxy_no_callable_territory
TCGA-S8-A6BV-01A	TCGA-S8-A6BV	TCGA-ESCA	ESCA	110	203	mutation_count_proxy_no_callable_territory
TCGA-S8-A6BW-01A	TCGA-S8-A6BW	TCGA-ESCA	ESCA	81	159	mutation_count_proxy_no_callable_territory
TCGA-V5-A7RB-01A	TCGA-V5-A7RB	TCGA-ESCA	ESCA	209	366	mutation_count_proxy_no_callable_territory
TCGA-V5-A7RC-01B	TCGA-V5-A7RC	TCGA-ESCA	ESCA	97	184	mutation_count_proxy_no_callable_territory
TCGA-V5-A7RC-06A	TCGA-V5-A7RC	TCGA-ESCA	ESCA	84	164	mutation_count_proxy_no_callable_territory
TCGA-V5-A7RE-01A	TCGA-V5-A7RE	TCGA-ESCA	ESCA	187	332	mutation_count_proxy_no_callable_territory
TCGA-V5-AASV-01A	TCGA-V5-AASV	TCGA-ESCA	ESCA	123	207	mutation_count_proxy_no_callable_territory
TCGA-V5-AASW-01A	TCGA-V5-AASW	TCGA-ESCA	ESCA	114	221	mutation_count_proxy_no_callable_territory
TCGA-V5-AASX-01A	TCGA-V5-AASX	TCGA-ESCA	ESCA	431	774	mutation_count_proxy_no_callable_territory
TCGA-VR-A8EO-01A	TCGA-VR-A8EO	TCGA-ESCA	ESCA	46	83	mutation_count_proxy_no_callable_territory
TCGA-VR-A8EP-01A	TCGA-VR-A8EP	TCGA-ESCA	ESCA	93	170	mutation_count_proxy_no_callable_territory
TCGA-VR-A8EQ-01A	TCGA-VR-A8EQ	TCGA-ESCA	ESCA	147	257	mutation_count_proxy_no_callable_territory
TCGA-VR-A8ER-01A	TCGA-VR-A8ER	TCGA-ESCA	ESCA	52	103	mutation_count_proxy_no_callable_territory
TCGA-VR-A8ET-01A	TCGA-VR-A8ET	TCGA-ESCA	ESCA	19	32	mutation_count_proxy_no_callable_territory
TCGA-VR-A8EU-01A	TCGA-VR-A8EU	TCGA-ESCA	ESCA	87	168	mutation_count_proxy_no_callable_territory
TCGA-VR-A8EW-01A	TCGA-VR-A8EW	TCGA-ESCA	ESCA	104	178	mutation_count_proxy_no_callable_territory
TCGA-VR-A8EX-01A	TCGA-VR-A8EX	TCGA-ESCA	ESCA	118	196	mutation_count_proxy_no_callable_territory
TCGA-VR-A8EY-01A	TCGA-VR-A8EY	TCGA-ESCA	ESCA	89	161	mutation_count_proxy_no_callable_territory
TCGA-VR-A8EZ-01A	TCGA-VR-A8EZ	TCGA-ESCA	ESCA	139	266	mutation_count_proxy_no_callable_territory
TCGA-VR-A8Q7-01A	TCGA-VR-A8Q7	TCGA-ESCA	ESCA	86	156	mutation_count_proxy_no_callable_territory
TCGA-VR-AA4D-01A	TCGA-VR-AA4D	TCGA-ESCA	ESCA	88	160	mutation_count_proxy_no_callable_territory
TCGA-VR-AA4G-01A	TCGA-VR-AA4G	TCGA-ESCA	ESCA	60	112	mutation_count_proxy_no_callable_territory
TCGA-VR-AA7B-01A	TCGA-VR-AA7B	TCGA-ESCA	ESCA	160	271	mutation_count_proxy_no_callable_territory
TCGA-VR-AA7D-01A	TCGA-VR-AA7D	TCGA-ESCA	ESCA	82	172	mutation_count_proxy_no_callable_territory
TCGA-VR-AA7I-01A	TCGA-VR-AA7I	TCGA-ESCA	ESCA	101	192	mutation_count_proxy_no_callable_territory
TCGA-X8-AAAR-01A	TCGA-X8-AAAR	TCGA-ESCA	ESCA	95	185	mutation_count_proxy_no_callable_territory
TCGA-XP-A8T6-01A	TCGA-XP-A8T6	TCGA-ESCA	ESCA	77	138	mutation_count_proxy_no_callable_territory
TCGA-XP-A8T7-01A	TCGA-XP-A8T7	TCGA-ESCA	ESCA	75	141	mutation_count_proxy_no_callable_territory
TCGA-XP-A8T8-01A	TCGA-XP-A8T8	TCGA-ESCA	ESCA	99	158	mutation_count_proxy_no_callable_territory
TCGA-Z6-A8JD-01A	TCGA-Z6-A8JD	TCGA-ESCA	ESCA	176	316	mutation_count_proxy_no_callable_territory
TCGA-Z6-A8JE-01A	TCGA-Z6-A8JE	TCGA-ESCA	ESCA	166	286	mutation_count_proxy_no_callable_territory
TCGA-Z6-A9VB-01A	TCGA-Z6-A9VB	TCGA-ESCA	ESCA	79	147	mutation_count_proxy_no_callable_territory
TCGA-Z6-AAPN-01A	TCGA-Z6-AAPN	TCGA-ESCA	ESCA	325	566	mutation_count_proxy_no_callable_territory
TCGA-ZR-A9CJ-01B	TCGA-ZR-A9CJ	TCGA-ESCA	ESCA	122	204	mutation_count_proxy_no_callable_territory
TCGA-02-0003-01A	TCGA-02-0003	TCGA-GBM	GBM	44	61	mutation_count_proxy_no_callable_territory
TCGA-02-0033-01A	TCGA-02-0033	TCGA-GBM	GBM	28	41	mutation_count_proxy_no_callable_territory
TCGA-02-0047-01A	TCGA-02-0047	TCGA-GBM	GBM	63	87	mutation_count_proxy_no_callable_territory
TCGA-02-0055-01A	TCGA-02-0055	TCGA-GBM	GBM	50	77	mutation_count_proxy_no_callable_territory
TCGA-02-2466-01A	TCGA-02-2466	TCGA-GBM	GBM	100	142	mutation_count_proxy_no_callable_territory
TCGA-02-2470-01A	TCGA-02-2470	TCGA-GBM	GBM	50	76	mutation_count_proxy_no_callable_territory
TCGA-02-2483-01A	TCGA-02-2483	TCGA-GBM	GBM	45	70	mutation_count_proxy_no_callable_territory
TCGA-02-2485-01A	TCGA-02-2485	TCGA-GBM	GBM	54	79	mutation_count_proxy_no_callable_territory
TCGA-02-2486-01A	TCGA-02-2486	TCGA-GBM	GBM	57	74	mutation_count_proxy_no_callable_territory
TCGA-06-0119-01A	TCGA-06-0119	TCGA-GBM	GBM	68	87	mutation_count_proxy_no_callable_territory
TCGA-06-0122-01A	TCGA-06-0122	TCGA-GBM	GBM	67	105	mutation_count_proxy_no_callable_territory
TCGA-06-0124-01A	TCGA-06-0124	TCGA-GBM	GBM	54	78	mutation_count_proxy_no_callable_territory
TCGA-06-0125-01A	TCGA-06-0125	TCGA-GBM	GBM	61	84	mutation_count_proxy_no_callable_territory
TCGA-06-0125-02A	TCGA-06-0125	TCGA-GBM	GBM	77	106	mutation_count_proxy_no_callable_territory
TCGA-06-0126-01A	TCGA-06-0126	TCGA-GBM	GBM	48	79	mutation_count_proxy_no_callable_territory
TCGA-06-0128-01A	TCGA-06-0128	TCGA-GBM	GBM	54	76	mutation_count_proxy_no_callable_territory
TCGA-06-0129-01A	TCGA-06-0129	TCGA-GBM	GBM	40	49	mutation_count_proxy_no_callable_territory
TCGA-06-0130-01A	TCGA-06-0130	TCGA-GBM	GBM	26	39	mutation_count_proxy_no_callable_territory
TCGA-06-0132-01A	TCGA-06-0132	TCGA-GBM	GBM	20	31	mutation_count_proxy_no_callable_territory
TCGA-06-0137-01A	TCGA-06-0137	TCGA-GBM	GBM	64	108	mutation_count_proxy_no_callable_territory
TCGA-06-0139-01A	TCGA-06-0139	TCGA-GBM	GBM	4	4	mutation_count_proxy_no_callable_territory
TCGA-06-0140-01A	TCGA-06-0140	TCGA-GBM	GBM	45	64	mutation_count_proxy_no_callable_territory
TCGA-06-0141-01A	TCGA-06-0141	TCGA-GBM	GBM	16	23	mutation_count_proxy_no_callable_territory
TCGA-06-0142-01A	TCGA-06-0142	TCGA-GBM	GBM	26	35	mutation_count_proxy_no_callable_territory
TCGA-06-0145-01A	TCGA-06-0145	TCGA-GBM	GBM	82	127	mutation_count_proxy_no_callable_territory
TCGA-06-0151-01A	TCGA-06-0151	TCGA-GBM	GBM	20	24	mutation_count_proxy_no_callable_territory
TCGA-06-0152-01A	TCGA-06-0152	TCGA-GBM	GBM	50	80	mutation_count_proxy_no_callable_territory
TCGA-06-0152-02A	TCGA-06-0152	TCGA-GBM	GBM	62	90	mutation_count_proxy_no_callable_territory
TCGA-06-0154-01A	TCGA-06-0154	TCGA-GBM	GBM	50	72	mutation_count_proxy_no_callable_territory
TCGA-06-0155-01B	TCGA-06-0155	TCGA-GBM	GBM	61	94	mutation_count_proxy_no_callable_territory
TCGA-06-0157-01A	TCGA-06-0157	TCGA-GBM	GBM	47	75	mutation_count_proxy_no_callable_territory
TCGA-06-0158-01A	TCGA-06-0158	TCGA-GBM	GBM	46	73	mutation_count_proxy_no_callable_territory
TCGA-06-0165-01A	TCGA-06-0165	TCGA-GBM	GBM	0	2	mutation_count_proxy_no_callable_territory
TCGA-06-0166-01A	TCGA-06-0166	TCGA-GBM	GBM	40	49	mutation_count_proxy_no_callable_territory
TCGA-06-0167-01A	TCGA-06-0167	TCGA-GBM	GBM	0	4	mutation_count_proxy_no_callable_territory
TCGA-06-0168-01A	TCGA-06-0168	TCGA-GBM	GBM	37	55	mutation_count_proxy_no_callable_territory
TCGA-06-0169-01A	TCGA-06-0169	TCGA-GBM	GBM	46	69	mutation_count_proxy_no_callable_territory
TCGA-06-0171-01A	TCGA-06-0171	TCGA-GBM	GBM	55	72	mutation_count_proxy_no_callable_territory
TCGA-06-0171-02A	TCGA-06-0171	TCGA-GBM	GBM	34	47	mutation_count_proxy_no_callable_territory
TCGA-06-0173-01A	TCGA-06-0173	TCGA-GBM	GBM	68	98	mutation_count_proxy_no_callable_territory
TCGA-06-0174-01A	TCGA-06-0174	TCGA-GBM	GBM	64	92	mutation_count_proxy_no_callable_territory
TCGA-06-0184-01A	TCGA-06-0184	TCGA-GBM	GBM	48	72	mutation_count_proxy_no_callable_territory
TCGA-06-0185-01A	TCGA-06-0185	TCGA-GBM	GBM	57	82	mutation_count_proxy_no_callable_territory
TCGA-06-0187-01A	TCGA-06-0187	TCGA-GBM	GBM	38	52	mutation_count_proxy_no_callable_territory
TCGA-06-0188-01A	TCGA-06-0188	TCGA-GBM	GBM	45	73	mutation_count_proxy_no_callable_territory
TCGA-06-0189-01A	TCGA-06-0189	TCGA-GBM	GBM	22	30	mutation_count_proxy_no_callable_territory
TCGA-06-0190-01A	TCGA-06-0190	TCGA-GBM	GBM	58	83	mutation_count_proxy_no_callable_territory
TCGA-06-0190-02A	TCGA-06-0190	TCGA-GBM	GBM	97	142	mutation_count_proxy_no_callable_territory
TCGA-06-0192-01B	TCGA-06-0192	TCGA-GBM	GBM	59	91	mutation_count_proxy_no_callable_territory
TCGA-06-0195-01B	TCGA-06-0195	TCGA-GBM	GBM	65	94	mutation_count_proxy_no_callable_territory
TCGA-06-0209-01A	TCGA-06-0209	TCGA-GBM	GBM	69	103	mutation_count_proxy_no_callable_territory
TCGA-06-0210-01B	TCGA-06-0210	TCGA-GBM	GBM	55	78	mutation_count_proxy_no_callable_territory
TCGA-06-0210-02A	TCGA-06-0210	TCGA-GBM	GBM	63	88	mutation_count_proxy_no_callable_territory
TCGA-06-0211-01B	TCGA-06-0211	TCGA-GBM	GBM	54	86	mutation_count_proxy_no_callable_territory
TCGA-06-0211-02A	TCGA-06-0211	TCGA-GBM	GBM	50	73	mutation_count_proxy_no_callable_territory
TCGA-06-0213-01A	TCGA-06-0213	TCGA-GBM	GBM	53	79	mutation_count_proxy_no_callable_territory
TCGA-06-0214-01A	TCGA-06-0214	TCGA-GBM	GBM	63	103	mutation_count_proxy_no_callable_territory
TCGA-06-0216-01B	TCGA-06-0216	TCGA-GBM	GBM	51	76	mutation_count_proxy_no_callable_territory
TCGA-06-0219-01A	TCGA-06-0219	TCGA-GBM	GBM	37	55	mutation_count_proxy_no_callable_territory
TCGA-06-0221-01A	TCGA-06-0221	TCGA-GBM	GBM	30	48	mutation_count_proxy_no_callable_territory
TCGA-06-0221-02A	TCGA-06-0221	TCGA-GBM	GBM	47	68	mutation_count_proxy_no_callable_territory
TCGA-06-0237-01A	TCGA-06-0237	TCGA-GBM	GBM	35	60	mutation_count_proxy_no_callable_territory
TCGA-06-0238-01A	TCGA-06-0238	TCGA-GBM	GBM	41	54	mutation_count_proxy_no_callable_territory
TCGA-06-0240-01A	TCGA-06-0240	TCGA-GBM	GBM	7	7	mutation_count_proxy_no_callable_territory
TCGA-06-0241-01A	TCGA-06-0241	TCGA-GBM	GBM	45	77	mutation_count_proxy_no_callable_territory
TCGA-06-0644-01A	TCGA-06-0644	TCGA-GBM	GBM	47	72	mutation_count_proxy_no_callable_territory
TCGA-06-0645-01A	TCGA-06-0645	TCGA-GBM	GBM	52	78	mutation_count_proxy_no_callable_territory
TCGA-06-0646-01A	TCGA-06-0646	TCGA-GBM	GBM	31	48	mutation_count_proxy_no_callable_territory
TCGA-06-0648-01A	TCGA-06-0648	TCGA-GBM	GBM	55	87	mutation_count_proxy_no_callable_territory
TCGA-06-0649-01B	TCGA-06-0649	TCGA-GBM	GBM	113	192	mutation_count_proxy_no_callable_territory
TCGA-06-0650-01A	TCGA-06-0650	TCGA-GBM	GBM	34	45	mutation_count_proxy_no_callable_territory
TCGA-06-0686-01A	TCGA-06-0686	TCGA-GBM	GBM	54	86	mutation_count_proxy_no_callable_territory
TCGA-06-0743-01A	TCGA-06-0743	TCGA-GBM	GBM	85	135	mutation_count_proxy_no_callable_territory
TCGA-06-0744-01A	TCGA-06-0744	TCGA-GBM	GBM	64	93	mutation_count_proxy_no_callable_territory
TCGA-06-0745-01A	TCGA-06-0745	TCGA-GBM	GBM	44	66	mutation_count_proxy_no_callable_territory
TCGA-06-0747-01A	TCGA-06-0747	TCGA-GBM	GBM	67	96	mutation_count_proxy_no_callable_territory
TCGA-06-0749-01A	TCGA-06-0749	TCGA-GBM	GBM	47	69	mutation_count_proxy_no_callable_territory
TCGA-06-0750-01A	TCGA-06-0750	TCGA-GBM	GBM	34	54	mutation_count_proxy_no_callable_territory
TCGA-06-0875-01A	TCGA-06-0875	TCGA-GBM	GBM	62	86	mutation_count_proxy_no_callable_territory
TCGA-06-0876-01A	TCGA-06-0876	TCGA-GBM	GBM	63	96	mutation_count_proxy_no_callable_territory
TCGA-06-0877-01A	TCGA-06-0877	TCGA-GBM	GBM	59	92	mutation_count_proxy_no_callable_territory
TCGA-06-0878-01A	TCGA-06-0878	TCGA-GBM	GBM	39	66	mutation_count_proxy_no_callable_territory
TCGA-06-0879-01A	TCGA-06-0879	TCGA-GBM	GBM	45	76	mutation_count_proxy_no_callable_territory
TCGA-06-0881-01A	TCGA-06-0881	TCGA-GBM	GBM	19	26	mutation_count_proxy_no_callable_territory
TCGA-06-0882-01A	TCGA-06-0882	TCGA-GBM	GBM	32	49	mutation_count_proxy_no_callable_territory
TCGA-06-0939-01A	TCGA-06-0939	TCGA-GBM	GBM	59	102	mutation_count_proxy_no_callable_territory
TCGA-06-1084-01A	TCGA-06-1084	TCGA-GBM	GBM	90	122	mutation_count_proxy_no_callable_territory
TCGA-06-1087-01A	TCGA-06-1087	TCGA-GBM	GBM	85	126	mutation_count_proxy_no_callable_territory
TCGA-06-1800-01A	TCGA-06-1800	TCGA-GBM	GBM	69	101	mutation_count_proxy_no_callable_territory
TCGA-06-1801-01A	TCGA-06-1801	TCGA-GBM	GBM	240	368	mutation_count_proxy_no_callable_territory
TCGA-06-1802-01A	TCGA-06-1802	TCGA-GBM	GBM	528	733	mutation_count_proxy_no_callable_territory
TCGA-06-1804-01A	TCGA-06-1804	TCGA-GBM	GBM	68	110	mutation_count_proxy_no_callable_territory
TCGA-06-1805-01A	TCGA-06-1805	TCGA-GBM	GBM	309	442	mutation_count_proxy_no_callable_territory
TCGA-06-1806-01A	TCGA-06-1806	TCGA-GBM	GBM	21	37	mutation_count_proxy_no_callable_territory
TCGA-06-2557-01A	TCGA-06-2557	TCGA-GBM	GBM	37	67	mutation_count_proxy_no_callable_territory
TCGA-06-2558-01A	TCGA-06-2558	TCGA-GBM	GBM	70	103	mutation_count_proxy_no_callable_territory
TCGA-06-2559-01A	TCGA-06-2559	TCGA-GBM	GBM	52	86	mutation_count_proxy_no_callable_territory
TCGA-06-2561-01A	TCGA-06-2561	TCGA-GBM	GBM	37	47	mutation_count_proxy_no_callable_territory
TCGA-06-2562-01A	TCGA-06-2562	TCGA-GBM	GBM	58	81	mutation_count_proxy_no_callable_territory
TCGA-06-2563-01A	TCGA-06-2563	TCGA-GBM	GBM	65	95	mutation_count_proxy_no_callable_territory
TCGA-06-2564-01A	TCGA-06-2564	TCGA-GBM	GBM	54	81	mutation_count_proxy_no_callable_territory
TCGA-06-2565-01A	TCGA-06-2565	TCGA-GBM	GBM	45	69	mutation_count_proxy_no_callable_territory
TCGA-06-2566-01A	TCGA-06-2566	TCGA-GBM	GBM	209	316	mutation_count_proxy_no_callable_territory
TCGA-06-2567-01A	TCGA-06-2567	TCGA-GBM	GBM	46	77	mutation_count_proxy_no_callable_territory
TCGA-06-2569-01A	TCGA-06-2569	TCGA-GBM	GBM	32	42	mutation_count_proxy_no_callable_territory
TCGA-06-2570-01A	TCGA-06-2570	TCGA-GBM	GBM	34	47	mutation_count_proxy_no_callable_territory
TCGA-06-5408-01A	TCGA-06-5408	TCGA-GBM	GBM	41	68	mutation_count_proxy_no_callable_territory
TCGA-06-5410-01A	TCGA-06-5410	TCGA-GBM	GBM	21	33	mutation_count_proxy_no_callable_territory
TCGA-06-5411-01A	TCGA-06-5411	TCGA-GBM	GBM	27	43	mutation_count_proxy_no_callable_territory
TCGA-06-5412-01A	TCGA-06-5412	TCGA-GBM	GBM	52	72	mutation_count_proxy_no_callable_territory
TCGA-06-5413-01A	TCGA-06-5413	TCGA-GBM	GBM	41	62	mutation_count_proxy_no_callable_territory
TCGA-06-5414-01A	TCGA-06-5414	TCGA-GBM	GBM	33	48	mutation_count_proxy_no_callable_territory
TCGA-06-5415-01A	TCGA-06-5415	TCGA-GBM	GBM	43	65	mutation_count_proxy_no_callable_territory
TCGA-06-5416-01A	TCGA-06-5416	TCGA-GBM	GBM	12108	18307	mutation_count_proxy_no_callable_territory
TCGA-06-5417-01A	TCGA-06-5417	TCGA-GBM	GBM	51	73	mutation_count_proxy_no_callable_territory
TCGA-06-5418-01A	TCGA-06-5418	TCGA-GBM	GBM	37	62	mutation_count_proxy_no_callable_territory
TCGA-06-5856-01A	TCGA-06-5856	TCGA-GBM	GBM	54	73	mutation_count_proxy_no_callable_territory
TCGA-06-5858-01A	TCGA-06-5858	TCGA-GBM	GBM	161	257	mutation_count_proxy_no_callable_territory
TCGA-06-5859-01A	TCGA-06-5859	TCGA-GBM	GBM	42	58	mutation_count_proxy_no_callable_territory
TCGA-06-6388-01A	TCGA-06-6388	TCGA-GBM	GBM	45	71	mutation_count_proxy_no_callable_territory
TCGA-06-6389-01A	TCGA-06-6389	TCGA-GBM	GBM	35	55	mutation_count_proxy_no_callable_territory
TCGA-06-6390-01A	TCGA-06-6390	TCGA-GBM	GBM	35	63	mutation_count_proxy_no_callable_territory
TCGA-06-6391-01A	TCGA-06-6391	TCGA-GBM	GBM	56	84	mutation_count_proxy_no_callable_territory
TCGA-06-6693-01A	TCGA-06-6693	TCGA-GBM	GBM	43	69	mutation_count_proxy_no_callable_territory
TCGA-06-6694-01A	TCGA-06-6694	TCGA-GBM	GBM	70	122	mutation_count_proxy_no_callable_territory
TCGA-06-6695-01A	TCGA-06-6695	TCGA-GBM	GBM	51	76	mutation_count_proxy_no_callable_territory
TCGA-06-6697-01A	TCGA-06-6697	TCGA-GBM	GBM	60	79	mutation_count_proxy_no_callable_territory
TCGA-06-6698-01A	TCGA-06-6698	TCGA-GBM	GBM	33	46	mutation_count_proxy_no_callable_territory
TCGA-06-6699-01A	TCGA-06-6699	TCGA-GBM	GBM	52	74	mutation_count_proxy_no_callable_territory
TCGA-06-6700-01A	TCGA-06-6700	TCGA-GBM	GBM	45	68	mutation_count_proxy_no_callable_territory
TCGA-06-6701-01A	TCGA-06-6701	TCGA-GBM	GBM	32	51	mutation_count_proxy_no_callable_territory
TCGA-06-A5U0-01A	TCGA-06-A5U0	TCGA-GBM	GBM	31	47	mutation_count_proxy_no_callable_territory
TCGA-06-A5U1-01A	TCGA-06-A5U1	TCGA-GBM	GBM	51	97	mutation_count_proxy_no_callable_territory
TCGA-06-A6S0-01A	TCGA-06-A6S0	TCGA-GBM	GBM	54	88	mutation_count_proxy_no_callable_territory
TCGA-06-A6S1-01A	TCGA-06-A6S1	TCGA-GBM	GBM	45	58	mutation_count_proxy_no_callable_territory
TCGA-06-A7TK-01A	TCGA-06-A7TK	TCGA-GBM	GBM	52	74	mutation_count_proxy_no_callable_territory
TCGA-06-A7TL-01A	TCGA-06-A7TL	TCGA-GBM	GBM	27	38	mutation_count_proxy_no_callable_territory
TCGA-08-0386-01A	TCGA-08-0386	TCGA-GBM	GBM	9	19	mutation_count_proxy_no_callable_territory
TCGA-12-0615-01A	TCGA-12-0615	TCGA-GBM	GBM	56	84	mutation_count_proxy_no_callable_territory
TCGA-12-0616-01A	TCGA-12-0616	TCGA-GBM	GBM	36	58	mutation_count_proxy_no_callable_territory
TCGA-12-0618-01A	TCGA-12-0618	TCGA-GBM	GBM	43	59	mutation_count_proxy_no_callable_territory
TCGA-12-0619-01A	TCGA-12-0619	TCGA-GBM	GBM	53	71	mutation_count_proxy_no_callable_territory
TCGA-12-0656-01A	TCGA-12-0656	TCGA-GBM	GBM	50	78	mutation_count_proxy_no_callable_territory
TCGA-12-0657-01A	TCGA-12-0657	TCGA-GBM	GBM	57	92	mutation_count_proxy_no_callable_territory
TCGA-12-0662-01A	TCGA-12-0662	TCGA-GBM	GBM	32	39	mutation_count_proxy_no_callable_territory
TCGA-12-0670-01B	TCGA-12-0670	TCGA-GBM	GBM	53	87	mutation_count_proxy_no_callable_territory
TCGA-12-0688-01A	TCGA-12-0688	TCGA-GBM	GBM	38	81	mutation_count_proxy_no_callable_territory
TCGA-12-0691-01A	TCGA-12-0691	TCGA-GBM	GBM	57	81	mutation_count_proxy_no_callable_territory
TCGA-12-0692-01A	TCGA-12-0692	TCGA-GBM	GBM	63	93	mutation_count_proxy_no_callable_territory
TCGA-12-0707-01A	TCGA-12-0707	TCGA-GBM	GBM	68	95	mutation_count_proxy_no_callable_territory
TCGA-12-0773-01A	TCGA-12-0773	TCGA-GBM	GBM	51	85	mutation_count_proxy_no_callable_territory
TCGA-12-0775-01A	TCGA-12-0775	TCGA-GBM	GBM	178	282	mutation_count_proxy_no_callable_territory
TCGA-12-0778-01A	TCGA-12-0778	TCGA-GBM	GBM	303	440	mutation_count_proxy_no_callable_territory
TCGA-12-0818-01A	TCGA-12-0818	TCGA-GBM	GBM	133	197	mutation_count_proxy_no_callable_territory
TCGA-12-0819-01A	TCGA-12-0819	TCGA-GBM	GBM	56	74	mutation_count_proxy_no_callable_territory
TCGA-12-0820-01A	TCGA-12-0820	TCGA-GBM	GBM	81	115	mutation_count_proxy_no_callable_territory
TCGA-12-0821-01A	TCGA-12-0821	TCGA-GBM	GBM	56	91	mutation_count_proxy_no_callable_territory
TCGA-12-0822-01A	TCGA-12-0822	TCGA-GBM	GBM	73	100	mutation_count_proxy_no_callable_territory
TCGA-12-0826-01A	TCGA-12-0826	TCGA-GBM	GBM	66	101	mutation_count_proxy_no_callable_territory
TCGA-12-0827-01A	TCGA-12-0827	TCGA-GBM	GBM	37	61	mutation_count_proxy_no_callable_territory
TCGA-12-0828-01A	TCGA-12-0828	TCGA-GBM	GBM	98	142	mutation_count_proxy_no_callable_territory
TCGA-12-0829-01A	TCGA-12-0829	TCGA-GBM	GBM	603	896	mutation_count_proxy_no_callable_territory
TCGA-12-1088-01A	TCGA-12-1088	TCGA-GBM	GBM	98	138	mutation_count_proxy_no_callable_territory
TCGA-12-1089-01A	TCGA-12-1089	TCGA-GBM	GBM	127	180	mutation_count_proxy_no_callable_territory
TCGA-12-1092-01B	TCGA-12-1092	TCGA-GBM	GBM	51	70	mutation_count_proxy_no_callable_territory
TCGA-12-1093-01A	TCGA-12-1093	TCGA-GBM	GBM	82	126	mutation_count_proxy_no_callable_territory
TCGA-12-1597-01B	TCGA-12-1597	TCGA-GBM	GBM	64	99	mutation_count_proxy_no_callable_territory
TCGA-12-1598-01A	TCGA-12-1598	TCGA-GBM	GBM	67	94	mutation_count_proxy_no_callable_territory
TCGA-12-1599-01A	TCGA-12-1599	TCGA-GBM	GBM	28	54	mutation_count_proxy_no_callable_territory
TCGA-12-1600-01A	TCGA-12-1600	TCGA-GBM	GBM	60	93	mutation_count_proxy_no_callable_territory
TCGA-12-1602-01A	TCGA-12-1602	TCGA-GBM	GBM	42	65	mutation_count_proxy_no_callable_territory
TCGA-12-3644-01A	TCGA-12-3644	TCGA-GBM	GBM	110	166	mutation_count_proxy_no_callable_territory
TCGA-12-3646-01A	TCGA-12-3646	TCGA-GBM	GBM	72	102	mutation_count_proxy_no_callable_territory
TCGA-12-3648-01A	TCGA-12-3648	TCGA-GBM	GBM	38	69	mutation_count_proxy_no_callable_territory
TCGA-12-3649-01A	TCGA-12-3649	TCGA-GBM	GBM	76	96	mutation_count_proxy_no_callable_territory
TCGA-12-3650-01A	TCGA-12-3650	TCGA-GBM	GBM	45	67	mutation_count_proxy_no_callable_territory
TCGA-12-3651-01A	TCGA-12-3651	TCGA-GBM	GBM	103	149	mutation_count_proxy_no_callable_territory
TCGA-12-3652-01A	TCGA-12-3652	TCGA-GBM	GBM	53	82	mutation_count_proxy_no_callable_territory
TCGA-12-3653-01A	TCGA-12-3653	TCGA-GBM	GBM	27	33	mutation_count_proxy_no_callable_territory
TCGA-12-5295-01A	TCGA-12-5295	TCGA-GBM	GBM	65	93	mutation_count_proxy_no_callable_territory
TCGA-12-5299-01A	TCGA-12-5299	TCGA-GBM	GBM	33	53	mutation_count_proxy_no_callable_territory
TCGA-12-5301-01A	TCGA-12-5301	TCGA-GBM	GBM	58	92	mutation_count_proxy_no_callable_territory
TCGA-14-0736-01A	TCGA-14-0736	TCGA-GBM	GBM	57	85	mutation_count_proxy_no_callable_territory
TCGA-14-0736-02A	TCGA-14-0736	TCGA-GBM	GBM	43	58	mutation_count_proxy_no_callable_territory
TCGA-14-0740-01B	TCGA-14-0740	TCGA-GBM	GBM	43	62	mutation_count_proxy_no_callable_territory
TCGA-14-0781-01B	TCGA-14-0781	TCGA-GBM	GBM	28	38	mutation_count_proxy_no_callable_territory
TCGA-14-0786-01B	TCGA-14-0786	TCGA-GBM	GBM	32	54	mutation_count_proxy_no_callable_territory
TCGA-14-0787-01A	TCGA-14-0787	TCGA-GBM	GBM	29	49	mutation_count_proxy_no_callable_territory
TCGA-14-0789-01A	TCGA-14-0789	TCGA-GBM	GBM	59	96	mutation_count_proxy_no_callable_territory
TCGA-14-0790-01B	TCGA-14-0790	TCGA-GBM	GBM	53	86	mutation_count_proxy_no_callable_territory
TCGA-14-0812-01B	TCGA-14-0812	TCGA-GBM	GBM	77	101	mutation_count_proxy_no_callable_territory
TCGA-14-0813-01A	TCGA-14-0813	TCGA-GBM	GBM	83	134	mutation_count_proxy_no_callable_territory
TCGA-14-0817-01A	TCGA-14-0817	TCGA-GBM	GBM	65	91	mutation_count_proxy_no_callable_territory
TCGA-14-0862-01B	TCGA-14-0862	TCGA-GBM	GBM	37	51	mutation_count_proxy_no_callable_territory
TCGA-14-0865-01B	TCGA-14-0865	TCGA-GBM	GBM	69	94	mutation_count_proxy_no_callable_territory
TCGA-14-0866-01B	TCGA-14-0866	TCGA-GBM	GBM	383	584	mutation_count_proxy_no_callable_territory
TCGA-14-0867-01A	TCGA-14-0867	TCGA-GBM	GBM	92	159	mutation_count_proxy_no_callable_territory
TCGA-14-0871-01A	TCGA-14-0871	TCGA-GBM	GBM	50	69	mutation_count_proxy_no_callable_territory
TCGA-14-1034-01A	TCGA-14-1034	TCGA-GBM	GBM	72	104	mutation_count_proxy_no_callable_territory
TCGA-14-1034-02B	TCGA-14-1034	TCGA-GBM	GBM	79	117	mutation_count_proxy_no_callable_territory
TCGA-14-1037-01A	TCGA-14-1037	TCGA-GBM	GBM	52	78	mutation_count_proxy_no_callable_territory
TCGA-14-1043-01B	TCGA-14-1043	TCGA-GBM	GBM	18	31	mutation_count_proxy_no_callable_territory
TCGA-14-1395-01B	TCGA-14-1395	TCGA-GBM	GBM	45	64	mutation_count_proxy_no_callable_territory
TCGA-14-1396-01A	TCGA-14-1396	TCGA-GBM	GBM	270	432	mutation_count_proxy_no_callable_territory
TCGA-14-1450-01B	TCGA-14-1450	TCGA-GBM	GBM	49	74	mutation_count_proxy_no_callable_territory
TCGA-14-1451-01A	TCGA-14-1451	TCGA-GBM	GBM	30	48	mutation_count_proxy_no_callable_territory
TCGA-14-1453-01A	TCGA-14-1453	TCGA-GBM	GBM	56	82	mutation_count_proxy_no_callable_territory
TCGA-14-1455-01A	TCGA-14-1455	TCGA-GBM	GBM	64	89	mutation_count_proxy_no_callable_territory
TCGA-14-1456-01B	TCGA-14-1456	TCGA-GBM	GBM	25	33	mutation_count_proxy_no_callable_territory
TCGA-14-1458-01A	TCGA-14-1458	TCGA-GBM	GBM	181	254	mutation_count_proxy_no_callable_territory
TCGA-14-1794-01A	TCGA-14-1794	TCGA-GBM	GBM	192	304	mutation_count_proxy_no_callable_territory
TCGA-14-1795-01A	TCGA-14-1795	TCGA-GBM	GBM	336	554	mutation_count_proxy_no_callable_territory
TCGA-14-1821-01A	TCGA-14-1821	TCGA-GBM	GBM	20	30	mutation_count_proxy_no_callable_territory
TCGA-14-1823-01A	TCGA-14-1823	TCGA-GBM	GBM	56	75	mutation_count_proxy_no_callable_territory
TCGA-14-1825-01A	TCGA-14-1825	TCGA-GBM	GBM	46	73	mutation_count_proxy_no_callable_territory
TCGA-14-1827-01A	TCGA-14-1827	TCGA-GBM	GBM	43	80	mutation_count_proxy_no_callable_territory
TCGA-14-1829-01A	TCGA-14-1829	TCGA-GBM	GBM	44	76	mutation_count_proxy_no_callable_territory
TCGA-14-2554-01A	TCGA-14-2554	TCGA-GBM	GBM	63	95	mutation_count_proxy_no_callable_territory
TCGA-14-3476-01B	TCGA-14-3476	TCGA-GBM	GBM	53	87	mutation_count_proxy_no_callable_territory
TCGA-14-3477-01A	TCGA-14-3477	TCGA-GBM	GBM	44	57	mutation_count_proxy_no_callable_territory
TCGA-14-4157-01A	TCGA-14-4157	TCGA-GBM	GBM	34	46	mutation_count_proxy_no_callable_territory
TCGA-15-0742-01A	TCGA-15-0742	TCGA-GBM	GBM	67	87	mutation_count_proxy_no_callable_territory
TCGA-15-1446-01A	TCGA-15-1446	TCGA-GBM	GBM	165	255	mutation_count_proxy_no_callable_territory
TCGA-16-0846-01A	TCGA-16-0846	TCGA-GBM	GBM	60	96	mutation_count_proxy_no_callable_territory
TCGA-16-0848-01A	TCGA-16-0848	TCGA-GBM	GBM	330	518	mutation_count_proxy_no_callable_territory
TCGA-16-0849-01A	TCGA-16-0849	TCGA-GBM	GBM	62	91	mutation_count_proxy_no_callable_territory
TCGA-16-0850-01A	TCGA-16-0850	TCGA-GBM	GBM	48	75	mutation_count_proxy_no_callable_territory
TCGA-16-0861-01A	TCGA-16-0861	TCGA-GBM	GBM	52	73	mutation_count_proxy_no_callable_territory
TCGA-16-1045-01B	TCGA-16-1045	TCGA-GBM	GBM	69	106	mutation_count_proxy_no_callable_territory
TCGA-16-1048-01B	TCGA-16-1048	TCGA-GBM	GBM	61	98	mutation_count_proxy_no_callable_territory
TCGA-16-1460-01A	TCGA-16-1460	TCGA-GBM	GBM	110	154	mutation_count_proxy_no_callable_territory
TCGA-19-0957-01C	TCGA-19-0957	TCGA-GBM	GBM	120	182	mutation_count_proxy_no_callable_territory
TCGA-19-1385-01A	TCGA-19-1385	TCGA-GBM	GBM	186	272	mutation_count_proxy_no_callable_territory
TCGA-19-1386-01A	TCGA-19-1386	TCGA-GBM	GBM	143	207	mutation_count_proxy_no_callable_territory
TCGA-19-1387-01A	TCGA-19-1387	TCGA-GBM	GBM	94	152	mutation_count_proxy_no_callable_territory
TCGA-19-1388-01A	TCGA-19-1388	TCGA-GBM	GBM	138	215	mutation_count_proxy_no_callable_territory
TCGA-19-1389-01A	TCGA-19-1389	TCGA-GBM	GBM	261	377	mutation_count_proxy_no_callable_territory
TCGA-19-1390-01A	TCGA-19-1390	TCGA-GBM	GBM	93	147	mutation_count_proxy_no_callable_territory
TCGA-19-1786-01A	TCGA-19-1786	TCGA-GBM	GBM	62	86	mutation_count_proxy_no_callable_territory
TCGA-19-1787-01B	TCGA-19-1787	TCGA-GBM	GBM	577	909	mutation_count_proxy_no_callable_territory
TCGA-19-1788-01A	TCGA-19-1788	TCGA-GBM	GBM	169	245	mutation_count_proxy_no_callable_territory
TCGA-19-1789-01A	TCGA-19-1789	TCGA-GBM	GBM	56	97	mutation_count_proxy_no_callable_territory
TCGA-19-1790-01B	TCGA-19-1790	TCGA-GBM	GBM	101	157	mutation_count_proxy_no_callable_territory
TCGA-19-1791-01A	TCGA-19-1791	TCGA-GBM	GBM	76	125	mutation_count_proxy_no_callable_territory
TCGA-19-2619-01A	TCGA-19-2619	TCGA-GBM	GBM	47	80	mutation_count_proxy_no_callable_territory
TCGA-19-2620-01A	TCGA-19-2620	TCGA-GBM	GBM	68	99	mutation_count_proxy_no_callable_territory
TCGA-19-2621-01B	TCGA-19-2621	TCGA-GBM	GBM	132	215	mutation_count_proxy_no_callable_territory
TCGA-19-2623-01A	TCGA-19-2623	TCGA-GBM	GBM	76	105	mutation_count_proxy_no_callable_territory
TCGA-19-2624-01A	TCGA-19-2624	TCGA-GBM	GBM	40	60	mutation_count_proxy_no_callable_territory
TCGA-19-2625-01A	TCGA-19-2625	TCGA-GBM	GBM	53	72	mutation_count_proxy_no_callable_territory
TCGA-19-2629-01A	TCGA-19-2629	TCGA-GBM	GBM	87	122	mutation_count_proxy_no_callable_territory
TCGA-19-2631-01A	TCGA-19-2631	TCGA-GBM	GBM	83	118	mutation_count_proxy_no_callable_territory
TCGA-19-4065-01A	TCGA-19-4065	TCGA-GBM	GBM	40	65	mutation_count_proxy_no_callable_territory
TCGA-19-4065-02A	TCGA-19-4065	TCGA-GBM	GBM	92	128	mutation_count_proxy_no_callable_territory
TCGA-19-4068-01A	TCGA-19-4068	TCGA-GBM	GBM	47	84	mutation_count_proxy_no_callable_territory
TCGA-19-5947-01A	TCGA-19-5947	TCGA-GBM	GBM	24	37	mutation_count_proxy_no_callable_territory
TCGA-19-5950-01A	TCGA-19-5950	TCGA-GBM	GBM	55	79	mutation_count_proxy_no_callable_territory
TCGA-19-5951-01A	TCGA-19-5951	TCGA-GBM	GBM	67	97	mutation_count_proxy_no_callable_territory
TCGA-19-5952-01A	TCGA-19-5952	TCGA-GBM	GBM	36	56	mutation_count_proxy_no_callable_territory
TCGA-19-5953-01B	TCGA-19-5953	TCGA-GBM	GBM	39	70	mutation_count_proxy_no_callable_territory
TCGA-19-5954-01A	TCGA-19-5954	TCGA-GBM	GBM	68	106	mutation_count_proxy_no_callable_territory
TCGA-19-5955-01A	TCGA-19-5955	TCGA-GBM	GBM	52	95	mutation_count_proxy_no_callable_territory
TCGA-19-5956-01A	TCGA-19-5956	TCGA-GBM	GBM	6838	10027	mutation_count_proxy_no_callable_territory
TCGA-19-5958-01A	TCGA-19-5958	TCGA-GBM	GBM	41	58	mutation_count_proxy_no_callable_territory
TCGA-19-5959-01A	TCGA-19-5959	TCGA-GBM	GBM	72	114	mutation_count_proxy_no_callable_territory
TCGA-19-5960-01A	TCGA-19-5960	TCGA-GBM	GBM	39	49	mutation_count_proxy_no_callable_territory
TCGA-19-A60I-01A	TCGA-19-A60I	TCGA-GBM	GBM	27	43	mutation_count_proxy_no_callable_territory
TCGA-19-A6J4-01A	TCGA-19-A6J4	TCGA-GBM	GBM	23	44	mutation_count_proxy_no_callable_territory
TCGA-19-A6J5-01A	TCGA-19-A6J5	TCGA-GBM	GBM	39	59	mutation_count_proxy_no_callable_territory
TCGA-26-1439-01A	TCGA-26-1439	TCGA-GBM	GBM	40	62	mutation_count_proxy_no_callable_territory
TCGA-26-1442-01A	TCGA-26-1442	TCGA-GBM	GBM	40	58	mutation_count_proxy_no_callable_territory
TCGA-26-1799-01A	TCGA-26-1799	TCGA-GBM	GBM	70	106	mutation_count_proxy_no_callable_territory
TCGA-26-5132-01A	TCGA-26-5132	TCGA-GBM	GBM	43	70	mutation_count_proxy_no_callable_territory
TCGA-26-5133-01A	TCGA-26-5133	TCGA-GBM	GBM	35	55	mutation_count_proxy_no_callable_territory
TCGA-26-5134-01A	TCGA-26-5134	TCGA-GBM	GBM	45	68	mutation_count_proxy_no_callable_territory
TCGA-26-5135-01A	TCGA-26-5135	TCGA-GBM	GBM	48	80	mutation_count_proxy_no_callable_territory
TCGA-26-5136-01B	TCGA-26-5136	TCGA-GBM	GBM	45	68	mutation_count_proxy_no_callable_territory
TCGA-26-5139-01A	TCGA-26-5139	TCGA-GBM	GBM	42	77	mutation_count_proxy_no_callable_territory
TCGA-26-6173-01A	TCGA-26-6173	TCGA-GBM	GBM	28	44	mutation_count_proxy_no_callable_territory
TCGA-26-6174-01A	TCGA-26-6174	TCGA-GBM	GBM	83	112	mutation_count_proxy_no_callable_territory
TCGA-26-A7UX-01B	TCGA-26-A7UX	TCGA-GBM	GBM	34	47	mutation_count_proxy_no_callable_territory
TCGA-27-1830-01A	TCGA-27-1830	TCGA-GBM	GBM	41	61	mutation_count_proxy_no_callable_territory
TCGA-27-1831-01A	TCGA-27-1831	TCGA-GBM	GBM	51	67	mutation_count_proxy_no_callable_territory
TCGA-27-1832-01A	TCGA-27-1832	TCGA-GBM	GBM	30	50	mutation_count_proxy_no_callable_territory
TCGA-27-1833-01A	TCGA-27-1833	TCGA-GBM	GBM	51	90	mutation_count_proxy_no_callable_territory
TCGA-27-1834-01A	TCGA-27-1834	TCGA-GBM	GBM	45	75	mutation_count_proxy_no_callable_territory
TCGA-27-1835-01A	TCGA-27-1835	TCGA-GBM	GBM	62	88	mutation_count_proxy_no_callable_territory
TCGA-27-1836-01A	TCGA-27-1836	TCGA-GBM	GBM	38	51	mutation_count_proxy_no_callable_territory
TCGA-27-1837-01A	TCGA-27-1837	TCGA-GBM	GBM	35	54	mutation_count_proxy_no_callable_territory
TCGA-27-1838-01A	TCGA-27-1838	TCGA-GBM	GBM	91	128	mutation_count_proxy_no_callable_territory
TCGA-27-2518-01A	TCGA-27-2518	TCGA-GBM	GBM	40	66	mutation_count_proxy_no_callable_territory
TCGA-27-2519-01A	TCGA-27-2519	TCGA-GBM	GBM	41	54	mutation_count_proxy_no_callable_territory
TCGA-27-2521-01A	TCGA-27-2521	TCGA-GBM	GBM	54	83	mutation_count_proxy_no_callable_territory
TCGA-27-2523-01A	TCGA-27-2523	TCGA-GBM	GBM	42	64	mutation_count_proxy_no_callable_territory
TCGA-27-2524-01A	TCGA-27-2524	TCGA-GBM	GBM	38	60	mutation_count_proxy_no_callable_territory
TCGA-27-2526-01A	TCGA-27-2526	TCGA-GBM	GBM	46	67	mutation_count_proxy_no_callable_territory
TCGA-27-2527-01A	TCGA-27-2527	TCGA-GBM	GBM	57	79	mutation_count_proxy_no_callable_territory
TCGA-27-2528-01A	TCGA-27-2528	TCGA-GBM	GBM	53	67	mutation_count_proxy_no_callable_territory
TCGA-28-1745-01B	TCGA-28-1745	TCGA-GBM	GBM	65	84	mutation_count_proxy_no_callable_territory
TCGA-28-1746-01A	TCGA-28-1746	TCGA-GBM	GBM	63	107	mutation_count_proxy_no_callable_territory
TCGA-28-1747-01C	TCGA-28-1747	TCGA-GBM	GBM	43	60	mutation_count_proxy_no_callable_territory
TCGA-28-1749-01A	TCGA-28-1749	TCGA-GBM	GBM	44	67	mutation_count_proxy_no_callable_territory
TCGA-28-1750-01A	TCGA-28-1750	TCGA-GBM	GBM	82	128	mutation_count_proxy_no_callable_territory
TCGA-28-1751-01A	TCGA-28-1751	TCGA-GBM	GBM	96	156	mutation_count_proxy_no_callable_territory
TCGA-28-1752-01A	TCGA-28-1752	TCGA-GBM	GBM	86	118	mutation_count_proxy_no_callable_territory
TCGA-28-1753-01A	TCGA-28-1753	TCGA-GBM	GBM	47	70	mutation_count_proxy_no_callable_territory
TCGA-28-1755-01A	TCGA-28-1755	TCGA-GBM	GBM	76	117	mutation_count_proxy_no_callable_territory
TCGA-28-1757-01A	TCGA-28-1757	TCGA-GBM	GBM	187	287	mutation_count_proxy_no_callable_territory
TCGA-28-1760-01A	TCGA-28-1760	TCGA-GBM	GBM	294	460	mutation_count_proxy_no_callable_territory
TCGA-28-2499-01A	TCGA-28-2499	TCGA-GBM	GBM	29	37	mutation_count_proxy_no_callable_territory
TCGA-28-2501-01A	TCGA-28-2501	TCGA-GBM	GBM	41	66	mutation_count_proxy_no_callable_territory
TCGA-28-2502-01B	TCGA-28-2502	TCGA-GBM	GBM	42	67	mutation_count_proxy_no_callable_territory
TCGA-28-2506-01A	TCGA-28-2506	TCGA-GBM	GBM	286	447	mutation_count_proxy_no_callable_territory
TCGA-28-2509-01A	TCGA-28-2509	TCGA-GBM	GBM	49	82	mutation_count_proxy_no_callable_territory
TCGA-28-2510-01A	TCGA-28-2510	TCGA-GBM	GBM	26	37	mutation_count_proxy_no_callable_territory
TCGA-28-2513-01A	TCGA-28-2513	TCGA-GBM	GBM	78	99	mutation_count_proxy_no_callable_territory
TCGA-28-2514-01A	TCGA-28-2514	TCGA-GBM	GBM	46	72	mutation_count_proxy_no_callable_territory
TCGA-28-5204-01A	TCGA-28-5204	TCGA-GBM	GBM	40	60	mutation_count_proxy_no_callable_territory
TCGA-28-5207-01A	TCGA-28-5207	TCGA-GBM	GBM	42	65	mutation_count_proxy_no_callable_territory
TCGA-28-5208-01A	TCGA-28-5208	TCGA-GBM	GBM	56	78	mutation_count_proxy_no_callable_territory
TCGA-28-5209-01A	TCGA-28-5209	TCGA-GBM	GBM	81	112	mutation_count_proxy_no_callable_territory
TCGA-28-5211-01C	TCGA-28-5211	TCGA-GBM	GBM	373	579	mutation_count_proxy_no_callable_territory
TCGA-28-5213-01A	TCGA-28-5213	TCGA-GBM	GBM	44	69	mutation_count_proxy_no_callable_territory
TCGA-28-5214-01A	TCGA-28-5214	TCGA-GBM	GBM	31	62	mutation_count_proxy_no_callable_territory
TCGA-28-5215-01A	TCGA-28-5215	TCGA-GBM	GBM	26	49	mutation_count_proxy_no_callable_territory
TCGA-28-5216-01A	TCGA-28-5216	TCGA-GBM	GBM	43	67	mutation_count_proxy_no_callable_territory
TCGA-28-5218-01A	TCGA-28-5218	TCGA-GBM	GBM	20	27	mutation_count_proxy_no_callable_territory
TCGA-28-5219-01A	TCGA-28-5219	TCGA-GBM	GBM	47	67	mutation_count_proxy_no_callable_territory
TCGA-28-5220-01A	TCGA-28-5220	TCGA-GBM	GBM	32	47	mutation_count_proxy_no_callable_territory
TCGA-28-6450-01A	TCGA-28-6450	TCGA-GBM	GBM	57	74	mutation_count_proxy_no_callable_territory
TCGA-32-1970-01A	TCGA-32-1970	TCGA-GBM	GBM	69	98	mutation_count_proxy_no_callable_territory
TCGA-32-1976-01A	TCGA-32-1976	TCGA-GBM	GBM	55	90	mutation_count_proxy_no_callable_territory
TCGA-32-1977-01A	TCGA-32-1977	TCGA-GBM	GBM	68	110	mutation_count_proxy_no_callable_territory
TCGA-32-1979-01A	TCGA-32-1979	TCGA-GBM	GBM	68	99	mutation_count_proxy_no_callable_territory
TCGA-32-1980-01A	TCGA-32-1980	TCGA-GBM	GBM	16	21	mutation_count_proxy_no_callable_territory
TCGA-32-1982-01A	TCGA-32-1982	TCGA-GBM	GBM	65	101	mutation_count_proxy_no_callable_territory
TCGA-32-1986-01A	TCGA-32-1986	TCGA-GBM	GBM	39	62	mutation_count_proxy_no_callable_territory
TCGA-32-1991-01A	TCGA-32-1991	TCGA-GBM	GBM	43	75	mutation_count_proxy_no_callable_territory
TCGA-32-2491-01A	TCGA-32-2491	TCGA-GBM	GBM	78	116	mutation_count_proxy_no_callable_territory
TCGA-32-2494-01A	TCGA-32-2494	TCGA-GBM	GBM	53	87	mutation_count_proxy_no_callable_territory
TCGA-32-2495-01A	TCGA-32-2495	TCGA-GBM	GBM	65	93	mutation_count_proxy_no_callable_territory
TCGA-32-2615-01A	TCGA-32-2615	TCGA-GBM	GBM	31	50	mutation_count_proxy_no_callable_territory
TCGA-32-2616-01A	TCGA-32-2616	TCGA-GBM	GBM	989	1539	mutation_count_proxy_no_callable_territory
TCGA-32-2632-01A	TCGA-32-2632	TCGA-GBM	GBM	85	130	mutation_count_proxy_no_callable_territory
TCGA-32-2634-01A	TCGA-32-2634	TCGA-GBM	GBM	42	60	mutation_count_proxy_no_callable_territory
TCGA-32-2638-01A	TCGA-32-2638	TCGA-GBM	GBM	46	81	mutation_count_proxy_no_callable_territory
TCGA-32-4208-01A	TCGA-32-4208	TCGA-GBM	GBM	38	53	mutation_count_proxy_no_callable_territory
TCGA-32-4209-01A	TCGA-32-4209	TCGA-GBM	GBM	31	44	mutation_count_proxy_no_callable_territory
TCGA-32-4210-01A	TCGA-32-4210	TCGA-GBM	GBM	67	105	mutation_count_proxy_no_callable_territory
TCGA-32-4211-01A	TCGA-32-4211	TCGA-GBM	GBM	62	92	mutation_count_proxy_no_callable_territory
TCGA-32-4213-01A	TCGA-32-4213	TCGA-GBM	GBM	57	86	mutation_count_proxy_no_callable_territory
TCGA-32-4719-01A	TCGA-32-4719	TCGA-GBM	GBM	47	67	mutation_count_proxy_no_callable_territory
TCGA-32-5222-01A	TCGA-32-5222	TCGA-GBM	GBM	60	95	mutation_count_proxy_no_callable_territory
TCGA-41-2571-01A	TCGA-41-2571	TCGA-GBM	GBM	41	70	mutation_count_proxy_no_callable_territory
TCGA-41-2572-01A	TCGA-41-2572	TCGA-GBM	GBM	48	82	mutation_count_proxy_no_callable_territory
TCGA-41-2573-01A	TCGA-41-2573	TCGA-GBM	GBM	40	62	mutation_count_proxy_no_callable_territory
TCGA-41-2575-01A	TCGA-41-2575	TCGA-GBM	GBM	57	85	mutation_count_proxy_no_callable_territory
TCGA-41-3392-01A	TCGA-41-3392	TCGA-GBM	GBM	61	90	mutation_count_proxy_no_callable_territory
TCGA-41-3393-01A	TCGA-41-3393	TCGA-GBM	GBM	56	89	mutation_count_proxy_no_callable_territory
TCGA-41-3915-01A	TCGA-41-3915	TCGA-GBM	GBM	39	58	mutation_count_proxy_no_callable_territory
TCGA-41-4097-01A	TCGA-41-4097	TCGA-GBM	GBM	45	76	mutation_count_proxy_no_callable_territory
TCGA-41-5651-01A	TCGA-41-5651	TCGA-GBM	GBM	74	121	mutation_count_proxy_no_callable_territory
TCGA-41-6646-01A	TCGA-41-6646	TCGA-GBM	GBM	49	71	mutation_count_proxy_no_callable_territory
TCGA-4W-AA9R-01A	TCGA-4W-AA9R	TCGA-GBM	GBM	64	102	mutation_count_proxy_no_callable_territory
TCGA-4W-AA9S-01A	TCGA-4W-AA9S	TCGA-GBM	GBM	42	71	mutation_count_proxy_no_callable_territory
TCGA-4W-AA9T-01A	TCGA-4W-AA9T	TCGA-GBM	GBM	49	66	mutation_count_proxy_no_callable_territory
TCGA-74-6573-01A	TCGA-74-6573	TCGA-GBM	GBM	36	56	mutation_count_proxy_no_callable_territory
TCGA-74-6575-01A	TCGA-74-6575	TCGA-GBM	GBM	81	132	mutation_count_proxy_no_callable_territory
TCGA-74-6577-01A	TCGA-74-6577	TCGA-GBM	GBM	91	125	mutation_count_proxy_no_callable_territory
TCGA-74-6578-01A	TCGA-74-6578	TCGA-GBM	GBM	62	84	mutation_count_proxy_no_callable_territory
TCGA-74-6581-01A	TCGA-74-6581	TCGA-GBM	GBM	35	59	mutation_count_proxy_no_callable_territory
TCGA-74-6584-01A	TCGA-74-6584	TCGA-GBM	GBM	32	45	mutation_count_proxy_no_callable_territory
TCGA-76-4925-01A	TCGA-76-4925	TCGA-GBM	GBM	55	85	mutation_count_proxy_no_callable_territory
TCGA-76-4926-01B	TCGA-76-4926	TCGA-GBM	GBM	55	80	mutation_count_proxy_no_callable_territory
TCGA-76-4927-01A	TCGA-76-4927	TCGA-GBM	GBM	43	73	mutation_count_proxy_no_callable_territory
TCGA-76-4928-01B	TCGA-76-4928	TCGA-GBM	GBM	70	98	mutation_count_proxy_no_callable_territory
TCGA-76-4929-01A	TCGA-76-4929	TCGA-GBM	GBM	49	90	mutation_count_proxy_no_callable_territory
TCGA-76-4931-01A	TCGA-76-4931	TCGA-GBM	GBM	38	65	mutation_count_proxy_no_callable_territory
TCGA-76-4932-01A	TCGA-76-4932	TCGA-GBM	GBM	52	77	mutation_count_proxy_no_callable_territory
TCGA-76-4934-01A	TCGA-76-4934	TCGA-GBM	GBM	47	69	mutation_count_proxy_no_callable_territory
TCGA-76-4935-01A	TCGA-76-4935	TCGA-GBM	GBM	45	69	mutation_count_proxy_no_callable_territory
TCGA-76-6191-01A	TCGA-76-6191	TCGA-GBM	GBM	50	73	mutation_count_proxy_no_callable_territory
TCGA-76-6192-01A	TCGA-76-6192	TCGA-GBM	GBM	46	66	mutation_count_proxy_no_callable_territory
TCGA-76-6193-01A	TCGA-76-6193	TCGA-GBM	GBM	39	59	mutation_count_proxy_no_callable_territory
TCGA-76-6280-01A	TCGA-76-6280	TCGA-GBM	GBM	48	73	mutation_count_proxy_no_callable_territory
TCGA-76-6282-01A	TCGA-76-6282	TCGA-GBM	GBM	44	61	mutation_count_proxy_no_callable_territory
TCGA-76-6283-01A	TCGA-76-6283	TCGA-GBM	GBM	87	132	mutation_count_proxy_no_callable_territory
TCGA-76-6285-01A	TCGA-76-6285	TCGA-GBM	GBM	48	76	mutation_count_proxy_no_callable_territory
TCGA-76-6286-01A	TCGA-76-6286	TCGA-GBM	GBM	59	91	mutation_count_proxy_no_callable_territory
TCGA-76-6656-01A	TCGA-76-6656	TCGA-GBM	GBM	75	120	mutation_count_proxy_no_callable_territory
TCGA-76-6657-01A	TCGA-76-6657	TCGA-GBM	GBM	54	77	mutation_count_proxy_no_callable_territory
TCGA-76-6660-01A	TCGA-76-6660	TCGA-GBM	GBM	72	110	mutation_count_proxy_no_callable_territory
TCGA-76-6661-01B	TCGA-76-6661	TCGA-GBM	GBM	47	70	mutation_count_proxy_no_callable_territory
TCGA-76-6662-01A	TCGA-76-6662	TCGA-GBM	GBM	35	52	mutation_count_proxy_no_callable_territory
TCGA-76-6663-01A	TCGA-76-6663	TCGA-GBM	GBM	48	75	mutation_count_proxy_no_callable_territory
TCGA-76-6664-01A	TCGA-76-6664	TCGA-GBM	GBM	42	70	mutation_count_proxy_no_callable_territory
TCGA-81-5910-01A	TCGA-81-5910	TCGA-GBM	GBM	41	62	mutation_count_proxy_no_callable_territory
TCGA-81-5911-01A	TCGA-81-5911	TCGA-GBM	GBM	28	37	mutation_count_proxy_no_callable_territory
TCGA-87-5896-01A	TCGA-87-5896	TCGA-GBM	GBM	42	72	mutation_count_proxy_no_callable_territory
TCGA-OX-A56R-01A	TCGA-OX-A56R	TCGA-GBM	GBM	37	53	mutation_count_proxy_no_callable_territory
TCGA-RR-A6KA-01A	TCGA-RR-A6KA	TCGA-GBM	GBM	46	69	mutation_count_proxy_no_callable_territory
TCGA-RR-A6KB-01A	TCGA-RR-A6KB	TCGA-GBM	GBM	44	61	mutation_count_proxy_no_callable_territory
TCGA-RR-A6KC-01A	TCGA-RR-A6KC	TCGA-GBM	GBM	39	64	mutation_count_proxy_no_callable_territory
TCGA-4P-AA8J-01A	TCGA-4P-AA8J	TCGA-HNSC	HNSC	111	168	mutation_count_proxy_no_callable_territory
TCGA-BA-4074-01A	TCGA-BA-4074	TCGA-HNSC	HNSC	125	182	mutation_count_proxy_no_callable_territory
TCGA-BA-4075-01A	TCGA-BA-4075	TCGA-HNSC	HNSC	134	218	mutation_count_proxy_no_callable_territory
TCGA-BA-4076-01A	TCGA-BA-4076	TCGA-HNSC	HNSC	290	433	mutation_count_proxy_no_callable_territory
TCGA-BA-4077-01B	TCGA-BA-4077	TCGA-HNSC	HNSC	271	413	mutation_count_proxy_no_callable_territory
TCGA-BA-4078-01A	TCGA-BA-4078	TCGA-HNSC	HNSC	381	611	mutation_count_proxy_no_callable_territory
TCGA-BA-5149-01A	TCGA-BA-5149	TCGA-HNSC	HNSC	109	152	mutation_count_proxy_no_callable_territory
TCGA-BA-5151-01A	TCGA-BA-5151	TCGA-HNSC	HNSC	67	107	mutation_count_proxy_no_callable_territory
TCGA-BA-5152-01A	TCGA-BA-5152	TCGA-HNSC	HNSC	422	656	mutation_count_proxy_no_callable_territory
TCGA-BA-5153-01A	TCGA-BA-5153	TCGA-HNSC	HNSC	38	52	mutation_count_proxy_no_callable_territory
TCGA-BA-5555-01A	TCGA-BA-5555	TCGA-HNSC	HNSC	130	173	mutation_count_proxy_no_callable_territory
TCGA-BA-5556-01A	TCGA-BA-5556	TCGA-HNSC	HNSC	126	181	mutation_count_proxy_no_callable_territory
TCGA-BA-5557-01A	TCGA-BA-5557	TCGA-HNSC	HNSC	37	58	mutation_count_proxy_no_callable_territory
TCGA-BA-5558-01A	TCGA-BA-5558	TCGA-HNSC	HNSC	118	211	mutation_count_proxy_no_callable_territory
TCGA-BA-5559-01A	TCGA-BA-5559	TCGA-HNSC	HNSC	61	97	mutation_count_proxy_no_callable_territory
TCGA-BA-6868-01B	TCGA-BA-6868	TCGA-HNSC	HNSC	136	203	mutation_count_proxy_no_callable_territory
TCGA-BA-6869-01A	TCGA-BA-6869	TCGA-HNSC	HNSC	421	624	mutation_count_proxy_no_callable_territory
TCGA-BA-6870-01A	TCGA-BA-6870	TCGA-HNSC	HNSC	81	117	mutation_count_proxy_no_callable_territory
TCGA-BA-6871-01A	TCGA-BA-6871	TCGA-HNSC	HNSC	125	171	mutation_count_proxy_no_callable_territory
TCGA-BA-6872-01A	TCGA-BA-6872	TCGA-HNSC	HNSC	155	219	mutation_count_proxy_no_callable_territory
TCGA-BA-6873-01A	TCGA-BA-6873	TCGA-HNSC	HNSC	57	83	mutation_count_proxy_no_callable_territory
TCGA-BA-7269-01A	TCGA-BA-7269	TCGA-HNSC	HNSC	79	115	mutation_count_proxy_no_callable_territory
TCGA-BA-A4IF-01A	TCGA-BA-A4IF	TCGA-HNSC	HNSC	88	120	mutation_count_proxy_no_callable_territory
TCGA-BA-A4IG-01A	TCGA-BA-A4IG	TCGA-HNSC	HNSC	106	177	mutation_count_proxy_no_callable_territory
TCGA-BA-A4IH-01A	TCGA-BA-A4IH	TCGA-HNSC	HNSC	44	58	mutation_count_proxy_no_callable_territory
TCGA-BA-A4II-01A	TCGA-BA-A4II	TCGA-HNSC	HNSC	88	133	mutation_count_proxy_no_callable_territory
TCGA-BA-A6D8-01A	TCGA-BA-A6D8	TCGA-HNSC	HNSC	104	156	mutation_count_proxy_no_callable_territory
TCGA-BA-A6DA-01A	TCGA-BA-A6DA	TCGA-HNSC	HNSC	612	909	mutation_count_proxy_no_callable_territory
TCGA-BA-A6DB-01A	TCGA-BA-A6DB	TCGA-HNSC	HNSC	18	24	mutation_count_proxy_no_callable_territory
TCGA-BA-A6DD-01A	TCGA-BA-A6DD	TCGA-HNSC	HNSC	53	72	mutation_count_proxy_no_callable_territory
TCGA-BA-A6DE-01A	TCGA-BA-A6DE	TCGA-HNSC	HNSC	104	160	mutation_count_proxy_no_callable_territory
TCGA-BA-A6DF-01A	TCGA-BA-A6DF	TCGA-HNSC	HNSC	141	196	mutation_count_proxy_no_callable_territory
TCGA-BA-A6DG-01A	TCGA-BA-A6DG	TCGA-HNSC	HNSC	22	39	mutation_count_proxy_no_callable_territory
TCGA-BA-A6DI-01A	TCGA-BA-A6DI	TCGA-HNSC	HNSC	94	128	mutation_count_proxy_no_callable_territory
TCGA-BA-A6DJ-01A	TCGA-BA-A6DJ	TCGA-HNSC	HNSC	225	351	mutation_count_proxy_no_callable_territory
TCGA-BA-A6DL-01A	TCGA-BA-A6DL	TCGA-HNSC	HNSC	78	116	mutation_count_proxy_no_callable_territory
TCGA-BA-A8YP-01A	TCGA-BA-A8YP	TCGA-HNSC	HNSC	131	203	mutation_count_proxy_no_callable_territory
TCGA-BB-4217-01A	TCGA-BB-4217	TCGA-HNSC	HNSC	27	42	mutation_count_proxy_no_callable_territory
TCGA-BB-4223-01A	TCGA-BB-4223	TCGA-HNSC	HNSC	177	279	mutation_count_proxy_no_callable_territory
TCGA-BB-4224-01A	TCGA-BB-4224	TCGA-HNSC	HNSC	72	107	mutation_count_proxy_no_callable_territory
TCGA-BB-4225-01A	TCGA-BB-4225	TCGA-HNSC	HNSC	57	92	mutation_count_proxy_no_callable_territory
TCGA-BB-4227-01A	TCGA-BB-4227	TCGA-HNSC	HNSC	203	343	mutation_count_proxy_no_callable_territory
TCGA-BB-4228-01A	TCGA-BB-4228	TCGA-HNSC	HNSC	36	58	mutation_count_proxy_no_callable_territory
TCGA-BB-7870-01A	TCGA-BB-7870	TCGA-HNSC	HNSC	251	375	mutation_count_proxy_no_callable_territory
TCGA-BB-8596-01A	TCGA-BB-8596	TCGA-HNSC	HNSC	72	120	mutation_count_proxy_no_callable_territory
TCGA-BB-8601-01A	TCGA-BB-8601	TCGA-HNSC	HNSC	55	84	mutation_count_proxy_no_callable_territory
TCGA-BB-A5HU-01A	TCGA-BB-A5HU	TCGA-HNSC	HNSC	154	249	mutation_count_proxy_no_callable_territory
TCGA-BB-A5HY-01A	TCGA-BB-A5HY	TCGA-HNSC	HNSC	181	281	mutation_count_proxy_no_callable_territory
TCGA-BB-A5HZ-01A	TCGA-BB-A5HZ	TCGA-HNSC	HNSC	59	99	mutation_count_proxy_no_callable_territory
TCGA-BB-A6UM-01A	TCGA-BB-A6UM	TCGA-HNSC	HNSC	55	89	mutation_count_proxy_no_callable_territory
TCGA-BB-A6UO-01A	TCGA-BB-A6UO	TCGA-HNSC	HNSC	99	152	mutation_count_proxy_no_callable_territory
TCGA-C9-A47Z-01A	TCGA-C9-A47Z	TCGA-HNSC	HNSC	92	140	mutation_count_proxy_no_callable_territory
TCGA-C9-A480-01A	TCGA-C9-A480	TCGA-HNSC	HNSC	41	67	mutation_count_proxy_no_callable_territory
TCGA-CN-4723-01A	TCGA-CN-4723	TCGA-HNSC	HNSC	730	1116	mutation_count_proxy_no_callable_territory
TCGA-CN-4725-01A	TCGA-CN-4725	TCGA-HNSC	HNSC	48	71	mutation_count_proxy_no_callable_territory
TCGA-CN-4726-01A	TCGA-CN-4726	TCGA-HNSC	HNSC	53	91	mutation_count_proxy_no_callable_territory
TCGA-CN-4727-01A	TCGA-CN-4727	TCGA-HNSC	HNSC	382	548	mutation_count_proxy_no_callable_territory
TCGA-CN-4728-01A	TCGA-CN-4728	TCGA-HNSC	HNSC	114	166	mutation_count_proxy_no_callable_territory
TCGA-CN-4729-01A	TCGA-CN-4729	TCGA-HNSC	HNSC	118	195	mutation_count_proxy_no_callable_territory
TCGA-CN-4730-01A	TCGA-CN-4730	TCGA-HNSC	HNSC	141	214	mutation_count_proxy_no_callable_territory
TCGA-CN-4731-01A	TCGA-CN-4731	TCGA-HNSC	HNSC	94	152	mutation_count_proxy_no_callable_territory
TCGA-CN-4733-01A	TCGA-CN-4733	TCGA-HNSC	HNSC	23	34	mutation_count_proxy_no_callable_territory
TCGA-CN-4734-01A	TCGA-CN-4734	TCGA-HNSC	HNSC	124	203	mutation_count_proxy_no_callable_territory
TCGA-CN-4735-01A	TCGA-CN-4735	TCGA-HNSC	HNSC	120	186	mutation_count_proxy_no_callable_territory
TCGA-CN-4736-01A	TCGA-CN-4736	TCGA-HNSC	HNSC	88	117	mutation_count_proxy_no_callable_territory
TCGA-CN-4737-01A	TCGA-CN-4737	TCGA-HNSC	HNSC	36	59	mutation_count_proxy_no_callable_territory
TCGA-CN-4738-01A	TCGA-CN-4738	TCGA-HNSC	HNSC	81	130	mutation_count_proxy_no_callable_territory
TCGA-CN-4739-01A	TCGA-CN-4739	TCGA-HNSC	HNSC	183	287	mutation_count_proxy_no_callable_territory
TCGA-CN-4740-01A	TCGA-CN-4740	TCGA-HNSC	HNSC	130	184	mutation_count_proxy_no_callable_territory
TCGA-CN-4741-01A	TCGA-CN-4741	TCGA-HNSC	HNSC	112	176	mutation_count_proxy_no_callable_territory
TCGA-CN-4742-01A	TCGA-CN-4742	TCGA-HNSC	HNSC	64	96	mutation_count_proxy_no_callable_territory
TCGA-CN-5355-01A	TCGA-CN-5355	TCGA-HNSC	HNSC	95	138	mutation_count_proxy_no_callable_territory
TCGA-CN-5356-01A	TCGA-CN-5356	TCGA-HNSC	HNSC	313	460	mutation_count_proxy_no_callable_territory
TCGA-CN-5358-01A	TCGA-CN-5358	TCGA-HNSC	HNSC	34	51	mutation_count_proxy_no_callable_territory
TCGA-CN-5359-01A	TCGA-CN-5359	TCGA-HNSC	HNSC	133	197	mutation_count_proxy_no_callable_territory
TCGA-CN-5360-01A	TCGA-CN-5360	TCGA-HNSC	HNSC	462	661	mutation_count_proxy_no_callable_territory
TCGA-CN-5361-01A	TCGA-CN-5361	TCGA-HNSC	HNSC	90	152	mutation_count_proxy_no_callable_territory
TCGA-CN-5363-01A	TCGA-CN-5363	TCGA-HNSC	HNSC	161	247	mutation_count_proxy_no_callable_territory
TCGA-CN-5364-01A	TCGA-CN-5364	TCGA-HNSC	HNSC	127	174	mutation_count_proxy_no_callable_territory
TCGA-CN-5365-01A	TCGA-CN-5365	TCGA-HNSC	HNSC	69	101	mutation_count_proxy_no_callable_territory
TCGA-CN-5366-01A	TCGA-CN-5366	TCGA-HNSC	HNSC	89	130	mutation_count_proxy_no_callable_territory
TCGA-CN-5367-01A	TCGA-CN-5367	TCGA-HNSC	HNSC	90	131	mutation_count_proxy_no_callable_territory
TCGA-CN-5369-01A	TCGA-CN-5369	TCGA-HNSC	HNSC	405	597	mutation_count_proxy_no_callable_territory
TCGA-CN-5370-01A	TCGA-CN-5370	TCGA-HNSC	HNSC	99	136	mutation_count_proxy_no_callable_territory
TCGA-CN-5373-01A	TCGA-CN-5373	TCGA-HNSC	HNSC	127	203	mutation_count_proxy_no_callable_territory
TCGA-CN-5374-01A	TCGA-CN-5374	TCGA-HNSC	HNSC	130	218	mutation_count_proxy_no_callable_territory
TCGA-CN-6010-01A	TCGA-CN-6010	TCGA-HNSC	HNSC	1646	2453	mutation_count_proxy_no_callable_territory
TCGA-CN-6011-01A	TCGA-CN-6011	TCGA-HNSC	HNSC	312	468	mutation_count_proxy_no_callable_territory
TCGA-CN-6012-01A	TCGA-CN-6012	TCGA-HNSC	HNSC	110	152	mutation_count_proxy_no_callable_territory
TCGA-CN-6013-01A	TCGA-CN-6013	TCGA-HNSC	HNSC	170	243	mutation_count_proxy_no_callable_territory
TCGA-CN-6016-01A	TCGA-CN-6016	TCGA-HNSC	HNSC	104	155	mutation_count_proxy_no_callable_territory
TCGA-CN-6017-01A	TCGA-CN-6017	TCGA-HNSC	HNSC	2	4	mutation_count_proxy_no_callable_territory
TCGA-CN-6018-01A	TCGA-CN-6018	TCGA-HNSC	HNSC	93	141	mutation_count_proxy_no_callable_territory
TCGA-CN-6019-01A	TCGA-CN-6019	TCGA-HNSC	HNSC	125	168	mutation_count_proxy_no_callable_territory
TCGA-CN-6020-01A	TCGA-CN-6020	TCGA-HNSC	HNSC	122	195	mutation_count_proxy_no_callable_territory
TCGA-CN-6021-01A	TCGA-CN-6021	TCGA-HNSC	HNSC	258	372	mutation_count_proxy_no_callable_territory
TCGA-CN-6022-01A	TCGA-CN-6022	TCGA-HNSC	HNSC	62	96	mutation_count_proxy_no_callable_territory
TCGA-CN-6023-01A	TCGA-CN-6023	TCGA-HNSC	HNSC	101	140	mutation_count_proxy_no_callable_territory
TCGA-CN-6024-01A	TCGA-CN-6024	TCGA-HNSC	HNSC	126	216	mutation_count_proxy_no_callable_territory
TCGA-CN-6988-01A	TCGA-CN-6988	TCGA-HNSC	HNSC	177	268	mutation_count_proxy_no_callable_territory
TCGA-CN-6989-01A	TCGA-CN-6989	TCGA-HNSC	HNSC	88	134	mutation_count_proxy_no_callable_territory
TCGA-CN-6992-01A	TCGA-CN-6992	TCGA-HNSC	HNSC	307	478	mutation_count_proxy_no_callable_territory
TCGA-CN-6994-01A	TCGA-CN-6994	TCGA-HNSC	HNSC	105	158	mutation_count_proxy_no_callable_territory
TCGA-CN-6995-01A	TCGA-CN-6995	TCGA-HNSC	HNSC	203	287	mutation_count_proxy_no_callable_territory
TCGA-CN-6996-01A	TCGA-CN-6996	TCGA-HNSC	HNSC	48	70	mutation_count_proxy_no_callable_territory
TCGA-CN-6997-01A	TCGA-CN-6997	TCGA-HNSC	HNSC	191	280	mutation_count_proxy_no_callable_territory
TCGA-CN-6998-01A	TCGA-CN-6998	TCGA-HNSC	HNSC	63	117	mutation_count_proxy_no_callable_territory
TCGA-CN-A497-01A	TCGA-CN-A497	TCGA-HNSC	HNSC	312	454	mutation_count_proxy_no_callable_territory
TCGA-CN-A498-01A	TCGA-CN-A498	TCGA-HNSC	HNSC	106	159	mutation_count_proxy_no_callable_territory
TCGA-CN-A499-01A	TCGA-CN-A499	TCGA-HNSC	HNSC	36	56	mutation_count_proxy_no_callable_territory
TCGA-CN-A49A-01A	TCGA-CN-A49A	TCGA-HNSC	HNSC	104	159	mutation_count_proxy_no_callable_territory
TCGA-CN-A49B-01A	TCGA-CN-A49B	TCGA-HNSC	HNSC	92	140	mutation_count_proxy_no_callable_territory
TCGA-CN-A49C-01A	TCGA-CN-A49C	TCGA-HNSC	HNSC	48	79	mutation_count_proxy_no_callable_territory
TCGA-CN-A63T-01A	TCGA-CN-A63T	TCGA-HNSC	HNSC	217	342	mutation_count_proxy_no_callable_territory
TCGA-CN-A63U-01A	TCGA-CN-A63U	TCGA-HNSC	HNSC	464	701	mutation_count_proxy_no_callable_territory
TCGA-CN-A63V-01A	TCGA-CN-A63V	TCGA-HNSC	HNSC	78	103	mutation_count_proxy_no_callable_territory
TCGA-CN-A63W-01A	TCGA-CN-A63W	TCGA-HNSC	HNSC	343	518	mutation_count_proxy_no_callable_territory
TCGA-CN-A63Y-01A	TCGA-CN-A63Y	TCGA-HNSC	HNSC	138	216	mutation_count_proxy_no_callable_territory
TCGA-CN-A640-01A	TCGA-CN-A640	TCGA-HNSC	HNSC	57	83	mutation_count_proxy_no_callable_territory
TCGA-CN-A641-01A	TCGA-CN-A641	TCGA-HNSC	HNSC	182	271	mutation_count_proxy_no_callable_territory
TCGA-CN-A642-01A	TCGA-CN-A642	TCGA-HNSC	HNSC	71	99	mutation_count_proxy_no_callable_territory
TCGA-CN-A6UY-01A	TCGA-CN-A6UY	TCGA-HNSC	HNSC	31	51	mutation_count_proxy_no_callable_territory
TCGA-CN-A6V1-01A	TCGA-CN-A6V1	TCGA-HNSC	HNSC	226	371	mutation_count_proxy_no_callable_territory
TCGA-CN-A6V3-01A	TCGA-CN-A6V3	TCGA-HNSC	HNSC	204	302	mutation_count_proxy_no_callable_territory
TCGA-CN-A6V6-01A	TCGA-CN-A6V6	TCGA-HNSC	HNSC	60	100	mutation_count_proxy_no_callable_territory
TCGA-CN-A6V7-01A	TCGA-CN-A6V7	TCGA-HNSC	HNSC	42	65	mutation_count_proxy_no_callable_territory
TCGA-CQ-5323-01A	TCGA-CQ-5323	TCGA-HNSC	HNSC	56	83	mutation_count_proxy_no_callable_territory
TCGA-CQ-5324-01A	TCGA-CQ-5324	TCGA-HNSC	HNSC	65	83	mutation_count_proxy_no_callable_territory
TCGA-CQ-5325-01A	TCGA-CQ-5325	TCGA-HNSC	HNSC	53	71	mutation_count_proxy_no_callable_territory
TCGA-CQ-5326-01A	TCGA-CQ-5326	TCGA-HNSC	HNSC	183	292	mutation_count_proxy_no_callable_territory
TCGA-CQ-5327-01A	TCGA-CQ-5327	TCGA-HNSC	HNSC	198	303	mutation_count_proxy_no_callable_territory
TCGA-CQ-5329-01A	TCGA-CQ-5329	TCGA-HNSC	HNSC	29	37	mutation_count_proxy_no_callable_territory
TCGA-CQ-5330-01A	TCGA-CQ-5330	TCGA-HNSC	HNSC	56	82	mutation_count_proxy_no_callable_territory
TCGA-CQ-5331-01A	TCGA-CQ-5331	TCGA-HNSC	HNSC	127	190	mutation_count_proxy_no_callable_territory
TCGA-CQ-5332-01A	TCGA-CQ-5332	TCGA-HNSC	HNSC	127	187	mutation_count_proxy_no_callable_territory
TCGA-CQ-5333-01A	TCGA-CQ-5333	TCGA-HNSC	HNSC	182	267	mutation_count_proxy_no_callable_territory
TCGA-CQ-5334-01A	TCGA-CQ-5334	TCGA-HNSC	HNSC	164	232	mutation_count_proxy_no_callable_territory
TCGA-CQ-6218-01A	TCGA-CQ-6218	TCGA-HNSC	HNSC	112	187	mutation_count_proxy_no_callable_territory
TCGA-CQ-6219-01A	TCGA-CQ-6219	TCGA-HNSC	HNSC	66	98	mutation_count_proxy_no_callable_territory
TCGA-CQ-6220-01A	TCGA-CQ-6220	TCGA-HNSC	HNSC	98	142	mutation_count_proxy_no_callable_territory
TCGA-CQ-6221-01A	TCGA-CQ-6221	TCGA-HNSC	HNSC	111	151	mutation_count_proxy_no_callable_territory
TCGA-CQ-6222-01A	TCGA-CQ-6222	TCGA-HNSC	HNSC	61	82	mutation_count_proxy_no_callable_territory
TCGA-CQ-6223-01A	TCGA-CQ-6223	TCGA-HNSC	HNSC	92	138	mutation_count_proxy_no_callable_territory
TCGA-CQ-6224-01A	TCGA-CQ-6224	TCGA-HNSC	HNSC	51	85	mutation_count_proxy_no_callable_territory
TCGA-CQ-6225-01A	TCGA-CQ-6225	TCGA-HNSC	HNSC	135	197	mutation_count_proxy_no_callable_territory
TCGA-CQ-6227-01A	TCGA-CQ-6227	TCGA-HNSC	HNSC	50	72	mutation_count_proxy_no_callable_territory
TCGA-CQ-6228-01A	TCGA-CQ-6228	TCGA-HNSC	HNSC	104	142	mutation_count_proxy_no_callable_territory
TCGA-CQ-6229-01A	TCGA-CQ-6229	TCGA-HNSC	HNSC	26	40	mutation_count_proxy_no_callable_territory
TCGA-CQ-7063-01A	TCGA-CQ-7063	TCGA-HNSC	HNSC	119	177	mutation_count_proxy_no_callable_territory
TCGA-CQ-7064-01A	TCGA-CQ-7064	TCGA-HNSC	HNSC	90	139	mutation_count_proxy_no_callable_territory
TCGA-CQ-7065-01A	TCGA-CQ-7065	TCGA-HNSC	HNSC	32	47	mutation_count_proxy_no_callable_territory
TCGA-CQ-7068-01A	TCGA-CQ-7068	TCGA-HNSC	HNSC	91	144	mutation_count_proxy_no_callable_territory
TCGA-CQ-7069-01A	TCGA-CQ-7069	TCGA-HNSC	HNSC	85	115	mutation_count_proxy_no_callable_territory
TCGA-CQ-7071-01A	TCGA-CQ-7071	TCGA-HNSC	HNSC	418	575	mutation_count_proxy_no_callable_territory
TCGA-CQ-7072-01A	TCGA-CQ-7072	TCGA-HNSC	HNSC	114	151	mutation_count_proxy_no_callable_territory
TCGA-CQ-A4C6-01A	TCGA-CQ-A4C6	TCGA-HNSC	HNSC	94	141	mutation_count_proxy_no_callable_territory
TCGA-CQ-A4C7-01A	TCGA-CQ-A4C7	TCGA-HNSC	HNSC	50	77	mutation_count_proxy_no_callable_territory
TCGA-CQ-A4C9-01A	TCGA-CQ-A4C9	TCGA-HNSC	HNSC	82	120	mutation_count_proxy_no_callable_territory
TCGA-CQ-A4CB-01A	TCGA-CQ-A4CB	TCGA-HNSC	HNSC	90	114	mutation_count_proxy_no_callable_territory
TCGA-CQ-A4CD-01A	TCGA-CQ-A4CD	TCGA-HNSC	HNSC	143	194	mutation_count_proxy_no_callable_territory
TCGA-CQ-A4CE-01A	TCGA-CQ-A4CE	TCGA-HNSC	HNSC	62	92	mutation_count_proxy_no_callable_territory
TCGA-CQ-A4CG-01A	TCGA-CQ-A4CG	TCGA-HNSC	HNSC	68	100	mutation_count_proxy_no_callable_territory
TCGA-CQ-A4CH-01A	TCGA-CQ-A4CH	TCGA-HNSC	HNSC	22	32	mutation_count_proxy_no_callable_territory
TCGA-CQ-A4CI-01A	TCGA-CQ-A4CI	TCGA-HNSC	HNSC	90	131	mutation_count_proxy_no_callable_territory
TCGA-CR-5243-01A	TCGA-CR-5243	TCGA-HNSC	HNSC	55	82	mutation_count_proxy_no_callable_territory
TCGA-CR-5247-01A	TCGA-CR-5247	TCGA-HNSC	HNSC	66	98	mutation_count_proxy_no_callable_territory
TCGA-CR-5248-01A	TCGA-CR-5248	TCGA-HNSC	HNSC	319	472	mutation_count_proxy_no_callable_territory
TCGA-CR-5249-01A	TCGA-CR-5249	TCGA-HNSC	HNSC	24	45	mutation_count_proxy_no_callable_territory
TCGA-CR-5250-01A	TCGA-CR-5250	TCGA-HNSC	HNSC	31	49	mutation_count_proxy_no_callable_territory
TCGA-CR-6467-01A	TCGA-CR-6467	TCGA-HNSC	HNSC	33	59	mutation_count_proxy_no_callable_territory
TCGA-CR-6470-01A	TCGA-CR-6470	TCGA-HNSC	HNSC	36	46	mutation_count_proxy_no_callable_territory
TCGA-CR-6471-01A	TCGA-CR-6471	TCGA-HNSC	HNSC	113	169	mutation_count_proxy_no_callable_territory
TCGA-CR-6472-01A	TCGA-CR-6472	TCGA-HNSC	HNSC	408	604	mutation_count_proxy_no_callable_territory
TCGA-CR-6473-01A	TCGA-CR-6473	TCGA-HNSC	HNSC	84	122	mutation_count_proxy_no_callable_territory
TCGA-CR-6474-01A	TCGA-CR-6474	TCGA-HNSC	HNSC	89	131	mutation_count_proxy_no_callable_territory
TCGA-CR-6477-01A	TCGA-CR-6477	TCGA-HNSC	HNSC	70	110	mutation_count_proxy_no_callable_territory
TCGA-CR-6478-01A	TCGA-CR-6478	TCGA-HNSC	HNSC	89	161	mutation_count_proxy_no_callable_territory
TCGA-CR-6480-01A	TCGA-CR-6480	TCGA-HNSC	HNSC	87	140	mutation_count_proxy_no_callable_territory
TCGA-CR-6481-01A	TCGA-CR-6481	TCGA-HNSC	HNSC	433	631	mutation_count_proxy_no_callable_territory
TCGA-CR-6482-01A	TCGA-CR-6482	TCGA-HNSC	HNSC	35	53	mutation_count_proxy_no_callable_territory
TCGA-CR-6484-01A	TCGA-CR-6484	TCGA-HNSC	HNSC	224	335	mutation_count_proxy_no_callable_territory
TCGA-CR-6487-01A	TCGA-CR-6487	TCGA-HNSC	HNSC	119	163	mutation_count_proxy_no_callable_territory
TCGA-CR-6488-01A	TCGA-CR-6488	TCGA-HNSC	HNSC	34	52	mutation_count_proxy_no_callable_territory
TCGA-CR-6491-01A	TCGA-CR-6491	TCGA-HNSC	HNSC	112	177	mutation_count_proxy_no_callable_territory
TCGA-CR-6492-01A	TCGA-CR-6492	TCGA-HNSC	HNSC	50	74	mutation_count_proxy_no_callable_territory
TCGA-CR-6493-01A	TCGA-CR-6493	TCGA-HNSC	HNSC	34	47	mutation_count_proxy_no_callable_territory
TCGA-CR-7364-01A	TCGA-CR-7364	TCGA-HNSC	HNSC	422	597	mutation_count_proxy_no_callable_territory
TCGA-CR-7365-01A	TCGA-CR-7365	TCGA-HNSC	HNSC	147	224	mutation_count_proxy_no_callable_territory
TCGA-CR-7367-01A	TCGA-CR-7367	TCGA-HNSC	HNSC	156	220	mutation_count_proxy_no_callable_territory
TCGA-CR-7368-01A	TCGA-CR-7368	TCGA-HNSC	HNSC	188	276	mutation_count_proxy_no_callable_territory
TCGA-CR-7369-01A	TCGA-CR-7369	TCGA-HNSC	HNSC	66	93	mutation_count_proxy_no_callable_territory
TCGA-CR-7370-01A	TCGA-CR-7370	TCGA-HNSC	HNSC	462	718	mutation_count_proxy_no_callable_territory
TCGA-CR-7371-01A	TCGA-CR-7371	TCGA-HNSC	HNSC	284	416	mutation_count_proxy_no_callable_territory
TCGA-CR-7372-01A	TCGA-CR-7372	TCGA-HNSC	HNSC	45	59	mutation_count_proxy_no_callable_territory
TCGA-CR-7373-01A	TCGA-CR-7373	TCGA-HNSC	HNSC	97	156	mutation_count_proxy_no_callable_territory
TCGA-CR-7374-01A	TCGA-CR-7374	TCGA-HNSC	HNSC	314	453	mutation_count_proxy_no_callable_territory
TCGA-CR-7376-01A	TCGA-CR-7376	TCGA-HNSC	HNSC	51	69	mutation_count_proxy_no_callable_territory
TCGA-CR-7377-01A	TCGA-CR-7377	TCGA-HNSC	HNSC	102	159	mutation_count_proxy_no_callable_territory
TCGA-CR-7379-01A	TCGA-CR-7379	TCGA-HNSC	HNSC	119	203	mutation_count_proxy_no_callable_territory
TCGA-CR-7380-01A	TCGA-CR-7380	TCGA-HNSC	HNSC	86	116	mutation_count_proxy_no_callable_territory
TCGA-CR-7382-01A	TCGA-CR-7382	TCGA-HNSC	HNSC	75	103	mutation_count_proxy_no_callable_territory
TCGA-CR-7383-01A	TCGA-CR-7383	TCGA-HNSC	HNSC	102	159	mutation_count_proxy_no_callable_territory
TCGA-CR-7385-01A	TCGA-CR-7385	TCGA-HNSC	HNSC	116	177	mutation_count_proxy_no_callable_territory
TCGA-CR-7386-01A	TCGA-CR-7386	TCGA-HNSC	HNSC	156	245	mutation_count_proxy_no_callable_territory
TCGA-CR-7388-01A	TCGA-CR-7388	TCGA-HNSC	HNSC	700	1000	mutation_count_proxy_no_callable_territory
TCGA-CR-7389-01A	TCGA-CR-7389	TCGA-HNSC	HNSC	105	160	mutation_count_proxy_no_callable_territory
TCGA-CR-7390-01A	TCGA-CR-7390	TCGA-HNSC	HNSC	140	236	mutation_count_proxy_no_callable_territory
TCGA-CR-7391-01A	TCGA-CR-7391	TCGA-HNSC	HNSC	26	46	mutation_count_proxy_no_callable_territory
TCGA-CR-7392-01A	TCGA-CR-7392	TCGA-HNSC	HNSC	23	32	mutation_count_proxy_no_callable_territory
TCGA-CR-7394-01A	TCGA-CR-7394	TCGA-HNSC	HNSC	136	206	mutation_count_proxy_no_callable_territory
TCGA-CR-7395-01A	TCGA-CR-7395	TCGA-HNSC	HNSC	140	226	mutation_count_proxy_no_callable_territory
TCGA-CR-7397-01A	TCGA-CR-7397	TCGA-HNSC	HNSC	34	56	mutation_count_proxy_no_callable_territory
TCGA-CR-7398-01A	TCGA-CR-7398	TCGA-HNSC	HNSC	338	514	mutation_count_proxy_no_callable_territory
TCGA-CR-7399-01A	TCGA-CR-7399	TCGA-HNSC	HNSC	283	413	mutation_count_proxy_no_callable_territory
TCGA-CR-7401-01A	TCGA-CR-7401	TCGA-HNSC	HNSC	66	116	mutation_count_proxy_no_callable_territory
TCGA-CR-7402-01A	TCGA-CR-7402	TCGA-HNSC	HNSC	905	1305	mutation_count_proxy_no_callable_territory
TCGA-CR-7404-01A	TCGA-CR-7404	TCGA-HNSC	HNSC	109	166	mutation_count_proxy_no_callable_territory
TCGA-CV-5430-01A	TCGA-CV-5430	TCGA-HNSC	HNSC	243	382	mutation_count_proxy_no_callable_territory
TCGA-CV-5432-01A	TCGA-CV-5432	TCGA-HNSC	HNSC	464	721	mutation_count_proxy_no_callable_territory
TCGA-CV-5434-01A	TCGA-CV-5434	TCGA-HNSC	HNSC	247	341	mutation_count_proxy_no_callable_territory
TCGA-CV-5435-01A	TCGA-CV-5435	TCGA-HNSC	HNSC	197	302	mutation_count_proxy_no_callable_territory
TCGA-CV-5436-01A	TCGA-CV-5436	TCGA-HNSC	HNSC	170	255	mutation_count_proxy_no_callable_territory
TCGA-CV-5439-01A	TCGA-CV-5439	TCGA-HNSC	HNSC	96	150	mutation_count_proxy_no_callable_territory
TCGA-CV-5440-01A	TCGA-CV-5440	TCGA-HNSC	HNSC	101	164	mutation_count_proxy_no_callable_territory
TCGA-CV-5441-01A	TCGA-CV-5441	TCGA-HNSC	HNSC	331	509	mutation_count_proxy_no_callable_territory
TCGA-CV-5442-01A	TCGA-CV-5442	TCGA-HNSC	HNSC	221	330	mutation_count_proxy_no_callable_territory
TCGA-CV-5443-01A	TCGA-CV-5443	TCGA-HNSC	HNSC	47	79	mutation_count_proxy_no_callable_territory
TCGA-CV-5444-01A	TCGA-CV-5444	TCGA-HNSC	HNSC	107	184	mutation_count_proxy_no_callable_territory
TCGA-CV-5966-01A	TCGA-CV-5966	TCGA-HNSC	HNSC	195	295	mutation_count_proxy_no_callable_territory
TCGA-CV-5970-01A	TCGA-CV-5970	TCGA-HNSC	HNSC	330	516	mutation_count_proxy_no_callable_territory
TCGA-CV-5971-01A	TCGA-CV-5971	TCGA-HNSC	HNSC	15	30	mutation_count_proxy_no_callable_territory
TCGA-CV-5973-01A	TCGA-CV-5973	TCGA-HNSC	HNSC	48	81	mutation_count_proxy_no_callable_territory
TCGA-CV-5976-01A	TCGA-CV-5976	TCGA-HNSC	HNSC	63	100	mutation_count_proxy_no_callable_territory
TCGA-CV-5977-01A	TCGA-CV-5977	TCGA-HNSC	HNSC	68	114	mutation_count_proxy_no_callable_territory
TCGA-CV-5978-01A	TCGA-CV-5978	TCGA-HNSC	HNSC	157	226	mutation_count_proxy_no_callable_territory
TCGA-CV-5979-01A	TCGA-CV-5979	TCGA-HNSC	HNSC	29	42	mutation_count_proxy_no_callable_territory
TCGA-CV-6003-01A	TCGA-CV-6003	TCGA-HNSC	HNSC	93	131	mutation_count_proxy_no_callable_territory
TCGA-CV-6433-01A	TCGA-CV-6433	TCGA-HNSC	HNSC	45	65	mutation_count_proxy_no_callable_territory
TCGA-CV-6436-01A	TCGA-CV-6436	TCGA-HNSC	HNSC	68	103	mutation_count_proxy_no_callable_territory
TCGA-CV-6441-01A	TCGA-CV-6441	TCGA-HNSC	HNSC	193	312	mutation_count_proxy_no_callable_territory
TCGA-CV-6933-01A	TCGA-CV-6933	TCGA-HNSC	HNSC	276	409	mutation_count_proxy_no_callable_territory
TCGA-CV-6934-01A	TCGA-CV-6934	TCGA-HNSC	HNSC	166	236	mutation_count_proxy_no_callable_territory
TCGA-CV-6935-01A	TCGA-CV-6935	TCGA-HNSC	HNSC	398	561	mutation_count_proxy_no_callable_territory
TCGA-CV-6936-01A	TCGA-CV-6936	TCGA-HNSC	HNSC	505	755	mutation_count_proxy_no_callable_territory
TCGA-CV-6937-01A	TCGA-CV-6937	TCGA-HNSC	HNSC	146	210	mutation_count_proxy_no_callable_territory
TCGA-CV-6938-01A	TCGA-CV-6938	TCGA-HNSC	HNSC	264	357	mutation_count_proxy_no_callable_territory
TCGA-CV-6939-01A	TCGA-CV-6939	TCGA-HNSC	HNSC	74	105	mutation_count_proxy_no_callable_territory
TCGA-CV-6940-01A	TCGA-CV-6940	TCGA-HNSC	HNSC	122	182	mutation_count_proxy_no_callable_territory
TCGA-CV-6941-01A	TCGA-CV-6941	TCGA-HNSC	HNSC	145	232	mutation_count_proxy_no_callable_territory
TCGA-CV-6942-01A	TCGA-CV-6942	TCGA-HNSC	HNSC	201	302	mutation_count_proxy_no_callable_territory
TCGA-CV-6943-01A	TCGA-CV-6943	TCGA-HNSC	HNSC	131	198	mutation_count_proxy_no_callable_territory
TCGA-CV-6945-01A	TCGA-CV-6945	TCGA-HNSC	HNSC	117	195	mutation_count_proxy_no_callable_territory
TCGA-CV-6948-01A	TCGA-CV-6948	TCGA-HNSC	HNSC	170	263	mutation_count_proxy_no_callable_territory
TCGA-CV-6950-01A	TCGA-CV-6950	TCGA-HNSC	HNSC	58	87	mutation_count_proxy_no_callable_territory
TCGA-CV-6951-01A	TCGA-CV-6951	TCGA-HNSC	HNSC	252	391	mutation_count_proxy_no_callable_territory
TCGA-CV-6952-01A	TCGA-CV-6952	TCGA-HNSC	HNSC	296	443	mutation_count_proxy_no_callable_territory
TCGA-CV-6953-01A	TCGA-CV-6953	TCGA-HNSC	HNSC	279	402	mutation_count_proxy_no_callable_territory
TCGA-CV-6954-01A	TCGA-CV-6954	TCGA-HNSC	HNSC	247	349	mutation_count_proxy_no_callable_territory
TCGA-CV-6955-01A	TCGA-CV-6955	TCGA-HNSC	HNSC	149	236	mutation_count_proxy_no_callable_territory
TCGA-CV-6956-01A	TCGA-CV-6956	TCGA-HNSC	HNSC	308	504	mutation_count_proxy_no_callable_territory
TCGA-CV-6959-01A	TCGA-CV-6959	TCGA-HNSC	HNSC	102	159	mutation_count_proxy_no_callable_territory
TCGA-CV-6960-01A	TCGA-CV-6960	TCGA-HNSC	HNSC	316	460	mutation_count_proxy_no_callable_territory
TCGA-CV-6961-01A	TCGA-CV-6961	TCGA-HNSC	HNSC	971	1515	mutation_count_proxy_no_callable_territory
TCGA-CV-6962-01A	TCGA-CV-6962	TCGA-HNSC	HNSC	249	338	mutation_count_proxy_no_callable_territory
TCGA-CV-7089-01A	TCGA-CV-7089	TCGA-HNSC	HNSC	311	460	mutation_count_proxy_no_callable_territory
TCGA-CV-7090-01A	TCGA-CV-7090	TCGA-HNSC	HNSC	69	119	mutation_count_proxy_no_callable_territory
TCGA-CV-7091-01A	TCGA-CV-7091	TCGA-HNSC	HNSC	277	423	mutation_count_proxy_no_callable_territory
TCGA-CV-7095-01A	TCGA-CV-7095	TCGA-HNSC	HNSC	406	612	mutation_count_proxy_no_callable_territory
TCGA-CV-7097-01A	TCGA-CV-7097	TCGA-HNSC	HNSC	205	302	mutation_count_proxy_no_callable_territory
TCGA-CV-7099-01A	TCGA-CV-7099	TCGA-HNSC	HNSC	262	395	mutation_count_proxy_no_callable_territory
TCGA-CV-7100-01A	TCGA-CV-7100	TCGA-HNSC	HNSC	34	51	mutation_count_proxy_no_callable_territory
TCGA-CV-7101-01A	TCGA-CV-7101	TCGA-HNSC	HNSC	368	543	mutation_count_proxy_no_callable_territory
TCGA-CV-7102-01A	TCGA-CV-7102	TCGA-HNSC	HNSC	164	248	mutation_count_proxy_no_callable_territory
TCGA-CV-7103-01A	TCGA-CV-7103	TCGA-HNSC	HNSC	125	211	mutation_count_proxy_no_callable_territory
TCGA-CV-7104-01A	TCGA-CV-7104	TCGA-HNSC	HNSC	117	180	mutation_count_proxy_no_callable_territory
TCGA-CV-7177-01A	TCGA-CV-7177	TCGA-HNSC	HNSC	190	272	mutation_count_proxy_no_callable_territory
TCGA-CV-7178-01A	TCGA-CV-7178	TCGA-HNSC	HNSC	216	320	mutation_count_proxy_no_callable_territory
TCGA-CV-7180-01A	TCGA-CV-7180	TCGA-HNSC	HNSC	48	73	mutation_count_proxy_no_callable_territory
TCGA-CV-7183-01A	TCGA-CV-7183	TCGA-HNSC	HNSC	104	158	mutation_count_proxy_no_callable_territory
TCGA-CV-7235-01A	TCGA-CV-7235	TCGA-HNSC	HNSC	234	347	mutation_count_proxy_no_callable_territory
TCGA-CV-7236-01A	TCGA-CV-7236	TCGA-HNSC	HNSC	37	64	mutation_count_proxy_no_callable_territory
TCGA-CV-7238-01A	TCGA-CV-7238	TCGA-HNSC	HNSC	260	405	mutation_count_proxy_no_callable_territory
TCGA-CV-7242-01A	TCGA-CV-7242	TCGA-HNSC	HNSC	551	800	mutation_count_proxy_no_callable_territory
TCGA-CV-7243-01A	TCGA-CV-7243	TCGA-HNSC	HNSC	90	144	mutation_count_proxy_no_callable_territory
TCGA-CV-7245-01A	TCGA-CV-7245	TCGA-HNSC	HNSC	914	1358	mutation_count_proxy_no_callable_territory
TCGA-CV-7247-01A	TCGA-CV-7247	TCGA-HNSC	HNSC	157	232	mutation_count_proxy_no_callable_territory
TCGA-CV-7248-01A	TCGA-CV-7248	TCGA-HNSC	HNSC	519	761	mutation_count_proxy_no_callable_territory
TCGA-CV-7250-01A	TCGA-CV-7250	TCGA-HNSC	HNSC	482	725	mutation_count_proxy_no_callable_territory
TCGA-CV-7252-01A	TCGA-CV-7252	TCGA-HNSC	HNSC	451	691	mutation_count_proxy_no_callable_territory
TCGA-CV-7253-01A	TCGA-CV-7253	TCGA-HNSC	HNSC	167	234	mutation_count_proxy_no_callable_territory
TCGA-CV-7254-01A	TCGA-CV-7254	TCGA-HNSC	HNSC	250	366	mutation_count_proxy_no_callable_territory
TCGA-CV-7255-01A	TCGA-CV-7255	TCGA-HNSC	HNSC	202	284	mutation_count_proxy_no_callable_territory
TCGA-CV-7261-01A	TCGA-CV-7261	TCGA-HNSC	HNSC	327	492	mutation_count_proxy_no_callable_territory
TCGA-CV-7263-01A	TCGA-CV-7263	TCGA-HNSC	HNSC	233	342	mutation_count_proxy_no_callable_territory
TCGA-CV-7406-01A	TCGA-CV-7406	TCGA-HNSC	HNSC	324	512	mutation_count_proxy_no_callable_territory
TCGA-CV-7407-01A	TCGA-CV-7407	TCGA-HNSC	HNSC	105	159	mutation_count_proxy_no_callable_territory
TCGA-CV-7410-01A	TCGA-CV-7410	TCGA-HNSC	HNSC	37	52	mutation_count_proxy_no_callable_territory
TCGA-CV-7411-01A	TCGA-CV-7411	TCGA-HNSC	HNSC	104	154	mutation_count_proxy_no_callable_territory
TCGA-CV-7413-01A	TCGA-CV-7413	TCGA-HNSC	HNSC	132	193	mutation_count_proxy_no_callable_territory
TCGA-CV-7414-01A	TCGA-CV-7414	TCGA-HNSC	HNSC	227	340	mutation_count_proxy_no_callable_territory
TCGA-CV-7415-01A	TCGA-CV-7415	TCGA-HNSC	HNSC	219	322	mutation_count_proxy_no_callable_territory
TCGA-CV-7416-01A	TCGA-CV-7416	TCGA-HNSC	HNSC	128	203	mutation_count_proxy_no_callable_territory
TCGA-CV-7418-01A	TCGA-CV-7418	TCGA-HNSC	HNSC	298	427	mutation_count_proxy_no_callable_territory
TCGA-CV-7421-01A	TCGA-CV-7421	TCGA-HNSC	HNSC	154	249	mutation_count_proxy_no_callable_territory
TCGA-CV-7422-01A	TCGA-CV-7422	TCGA-HNSC	HNSC	123	179	mutation_count_proxy_no_callable_territory
TCGA-CV-7423-01A	TCGA-CV-7423	TCGA-HNSC	HNSC	104	179	mutation_count_proxy_no_callable_territory
TCGA-CV-7424-01A	TCGA-CV-7424	TCGA-HNSC	HNSC	326	479	mutation_count_proxy_no_callable_territory
TCGA-CV-7425-01A	TCGA-CV-7425	TCGA-HNSC	HNSC	153	228	mutation_count_proxy_no_callable_territory
TCGA-CV-7427-01A	TCGA-CV-7427	TCGA-HNSC	HNSC	387	582	mutation_count_proxy_no_callable_territory
TCGA-CV-7429-01A	TCGA-CV-7429	TCGA-HNSC	HNSC	48	72	mutation_count_proxy_no_callable_territory
TCGA-CV-7430-01A	TCGA-CV-7430	TCGA-HNSC	HNSC	191	289	mutation_count_proxy_no_callable_territory
TCGA-CV-7432-01A	TCGA-CV-7432	TCGA-HNSC	HNSC	263	413	mutation_count_proxy_no_callable_territory
TCGA-CV-7433-01A	TCGA-CV-7433	TCGA-HNSC	HNSC	107	156	mutation_count_proxy_no_callable_territory
TCGA-CV-7434-01A	TCGA-CV-7434	TCGA-HNSC	HNSC	170	254	mutation_count_proxy_no_callable_territory
TCGA-CV-7435-01A	TCGA-CV-7435	TCGA-HNSC	HNSC	154	217	mutation_count_proxy_no_callable_territory
TCGA-CV-7437-01A	TCGA-CV-7437	TCGA-HNSC	HNSC	234	345	mutation_count_proxy_no_callable_territory
TCGA-CV-7438-01A	TCGA-CV-7438	TCGA-HNSC	HNSC	120	189	mutation_count_proxy_no_callable_territory
TCGA-CV-7440-01A	TCGA-CV-7440	TCGA-HNSC	HNSC	396	532	mutation_count_proxy_no_callable_territory
TCGA-CV-7446-01A	TCGA-CV-7446	TCGA-HNSC	HNSC	124	182	mutation_count_proxy_no_callable_territory
TCGA-CV-7568-01A	TCGA-CV-7568	TCGA-HNSC	HNSC	1887	3229	mutation_count_proxy_no_callable_territory
TCGA-CV-A45O-01A	TCGA-CV-A45O	TCGA-HNSC	HNSC	140	186	mutation_count_proxy_no_callable_territory
TCGA-CV-A45P-01A	TCGA-CV-A45P	TCGA-HNSC	HNSC	139	217	mutation_count_proxy_no_callable_territory
TCGA-CV-A45Q-01A	TCGA-CV-A45Q	TCGA-HNSC	HNSC	244	384	mutation_count_proxy_no_callable_territory
TCGA-CV-A45R-01A	TCGA-CV-A45R	TCGA-HNSC	HNSC	78	113	mutation_count_proxy_no_callable_territory
TCGA-CV-A45T-01A	TCGA-CV-A45T	TCGA-HNSC	HNSC	11	17	mutation_count_proxy_no_callable_territory
TCGA-CV-A45U-01A	TCGA-CV-A45U	TCGA-HNSC	HNSC	171	278	mutation_count_proxy_no_callable_territory
TCGA-CV-A45V-01A	TCGA-CV-A45V	TCGA-HNSC	HNSC	92	144	mutation_count_proxy_no_callable_territory
TCGA-CV-A45W-01A	TCGA-CV-A45W	TCGA-HNSC	HNSC	546	784	mutation_count_proxy_no_callable_territory
TCGA-CV-A45X-01A	TCGA-CV-A45X	TCGA-HNSC	HNSC	89	149	mutation_count_proxy_no_callable_territory
TCGA-CV-A45Y-01A	TCGA-CV-A45Y	TCGA-HNSC	HNSC	64	92	mutation_count_proxy_no_callable_territory
TCGA-CV-A45Z-01A	TCGA-CV-A45Z	TCGA-HNSC	HNSC	636	900	mutation_count_proxy_no_callable_territory
TCGA-CV-A460-01A	TCGA-CV-A460	TCGA-HNSC	HNSC	63	87	mutation_count_proxy_no_callable_territory
TCGA-CV-A461-01A	TCGA-CV-A461	TCGA-HNSC	HNSC	518	777	mutation_count_proxy_no_callable_territory
TCGA-CV-A463-01A	TCGA-CV-A463	TCGA-HNSC	HNSC	187	284	mutation_count_proxy_no_callable_territory
TCGA-CV-A464-01A	TCGA-CV-A464	TCGA-HNSC	HNSC	20	38	mutation_count_proxy_no_callable_territory
TCGA-CV-A465-01A	TCGA-CV-A465	TCGA-HNSC	HNSC	33	45	mutation_count_proxy_no_callable_territory
TCGA-CV-A468-01A	TCGA-CV-A468	TCGA-HNSC	HNSC	335	537	mutation_count_proxy_no_callable_territory
TCGA-CV-A6JD-01A	TCGA-CV-A6JD	TCGA-HNSC	HNSC	81	112	mutation_count_proxy_no_callable_territory
TCGA-CV-A6JE-01A	TCGA-CV-A6JE	TCGA-HNSC	HNSC	119	182	mutation_count_proxy_no_callable_territory
TCGA-CV-A6JM-01A	TCGA-CV-A6JM	TCGA-HNSC	HNSC	221	390	mutation_count_proxy_no_callable_territory
TCGA-CV-A6JN-01A	TCGA-CV-A6JN	TCGA-HNSC	HNSC	69	102	mutation_count_proxy_no_callable_territory
TCGA-CV-A6JO-01B	TCGA-CV-A6JO	TCGA-HNSC	HNSC	67	91	mutation_count_proxy_no_callable_territory
TCGA-CV-A6JT-01A	TCGA-CV-A6JT	TCGA-HNSC	HNSC	46	65	mutation_count_proxy_no_callable_territory
TCGA-CV-A6JU-01A	TCGA-CV-A6JU	TCGA-HNSC	HNSC	116	175	mutation_count_proxy_no_callable_territory
TCGA-CV-A6JY-01A	TCGA-CV-A6JY	TCGA-HNSC	HNSC	84	113	mutation_count_proxy_no_callable_territory
TCGA-CV-A6JZ-01A	TCGA-CV-A6JZ	TCGA-HNSC	HNSC	94	138	mutation_count_proxy_no_callable_territory
TCGA-CV-A6K0-01B	TCGA-CV-A6K0	TCGA-HNSC	HNSC	14	23	mutation_count_proxy_no_callable_territory
TCGA-CV-A6K1-01A	TCGA-CV-A6K1	TCGA-HNSC	HNSC	454	670	mutation_count_proxy_no_callable_territory
TCGA-CV-A6K2-01A	TCGA-CV-A6K2	TCGA-HNSC	HNSC	574	885	mutation_count_proxy_no_callable_territory
TCGA-CX-7082-01A	TCGA-CX-7082	TCGA-HNSC	HNSC	122	184	mutation_count_proxy_no_callable_territory
TCGA-CX-7085-01A	TCGA-CX-7085	TCGA-HNSC	HNSC	128	199	mutation_count_proxy_no_callable_territory
TCGA-CX-7086-01A	TCGA-CX-7086	TCGA-HNSC	HNSC	207	305	mutation_count_proxy_no_callable_territory
TCGA-CX-7219-01A	TCGA-CX-7219	TCGA-HNSC	HNSC	116	178	mutation_count_proxy_no_callable_territory
TCGA-CX-A4AQ-01A	TCGA-CX-A4AQ	TCGA-HNSC	HNSC	91	136	mutation_count_proxy_no_callable_territory
TCGA-D6-6515-01A	TCGA-D6-6515	TCGA-HNSC	HNSC	40	62	mutation_count_proxy_no_callable_territory
TCGA-D6-6516-01A	TCGA-D6-6516	TCGA-HNSC	HNSC	1514	2618	mutation_count_proxy_no_callable_territory
TCGA-D6-6517-01A	TCGA-D6-6517	TCGA-HNSC	HNSC	62	97	mutation_count_proxy_no_callable_territory
TCGA-D6-6823-01A	TCGA-D6-6823	TCGA-HNSC	HNSC	148	207	mutation_count_proxy_no_callable_territory
TCGA-D6-6824-01A	TCGA-D6-6824	TCGA-HNSC	HNSC	48	65	mutation_count_proxy_no_callable_territory
TCGA-D6-6825-01A	TCGA-D6-6825	TCGA-HNSC	HNSC	65	101	mutation_count_proxy_no_callable_territory
TCGA-D6-6826-01A	TCGA-D6-6826	TCGA-HNSC	HNSC	91	129	mutation_count_proxy_no_callable_territory
TCGA-D6-6827-01A	TCGA-D6-6827	TCGA-HNSC	HNSC	16	21	mutation_count_proxy_no_callable_territory
TCGA-D6-8568-01A	TCGA-D6-8568	TCGA-HNSC	HNSC	97	137	mutation_count_proxy_no_callable_territory
TCGA-D6-8569-01A	TCGA-D6-8569	TCGA-HNSC	HNSC	112	168	mutation_count_proxy_no_callable_territory
TCGA-D6-A4Z9-01A	TCGA-D6-A4Z9	TCGA-HNSC	HNSC	76	119	mutation_count_proxy_no_callable_territory
TCGA-D6-A4ZB-01A	TCGA-D6-A4ZB	TCGA-HNSC	HNSC	161	229	mutation_count_proxy_no_callable_territory
TCGA-D6-A6EK-01A	TCGA-D6-A6EK	TCGA-HNSC	HNSC	155	221	mutation_count_proxy_no_callable_territory
TCGA-D6-A6EM-01A	TCGA-D6-A6EM	TCGA-HNSC	HNSC	89	121	mutation_count_proxy_no_callable_territory
TCGA-D6-A6EN-01A	TCGA-D6-A6EN	TCGA-HNSC	HNSC	86	128	mutation_count_proxy_no_callable_territory
TCGA-D6-A6EO-01A	TCGA-D6-A6EO	TCGA-HNSC	HNSC	76	111	mutation_count_proxy_no_callable_territory
TCGA-D6-A6EP-01A	TCGA-D6-A6EP	TCGA-HNSC	HNSC	103	160	mutation_count_proxy_no_callable_territory
TCGA-D6-A6EQ-01A	TCGA-D6-A6EQ	TCGA-HNSC	HNSC	78	117	mutation_count_proxy_no_callable_territory
TCGA-D6-A6ES-01A	TCGA-D6-A6ES	TCGA-HNSC	HNSC	169	259	mutation_count_proxy_no_callable_territory
TCGA-D6-A74Q-01A	TCGA-D6-A74Q	TCGA-HNSC	HNSC	364	561	mutation_count_proxy_no_callable_territory
TCGA-DQ-5624-01A	TCGA-DQ-5624	TCGA-HNSC	HNSC	83	122	mutation_count_proxy_no_callable_territory
TCGA-DQ-5625-01A	TCGA-DQ-5625	TCGA-HNSC	HNSC	171	252	mutation_count_proxy_no_callable_territory
TCGA-DQ-5629-01A	TCGA-DQ-5629	TCGA-HNSC	HNSC	284	430	mutation_count_proxy_no_callable_territory
TCGA-DQ-5630-01A	TCGA-DQ-5630	TCGA-HNSC	HNSC	62	91	mutation_count_proxy_no_callable_territory
TCGA-DQ-5631-01A	TCGA-DQ-5631	TCGA-HNSC	HNSC	75	121	mutation_count_proxy_no_callable_territory
TCGA-DQ-7588-01A	TCGA-DQ-7588	TCGA-HNSC	HNSC	92	134	mutation_count_proxy_no_callable_territory
TCGA-DQ-7591-01A	TCGA-DQ-7591	TCGA-HNSC	HNSC	33	50	mutation_count_proxy_no_callable_territory
TCGA-DQ-7592-01A	TCGA-DQ-7592	TCGA-HNSC	HNSC	64	104	mutation_count_proxy_no_callable_territory
TCGA-DQ-7593-01A	TCGA-DQ-7593	TCGA-HNSC	HNSC	23	35	mutation_count_proxy_no_callable_territory
TCGA-DQ-7596-01A	TCGA-DQ-7596	TCGA-HNSC	HNSC	30	39	mutation_count_proxy_no_callable_territory
TCGA-F7-7848-01A	TCGA-F7-7848	TCGA-HNSC	HNSC	277	429	mutation_count_proxy_no_callable_territory
TCGA-F7-8298-01A	TCGA-F7-8298	TCGA-HNSC	HNSC	84	123	mutation_count_proxy_no_callable_territory
TCGA-F7-8489-01A	TCGA-F7-8489	TCGA-HNSC	HNSC	119	180	mutation_count_proxy_no_callable_territory
TCGA-F7-A50G-01A	TCGA-F7-A50G	TCGA-HNSC	HNSC	86	130	mutation_count_proxy_no_callable_territory
TCGA-F7-A50I-01A	TCGA-F7-A50I	TCGA-HNSC	HNSC	128	191	mutation_count_proxy_no_callable_territory
TCGA-F7-A50J-01A	TCGA-F7-A50J	TCGA-HNSC	HNSC	143	226	mutation_count_proxy_no_callable_territory
TCGA-F7-A61S-01A	TCGA-F7-A61S	TCGA-HNSC	HNSC	90	142	mutation_count_proxy_no_callable_territory
TCGA-F7-A61V-01A	TCGA-F7-A61V	TCGA-HNSC	HNSC	95	130	mutation_count_proxy_no_callable_territory
TCGA-F7-A61W-01A	TCGA-F7-A61W	TCGA-HNSC	HNSC	58	92	mutation_count_proxy_no_callable_territory
TCGA-F7-A620-01A	TCGA-F7-A620	TCGA-HNSC	HNSC	47	83	mutation_count_proxy_no_callable_territory
TCGA-F7-A622-01A	TCGA-F7-A622	TCGA-HNSC	HNSC	53	81	mutation_count_proxy_no_callable_territory
TCGA-F7-A623-01A	TCGA-F7-A623	TCGA-HNSC	HNSC	161	260	mutation_count_proxy_no_callable_territory
TCGA-F7-A624-01A	TCGA-F7-A624	TCGA-HNSC	HNSC	2707	4131	mutation_count_proxy_no_callable_territory
TCGA-H7-7774-01A	TCGA-H7-7774	TCGA-HNSC	HNSC	135	185	mutation_count_proxy_no_callable_territory
TCGA-H7-8501-01A	TCGA-H7-8501	TCGA-HNSC	HNSC	135	195	mutation_count_proxy_no_callable_territory
TCGA-H7-A6C4-01A	TCGA-H7-A6C4	TCGA-HNSC	HNSC	32	48	mutation_count_proxy_no_callable_territory
TCGA-H7-A6C5-01A	TCGA-H7-A6C5	TCGA-HNSC	HNSC	87	137	mutation_count_proxy_no_callable_territory
TCGA-H7-A76A-01A	TCGA-H7-A76A	TCGA-HNSC	HNSC	60	103	mutation_count_proxy_no_callable_territory
TCGA-HD-7229-01A	TCGA-HD-7229	TCGA-HNSC	HNSC	149	211	mutation_count_proxy_no_callable_territory
TCGA-HD-7753-01A	TCGA-HD-7753	TCGA-HNSC	HNSC	93	129	mutation_count_proxy_no_callable_territory
TCGA-HD-7754-01A	TCGA-HD-7754	TCGA-HNSC	HNSC	50	81	mutation_count_proxy_no_callable_territory
TCGA-HD-7831-01A	TCGA-HD-7831	TCGA-HNSC	HNSC	33	50	mutation_count_proxy_no_callable_territory
TCGA-HD-7832-01A	TCGA-HD-7832	TCGA-HNSC	HNSC	81	129	mutation_count_proxy_no_callable_territory
TCGA-HD-8224-01A	TCGA-HD-8224	TCGA-HNSC	HNSC	72	100	mutation_count_proxy_no_callable_territory
TCGA-HD-8314-01A	TCGA-HD-8314	TCGA-HNSC	HNSC	61	93	mutation_count_proxy_no_callable_territory
TCGA-HD-8634-01A	TCGA-HD-8634	TCGA-HNSC	HNSC	61	91	mutation_count_proxy_no_callable_territory
TCGA-HD-8635-01A	TCGA-HD-8635	TCGA-HNSC	HNSC	358	560	mutation_count_proxy_no_callable_territory
TCGA-HD-A4C1-01A	TCGA-HD-A4C1	TCGA-HNSC	HNSC	171	262	mutation_count_proxy_no_callable_territory
TCGA-HD-A633-01A	TCGA-HD-A633	TCGA-HNSC	HNSC	118	178	mutation_count_proxy_no_callable_territory
TCGA-HD-A634-01A	TCGA-HD-A634	TCGA-HNSC	HNSC	36	61	mutation_count_proxy_no_callable_territory
TCGA-HD-A6HZ-01A	TCGA-HD-A6HZ	TCGA-HNSC	HNSC	71	110	mutation_count_proxy_no_callable_territory
TCGA-HD-A6I0-01A	TCGA-HD-A6I0	TCGA-HNSC	HNSC	66	101	mutation_count_proxy_no_callable_territory
TCGA-IQ-7630-01A	TCGA-IQ-7630	TCGA-HNSC	HNSC	110	173	mutation_count_proxy_no_callable_territory
TCGA-IQ-7631-01A	TCGA-IQ-7631	TCGA-HNSC	HNSC	23	43	mutation_count_proxy_no_callable_territory
TCGA-IQ-7632-01A	TCGA-IQ-7632	TCGA-HNSC	HNSC	56	76	mutation_count_proxy_no_callable_territory
TCGA-IQ-A61E-01A	TCGA-IQ-A61E	TCGA-HNSC	HNSC	156	241	mutation_count_proxy_no_callable_territory
TCGA-IQ-A61G-01A	TCGA-IQ-A61G	TCGA-HNSC	HNSC	119	173	mutation_count_proxy_no_callable_territory
TCGA-IQ-A61H-01A	TCGA-IQ-A61H	TCGA-HNSC	HNSC	126	194	mutation_count_proxy_no_callable_territory
TCGA-IQ-A61I-01A	TCGA-IQ-A61I	TCGA-HNSC	HNSC	112	186	mutation_count_proxy_no_callable_territory
TCGA-IQ-A61J-01A	TCGA-IQ-A61J	TCGA-HNSC	HNSC	34	53	mutation_count_proxy_no_callable_territory
TCGA-IQ-A61K-01A	TCGA-IQ-A61K	TCGA-HNSC	HNSC	61	89	mutation_count_proxy_no_callable_territory
TCGA-IQ-A61L-01A	TCGA-IQ-A61L	TCGA-HNSC	HNSC	77	111	mutation_count_proxy_no_callable_territory
TCGA-IQ-A61O-01A	TCGA-IQ-A61O	TCGA-HNSC	HNSC	33	56	mutation_count_proxy_no_callable_territory
TCGA-IQ-A6SG-01A	TCGA-IQ-A6SG	TCGA-HNSC	HNSC	86	131	mutation_count_proxy_no_callable_territory
TCGA-IQ-A6SH-01A	TCGA-IQ-A6SH	TCGA-HNSC	HNSC	62	110	mutation_count_proxy_no_callable_territory
TCGA-KU-A66S-01A	TCGA-KU-A66S	TCGA-HNSC	HNSC	471	656	mutation_count_proxy_no_callable_territory
TCGA-KU-A66T-01A	TCGA-KU-A66T	TCGA-HNSC	HNSC	93	142	mutation_count_proxy_no_callable_territory
TCGA-KU-A6H7-01A	TCGA-KU-A6H7	TCGA-HNSC	HNSC	135	198	mutation_count_proxy_no_callable_territory
TCGA-KU-A6H7-06A	TCGA-KU-A6H7	TCGA-HNSC	HNSC	61	100	mutation_count_proxy_no_callable_territory
TCGA-KU-A6H8-01A	TCGA-KU-A6H8	TCGA-HNSC	HNSC	22	28	mutation_count_proxy_no_callable_territory
TCGA-MT-A51W-01A	TCGA-MT-A51W	TCGA-HNSC	HNSC	61	94	mutation_count_proxy_no_callable_territory
TCGA-MT-A51X-01A	TCGA-MT-A51X	TCGA-HNSC	HNSC	47	74	mutation_count_proxy_no_callable_territory
TCGA-MT-A67A-01A	TCGA-MT-A67A	TCGA-HNSC	HNSC	100	143	mutation_count_proxy_no_callable_territory
TCGA-MT-A67D-01A	TCGA-MT-A67D	TCGA-HNSC	HNSC	88	133	mutation_count_proxy_no_callable_territory
TCGA-MT-A67F-01A	TCGA-MT-A67F	TCGA-HNSC	HNSC	277	397	mutation_count_proxy_no_callable_territory
TCGA-MT-A67G-01A	TCGA-MT-A67G	TCGA-HNSC	HNSC	52	80	mutation_count_proxy_no_callable_territory
TCGA-MT-A7BN-01A	TCGA-MT-A7BN	TCGA-HNSC	HNSC	51	80	mutation_count_proxy_no_callable_territory
TCGA-MZ-A5BI-01A	TCGA-MZ-A5BI	TCGA-HNSC	HNSC	32	50	mutation_count_proxy_no_callable_territory
TCGA-MZ-A6I9-01A	TCGA-MZ-A6I9	TCGA-HNSC	HNSC	30	53	mutation_count_proxy_no_callable_territory
TCGA-MZ-A7D7-01A	TCGA-MZ-A7D7	TCGA-HNSC	HNSC	129	209	mutation_count_proxy_no_callable_territory
TCGA-P3-A5Q5-01A	TCGA-P3-A5Q5	TCGA-HNSC	HNSC	244	359	mutation_count_proxy_no_callable_territory
TCGA-P3-A5Q6-01A	TCGA-P3-A5Q6	TCGA-HNSC	HNSC	107	168	mutation_count_proxy_no_callable_territory
TCGA-P3-A5QA-01A	TCGA-P3-A5QA	TCGA-HNSC	HNSC	64	90	mutation_count_proxy_no_callable_territory
TCGA-P3-A5QE-01A	TCGA-P3-A5QE	TCGA-HNSC	HNSC	35	51	mutation_count_proxy_no_callable_territory
TCGA-P3-A5QF-01A	TCGA-P3-A5QF	TCGA-HNSC	HNSC	322	535	mutation_count_proxy_no_callable_territory
TCGA-P3-A6SW-01A	TCGA-P3-A6SW	TCGA-HNSC	HNSC	83	115	mutation_count_proxy_no_callable_territory
TCGA-P3-A6SX-01A	TCGA-P3-A6SX	TCGA-HNSC	HNSC	149	224	mutation_count_proxy_no_callable_territory
TCGA-P3-A6T0-01A	TCGA-P3-A6T0	TCGA-HNSC	HNSC	77	112	mutation_count_proxy_no_callable_territory
TCGA-P3-A6T2-01A	TCGA-P3-A6T2	TCGA-HNSC	HNSC	43	87	mutation_count_proxy_no_callable_territory
TCGA-P3-A6T3-01A	TCGA-P3-A6T3	TCGA-HNSC	HNSC	94	139	mutation_count_proxy_no_callable_territory
TCGA-P3-A6T4-01A	TCGA-P3-A6T4	TCGA-HNSC	HNSC	118	193	mutation_count_proxy_no_callable_territory
TCGA-P3-A6T5-01A	TCGA-P3-A6T5	TCGA-HNSC	HNSC	195	305	mutation_count_proxy_no_callable_territory
TCGA-P3-A6T6-01A	TCGA-P3-A6T6	TCGA-HNSC	HNSC	105	163	mutation_count_proxy_no_callable_territory
TCGA-P3-A6T7-01A	TCGA-P3-A6T7	TCGA-HNSC	HNSC	121	187	mutation_count_proxy_no_callable_territory
TCGA-P3-A6T8-01A	TCGA-P3-A6T8	TCGA-HNSC	HNSC	80	113	mutation_count_proxy_no_callable_territory
TCGA-QK-A64Z-01A	TCGA-QK-A64Z	TCGA-HNSC	HNSC	69	109	mutation_count_proxy_no_callable_territory
TCGA-QK-A652-01A	TCGA-QK-A652	TCGA-HNSC	HNSC	43	58	mutation_count_proxy_no_callable_territory
TCGA-QK-A6IF-01A	TCGA-QK-A6IF	TCGA-HNSC	HNSC	23	38	mutation_count_proxy_no_callable_territory
TCGA-QK-A6IG-01A	TCGA-QK-A6IG	TCGA-HNSC	HNSC	110	157	mutation_count_proxy_no_callable_territory
TCGA-QK-A6IH-01A	TCGA-QK-A6IH	TCGA-HNSC	HNSC	62	84	mutation_count_proxy_no_callable_territory
TCGA-QK-A6II-01A	TCGA-QK-A6II	TCGA-HNSC	HNSC	149	228	mutation_count_proxy_no_callable_territory
TCGA-QK-A6IJ-01A	TCGA-QK-A6IJ	TCGA-HNSC	HNSC	59	85	mutation_count_proxy_no_callable_territory
TCGA-QK-A6V9-01A	TCGA-QK-A6V9	TCGA-HNSC	HNSC	59	100	mutation_count_proxy_no_callable_territory
TCGA-QK-A6VB-01A	TCGA-QK-A6VB	TCGA-HNSC	HNSC	422	623	mutation_count_proxy_no_callable_territory
TCGA-QK-A6VC-01A	TCGA-QK-A6VC	TCGA-HNSC	HNSC	177	250	mutation_count_proxy_no_callable_territory
TCGA-QK-A8Z7-01A	TCGA-QK-A8Z7	TCGA-HNSC	HNSC	134	182	mutation_count_proxy_no_callable_territory
TCGA-QK-A8Z8-01A	TCGA-QK-A8Z8	TCGA-HNSC	HNSC	338	519	mutation_count_proxy_no_callable_territory
TCGA-QK-A8Z9-01B	TCGA-QK-A8Z9	TCGA-HNSC	HNSC	102	170	mutation_count_proxy_no_callable_territory
TCGA-QK-A8ZA-01A	TCGA-QK-A8ZA	TCGA-HNSC	HNSC	100	157	mutation_count_proxy_no_callable_territory
TCGA-QK-A8ZB-01A	TCGA-QK-A8ZB	TCGA-HNSC	HNSC	92	130	mutation_count_proxy_no_callable_territory
TCGA-QK-AA3J-01A	TCGA-QK-AA3J	TCGA-HNSC	HNSC	100	163	mutation_count_proxy_no_callable_territory
TCGA-QK-AA3K-01A	TCGA-QK-AA3K	TCGA-HNSC	HNSC	85	128	mutation_count_proxy_no_callable_territory
TCGA-RS-A6TO-01A	TCGA-RS-A6TO	TCGA-HNSC	HNSC	142	219	mutation_count_proxy_no_callable_territory
TCGA-RS-A6TP-01A	TCGA-RS-A6TP	TCGA-HNSC	HNSC	106	171	mutation_count_proxy_no_callable_territory
TCGA-T2-A6WX-01A	TCGA-T2-A6WX	TCGA-HNSC	HNSC	167	251	mutation_count_proxy_no_callable_territory
TCGA-T2-A6WZ-01A	TCGA-T2-A6WZ	TCGA-HNSC	HNSC	84	134	mutation_count_proxy_no_callable_territory
TCGA-T2-A6X0-01A	TCGA-T2-A6X0	TCGA-HNSC	HNSC	51	79	mutation_count_proxy_no_callable_territory
TCGA-T2-A6X2-01A	TCGA-T2-A6X2	TCGA-HNSC	HNSC	318	475	mutation_count_proxy_no_callable_territory
TCGA-T3-A92M-01A	TCGA-T3-A92M	TCGA-HNSC	HNSC	303	459	mutation_count_proxy_no_callable_territory
TCGA-T3-A92N-01A	TCGA-T3-A92N	TCGA-HNSC	HNSC	141	215	mutation_count_proxy_no_callable_territory
TCGA-TN-A7HI-01A	TCGA-TN-A7HI	TCGA-HNSC	HNSC	49	75	mutation_count_proxy_no_callable_territory
TCGA-TN-A7HJ-01A	TCGA-TN-A7HJ	TCGA-HNSC	HNSC	100	152	mutation_count_proxy_no_callable_territory
TCGA-TN-A7HL-01A	TCGA-TN-A7HL	TCGA-HNSC	HNSC	531	838	mutation_count_proxy_no_callable_territory
TCGA-UF-A718-01A	TCGA-UF-A718	TCGA-HNSC	HNSC	54	80	mutation_count_proxy_no_callable_territory
TCGA-UF-A719-01A	TCGA-UF-A719	TCGA-HNSC	HNSC	102	150	mutation_count_proxy_no_callable_territory
TCGA-UF-A71A-01A	TCGA-UF-A71A	TCGA-HNSC	HNSC	165	264	mutation_count_proxy_no_callable_territory
TCGA-UF-A71A-06A	TCGA-UF-A71A	TCGA-HNSC	HNSC	163	246	mutation_count_proxy_no_callable_territory
TCGA-UF-A71B-01A	TCGA-UF-A71B	TCGA-HNSC	HNSC	126	192	mutation_count_proxy_no_callable_territory
TCGA-UF-A71D-01A	TCGA-UF-A71D	TCGA-HNSC	HNSC	380	593	mutation_count_proxy_no_callable_territory
TCGA-UF-A71E-01A	TCGA-UF-A71E	TCGA-HNSC	HNSC	130	224	mutation_count_proxy_no_callable_territory
TCGA-UF-A7J9-01A	TCGA-UF-A7J9	TCGA-HNSC	HNSC	219	326	mutation_count_proxy_no_callable_territory
TCGA-UF-A7JA-01A	TCGA-UF-A7JA	TCGA-HNSC	HNSC	190	268	mutation_count_proxy_no_callable_territory
TCGA-UF-A7JC-01A	TCGA-UF-A7JC	TCGA-HNSC	HNSC	52	70	mutation_count_proxy_no_callable_territory
TCGA-UF-A7JD-01A	TCGA-UF-A7JD	TCGA-HNSC	HNSC	98	140	mutation_count_proxy_no_callable_territory
TCGA-UF-A7JF-01A	TCGA-UF-A7JF	TCGA-HNSC	HNSC	89	155	mutation_count_proxy_no_callable_territory
TCGA-UF-A7JH-01A	TCGA-UF-A7JH	TCGA-HNSC	HNSC	62	102	mutation_count_proxy_no_callable_territory
TCGA-UF-A7JJ-01A	TCGA-UF-A7JJ	TCGA-HNSC	HNSC	80	99	mutation_count_proxy_no_callable_territory
TCGA-UF-A7JK-01A	TCGA-UF-A7JK	TCGA-HNSC	HNSC	88	143	mutation_count_proxy_no_callable_territory
TCGA-UF-A7JO-01A	TCGA-UF-A7JO	TCGA-HNSC	HNSC	152	223	mutation_count_proxy_no_callable_territory
TCGA-UF-A7JS-01A	TCGA-UF-A7JS	TCGA-HNSC	HNSC	57	89	mutation_count_proxy_no_callable_territory
TCGA-UF-A7JT-01A	TCGA-UF-A7JT	TCGA-HNSC	HNSC	170	247	mutation_count_proxy_no_callable_territory
TCGA-UF-A7JV-01A	TCGA-UF-A7JV	TCGA-HNSC	HNSC	65	102	mutation_count_proxy_no_callable_territory
TCGA-UP-A6WW-01A	TCGA-UP-A6WW	TCGA-HNSC	HNSC	35	51	mutation_count_proxy_no_callable_territory
TCGA-WA-A7GZ-01A	TCGA-WA-A7GZ	TCGA-HNSC	HNSC	183	273	mutation_count_proxy_no_callable_territory
TCGA-WA-A7H4-01A	TCGA-WA-A7H4	TCGA-HNSC	HNSC	61	87	mutation_count_proxy_no_callable_territory
TCGA-KL-8323-01A	TCGA-KL-8323	TCGA-KICH	KICH	28	45	mutation_count_proxy_no_callable_territory
TCGA-KL-8324-01A	TCGA-KL-8324	TCGA-KICH	KICH	30	41	mutation_count_proxy_no_callable_territory
TCGA-KL-8325-01A	TCGA-KL-8325	TCGA-KICH	KICH	20	31	mutation_count_proxy_no_callable_territory
TCGA-KL-8326-01A	TCGA-KL-8326	TCGA-KICH	KICH	22	38	mutation_count_proxy_no_callable_territory
TCGA-KL-8327-01A	TCGA-KL-8327	TCGA-KICH	KICH	18	30	mutation_count_proxy_no_callable_territory
TCGA-KL-8328-01A	TCGA-KL-8328	TCGA-KICH	KICH	19	32	mutation_count_proxy_no_callable_territory
TCGA-KL-8329-01A	TCGA-KL-8329	TCGA-KICH	KICH	26	41	mutation_count_proxy_no_callable_territory
TCGA-KL-8330-01A	TCGA-KL-8330	TCGA-KICH	KICH	22	32	mutation_count_proxy_no_callable_territory
TCGA-KL-8331-01A	TCGA-KL-8331	TCGA-KICH	KICH	19	37	mutation_count_proxy_no_callable_territory
TCGA-KL-8332-01A	TCGA-KL-8332	TCGA-KICH	KICH	22	28	mutation_count_proxy_no_callable_territory
TCGA-KL-8333-01A	TCGA-KL-8333	TCGA-KICH	KICH	14	25	mutation_count_proxy_no_callable_territory
TCGA-KL-8334-01A	TCGA-KL-8334	TCGA-KICH	KICH	10	19	mutation_count_proxy_no_callable_territory
TCGA-KL-8335-01A	TCGA-KL-8335	TCGA-KICH	KICH	42	67	mutation_count_proxy_no_callable_territory
TCGA-KL-8336-01A	TCGA-KL-8336	TCGA-KICH	KICH	22	34	mutation_count_proxy_no_callable_territory
TCGA-KL-8337-01A	TCGA-KL-8337	TCGA-KICH	KICH	19	25	mutation_count_proxy_no_callable_territory
TCGA-KL-8338-01A	TCGA-KL-8338	TCGA-KICH	KICH	23	32	mutation_count_proxy_no_callable_territory
TCGA-KL-8339-01A	TCGA-KL-8339	TCGA-KICH	KICH	42	67	mutation_count_proxy_no_callable_territory
TCGA-KL-8340-01A	TCGA-KL-8340	TCGA-KICH	KICH	16	21	mutation_count_proxy_no_callable_territory
TCGA-KL-8341-01A	TCGA-KL-8341	TCGA-KICH	KICH	39	58	mutation_count_proxy_no_callable_territory
TCGA-KL-8342-01A	TCGA-KL-8342	TCGA-KICH	KICH	21	27	mutation_count_proxy_no_callable_territory
TCGA-KL-8343-01A	TCGA-KL-8343	TCGA-KICH	KICH	29	46	mutation_count_proxy_no_callable_territory
TCGA-KL-8344-01A	TCGA-KL-8344	TCGA-KICH	KICH	16	30	mutation_count_proxy_no_callable_territory
TCGA-KL-8345-01A	TCGA-KL-8345	TCGA-KICH	KICH	30	37	mutation_count_proxy_no_callable_territory
TCGA-KL-8346-01A	TCGA-KL-8346	TCGA-KICH	KICH	18	27	mutation_count_proxy_no_callable_territory
TCGA-KM-8438-01A	TCGA-KM-8438	TCGA-KICH	KICH	24	30	mutation_count_proxy_no_callable_territory
TCGA-KM-8439-01A	TCGA-KM-8439	TCGA-KICH	KICH	12	16	mutation_count_proxy_no_callable_territory
TCGA-KM-8440-01A	TCGA-KM-8440	TCGA-KICH	KICH	15	25	mutation_count_proxy_no_callable_territory
TCGA-KM-8441-01A	TCGA-KM-8441	TCGA-KICH	KICH	24	26	mutation_count_proxy_no_callable_territory
TCGA-KM-8442-01A	TCGA-KM-8442	TCGA-KICH	KICH	19	31	mutation_count_proxy_no_callable_territory
TCGA-KM-8443-01A	TCGA-KM-8443	TCGA-KICH	KICH	32	43	mutation_count_proxy_no_callable_territory
TCGA-KM-8476-01A	TCGA-KM-8476	TCGA-KICH	KICH	28	40	mutation_count_proxy_no_callable_territory
TCGA-KM-8477-01A	TCGA-KM-8477	TCGA-KICH	KICH	19	32	mutation_count_proxy_no_callable_territory
TCGA-KM-8639-01A	TCGA-KM-8639	TCGA-KICH	KICH	21	31	mutation_count_proxy_no_callable_territory
TCGA-KN-8418-01A	TCGA-KN-8418	TCGA-KICH	KICH	13	29	mutation_count_proxy_no_callable_territory
TCGA-KN-8419-01A	TCGA-KN-8419	TCGA-KICH	KICH	16	28	mutation_count_proxy_no_callable_territory
TCGA-KN-8421-01A	TCGA-KN-8421	TCGA-KICH	KICH	15	31	mutation_count_proxy_no_callable_territory
TCGA-KN-8422-01A	TCGA-KN-8422	TCGA-KICH	KICH	18	23	mutation_count_proxy_no_callable_territory
TCGA-KN-8423-01A	TCGA-KN-8423	TCGA-KICH	KICH	19	24	mutation_count_proxy_no_callable_territory
TCGA-KN-8424-01A	TCGA-KN-8424	TCGA-KICH	KICH	29	43	mutation_count_proxy_no_callable_territory
TCGA-KN-8425-01A	TCGA-KN-8425	TCGA-KICH	KICH	15	20	mutation_count_proxy_no_callable_territory
TCGA-KN-8426-01A	TCGA-KN-8426	TCGA-KICH	KICH	33	50	mutation_count_proxy_no_callable_territory
TCGA-KN-8427-01A	TCGA-KN-8427	TCGA-KICH	KICH	54	93	mutation_count_proxy_no_callable_territory
TCGA-KN-8428-01A	TCGA-KN-8428	TCGA-KICH	KICH	668	1066	mutation_count_proxy_no_callable_territory
TCGA-KN-8429-01A	TCGA-KN-8429	TCGA-KICH	KICH	13	20	mutation_count_proxy_no_callable_territory
TCGA-KN-8430-01A	TCGA-KN-8430	TCGA-KICH	KICH	39	56	mutation_count_proxy_no_callable_territory
TCGA-KN-8431-01A	TCGA-KN-8431	TCGA-KICH	KICH	15	23	mutation_count_proxy_no_callable_territory
TCGA-KN-8432-01A	TCGA-KN-8432	TCGA-KICH	KICH	54	89	mutation_count_proxy_no_callable_territory
TCGA-KN-8433-01A	TCGA-KN-8433	TCGA-KICH	KICH	21	27	mutation_count_proxy_no_callable_territory
TCGA-KN-8434-01A	TCGA-KN-8434	TCGA-KICH	KICH	19	34	mutation_count_proxy_no_callable_territory
TCGA-KN-8435-01A	TCGA-KN-8435	TCGA-KICH	KICH	23	32	mutation_count_proxy_no_callable_territory
TCGA-KN-8436-01A	TCGA-KN-8436	TCGA-KICH	KICH	18	28	mutation_count_proxy_no_callable_territory
TCGA-KN-8437-01A	TCGA-KN-8437	TCGA-KICH	KICH	5	11	mutation_count_proxy_no_callable_territory
TCGA-KO-8403-01A	TCGA-KO-8403	TCGA-KICH	KICH	21	32	mutation_count_proxy_no_callable_territory
TCGA-KO-8404-01A	TCGA-KO-8404	TCGA-KICH	KICH	42	66	mutation_count_proxy_no_callable_territory
TCGA-KO-8405-01A	TCGA-KO-8405	TCGA-KICH	KICH	10	16	mutation_count_proxy_no_callable_territory
TCGA-KO-8406-01A	TCGA-KO-8406	TCGA-KICH	KICH	12	20	mutation_count_proxy_no_callable_territory
TCGA-KO-8407-01A	TCGA-KO-8407	TCGA-KICH	KICH	22	35	mutation_count_proxy_no_callable_territory
TCGA-KO-8408-01A	TCGA-KO-8408	TCGA-KICH	KICH	45	75	mutation_count_proxy_no_callable_territory
TCGA-KO-8409-01A	TCGA-KO-8409	TCGA-KICH	KICH	12	26	mutation_count_proxy_no_callable_territory
TCGA-KO-8410-01A	TCGA-KO-8410	TCGA-KICH	KICH	18	26	mutation_count_proxy_no_callable_territory
TCGA-KO-8411-01A	TCGA-KO-8411	TCGA-KICH	KICH	13	27	mutation_count_proxy_no_callable_territory
TCGA-KO-8413-01A	TCGA-KO-8413	TCGA-KICH	KICH	13	20	mutation_count_proxy_no_callable_territory
TCGA-KO-8414-01A	TCGA-KO-8414	TCGA-KICH	KICH	20	28	mutation_count_proxy_no_callable_territory
TCGA-KO-8415-01A	TCGA-KO-8415	TCGA-KICH	KICH	20	32	mutation_count_proxy_no_callable_territory
TCGA-KO-8416-01A	TCGA-KO-8416	TCGA-KICH	KICH	17	27	mutation_count_proxy_no_callable_territory
TCGA-KO-8417-01A	TCGA-KO-8417	TCGA-KICH	KICH	17	23	mutation_count_proxy_no_callable_territory
TCGA-3Z-A93Z-01A	TCGA-3Z-A93Z	TCGA-KIRC	KIRC	80	116	mutation_count_proxy_no_callable_territory
TCGA-6D-AA2E-01A	TCGA-6D-AA2E	TCGA-KIRC	KIRC	25	51	mutation_count_proxy_no_callable_territory
TCGA-A3-3308-01A	TCGA-A3-3308	TCGA-KIRC	KIRC	72	103	mutation_count_proxy_no_callable_territory
TCGA-A3-3311-01A	TCGA-A3-3311	TCGA-KIRC	KIRC	51	71	mutation_count_proxy_no_callable_territory
TCGA-A3-3313-01A	TCGA-A3-3313	TCGA-KIRC	KIRC	93	132	mutation_count_proxy_no_callable_territory
TCGA-A3-3316-01A	TCGA-A3-3316	TCGA-KIRC	KIRC	38	46	mutation_count_proxy_no_callable_territory
TCGA-A3-3317-01A	TCGA-A3-3317	TCGA-KIRC	KIRC	63	105	mutation_count_proxy_no_callable_territory
TCGA-A3-3319-01A	TCGA-A3-3319	TCGA-KIRC	KIRC	66	109	mutation_count_proxy_no_callable_territory
TCGA-A3-3320-01A	TCGA-A3-3320	TCGA-KIRC	KIRC	74	114	mutation_count_proxy_no_callable_territory
TCGA-A3-3322-01A	TCGA-A3-3322	TCGA-KIRC	KIRC	47	69	mutation_count_proxy_no_callable_territory
TCGA-A3-3323-01A	TCGA-A3-3323	TCGA-KIRC	KIRC	42	62	mutation_count_proxy_no_callable_territory
TCGA-A3-3326-01A	TCGA-A3-3326	TCGA-KIRC	KIRC	44	75	mutation_count_proxy_no_callable_territory
TCGA-A3-3331-01A	TCGA-A3-3331	TCGA-KIRC	KIRC	83	121	mutation_count_proxy_no_callable_territory
TCGA-A3-3346-01A	TCGA-A3-3346	TCGA-KIRC	KIRC	85	122	mutation_count_proxy_no_callable_territory
TCGA-A3-3347-01A	TCGA-A3-3347	TCGA-KIRC	KIRC	32	48	mutation_count_proxy_no_callable_territory
TCGA-A3-3349-01A	TCGA-A3-3349	TCGA-KIRC	KIRC	39	53	mutation_count_proxy_no_callable_territory
TCGA-A3-3357-01A	TCGA-A3-3357	TCGA-KIRC	KIRC	80	122	mutation_count_proxy_no_callable_territory
TCGA-A3-3358-01A	TCGA-A3-3358	TCGA-KIRC	KIRC	61	98	mutation_count_proxy_no_callable_territory
TCGA-A3-3362-01A	TCGA-A3-3362	TCGA-KIRC	KIRC	45	64	mutation_count_proxy_no_callable_territory
TCGA-A3-3363-01A	TCGA-A3-3363	TCGA-KIRC	KIRC	42	60	mutation_count_proxy_no_callable_territory
TCGA-A3-3365-01A	TCGA-A3-3365	TCGA-KIRC	KIRC	38	49	mutation_count_proxy_no_callable_territory
TCGA-A3-3367-01A	TCGA-A3-3367	TCGA-KIRC	KIRC	67	98	mutation_count_proxy_no_callable_territory
TCGA-A3-3370-01A	TCGA-A3-3370	TCGA-KIRC	KIRC	35	49	mutation_count_proxy_no_callable_territory
TCGA-A3-3373-01A	TCGA-A3-3373	TCGA-KIRC	KIRC	50	78	mutation_count_proxy_no_callable_territory
TCGA-A3-3374-01A	TCGA-A3-3374	TCGA-KIRC	KIRC	15	25	mutation_count_proxy_no_callable_territory
TCGA-A3-3376-01A	TCGA-A3-3376	TCGA-KIRC	KIRC	52	73	mutation_count_proxy_no_callable_territory
TCGA-A3-3378-01A	TCGA-A3-3378	TCGA-KIRC	KIRC	49	86	mutation_count_proxy_no_callable_territory
TCGA-A3-3380-01A	TCGA-A3-3380	TCGA-KIRC	KIRC	28	40	mutation_count_proxy_no_callable_territory
TCGA-A3-3382-01A	TCGA-A3-3382	TCGA-KIRC	KIRC	87	125	mutation_count_proxy_no_callable_territory
TCGA-A3-3383-01A	TCGA-A3-3383	TCGA-KIRC	KIRC	45	65	mutation_count_proxy_no_callable_territory
TCGA-A3-3385-01A	TCGA-A3-3385	TCGA-KIRC	KIRC	55	80	mutation_count_proxy_no_callable_territory
TCGA-A3-3387-01A	TCGA-A3-3387	TCGA-KIRC	KIRC	74	106	mutation_count_proxy_no_callable_territory
TCGA-A3-A6NI-01A	TCGA-A3-A6NI	TCGA-KIRC	KIRC	66	99	mutation_count_proxy_no_callable_territory
TCGA-A3-A6NJ-01A	TCGA-A3-A6NJ	TCGA-KIRC	KIRC	96	145	mutation_count_proxy_no_callable_territory
TCGA-A3-A6NL-01A	TCGA-A3-A6NL	TCGA-KIRC	KIRC	718	1248	mutation_count_proxy_no_callable_territory
TCGA-A3-A6NN-01A	TCGA-A3-A6NN	TCGA-KIRC	KIRC	96	131	mutation_count_proxy_no_callable_territory
TCGA-A3-A8CQ-01A	TCGA-A3-A8CQ	TCGA-KIRC	KIRC	31	71	mutation_count_proxy_no_callable_territory
TCGA-A3-A8OU-01A	TCGA-A3-A8OU	TCGA-KIRC	KIRC	74	112	mutation_count_proxy_no_callable_territory
TCGA-A3-A8OV-01A	TCGA-A3-A8OV	TCGA-KIRC	KIRC	125	195	mutation_count_proxy_no_callable_territory
TCGA-A3-A8OW-01A	TCGA-A3-A8OW	TCGA-KIRC	KIRC	31	43	mutation_count_proxy_no_callable_territory
TCGA-A3-A8OX-01A	TCGA-A3-A8OX	TCGA-KIRC	KIRC	40	66	mutation_count_proxy_no_callable_territory
TCGA-AK-3426-01A	TCGA-AK-3426	TCGA-KIRC	KIRC	25	41	mutation_count_proxy_no_callable_territory
TCGA-AK-3427-01A	TCGA-AK-3427	TCGA-KIRC	KIRC	14	22	mutation_count_proxy_no_callable_territory
TCGA-AK-3429-01A	TCGA-AK-3429	TCGA-KIRC	KIRC	26	44	mutation_count_proxy_no_callable_territory
TCGA-AK-3430-01A	TCGA-AK-3430	TCGA-KIRC	KIRC	70	100	mutation_count_proxy_no_callable_territory
TCGA-AK-3436-01A	TCGA-AK-3436	TCGA-KIRC	KIRC	37	58	mutation_count_proxy_no_callable_territory
TCGA-AK-3440-01A	TCGA-AK-3440	TCGA-KIRC	KIRC	20	29	mutation_count_proxy_no_callable_territory
TCGA-AK-3443-01A	TCGA-AK-3443	TCGA-KIRC	KIRC	9	16	mutation_count_proxy_no_callable_territory
TCGA-AK-3444-01A	TCGA-AK-3444	TCGA-KIRC	KIRC	91	127	mutation_count_proxy_no_callable_territory
TCGA-AK-3451-01A	TCGA-AK-3451	TCGA-KIRC	KIRC	76	99	mutation_count_proxy_no_callable_territory
TCGA-AK-3453-01A	TCGA-AK-3453	TCGA-KIRC	KIRC	16	30	mutation_count_proxy_no_callable_territory
TCGA-AK-3455-01A	TCGA-AK-3455	TCGA-KIRC	KIRC	56	70	mutation_count_proxy_no_callable_territory
TCGA-AK-3456-01A	TCGA-AK-3456	TCGA-KIRC	KIRC	25	45	mutation_count_proxy_no_callable_territory
TCGA-AK-3458-01A	TCGA-AK-3458	TCGA-KIRC	KIRC	32	42	mutation_count_proxy_no_callable_territory
TCGA-AK-3465-01A	TCGA-AK-3465	TCGA-KIRC	KIRC	25	37	mutation_count_proxy_no_callable_territory
TCGA-AS-3777-01A	TCGA-AS-3777	TCGA-KIRC	KIRC	21	31	mutation_count_proxy_no_callable_territory
TCGA-AS-3778-01A	TCGA-AS-3778	TCGA-KIRC	KIRC	66	94	mutation_count_proxy_no_callable_territory
TCGA-B0-4698-01A	TCGA-B0-4698	TCGA-KIRC	KIRC	395	580	mutation_count_proxy_no_callable_territory
TCGA-B0-4700-01A	TCGA-B0-4700	TCGA-KIRC	KIRC	28	43	mutation_count_proxy_no_callable_territory
TCGA-B0-4706-01A	TCGA-B0-4706	TCGA-KIRC	KIRC	39	62	mutation_count_proxy_no_callable_territory
TCGA-B0-4710-01A	TCGA-B0-4710	TCGA-KIRC	KIRC	71	111	mutation_count_proxy_no_callable_territory
TCGA-B0-4712-01A	TCGA-B0-4712	TCGA-KIRC	KIRC	92	136	mutation_count_proxy_no_callable_territory
TCGA-B0-4810-01A	TCGA-B0-4810	TCGA-KIRC	KIRC	56	77	mutation_count_proxy_no_callable_territory
TCGA-B0-4811-01A	TCGA-B0-4811	TCGA-KIRC	KIRC	93	138	mutation_count_proxy_no_callable_territory
TCGA-B0-4815-01A	TCGA-B0-4815	TCGA-KIRC	KIRC	59	95	mutation_count_proxy_no_callable_territory
TCGA-B0-4816-01A	TCGA-B0-4816	TCGA-KIRC	KIRC	56	74	mutation_count_proxy_no_callable_territory
TCGA-B0-4818-01A	TCGA-B0-4818	TCGA-KIRC	KIRC	59	94	mutation_count_proxy_no_callable_territory
TCGA-B0-4821-01A	TCGA-B0-4821	TCGA-KIRC	KIRC	59	92	mutation_count_proxy_no_callable_territory
TCGA-B0-4823-01A	TCGA-B0-4823	TCGA-KIRC	KIRC	93	142	mutation_count_proxy_no_callable_territory
TCGA-B0-4827-01A	TCGA-B0-4827	TCGA-KIRC	KIRC	72	108	mutation_count_proxy_no_callable_territory
TCGA-B0-4842-01A	TCGA-B0-4842	TCGA-KIRC	KIRC	58	73	mutation_count_proxy_no_callable_territory
TCGA-B0-4852-01A	TCGA-B0-4852	TCGA-KIRC	KIRC	80	115	mutation_count_proxy_no_callable_territory
TCGA-B0-4945-01A	TCGA-B0-4945	TCGA-KIRC	KIRC	42	56	mutation_count_proxy_no_callable_territory
TCGA-B0-5075-01A	TCGA-B0-5075	TCGA-KIRC	KIRC	82	113	mutation_count_proxy_no_callable_territory
TCGA-B0-5077-01A	TCGA-B0-5077	TCGA-KIRC	KIRC	48	70	mutation_count_proxy_no_callable_territory
TCGA-B0-5080-01A	TCGA-B0-5080	TCGA-KIRC	KIRC	57	79	mutation_count_proxy_no_callable_territory
TCGA-B0-5081-01A	TCGA-B0-5081	TCGA-KIRC	KIRC	46	61	mutation_count_proxy_no_callable_territory
TCGA-B0-5083-01A	TCGA-B0-5083	TCGA-KIRC	KIRC	20	32	mutation_count_proxy_no_callable_territory
TCGA-B0-5084-01A	TCGA-B0-5084	TCGA-KIRC	KIRC	43	67	mutation_count_proxy_no_callable_territory
TCGA-B0-5085-01A	TCGA-B0-5085	TCGA-KIRC	KIRC	67	98	mutation_count_proxy_no_callable_territory
TCGA-B0-5088-01A	TCGA-B0-5088	TCGA-KIRC	KIRC	59	88	mutation_count_proxy_no_callable_territory
TCGA-B0-5092-01A	TCGA-B0-5092	TCGA-KIRC	KIRC	73	102	mutation_count_proxy_no_callable_territory
TCGA-B0-5094-01A	TCGA-B0-5094	TCGA-KIRC	KIRC	78	102	mutation_count_proxy_no_callable_territory
TCGA-B0-5095-01A	TCGA-B0-5095	TCGA-KIRC	KIRC	73	102	mutation_count_proxy_no_callable_territory
TCGA-B0-5096-01A	TCGA-B0-5096	TCGA-KIRC	KIRC	78	115	mutation_count_proxy_no_callable_territory
TCGA-B0-5097-01A	TCGA-B0-5097	TCGA-KIRC	KIRC	56	78	mutation_count_proxy_no_callable_territory
TCGA-B0-5098-01A	TCGA-B0-5098	TCGA-KIRC	KIRC	590	861	mutation_count_proxy_no_callable_territory
TCGA-B0-5099-01A	TCGA-B0-5099	TCGA-KIRC	KIRC	67	95	mutation_count_proxy_no_callable_territory
TCGA-B0-5100-01A	TCGA-B0-5100	TCGA-KIRC	KIRC	24	38	mutation_count_proxy_no_callable_territory
TCGA-B0-5102-01A	TCGA-B0-5102	TCGA-KIRC	KIRC	45	56	mutation_count_proxy_no_callable_territory
TCGA-B0-5104-01A	TCGA-B0-5104	TCGA-KIRC	KIRC	56	84	mutation_count_proxy_no_callable_territory
TCGA-B0-5106-01A	TCGA-B0-5106	TCGA-KIRC	KIRC	72	99	mutation_count_proxy_no_callable_territory
TCGA-B0-5107-01A	TCGA-B0-5107	TCGA-KIRC	KIRC	51	75	mutation_count_proxy_no_callable_territory
TCGA-B0-5108-01A	TCGA-B0-5108	TCGA-KIRC	KIRC	38	57	mutation_count_proxy_no_callable_territory
TCGA-B0-5109-01A	TCGA-B0-5109	TCGA-KIRC	KIRC	46	62	mutation_count_proxy_no_callable_territory
TCGA-B0-5110-01A	TCGA-B0-5110	TCGA-KIRC	KIRC	56	82	mutation_count_proxy_no_callable_territory
TCGA-B0-5113-01A	TCGA-B0-5113	TCGA-KIRC	KIRC	33	50	mutation_count_proxy_no_callable_territory
TCGA-B0-5115-01A	TCGA-B0-5115	TCGA-KIRC	KIRC	54	64	mutation_count_proxy_no_callable_territory
TCGA-B0-5116-01A	TCGA-B0-5116	TCGA-KIRC	KIRC	57	80	mutation_count_proxy_no_callable_territory
TCGA-B0-5117-01A	TCGA-B0-5117	TCGA-KIRC	KIRC	14	24	mutation_count_proxy_no_callable_territory
TCGA-B0-5119-01A	TCGA-B0-5119	TCGA-KIRC	KIRC	85	115	mutation_count_proxy_no_callable_territory
TCGA-B0-5120-01A	TCGA-B0-5120	TCGA-KIRC	KIRC	50	82	mutation_count_proxy_no_callable_territory
TCGA-B0-5121-01A	TCGA-B0-5121	TCGA-KIRC	KIRC	39	59	mutation_count_proxy_no_callable_territory
TCGA-B0-5399-01A	TCGA-B0-5399	TCGA-KIRC	KIRC	34	56	mutation_count_proxy_no_callable_territory
TCGA-B0-5400-01A	TCGA-B0-5400	TCGA-KIRC	KIRC	35	50	mutation_count_proxy_no_callable_territory
TCGA-B0-5402-01A	TCGA-B0-5402	TCGA-KIRC	KIRC	53	62	mutation_count_proxy_no_callable_territory
TCGA-B0-5690-01A	TCGA-B0-5690	TCGA-KIRC	KIRC	55	81	mutation_count_proxy_no_callable_territory
TCGA-B0-5691-01A	TCGA-B0-5691	TCGA-KIRC	KIRC	53	69	mutation_count_proxy_no_callable_territory
TCGA-B0-5692-01A	TCGA-B0-5692	TCGA-KIRC	KIRC	55	86	mutation_count_proxy_no_callable_territory
TCGA-B0-5693-01A	TCGA-B0-5693	TCGA-KIRC	KIRC	40	51	mutation_count_proxy_no_callable_territory
TCGA-B0-5694-01A	TCGA-B0-5694	TCGA-KIRC	KIRC	53	81	mutation_count_proxy_no_callable_territory
TCGA-B0-5695-01A	TCGA-B0-5695	TCGA-KIRC	KIRC	61	87	mutation_count_proxy_no_callable_territory
TCGA-B0-5696-01A	TCGA-B0-5696	TCGA-KIRC	KIRC	52	69	mutation_count_proxy_no_callable_territory
TCGA-B0-5697-01A	TCGA-B0-5697	TCGA-KIRC	KIRC	49	80	mutation_count_proxy_no_callable_territory
TCGA-B0-5698-01A	TCGA-B0-5698	TCGA-KIRC	KIRC	65	90	mutation_count_proxy_no_callable_territory
TCGA-B0-5699-01A	TCGA-B0-5699	TCGA-KIRC	KIRC	38	66	mutation_count_proxy_no_callable_territory
TCGA-B0-5700-01A	TCGA-B0-5700	TCGA-KIRC	KIRC	61	91	mutation_count_proxy_no_callable_territory
TCGA-B0-5701-01A	TCGA-B0-5701	TCGA-KIRC	KIRC	93	135	mutation_count_proxy_no_callable_territory
TCGA-B0-5702-01A	TCGA-B0-5702	TCGA-KIRC	KIRC	61	82	mutation_count_proxy_no_callable_territory
TCGA-B0-5703-01A	TCGA-B0-5703	TCGA-KIRC	KIRC	64	98	mutation_count_proxy_no_callable_territory
TCGA-B0-5705-01A	TCGA-B0-5705	TCGA-KIRC	KIRC	66	100	mutation_count_proxy_no_callable_territory
TCGA-B0-5706-01A	TCGA-B0-5706	TCGA-KIRC	KIRC	49	73	mutation_count_proxy_no_callable_territory
TCGA-B0-5707-01A	TCGA-B0-5707	TCGA-KIRC	KIRC	27	47	mutation_count_proxy_no_callable_territory
TCGA-B0-5709-01A	TCGA-B0-5709	TCGA-KIRC	KIRC	67	99	mutation_count_proxy_no_callable_territory
TCGA-B0-5710-01A	TCGA-B0-5710	TCGA-KIRC	KIRC	38	53	mutation_count_proxy_no_callable_territory
TCGA-B0-5711-01A	TCGA-B0-5711	TCGA-KIRC	KIRC	31	39	mutation_count_proxy_no_callable_territory
TCGA-B0-5712-01A	TCGA-B0-5712	TCGA-KIRC	KIRC	90	132	mutation_count_proxy_no_callable_territory
TCGA-B0-5713-01A	TCGA-B0-5713	TCGA-KIRC	KIRC	98	134	mutation_count_proxy_no_callable_territory
TCGA-B0-5812-01A	TCGA-B0-5812	TCGA-KIRC	KIRC	42	60	mutation_count_proxy_no_callable_territory
TCGA-B2-3923-01A	TCGA-B2-3923	TCGA-KIRC	KIRC	47	61	mutation_count_proxy_no_callable_territory
TCGA-B2-4098-01A	TCGA-B2-4098	TCGA-KIRC	KIRC	90	159	mutation_count_proxy_no_callable_territory
TCGA-B2-4099-01A	TCGA-B2-4099	TCGA-KIRC	KIRC	113	166	mutation_count_proxy_no_callable_territory
TCGA-B2-4101-01A	TCGA-B2-4101	TCGA-KIRC	KIRC	47	64	mutation_count_proxy_no_callable_territory
TCGA-B2-4102-01A	TCGA-B2-4102	TCGA-KIRC	KIRC	64	92	mutation_count_proxy_no_callable_territory
TCGA-B2-5633-01A	TCGA-B2-5633	TCGA-KIRC	KIRC	89	141	mutation_count_proxy_no_callable_territory
TCGA-B2-5635-01A	TCGA-B2-5635	TCGA-KIRC	KIRC	102	170	mutation_count_proxy_no_callable_territory
TCGA-B2-5636-01A	TCGA-B2-5636	TCGA-KIRC	KIRC	30	50	mutation_count_proxy_no_callable_territory
TCGA-B2-5639-01A	TCGA-B2-5639	TCGA-KIRC	KIRC	94	148	mutation_count_proxy_no_callable_territory
TCGA-B2-5641-01A	TCGA-B2-5641	TCGA-KIRC	KIRC	126	203	mutation_count_proxy_no_callable_territory
TCGA-B2-A4SR-01A	TCGA-B2-A4SR	TCGA-KIRC	KIRC	83	129	mutation_count_proxy_no_callable_territory
TCGA-B4-5377-01A	TCGA-B4-5377	TCGA-KIRC	KIRC	48	74	mutation_count_proxy_no_callable_territory
TCGA-B4-5832-01A	TCGA-B4-5832	TCGA-KIRC	KIRC	65	93	mutation_count_proxy_no_callable_territory
TCGA-B4-5834-01A	TCGA-B4-5834	TCGA-KIRC	KIRC	25	44	mutation_count_proxy_no_callable_territory
TCGA-B4-5835-01A	TCGA-B4-5835	TCGA-KIRC	KIRC	71	87	mutation_count_proxy_no_callable_territory
TCGA-B4-5836-01A	TCGA-B4-5836	TCGA-KIRC	KIRC	62	97	mutation_count_proxy_no_callable_territory
TCGA-B4-5838-01A	TCGA-B4-5838	TCGA-KIRC	KIRC	62	93	mutation_count_proxy_no_callable_territory
TCGA-B4-5843-01A	TCGA-B4-5843	TCGA-KIRC	KIRC	43	57	mutation_count_proxy_no_callable_territory
TCGA-B4-5844-01A	TCGA-B4-5844	TCGA-KIRC	KIRC	67	90	mutation_count_proxy_no_callable_territory
TCGA-B8-4143-01A	TCGA-B8-4143	TCGA-KIRC	KIRC	60	90	mutation_count_proxy_no_callable_territory
TCGA-B8-4146-01B	TCGA-B8-4146	TCGA-KIRC	KIRC	34	51	mutation_count_proxy_no_callable_territory
TCGA-B8-4148-01A	TCGA-B8-4148	TCGA-KIRC	KIRC	32	48	mutation_count_proxy_no_callable_territory
TCGA-B8-4151-01A	TCGA-B8-4151	TCGA-KIRC	KIRC	50	69	mutation_count_proxy_no_callable_territory
TCGA-B8-4153-01B	TCGA-B8-4153	TCGA-KIRC	KIRC	64	100	mutation_count_proxy_no_callable_territory
TCGA-B8-4154-01A	TCGA-B8-4154	TCGA-KIRC	KIRC	47	70	mutation_count_proxy_no_callable_territory
TCGA-B8-4619-01A	TCGA-B8-4619	TCGA-KIRC	KIRC	37	49	mutation_count_proxy_no_callable_territory
TCGA-B8-4620-01A	TCGA-B8-4620	TCGA-KIRC	KIRC	107	132	mutation_count_proxy_no_callable_territory
TCGA-B8-4621-01A	TCGA-B8-4621	TCGA-KIRC	KIRC	76	110	mutation_count_proxy_no_callable_territory
TCGA-B8-5158-01A	TCGA-B8-5158	TCGA-KIRC	KIRC	55	76	mutation_count_proxy_no_callable_territory
TCGA-B8-5159-01A	TCGA-B8-5159	TCGA-KIRC	KIRC	49	69	mutation_count_proxy_no_callable_territory
TCGA-B8-5162-01A	TCGA-B8-5162	TCGA-KIRC	KIRC	66	88	mutation_count_proxy_no_callable_territory
TCGA-B8-5163-01A	TCGA-B8-5163	TCGA-KIRC	KIRC	61	93	mutation_count_proxy_no_callable_territory
TCGA-B8-5164-01A	TCGA-B8-5164	TCGA-KIRC	KIRC	82	107	mutation_count_proxy_no_callable_territory
TCGA-B8-5165-01A	TCGA-B8-5165	TCGA-KIRC	KIRC	18	27	mutation_count_proxy_no_callable_territory
TCGA-B8-5545-01A	TCGA-B8-5545	TCGA-KIRC	KIRC	18	33	mutation_count_proxy_no_callable_territory
TCGA-B8-5546-01A	TCGA-B8-5546	TCGA-KIRC	KIRC	24	38	mutation_count_proxy_no_callable_territory
TCGA-B8-5549-01A	TCGA-B8-5549	TCGA-KIRC	KIRC	95	151	mutation_count_proxy_no_callable_territory
TCGA-B8-5550-01A	TCGA-B8-5550	TCGA-KIRC	KIRC	102	145	mutation_count_proxy_no_callable_territory
TCGA-B8-5551-01A	TCGA-B8-5551	TCGA-KIRC	KIRC	99	165	mutation_count_proxy_no_callable_territory
TCGA-B8-5552-01B	TCGA-B8-5552	TCGA-KIRC	KIRC	52	64	mutation_count_proxy_no_callable_territory
TCGA-B8-5553-01A	TCGA-B8-5553	TCGA-KIRC	KIRC	56	78	mutation_count_proxy_no_callable_territory
TCGA-B8-A54D-01A	TCGA-B8-A54D	TCGA-KIRC	KIRC	55	85	mutation_count_proxy_no_callable_territory
TCGA-B8-A54E-01A	TCGA-B8-A54E	TCGA-KIRC	KIRC	42	60	mutation_count_proxy_no_callable_territory
TCGA-B8-A54F-01A	TCGA-B8-A54F	TCGA-KIRC	KIRC	31	44	mutation_count_proxy_no_callable_territory
TCGA-B8-A54G-01A	TCGA-B8-A54G	TCGA-KIRC	KIRC	38	64	mutation_count_proxy_no_callable_territory
TCGA-B8-A54H-01A	TCGA-B8-A54H	TCGA-KIRC	KIRC	72	106	mutation_count_proxy_no_callable_territory
TCGA-B8-A54I-01A	TCGA-B8-A54I	TCGA-KIRC	KIRC	55	89	mutation_count_proxy_no_callable_territory
TCGA-B8-A54J-01A	TCGA-B8-A54J	TCGA-KIRC	KIRC	55	86	mutation_count_proxy_no_callable_territory
TCGA-B8-A54K-01A	TCGA-B8-A54K	TCGA-KIRC	KIRC	17	35	mutation_count_proxy_no_callable_territory
TCGA-B8-A7U6-01A	TCGA-B8-A7U6	TCGA-KIRC	KIRC	60	92	mutation_count_proxy_no_callable_territory
TCGA-B8-A8YJ-01A	TCGA-B8-A8YJ	TCGA-KIRC	KIRC	35	49	mutation_count_proxy_no_callable_territory
TCGA-BP-4161-01A	TCGA-BP-4161	TCGA-KIRC	KIRC	58	89	mutation_count_proxy_no_callable_territory
TCGA-BP-4162-01A	TCGA-BP-4162	TCGA-KIRC	KIRC	38	60	mutation_count_proxy_no_callable_territory
TCGA-BP-4163-01A	TCGA-BP-4163	TCGA-KIRC	KIRC	41	60	mutation_count_proxy_no_callable_territory
TCGA-BP-4164-01A	TCGA-BP-4164	TCGA-KIRC	KIRC	35	56	mutation_count_proxy_no_callable_territory
TCGA-BP-4167-01A	TCGA-BP-4167	TCGA-KIRC	KIRC	58	84	mutation_count_proxy_no_callable_territory
TCGA-BP-4177-01A	TCGA-BP-4177	TCGA-KIRC	KIRC	9	21	mutation_count_proxy_no_callable_territory
TCGA-BP-4760-01A	TCGA-BP-4760	TCGA-KIRC	KIRC	11	21	mutation_count_proxy_no_callable_territory
TCGA-BP-4770-01A	TCGA-BP-4770	TCGA-KIRC	KIRC	52	75	mutation_count_proxy_no_callable_territory
TCGA-BP-4782-01A	TCGA-BP-4782	TCGA-KIRC	KIRC	77	105	mutation_count_proxy_no_callable_territory
TCGA-BP-4795-01A	TCGA-BP-4795	TCGA-KIRC	KIRC	14	31	mutation_count_proxy_no_callable_territory
TCGA-BP-4801-01A	TCGA-BP-4801	TCGA-KIRC	KIRC	55	74	mutation_count_proxy_no_callable_territory
TCGA-BP-4960-01A	TCGA-BP-4960	TCGA-KIRC	KIRC	60	82	mutation_count_proxy_no_callable_territory
TCGA-BP-4961-01A	TCGA-BP-4961	TCGA-KIRC	KIRC	31	54	mutation_count_proxy_no_callable_territory
TCGA-BP-4962-01A	TCGA-BP-4962	TCGA-KIRC	KIRC	41	54	mutation_count_proxy_no_callable_territory
TCGA-BP-4963-01A	TCGA-BP-4963	TCGA-KIRC	KIRC	73	112	mutation_count_proxy_no_callable_territory
TCGA-BP-4964-01A	TCGA-BP-4964	TCGA-KIRC	KIRC	81	117	mutation_count_proxy_no_callable_territory
TCGA-BP-4965-01A	TCGA-BP-4965	TCGA-KIRC	KIRC	50	70	mutation_count_proxy_no_callable_territory
TCGA-BP-4967-01A	TCGA-BP-4967	TCGA-KIRC	KIRC	55	87	mutation_count_proxy_no_callable_territory
TCGA-BP-4968-01A	TCGA-BP-4968	TCGA-KIRC	KIRC	39	54	mutation_count_proxy_no_callable_territory
TCGA-BP-4970-01A	TCGA-BP-4970	TCGA-KIRC	KIRC	29	35	mutation_count_proxy_no_callable_territory
TCGA-BP-4971-01A	TCGA-BP-4971	TCGA-KIRC	KIRC	36	56	mutation_count_proxy_no_callable_territory
TCGA-BP-4972-01A	TCGA-BP-4972	TCGA-KIRC	KIRC	33	57	mutation_count_proxy_no_callable_territory
TCGA-BP-4973-01A	TCGA-BP-4973	TCGA-KIRC	KIRC	30	37	mutation_count_proxy_no_callable_territory
TCGA-BP-4974-01A	TCGA-BP-4974	TCGA-KIRC	KIRC	35	47	mutation_count_proxy_no_callable_territory
TCGA-BP-4975-01A	TCGA-BP-4975	TCGA-KIRC	KIRC	17	25	mutation_count_proxy_no_callable_territory
TCGA-BP-4976-01A	TCGA-BP-4976	TCGA-KIRC	KIRC	85	119	mutation_count_proxy_no_callable_territory
TCGA-BP-4977-01A	TCGA-BP-4977	TCGA-KIRC	KIRC	36	50	mutation_count_proxy_no_callable_territory
TCGA-BP-4981-01A	TCGA-BP-4981	TCGA-KIRC	KIRC	43	78	mutation_count_proxy_no_callable_territory
TCGA-BP-4982-01A	TCGA-BP-4982	TCGA-KIRC	KIRC	36	52	mutation_count_proxy_no_callable_territory
TCGA-BP-4983-01A	TCGA-BP-4983	TCGA-KIRC	KIRC	69	104	mutation_count_proxy_no_callable_territory
TCGA-BP-4985-01A	TCGA-BP-4985	TCGA-KIRC	KIRC	76	112	mutation_count_proxy_no_callable_territory
TCGA-BP-4986-01A	TCGA-BP-4986	TCGA-KIRC	KIRC	36	53	mutation_count_proxy_no_callable_territory
TCGA-BP-4987-01A	TCGA-BP-4987	TCGA-KIRC	KIRC	23	39	mutation_count_proxy_no_callable_territory
TCGA-BP-4988-01A	TCGA-BP-4988	TCGA-KIRC	KIRC	46	66	mutation_count_proxy_no_callable_territory
TCGA-BP-4989-01A	TCGA-BP-4989	TCGA-KIRC	KIRC	56	85	mutation_count_proxy_no_callable_territory
TCGA-BP-4991-01A	TCGA-BP-4991	TCGA-KIRC	KIRC	41	63	mutation_count_proxy_no_callable_territory
TCGA-BP-4992-01A	TCGA-BP-4992	TCGA-KIRC	KIRC	36	53	mutation_count_proxy_no_callable_territory
TCGA-BP-4993-01A	TCGA-BP-4993	TCGA-KIRC	KIRC	56	82	mutation_count_proxy_no_callable_territory
TCGA-BP-4994-01A	TCGA-BP-4994	TCGA-KIRC	KIRC	16	33	mutation_count_proxy_no_callable_territory
TCGA-BP-4995-01A	TCGA-BP-4995	TCGA-KIRC	KIRC	38	57	mutation_count_proxy_no_callable_territory
TCGA-BP-4998-01A	TCGA-BP-4998	TCGA-KIRC	KIRC	35	44	mutation_count_proxy_no_callable_territory
TCGA-BP-4999-01A	TCGA-BP-4999	TCGA-KIRC	KIRC	38	58	mutation_count_proxy_no_callable_territory
TCGA-BP-5000-01A	TCGA-BP-5000	TCGA-KIRC	KIRC	32	54	mutation_count_proxy_no_callable_territory
TCGA-BP-5001-01A	TCGA-BP-5001	TCGA-KIRC	KIRC	31	44	mutation_count_proxy_no_callable_territory
TCGA-BP-5004-01A	TCGA-BP-5004	TCGA-KIRC	KIRC	44	61	mutation_count_proxy_no_callable_territory
TCGA-BP-5006-01A	TCGA-BP-5006	TCGA-KIRC	KIRC	38	52	mutation_count_proxy_no_callable_territory
TCGA-BP-5007-01A	TCGA-BP-5007	TCGA-KIRC	KIRC	26	39	mutation_count_proxy_no_callable_territory
TCGA-BP-5008-01A	TCGA-BP-5008	TCGA-KIRC	KIRC	40	54	mutation_count_proxy_no_callable_territory
TCGA-BP-5009-01A	TCGA-BP-5009	TCGA-KIRC	KIRC	47	64	mutation_count_proxy_no_callable_territory
TCGA-BP-5010-01A	TCGA-BP-5010	TCGA-KIRC	KIRC	61	88	mutation_count_proxy_no_callable_territory
TCGA-BP-5168-01A	TCGA-BP-5168	TCGA-KIRC	KIRC	96	149	mutation_count_proxy_no_callable_territory
TCGA-BP-5169-01A	TCGA-BP-5169	TCGA-KIRC	KIRC	49	72	mutation_count_proxy_no_callable_territory
TCGA-BP-5170-01A	TCGA-BP-5170	TCGA-KIRC	KIRC	37	56	mutation_count_proxy_no_callable_territory
TCGA-BP-5173-01A	TCGA-BP-5173	TCGA-KIRC	KIRC	65	99	mutation_count_proxy_no_callable_territory
TCGA-BP-5174-01A	TCGA-BP-5174	TCGA-KIRC	KIRC	34	46	mutation_count_proxy_no_callable_territory
TCGA-BP-5175-01A	TCGA-BP-5175	TCGA-KIRC	KIRC	38	56	mutation_count_proxy_no_callable_territory
TCGA-BP-5176-01A	TCGA-BP-5176	TCGA-KIRC	KIRC	100	152	mutation_count_proxy_no_callable_territory
TCGA-BP-5177-01A	TCGA-BP-5177	TCGA-KIRC	KIRC	37	58	mutation_count_proxy_no_callable_territory
TCGA-BP-5178-01A	TCGA-BP-5178	TCGA-KIRC	KIRC	53	76	mutation_count_proxy_no_callable_territory
TCGA-BP-5180-01A	TCGA-BP-5180	TCGA-KIRC	KIRC	35	49	mutation_count_proxy_no_callable_territory
TCGA-BP-5181-01A	TCGA-BP-5181	TCGA-KIRC	KIRC	53	74	mutation_count_proxy_no_callable_territory
TCGA-BP-5182-01A	TCGA-BP-5182	TCGA-KIRC	KIRC	60	90	mutation_count_proxy_no_callable_territory
TCGA-BP-5183-01A	TCGA-BP-5183	TCGA-KIRC	KIRC	42	61	mutation_count_proxy_no_callable_territory
TCGA-BP-5184-01A	TCGA-BP-5184	TCGA-KIRC	KIRC	22	41	mutation_count_proxy_no_callable_territory
TCGA-BP-5185-01A	TCGA-BP-5185	TCGA-KIRC	KIRC	75	104	mutation_count_proxy_no_callable_territory
TCGA-BP-5186-01A	TCGA-BP-5186	TCGA-KIRC	KIRC	32	46	mutation_count_proxy_no_callable_territory
TCGA-BP-5187-01A	TCGA-BP-5187	TCGA-KIRC	KIRC	59	85	mutation_count_proxy_no_callable_territory
TCGA-BP-5189-01A	TCGA-BP-5189	TCGA-KIRC	KIRC	47	64	mutation_count_proxy_no_callable_territory
TCGA-BP-5190-01A	TCGA-BP-5190	TCGA-KIRC	KIRC	40	54	mutation_count_proxy_no_callable_territory
TCGA-BP-5191-01A	TCGA-BP-5191	TCGA-KIRC	KIRC	51	75	mutation_count_proxy_no_callable_territory
TCGA-BP-5192-01A	TCGA-BP-5192	TCGA-KIRC	KIRC	44	69	mutation_count_proxy_no_callable_territory
TCGA-BP-5194-01A	TCGA-BP-5194	TCGA-KIRC	KIRC	25	38	mutation_count_proxy_no_callable_territory
TCGA-BP-5195-01A	TCGA-BP-5195	TCGA-KIRC	KIRC	64	88	mutation_count_proxy_no_callable_territory
TCGA-BP-5196-01A	TCGA-BP-5196	TCGA-KIRC	KIRC	45	68	mutation_count_proxy_no_callable_territory
TCGA-BP-5198-01A	TCGA-BP-5198	TCGA-KIRC	KIRC	66	94	mutation_count_proxy_no_callable_territory
TCGA-BP-5199-01A	TCGA-BP-5199	TCGA-KIRC	KIRC	72	96	mutation_count_proxy_no_callable_territory
TCGA-BP-5200-01A	TCGA-BP-5200	TCGA-KIRC	KIRC	38	52	mutation_count_proxy_no_callable_territory
TCGA-BP-5201-01A	TCGA-BP-5201	TCGA-KIRC	KIRC	42	54	mutation_count_proxy_no_callable_territory
TCGA-BP-5202-01A	TCGA-BP-5202	TCGA-KIRC	KIRC	41	52	mutation_count_proxy_no_callable_territory
TCGA-CJ-4634-01A	TCGA-CJ-4634	TCGA-KIRC	KIRC	71	109	mutation_count_proxy_no_callable_territory
TCGA-CJ-4636-01A	TCGA-CJ-4636	TCGA-KIRC	KIRC	59	79	mutation_count_proxy_no_callable_territory
TCGA-CJ-4637-01A	TCGA-CJ-4637	TCGA-KIRC	KIRC	40	66	mutation_count_proxy_no_callable_territory
TCGA-CJ-4638-01A	TCGA-CJ-4638	TCGA-KIRC	KIRC	65	98	mutation_count_proxy_no_callable_territory
TCGA-CJ-4639-01A	TCGA-CJ-4639	TCGA-KIRC	KIRC	60	78	mutation_count_proxy_no_callable_territory
TCGA-CJ-4640-01A	TCGA-CJ-4640	TCGA-KIRC	KIRC	51	78	mutation_count_proxy_no_callable_territory
TCGA-CJ-4641-01A	TCGA-CJ-4641	TCGA-KIRC	KIRC	47	71	mutation_count_proxy_no_callable_territory
TCGA-CJ-4643-01A	TCGA-CJ-4643	TCGA-KIRC	KIRC	78	123	mutation_count_proxy_no_callable_territory
TCGA-CJ-4644-01A	TCGA-CJ-4644	TCGA-KIRC	KIRC	55	86	mutation_count_proxy_no_callable_territory
TCGA-CJ-4869-01A	TCGA-CJ-4869	TCGA-KIRC	KIRC	68	91	mutation_count_proxy_no_callable_territory
TCGA-CJ-4882-01A	TCGA-CJ-4882	TCGA-KIRC	KIRC	70	101	mutation_count_proxy_no_callable_territory
TCGA-CJ-4899-01A	TCGA-CJ-4899	TCGA-KIRC	KIRC	36	51	mutation_count_proxy_no_callable_territory
TCGA-CJ-4900-01A	TCGA-CJ-4900	TCGA-KIRC	KIRC	44	56	mutation_count_proxy_no_callable_territory
TCGA-CJ-4901-01A	TCGA-CJ-4901	TCGA-KIRC	KIRC	54	69	mutation_count_proxy_no_callable_territory
TCGA-CJ-4902-01A	TCGA-CJ-4902	TCGA-KIRC	KIRC	61	88	mutation_count_proxy_no_callable_territory
TCGA-CJ-4903-01A	TCGA-CJ-4903	TCGA-KIRC	KIRC	44	58	mutation_count_proxy_no_callable_territory
TCGA-CJ-4904-01A	TCGA-CJ-4904	TCGA-KIRC	KIRC	45	67	mutation_count_proxy_no_callable_territory
TCGA-CJ-4905-01A	TCGA-CJ-4905	TCGA-KIRC	KIRC	45	72	mutation_count_proxy_no_callable_territory
TCGA-CJ-4907-01A	TCGA-CJ-4907	TCGA-KIRC	KIRC	62	91	mutation_count_proxy_no_callable_territory
TCGA-CJ-4908-01A	TCGA-CJ-4908	TCGA-KIRC	KIRC	29	42	mutation_count_proxy_no_callable_territory
TCGA-CJ-4912-01A	TCGA-CJ-4912	TCGA-KIRC	KIRC	67	103	mutation_count_proxy_no_callable_territory
TCGA-CJ-4913-01A	TCGA-CJ-4913	TCGA-KIRC	KIRC	56	81	mutation_count_proxy_no_callable_territory
TCGA-CJ-4916-01A	TCGA-CJ-4916	TCGA-KIRC	KIRC	42	62	mutation_count_proxy_no_callable_territory
TCGA-CJ-4918-01A	TCGA-CJ-4918	TCGA-KIRC	KIRC	65	90	mutation_count_proxy_no_callable_territory
TCGA-CJ-4920-01A	TCGA-CJ-4920	TCGA-KIRC	KIRC	127	175	mutation_count_proxy_no_callable_territory
TCGA-CJ-4923-01A	TCGA-CJ-4923	TCGA-KIRC	KIRC	52	72	mutation_count_proxy_no_callable_territory
TCGA-CJ-5671-01A	TCGA-CJ-5671	TCGA-KIRC	KIRC	58	94	mutation_count_proxy_no_callable_territory
TCGA-CJ-5672-01A	TCGA-CJ-5672	TCGA-KIRC	KIRC	85	126	mutation_count_proxy_no_callable_territory
TCGA-CJ-5675-01A	TCGA-CJ-5675	TCGA-KIRC	KIRC	59	94	mutation_count_proxy_no_callable_territory
TCGA-CJ-5676-01A	TCGA-CJ-5676	TCGA-KIRC	KIRC	56	87	mutation_count_proxy_no_callable_territory
TCGA-CJ-5677-01A	TCGA-CJ-5677	TCGA-KIRC	KIRC	68	99	mutation_count_proxy_no_callable_territory
TCGA-CJ-5678-01A	TCGA-CJ-5678	TCGA-KIRC	KIRC	42	63	mutation_count_proxy_no_callable_territory
TCGA-CJ-5679-01A	TCGA-CJ-5679	TCGA-KIRC	KIRC	87	123	mutation_count_proxy_no_callable_territory
TCGA-CJ-5680-01A	TCGA-CJ-5680	TCGA-KIRC	KIRC	42	66	mutation_count_proxy_no_callable_territory
TCGA-CJ-5681-01A	TCGA-CJ-5681	TCGA-KIRC	KIRC	21	34	mutation_count_proxy_no_callable_territory
TCGA-CJ-5682-01A	TCGA-CJ-5682	TCGA-KIRC	KIRC	71	101	mutation_count_proxy_no_callable_territory
TCGA-CJ-5683-01A	TCGA-CJ-5683	TCGA-KIRC	KIRC	55	85	mutation_count_proxy_no_callable_territory
TCGA-CJ-5684-01A	TCGA-CJ-5684	TCGA-KIRC	KIRC	33	57	mutation_count_proxy_no_callable_territory
TCGA-CJ-5686-01A	TCGA-CJ-5686	TCGA-KIRC	KIRC	55	81	mutation_count_proxy_no_callable_territory
TCGA-CJ-5689-01A	TCGA-CJ-5689	TCGA-KIRC	KIRC	72	105	mutation_count_proxy_no_callable_territory
TCGA-CJ-6027-01A	TCGA-CJ-6027	TCGA-KIRC	KIRC	76	116	mutation_count_proxy_no_callable_territory
TCGA-CJ-6028-01A	TCGA-CJ-6028	TCGA-KIRC	KIRC	53	80	mutation_count_proxy_no_callable_territory
TCGA-CJ-6030-01A	TCGA-CJ-6030	TCGA-KIRC	KIRC	103	138	mutation_count_proxy_no_callable_territory
TCGA-CJ-6031-01A	TCGA-CJ-6031	TCGA-KIRC	KIRC	66	85	mutation_count_proxy_no_callable_territory
TCGA-CJ-6032-01A	TCGA-CJ-6032	TCGA-KIRC	KIRC	43	62	mutation_count_proxy_no_callable_territory
TCGA-CJ-6033-01A	TCGA-CJ-6033	TCGA-KIRC	KIRC	65	93	mutation_count_proxy_no_callable_territory
TCGA-CW-5580-01A	TCGA-CW-5580	TCGA-KIRC	KIRC	80	125	mutation_count_proxy_no_callable_territory
TCGA-CW-5581-01A	TCGA-CW-5581	TCGA-KIRC	KIRC	56	74	mutation_count_proxy_no_callable_territory
TCGA-CW-5583-01A	TCGA-CW-5583	TCGA-KIRC	KIRC	24	37	mutation_count_proxy_no_callable_territory
TCGA-CW-5585-01A	TCGA-CW-5585	TCGA-KIRC	KIRC	40	62	mutation_count_proxy_no_callable_territory
TCGA-CW-5587-01A	TCGA-CW-5587	TCGA-KIRC	KIRC	65	89	mutation_count_proxy_no_callable_territory
TCGA-CW-5591-01A	TCGA-CW-5591	TCGA-KIRC	KIRC	31	49	mutation_count_proxy_no_callable_territory
TCGA-CW-6087-01A	TCGA-CW-6087	TCGA-KIRC	KIRC	58	90	mutation_count_proxy_no_callable_territory
TCGA-CW-6090-01A	TCGA-CW-6090	TCGA-KIRC	KIRC	78	125	mutation_count_proxy_no_callable_territory
TCGA-CW-6093-01A	TCGA-CW-6093	TCGA-KIRC	KIRC	101	137	mutation_count_proxy_no_callable_territory
TCGA-CW-6097-01A	TCGA-CW-6097	TCGA-KIRC	KIRC	22	29	mutation_count_proxy_no_callable_territory
TCGA-CZ-4853-01A	TCGA-CZ-4853	TCGA-KIRC	KIRC	91	137	mutation_count_proxy_no_callable_territory
TCGA-CZ-4856-01A	TCGA-CZ-4856	TCGA-KIRC	KIRC	62	85	mutation_count_proxy_no_callable_territory
TCGA-CZ-4859-01A	TCGA-CZ-4859	TCGA-KIRC	KIRC	98	136	mutation_count_proxy_no_callable_territory
TCGA-CZ-4863-01A	TCGA-CZ-4863	TCGA-KIRC	KIRC	45	62	mutation_count_proxy_no_callable_territory
TCGA-CZ-4864-01A	TCGA-CZ-4864	TCGA-KIRC	KIRC	72	107	mutation_count_proxy_no_callable_territory
TCGA-CZ-4865-01A	TCGA-CZ-4865	TCGA-KIRC	KIRC	80	111	mutation_count_proxy_no_callable_territory
TCGA-CZ-4866-01A	TCGA-CZ-4866	TCGA-KIRC	KIRC	70	101	mutation_count_proxy_no_callable_territory
TCGA-CZ-5451-01A	TCGA-CZ-5451	TCGA-KIRC	KIRC	75	114	mutation_count_proxy_no_callable_territory
TCGA-CZ-5452-01A	TCGA-CZ-5452	TCGA-KIRC	KIRC	32	44	mutation_count_proxy_no_callable_territory
TCGA-CZ-5453-01A	TCGA-CZ-5453	TCGA-KIRC	KIRC	71	107	mutation_count_proxy_no_callable_territory
TCGA-CZ-5454-01A	TCGA-CZ-5454	TCGA-KIRC	KIRC	22	39	mutation_count_proxy_no_callable_territory
TCGA-CZ-5455-01A	TCGA-CZ-5455	TCGA-KIRC	KIRC	36	54	mutation_count_proxy_no_callable_territory
TCGA-CZ-5456-01A	TCGA-CZ-5456	TCGA-KIRC	KIRC	58	92	mutation_count_proxy_no_callable_territory
TCGA-CZ-5457-01A	TCGA-CZ-5457	TCGA-KIRC	KIRC	69	93	mutation_count_proxy_no_callable_territory
TCGA-CZ-5458-01A	TCGA-CZ-5458	TCGA-KIRC	KIRC	28	45	mutation_count_proxy_no_callable_territory
TCGA-CZ-5459-01A	TCGA-CZ-5459	TCGA-KIRC	KIRC	84	121	mutation_count_proxy_no_callable_territory
TCGA-CZ-5460-01A	TCGA-CZ-5460	TCGA-KIRC	KIRC	46	73	mutation_count_proxy_no_callable_territory
TCGA-CZ-5461-01A	TCGA-CZ-5461	TCGA-KIRC	KIRC	66	86	mutation_count_proxy_no_callable_territory
TCGA-CZ-5462-01A	TCGA-CZ-5462	TCGA-KIRC	KIRC	65	89	mutation_count_proxy_no_callable_territory
TCGA-CZ-5463-01A	TCGA-CZ-5463	TCGA-KIRC	KIRC	46	70	mutation_count_proxy_no_callable_territory
TCGA-CZ-5465-01A	TCGA-CZ-5465	TCGA-KIRC	KIRC	102	141	mutation_count_proxy_no_callable_territory
TCGA-CZ-5466-01A	TCGA-CZ-5466	TCGA-KIRC	KIRC	60	84	mutation_count_proxy_no_callable_territory
TCGA-CZ-5467-01A	TCGA-CZ-5467	TCGA-KIRC	KIRC	50	78	mutation_count_proxy_no_callable_territory
TCGA-CZ-5468-01A	TCGA-CZ-5468	TCGA-KIRC	KIRC	112	160	mutation_count_proxy_no_callable_territory
TCGA-CZ-5469-01A	TCGA-CZ-5469	TCGA-KIRC	KIRC	45	64	mutation_count_proxy_no_callable_territory
TCGA-CZ-5470-01A	TCGA-CZ-5470	TCGA-KIRC	KIRC	50	73	mutation_count_proxy_no_callable_territory
TCGA-CZ-5982-01A	TCGA-CZ-5982	TCGA-KIRC	KIRC	43	62	mutation_count_proxy_no_callable_territory
TCGA-CZ-5984-01A	TCGA-CZ-5984	TCGA-KIRC	KIRC	35	55	mutation_count_proxy_no_callable_territory
TCGA-CZ-5985-01A	TCGA-CZ-5985	TCGA-KIRC	KIRC	46	70	mutation_count_proxy_no_callable_territory
TCGA-CZ-5986-01A	TCGA-CZ-5986	TCGA-KIRC	KIRC	51	80	mutation_count_proxy_no_callable_territory
TCGA-CZ-5987-01A	TCGA-CZ-5987	TCGA-KIRC	KIRC	43	68	mutation_count_proxy_no_callable_territory
TCGA-CZ-5988-01A	TCGA-CZ-5988	TCGA-KIRC	KIRC	35	54	mutation_count_proxy_no_callable_territory
TCGA-CZ-5989-01A	TCGA-CZ-5989	TCGA-KIRC	KIRC	38	52	mutation_count_proxy_no_callable_territory
TCGA-DV-5565-01A	TCGA-DV-5565	TCGA-KIRC	KIRC	51	73	mutation_count_proxy_no_callable_territory
TCGA-DV-5566-01A	TCGA-DV-5566	TCGA-KIRC	KIRC	44	72	mutation_count_proxy_no_callable_territory
TCGA-DV-5567-01A	TCGA-DV-5567	TCGA-KIRC	KIRC	17	22	mutation_count_proxy_no_callable_territory
TCGA-DV-5568-01A	TCGA-DV-5568	TCGA-KIRC	KIRC	18	26	mutation_count_proxy_no_callable_territory
TCGA-DV-A4VX-01A	TCGA-DV-A4VX	TCGA-KIRC	KIRC	79	107	mutation_count_proxy_no_callable_territory
TCGA-DV-A4VZ-01A	TCGA-DV-A4VZ	TCGA-KIRC	KIRC	11	18	mutation_count_proxy_no_callable_territory
TCGA-DV-A4W0-01A	TCGA-DV-A4W0	TCGA-KIRC	KIRC	58	87	mutation_count_proxy_no_callable_territory
TCGA-DV-A4W0-05A	TCGA-DV-A4W0	TCGA-KIRC	KIRC	23	35	mutation_count_proxy_no_callable_territory
TCGA-EU-5904-01A	TCGA-EU-5904	TCGA-KIRC	KIRC	38	58	mutation_count_proxy_no_callable_territory
TCGA-EU-5905-01A	TCGA-EU-5905	TCGA-KIRC	KIRC	53	76	mutation_count_proxy_no_callable_territory
TCGA-EU-5906-01A	TCGA-EU-5906	TCGA-KIRC	KIRC	60	84	mutation_count_proxy_no_callable_territory
TCGA-EU-5907-01A	TCGA-EU-5907	TCGA-KIRC	KIRC	43	58	mutation_count_proxy_no_callable_territory
TCGA-G6-A5PC-01A	TCGA-G6-A5PC	TCGA-KIRC	KIRC	57	89	mutation_count_proxy_no_callable_territory
TCGA-G6-A8L6-01A	TCGA-G6-A8L6	TCGA-KIRC	KIRC	61	97	mutation_count_proxy_no_callable_territory
TCGA-G6-A8L7-01A	TCGA-G6-A8L7	TCGA-KIRC	KIRC	60	101	mutation_count_proxy_no_callable_territory
TCGA-G6-A8L8-01A	TCGA-G6-A8L8	TCGA-KIRC	KIRC	72	114	mutation_count_proxy_no_callable_territory
TCGA-GK-A6C7-01A	TCGA-GK-A6C7	TCGA-KIRC	KIRC	179	270	mutation_count_proxy_no_callable_territory
TCGA-MM-A563-01A	TCGA-MM-A563	TCGA-KIRC	KIRC	46	60	mutation_count_proxy_no_callable_territory
TCGA-MM-A564-01A	TCGA-MM-A564	TCGA-KIRC	KIRC	79	119	mutation_count_proxy_no_callable_territory
TCGA-MM-A84U-01A	TCGA-MM-A84U	TCGA-KIRC	KIRC	75	124	mutation_count_proxy_no_callable_territory
TCGA-MW-A4EC-01A	TCGA-MW-A4EC	TCGA-KIRC	KIRC	35	61	mutation_count_proxy_no_callable_territory
TCGA-T7-A92I-01A	TCGA-T7-A92I	TCGA-KIRC	KIRC	35	48	mutation_count_proxy_no_callable_territory
TCGA-2K-A9WE-01A	TCGA-2K-A9WE	TCGA-KIRP	KIRP	53	75	mutation_count_proxy_no_callable_territory
TCGA-2Z-A9J1-01A	TCGA-2Z-A9J1	TCGA-KIRP	KIRP	83	141	mutation_count_proxy_no_callable_territory
TCGA-2Z-A9J2-01A	TCGA-2Z-A9J2	TCGA-KIRP	KIRP	71	118	mutation_count_proxy_no_callable_territory
TCGA-2Z-A9J3-01A	TCGA-2Z-A9J3	TCGA-KIRP	KIRP	122	182	mutation_count_proxy_no_callable_territory
TCGA-2Z-A9J5-01A	TCGA-2Z-A9J5	TCGA-KIRP	KIRP	87	133	mutation_count_proxy_no_callable_territory
TCGA-2Z-A9J6-01A	TCGA-2Z-A9J6	TCGA-KIRP	KIRP	52	74	mutation_count_proxy_no_callable_territory
TCGA-2Z-A9J7-01A	TCGA-2Z-A9J7	TCGA-KIRP	KIRP	35	66	mutation_count_proxy_no_callable_territory
TCGA-2Z-A9J8-01A	TCGA-2Z-A9J8	TCGA-KIRP	KIRP	28	45	mutation_count_proxy_no_callable_territory
TCGA-2Z-A9JD-01A	TCGA-2Z-A9JD	TCGA-KIRP	KIRP	93	159	mutation_count_proxy_no_callable_territory
TCGA-2Z-A9JE-01A	TCGA-2Z-A9JE	TCGA-KIRP	KIRP	84	136	mutation_count_proxy_no_callable_territory
TCGA-2Z-A9JG-01A	TCGA-2Z-A9JG	TCGA-KIRP	KIRP	75	116	mutation_count_proxy_no_callable_territory
TCGA-2Z-A9JI-01A	TCGA-2Z-A9JI	TCGA-KIRP	KIRP	8	16	mutation_count_proxy_no_callable_territory
TCGA-2Z-A9JJ-01A	TCGA-2Z-A9JJ	TCGA-KIRP	KIRP	18	23	mutation_count_proxy_no_callable_territory
TCGA-2Z-A9JK-01A	TCGA-2Z-A9JK	TCGA-KIRP	KIRP	78	114	mutation_count_proxy_no_callable_territory
TCGA-2Z-A9JL-01A	TCGA-2Z-A9JL	TCGA-KIRP	KIRP	74	129	mutation_count_proxy_no_callable_territory
TCGA-2Z-A9JM-01A	TCGA-2Z-A9JM	TCGA-KIRP	KIRP	48	81	mutation_count_proxy_no_callable_territory
TCGA-2Z-A9JN-01A	TCGA-2Z-A9JN	TCGA-KIRP	KIRP	15	29	mutation_count_proxy_no_callable_territory
TCGA-2Z-A9JO-01A	TCGA-2Z-A9JO	TCGA-KIRP	KIRP	31	54	mutation_count_proxy_no_callable_territory
TCGA-2Z-A9JP-01A	TCGA-2Z-A9JP	TCGA-KIRP	KIRP	55	87	mutation_count_proxy_no_callable_territory
TCGA-2Z-A9JQ-01A	TCGA-2Z-A9JQ	TCGA-KIRP	KIRP	72	126	mutation_count_proxy_no_callable_territory
TCGA-2Z-A9JR-01A	TCGA-2Z-A9JR	TCGA-KIRP	KIRP	45	71	mutation_count_proxy_no_callable_territory
TCGA-2Z-A9JS-01A	TCGA-2Z-A9JS	TCGA-KIRP	KIRP	103	168	mutation_count_proxy_no_callable_territory
TCGA-2Z-A9JT-01A	TCGA-2Z-A9JT	TCGA-KIRP	KIRP	73	114	mutation_count_proxy_no_callable_territory
TCGA-4A-A93W-01A	TCGA-4A-A93W	TCGA-KIRP	KIRP	88	143	mutation_count_proxy_no_callable_territory
TCGA-4A-A93X-01A	TCGA-4A-A93X	TCGA-KIRP	KIRP	95	138	mutation_count_proxy_no_callable_territory
TCGA-4A-A93Y-01A	TCGA-4A-A93Y	TCGA-KIRP	KIRP	28	44	mutation_count_proxy_no_callable_territory
TCGA-5P-A9JU-01A	TCGA-5P-A9JU	TCGA-KIRP	KIRP	76	109	mutation_count_proxy_no_callable_territory
TCGA-5P-A9JV-01A	TCGA-5P-A9JV	TCGA-KIRP	KIRP	44	76	mutation_count_proxy_no_callable_territory
TCGA-5P-A9JW-01A	TCGA-5P-A9JW	TCGA-KIRP	KIRP	77	118	mutation_count_proxy_no_callable_territory
TCGA-5P-A9JY-01A	TCGA-5P-A9JY	TCGA-KIRP	KIRP	105	160	mutation_count_proxy_no_callable_territory
TCGA-5P-A9JZ-01A	TCGA-5P-A9JZ	TCGA-KIRP	KIRP	41	67	mutation_count_proxy_no_callable_territory
TCGA-5P-A9K0-01A	TCGA-5P-A9K0	TCGA-KIRP	KIRP	75	131	mutation_count_proxy_no_callable_territory
TCGA-5P-A9K2-01A	TCGA-5P-A9K2	TCGA-KIRP	KIRP	68	108	mutation_count_proxy_no_callable_territory
TCGA-5P-A9K3-01A	TCGA-5P-A9K3	TCGA-KIRP	KIRP	62	90	mutation_count_proxy_no_callable_territory
TCGA-5P-A9K6-01A	TCGA-5P-A9K6	TCGA-KIRP	KIRP	42	69	mutation_count_proxy_no_callable_territory
TCGA-5P-A9K8-01A	TCGA-5P-A9K8	TCGA-KIRP	KIRP	17	28	mutation_count_proxy_no_callable_territory
TCGA-5P-A9KA-01A	TCGA-5P-A9KA	TCGA-KIRP	KIRP	79	129	mutation_count_proxy_no_callable_territory
TCGA-5P-A9KC-01A	TCGA-5P-A9KC	TCGA-KIRP	KIRP	77	115	mutation_count_proxy_no_callable_territory
TCGA-5P-A9KE-01A	TCGA-5P-A9KE	TCGA-KIRP	KIRP	74	119	mutation_count_proxy_no_callable_territory
TCGA-5P-A9KH-01A	TCGA-5P-A9KH	TCGA-KIRP	KIRP	22	37	mutation_count_proxy_no_callable_territory
TCGA-A4-7286-01A	TCGA-A4-7286	TCGA-KIRP	KIRP	35	50	mutation_count_proxy_no_callable_territory
TCGA-A4-7287-01A	TCGA-A4-7287	TCGA-KIRP	KIRP	40	59	mutation_count_proxy_no_callable_territory
TCGA-A4-7288-01A	TCGA-A4-7288	TCGA-KIRP	KIRP	65	97	mutation_count_proxy_no_callable_territory
TCGA-A4-7583-01A	TCGA-A4-7583	TCGA-KIRP	KIRP	287	445	mutation_count_proxy_no_callable_territory
TCGA-A4-7584-01A	TCGA-A4-7584	TCGA-KIRP	KIRP	63	95	mutation_count_proxy_no_callable_territory
TCGA-A4-7585-01A	TCGA-A4-7585	TCGA-KIRP	KIRP	74	104	mutation_count_proxy_no_callable_territory
TCGA-A4-7732-01A	TCGA-A4-7732	TCGA-KIRP	KIRP	96	125	mutation_count_proxy_no_callable_territory
TCGA-A4-7734-01A	TCGA-A4-7734	TCGA-KIRP	KIRP	42	64	mutation_count_proxy_no_callable_territory
TCGA-A4-7828-01A	TCGA-A4-7828	TCGA-KIRP	KIRP	30	40	mutation_count_proxy_no_callable_territory
TCGA-A4-7915-01A	TCGA-A4-7915	TCGA-KIRP	KIRP	28	36	mutation_count_proxy_no_callable_territory
TCGA-A4-7996-01A	TCGA-A4-7996	TCGA-KIRP	KIRP	73	112	mutation_count_proxy_no_callable_territory
TCGA-A4-7997-01A	TCGA-A4-7997	TCGA-KIRP	KIRP	58	93	mutation_count_proxy_no_callable_territory
TCGA-A4-8098-01A	TCGA-A4-8098	TCGA-KIRP	KIRP	75	114	mutation_count_proxy_no_callable_territory
TCGA-A4-8310-01A	TCGA-A4-8310	TCGA-KIRP	KIRP	61	92	mutation_count_proxy_no_callable_territory
TCGA-A4-8311-01A	TCGA-A4-8311	TCGA-KIRP	KIRP	39	73	mutation_count_proxy_no_callable_territory
TCGA-A4-8312-01A	TCGA-A4-8312	TCGA-KIRP	KIRP	13	19	mutation_count_proxy_no_callable_territory
TCGA-A4-8515-01A	TCGA-A4-8515	TCGA-KIRP	KIRP	99	133	mutation_count_proxy_no_callable_territory
TCGA-A4-8517-01A	TCGA-A4-8517	TCGA-KIRP	KIRP	70	113	mutation_count_proxy_no_callable_territory
TCGA-A4-8630-01A	TCGA-A4-8630	TCGA-KIRP	KIRP	47	68	mutation_count_proxy_no_callable_territory
TCGA-A4-A48D-01A	TCGA-A4-A48D	TCGA-KIRP	KIRP	87	137	mutation_count_proxy_no_callable_territory
TCGA-A4-A4ZT-01A	TCGA-A4-A4ZT	TCGA-KIRP	KIRP	93	135	mutation_count_proxy_no_callable_territory
TCGA-A4-A57E-01A	TCGA-A4-A57E	TCGA-KIRP	KIRP	133	196	mutation_count_proxy_no_callable_territory
TCGA-A4-A5DU-01A	TCGA-A4-A5DU	TCGA-KIRP	KIRP	30	40	mutation_count_proxy_no_callable_territory
TCGA-A4-A5XZ-01A	TCGA-A4-A5XZ	TCGA-KIRP	KIRP	109	164	mutation_count_proxy_no_callable_territory
TCGA-A4-A5Y0-01A	TCGA-A4-A5Y0	TCGA-KIRP	KIRP	59	84	mutation_count_proxy_no_callable_territory
TCGA-A4-A5Y1-01A	TCGA-A4-A5Y1	TCGA-KIRP	KIRP	64	99	mutation_count_proxy_no_callable_territory
TCGA-A4-A6HP-01A	TCGA-A4-A6HP	TCGA-KIRP	KIRP	152	253	mutation_count_proxy_no_callable_territory
TCGA-A4-A772-01A	TCGA-A4-A772	TCGA-KIRP	KIRP	39	67	mutation_count_proxy_no_callable_territory
TCGA-A4-A7UZ-01A	TCGA-A4-A7UZ	TCGA-KIRP	KIRP	61	98	mutation_count_proxy_no_callable_territory
TCGA-AL-3466-01A	TCGA-AL-3466	TCGA-KIRP	KIRP	32	45	mutation_count_proxy_no_callable_territory
TCGA-AL-3467-01A	TCGA-AL-3467	TCGA-KIRP	KIRP	15	23	mutation_count_proxy_no_callable_territory
TCGA-AL-3468-01A	TCGA-AL-3468	TCGA-KIRP	KIRP	80	114	mutation_count_proxy_no_callable_territory
TCGA-AL-3472-01A	TCGA-AL-3472	TCGA-KIRP	KIRP	47	61	mutation_count_proxy_no_callable_territory
TCGA-AL-3473-01A	TCGA-AL-3473	TCGA-KIRP	KIRP	46	63	mutation_count_proxy_no_callable_territory
TCGA-AL-7173-01A	TCGA-AL-7173	TCGA-KIRP	KIRP	53	78	mutation_count_proxy_no_callable_territory
TCGA-AL-A5DJ-01A	TCGA-AL-A5DJ	TCGA-KIRP	KIRP	26	48	mutation_count_proxy_no_callable_territory
TCGA-AT-A5NU-01A	TCGA-AT-A5NU	TCGA-KIRP	KIRP	68	89	mutation_count_proxy_no_callable_territory
TCGA-B1-5398-01A	TCGA-B1-5398	TCGA-KIRP	KIRP	88	138	mutation_count_proxy_no_callable_territory
TCGA-B1-7332-01A	TCGA-B1-7332	TCGA-KIRP	KIRP	40	66	mutation_count_proxy_no_callable_territory
TCGA-B1-A47M-01A	TCGA-B1-A47M	TCGA-KIRP	KIRP	165	253	mutation_count_proxy_no_callable_territory
TCGA-B1-A47N-01A	TCGA-B1-A47N	TCGA-KIRP	KIRP	29	43	mutation_count_proxy_no_callable_territory
TCGA-B1-A47O-01A	TCGA-B1-A47O	TCGA-KIRP	KIRP	25	44	mutation_count_proxy_no_callable_territory
TCGA-B1-A654-01A	TCGA-B1-A654	TCGA-KIRP	KIRP	57	87	mutation_count_proxy_no_callable_territory
TCGA-B1-A655-01A	TCGA-B1-A655	TCGA-KIRP	KIRP	76	129	mutation_count_proxy_no_callable_territory
TCGA-B1-A656-01A	TCGA-B1-A656	TCGA-KIRP	KIRP	94	151	mutation_count_proxy_no_callable_territory
TCGA-B1-A657-01A	TCGA-B1-A657	TCGA-KIRP	KIRP	67	112	mutation_count_proxy_no_callable_territory
TCGA-B3-3925-01A	TCGA-B3-3925	TCGA-KIRP	KIRP	126	200	mutation_count_proxy_no_callable_territory
TCGA-B3-3926-01A	TCGA-B3-3926	TCGA-KIRP	KIRP	12	16	mutation_count_proxy_no_callable_territory
TCGA-B3-4103-01A	TCGA-B3-4103	TCGA-KIRP	KIRP	96	142	mutation_count_proxy_no_callable_territory
TCGA-B3-4104-01A	TCGA-B3-4104	TCGA-KIRP	KIRP	139	214	mutation_count_proxy_no_callable_territory
TCGA-B3-8121-01A	TCGA-B3-8121	TCGA-KIRP	KIRP	32	46	mutation_count_proxy_no_callable_territory
TCGA-B3-A6W5-01A	TCGA-B3-A6W5	TCGA-KIRP	KIRP	60	106	mutation_count_proxy_no_callable_territory
TCGA-B9-4113-01A	TCGA-B9-4113	TCGA-KIRP	KIRP	55	86	mutation_count_proxy_no_callable_territory
TCGA-B9-4114-01A	TCGA-B9-4114	TCGA-KIRP	KIRP	66	92	mutation_count_proxy_no_callable_territory
TCGA-B9-4115-01A	TCGA-B9-4115	TCGA-KIRP	KIRP	97	152	mutation_count_proxy_no_callable_territory
TCGA-B9-4116-01A	TCGA-B9-4116	TCGA-KIRP	KIRP	76	104	mutation_count_proxy_no_callable_territory
TCGA-B9-4117-01A	TCGA-B9-4117	TCGA-KIRP	KIRP	37	53	mutation_count_proxy_no_callable_territory
TCGA-B9-4617-01A	TCGA-B9-4617	TCGA-KIRP	KIRP	42	60	mutation_count_proxy_no_callable_territory
TCGA-B9-5155-01A	TCGA-B9-5155	TCGA-KIRP	KIRP	88	131	mutation_count_proxy_no_callable_territory
TCGA-B9-5156-01A	TCGA-B9-5156	TCGA-KIRP	KIRP	75	102	mutation_count_proxy_no_callable_territory
TCGA-B9-7268-01A	TCGA-B9-7268	TCGA-KIRP	KIRP	43	74	mutation_count_proxy_no_callable_territory
TCGA-B9-A44B-01A	TCGA-B9-A44B	TCGA-KIRP	KIRP	123	185	mutation_count_proxy_no_callable_territory
TCGA-B9-A5W7-01A	TCGA-B9-A5W7	TCGA-KIRP	KIRP	13	25	mutation_count_proxy_no_callable_territory
TCGA-B9-A5W8-01A	TCGA-B9-A5W8	TCGA-KIRP	KIRP	38	60	mutation_count_proxy_no_callable_territory
TCGA-B9-A5W9-01A	TCGA-B9-A5W9	TCGA-KIRP	KIRP	46	75	mutation_count_proxy_no_callable_territory
TCGA-B9-A69E-01A	TCGA-B9-A69E	TCGA-KIRP	KIRP	76	123	mutation_count_proxy_no_callable_territory
TCGA-B9-A8YH-01A	TCGA-B9-A8YH	TCGA-KIRP	KIRP	86	135	mutation_count_proxy_no_callable_territory
TCGA-B9-A8YI-01A	TCGA-B9-A8YI	TCGA-KIRP	KIRP	102	158	mutation_count_proxy_no_callable_territory
TCGA-BQ-5875-01A	TCGA-BQ-5875	TCGA-KIRP	KIRP	63	92	mutation_count_proxy_no_callable_territory
TCGA-BQ-5876-01A	TCGA-BQ-5876	TCGA-KIRP	KIRP	67	100	mutation_count_proxy_no_callable_territory
TCGA-BQ-5877-01A	TCGA-BQ-5877	TCGA-KIRP	KIRP	72	93	mutation_count_proxy_no_callable_territory
TCGA-BQ-5878-01A	TCGA-BQ-5878	TCGA-KIRP	KIRP	81	130	mutation_count_proxy_no_callable_territory
TCGA-BQ-5879-01A	TCGA-BQ-5879	TCGA-KIRP	KIRP	21	31	mutation_count_proxy_no_callable_territory
TCGA-BQ-5880-01A	TCGA-BQ-5880	TCGA-KIRP	KIRP	47	61	mutation_count_proxy_no_callable_territory
TCGA-BQ-5881-01A	TCGA-BQ-5881	TCGA-KIRP	KIRP	34	44	mutation_count_proxy_no_callable_territory
TCGA-BQ-5882-01A	TCGA-BQ-5882	TCGA-KIRP	KIRP	49	78	mutation_count_proxy_no_callable_territory
TCGA-BQ-5883-01A	TCGA-BQ-5883	TCGA-KIRP	KIRP	19	28	mutation_count_proxy_no_callable_territory
TCGA-BQ-5884-01A	TCGA-BQ-5884	TCGA-KIRP	KIRP	38	58	mutation_count_proxy_no_callable_territory
TCGA-BQ-5885-01A	TCGA-BQ-5885	TCGA-KIRP	KIRP	99	133	mutation_count_proxy_no_callable_territory
TCGA-BQ-5886-01A	TCGA-BQ-5886	TCGA-KIRP	KIRP	56	75	mutation_count_proxy_no_callable_territory
TCGA-BQ-5887-01A	TCGA-BQ-5887	TCGA-KIRP	KIRP	14	25	mutation_count_proxy_no_callable_territory
TCGA-BQ-5888-01A	TCGA-BQ-5888	TCGA-KIRP	KIRP	18	26	mutation_count_proxy_no_callable_territory
TCGA-BQ-5889-01A	TCGA-BQ-5889	TCGA-KIRP	KIRP	54	74	mutation_count_proxy_no_callable_territory
TCGA-BQ-5890-01A	TCGA-BQ-5890	TCGA-KIRP	KIRP	67	99	mutation_count_proxy_no_callable_territory
TCGA-BQ-5891-01A	TCGA-BQ-5891	TCGA-KIRP	KIRP	18	38	mutation_count_proxy_no_callable_territory
TCGA-BQ-5892-01A	TCGA-BQ-5892	TCGA-KIRP	KIRP	60	75	mutation_count_proxy_no_callable_territory
TCGA-BQ-5893-01A	TCGA-BQ-5893	TCGA-KIRP	KIRP	36	59	mutation_count_proxy_no_callable_territory
TCGA-BQ-5894-01A	TCGA-BQ-5894	TCGA-KIRP	KIRP	26	33	mutation_count_proxy_no_callable_territory
TCGA-BQ-7044-01A	TCGA-BQ-7044	TCGA-KIRP	KIRP	279	424	mutation_count_proxy_no_callable_territory
TCGA-BQ-7045-01A	TCGA-BQ-7045	TCGA-KIRP	KIRP	85	128	mutation_count_proxy_no_callable_territory
TCGA-BQ-7046-01A	TCGA-BQ-7046	TCGA-KIRP	KIRP	85	122	mutation_count_proxy_no_callable_territory
TCGA-BQ-7048-01A	TCGA-BQ-7048	TCGA-KIRP	KIRP	190	281	mutation_count_proxy_no_callable_territory
TCGA-BQ-7049-01A	TCGA-BQ-7049	TCGA-KIRP	KIRP	225	351	mutation_count_proxy_no_callable_territory
TCGA-BQ-7050-01A	TCGA-BQ-7050	TCGA-KIRP	KIRP	24	32	mutation_count_proxy_no_callable_territory
TCGA-BQ-7051-01A	TCGA-BQ-7051	TCGA-KIRP	KIRP	96	150	mutation_count_proxy_no_callable_territory
TCGA-BQ-7053-01A	TCGA-BQ-7053	TCGA-KIRP	KIRP	149	203	mutation_count_proxy_no_callable_territory
TCGA-BQ-7055-01A	TCGA-BQ-7055	TCGA-KIRP	KIRP	11	15	mutation_count_proxy_no_callable_territory
TCGA-BQ-7056-01A	TCGA-BQ-7056	TCGA-KIRP	KIRP	130	201	mutation_count_proxy_no_callable_territory
TCGA-BQ-7058-01A	TCGA-BQ-7058	TCGA-KIRP	KIRP	64	95	mutation_count_proxy_no_callable_territory
TCGA-BQ-7059-01A	TCGA-BQ-7059	TCGA-KIRP	KIRP	202	307	mutation_count_proxy_no_callable_territory
TCGA-BQ-7060-01A	TCGA-BQ-7060	TCGA-KIRP	KIRP	229	381	mutation_count_proxy_no_callable_territory
TCGA-BQ-7061-01A	TCGA-BQ-7061	TCGA-KIRP	KIRP	92	129	mutation_count_proxy_no_callable_territory
TCGA-BQ-7062-01A	TCGA-BQ-7062	TCGA-KIRP	KIRP	43	66	mutation_count_proxy_no_callable_territory
TCGA-DW-5560-01A	TCGA-DW-5560	TCGA-KIRP	KIRP	21	42	mutation_count_proxy_no_callable_territory
TCGA-DW-5561-01A	TCGA-DW-5561	TCGA-KIRP	KIRP	36	56	mutation_count_proxy_no_callable_territory
TCGA-DW-7834-01A	TCGA-DW-7834	TCGA-KIRP	KIRP	51	82	mutation_count_proxy_no_callable_territory
TCGA-DW-7836-01A	TCGA-DW-7836	TCGA-KIRP	KIRP	39	54	mutation_count_proxy_no_callable_territory
TCGA-DW-7837-01A	TCGA-DW-7837	TCGA-KIRP	KIRP	72	122	mutation_count_proxy_no_callable_territory
TCGA-DW-7838-01A	TCGA-DW-7838	TCGA-KIRP	KIRP	75	115	mutation_count_proxy_no_callable_territory
TCGA-DW-7839-01A	TCGA-DW-7839	TCGA-KIRP	KIRP	42	58	mutation_count_proxy_no_callable_territory
TCGA-DW-7840-01A	TCGA-DW-7840	TCGA-KIRP	KIRP	76	109	mutation_count_proxy_no_callable_territory
TCGA-DW-7841-01A	TCGA-DW-7841	TCGA-KIRP	KIRP	45	61	mutation_count_proxy_no_callable_territory
TCGA-DW-7842-01A	TCGA-DW-7842	TCGA-KIRP	KIRP	22	30	mutation_count_proxy_no_callable_territory
TCGA-DW-7963-01B	TCGA-DW-7963	TCGA-KIRP	KIRP	17	30	mutation_count_proxy_no_callable_territory
TCGA-DZ-6131-01A	TCGA-DZ-6131	TCGA-KIRP	KIRP	151	229	mutation_count_proxy_no_callable_territory
TCGA-DZ-6132-01A	TCGA-DZ-6132	TCGA-KIRP	KIRP	316	479	mutation_count_proxy_no_callable_territory
TCGA-DZ-6133-01A	TCGA-DZ-6133	TCGA-KIRP	KIRP	1017	1548	mutation_count_proxy_no_callable_territory
TCGA-DZ-6134-01A	TCGA-DZ-6134	TCGA-KIRP	KIRP	67	108	mutation_count_proxy_no_callable_territory
TCGA-DZ-6135-01A	TCGA-DZ-6135	TCGA-KIRP	KIRP	123	210	mutation_count_proxy_no_callable_territory
TCGA-EV-5901-01A	TCGA-EV-5901	TCGA-KIRP	KIRP	36	54	mutation_count_proxy_no_callable_territory
TCGA-EV-5902-01A	TCGA-EV-5902	TCGA-KIRP	KIRP	71	99	mutation_count_proxy_no_callable_territory
TCGA-EV-5903-01A	TCGA-EV-5903	TCGA-KIRP	KIRP	97	131	mutation_count_proxy_no_callable_territory
TCGA-F9-A4JJ-01A	TCGA-F9-A4JJ	TCGA-KIRP	KIRP	34	49	mutation_count_proxy_no_callable_territory
TCGA-F9-A7Q0-01A	TCGA-F9-A7Q0	TCGA-KIRP	KIRP	13	27	mutation_count_proxy_no_callable_territory
TCGA-F9-A7VF-01A	TCGA-F9-A7VF	TCGA-KIRP	KIRP	62	107	mutation_count_proxy_no_callable_territory
TCGA-F9-A8NY-01A	TCGA-F9-A8NY	TCGA-KIRP	KIRP	35	59	mutation_count_proxy_no_callable_territory
TCGA-F9-A97G-01A	TCGA-F9-A97G	TCGA-KIRP	KIRP	61	92	mutation_count_proxy_no_callable_territory
TCGA-G7-6789-01A	TCGA-G7-6789	TCGA-KIRP	KIRP	35	58	mutation_count_proxy_no_callable_territory
TCGA-G7-6790-01A	TCGA-G7-6790	TCGA-KIRP	KIRP	70	106	mutation_count_proxy_no_callable_territory
TCGA-G7-6792-01A	TCGA-G7-6792	TCGA-KIRP	KIRP	43	73	mutation_count_proxy_no_callable_territory
TCGA-G7-6793-01A	TCGA-G7-6793	TCGA-KIRP	KIRP	192	315	mutation_count_proxy_no_callable_territory
TCGA-G7-6795-01A	TCGA-G7-6795	TCGA-KIRP	KIRP	175	293	mutation_count_proxy_no_callable_territory
TCGA-G7-6796-01A	TCGA-G7-6796	TCGA-KIRP	KIRP	115	181	mutation_count_proxy_no_callable_territory
TCGA-G7-6797-01A	TCGA-G7-6797	TCGA-KIRP	KIRP	823	1269	mutation_count_proxy_no_callable_territory
TCGA-G7-7501-01A	TCGA-G7-7501	TCGA-KIRP	KIRP	33	47	mutation_count_proxy_no_callable_territory
TCGA-G7-7502-01A	TCGA-G7-7502	TCGA-KIRP	KIRP	53	82	mutation_count_proxy_no_callable_territory
TCGA-G7-A4TM-01A	TCGA-G7-A4TM	TCGA-KIRP	KIRP	29	48	mutation_count_proxy_no_callable_territory
TCGA-G7-A8LB-01A	TCGA-G7-A8LB	TCGA-KIRP	KIRP	93	142	mutation_count_proxy_no_callable_territory
TCGA-G7-A8LC-01A	TCGA-G7-A8LC	TCGA-KIRP	KIRP	10	21	mutation_count_proxy_no_callable_territory
TCGA-G7-A8LD-01A	TCGA-G7-A8LD	TCGA-KIRP	KIRP	44	67	mutation_count_proxy_no_callable_territory
TCGA-G7-A8LE-01A	TCGA-G7-A8LE	TCGA-KIRP	KIRP	67	111	mutation_count_proxy_no_callable_territory
TCGA-GL-6846-01A	TCGA-GL-6846	TCGA-KIRP	KIRP	288	459	mutation_count_proxy_no_callable_territory
TCGA-GL-7773-01A	TCGA-GL-7773	TCGA-KIRP	KIRP	107	160	mutation_count_proxy_no_callable_territory
TCGA-GL-7966-01A	TCGA-GL-7966	TCGA-KIRP	KIRP	52	85	mutation_count_proxy_no_callable_territory
TCGA-GL-8500-01A	TCGA-GL-8500	TCGA-KIRP	KIRP	138	218	mutation_count_proxy_no_callable_territory
TCGA-GL-A4EM-01A	TCGA-GL-A4EM	TCGA-KIRP	KIRP	61	90	mutation_count_proxy_no_callable_territory
TCGA-GL-A59R-01A	TCGA-GL-A59R	TCGA-KIRP	KIRP	161	239	mutation_count_proxy_no_callable_territory
TCGA-GL-A59T-01A	TCGA-GL-A59T	TCGA-KIRP	KIRP	126	219	mutation_count_proxy_no_callable_territory
TCGA-GL-A9DC-01A	TCGA-GL-A9DC	TCGA-KIRP	KIRP	97	159	mutation_count_proxy_no_callable_territory
TCGA-GL-A9DD-01A	TCGA-GL-A9DD	TCGA-KIRP	KIRP	170	260	mutation_count_proxy_no_callable_territory
TCGA-GL-A9DE-01A	TCGA-GL-A9DE	TCGA-KIRP	KIRP	177	296	mutation_count_proxy_no_callable_territory
TCGA-HE-7128-01A	TCGA-HE-7128	TCGA-KIRP	KIRP	278	421	mutation_count_proxy_no_callable_territory
TCGA-HE-7129-01A	TCGA-HE-7129	TCGA-KIRP	KIRP	425	659	mutation_count_proxy_no_callable_territory
TCGA-HE-7130-01A	TCGA-HE-7130	TCGA-KIRP	KIRP	347	518	mutation_count_proxy_no_callable_territory
TCGA-HE-A5NF-01A	TCGA-HE-A5NF	TCGA-KIRP	KIRP	64	91	mutation_count_proxy_no_callable_territory
TCGA-HE-A5NH-01A	TCGA-HE-A5NH	TCGA-KIRP	KIRP	75	115	mutation_count_proxy_no_callable_territory
TCGA-HE-A5NI-01A	TCGA-HE-A5NI	TCGA-KIRP	KIRP	96	151	mutation_count_proxy_no_callable_territory
TCGA-HE-A5NJ-01A	TCGA-HE-A5NJ	TCGA-KIRP	KIRP	56	81	mutation_count_proxy_no_callable_territory
TCGA-HE-A5NK-01A	TCGA-HE-A5NK	TCGA-KIRP	KIRP	81	128	mutation_count_proxy_no_callable_territory
TCGA-HE-A5NL-01A	TCGA-HE-A5NL	TCGA-KIRP	KIRP	64	105	mutation_count_proxy_no_callable_territory
TCGA-IA-A40U-01A	TCGA-IA-A40U	TCGA-KIRP	KIRP	46	65	mutation_count_proxy_no_callable_territory
TCGA-IA-A40X-01A	TCGA-IA-A40X	TCGA-KIRP	KIRP	23	31	mutation_count_proxy_no_callable_territory
TCGA-IA-A40Y-01A	TCGA-IA-A40Y	TCGA-KIRP	KIRP	67	101	mutation_count_proxy_no_callable_territory
TCGA-IA-A83S-01A	TCGA-IA-A83S	TCGA-KIRP	KIRP	123	182	mutation_count_proxy_no_callable_territory
TCGA-IA-A83T-01A	TCGA-IA-A83T	TCGA-KIRP	KIRP	52	87	mutation_count_proxy_no_callable_territory
TCGA-IA-A83V-01A	TCGA-IA-A83V	TCGA-KIRP	KIRP	52	96	mutation_count_proxy_no_callable_territory
TCGA-IA-A83W-01A	TCGA-IA-A83W	TCGA-KIRP	KIRP	66	103	mutation_count_proxy_no_callable_territory
TCGA-IZ-8195-01A	TCGA-IZ-8195	TCGA-KIRP	KIRP	120	187	mutation_count_proxy_no_callable_territory
TCGA-IZ-8196-01A	TCGA-IZ-8196	TCGA-KIRP	KIRP	157	220	mutation_count_proxy_no_callable_territory
TCGA-IZ-A6M8-01A	TCGA-IZ-A6M8	TCGA-KIRP	KIRP	70	119	mutation_count_proxy_no_callable_territory
TCGA-IZ-A6M9-01A	TCGA-IZ-A6M9	TCGA-KIRP	KIRP	68	92	mutation_count_proxy_no_callable_territory
TCGA-J7-6720-01A	TCGA-J7-6720	TCGA-KIRP	KIRP	32	48	mutation_count_proxy_no_callable_territory
TCGA-J7-8537-01A	TCGA-J7-8537	TCGA-KIRP	KIRP	36	58	mutation_count_proxy_no_callable_territory
TCGA-J7-A8I2-01A	TCGA-J7-A8I2	TCGA-KIRP	KIRP	47	85	mutation_count_proxy_no_callable_territory
TCGA-KV-A6GD-01A	TCGA-KV-A6GD	TCGA-KIRP	KIRP	114	178	mutation_count_proxy_no_callable_territory
TCGA-KV-A6GE-01A	TCGA-KV-A6GE	TCGA-KIRP	KIRP	37	64	mutation_count_proxy_no_callable_territory
TCGA-KV-A74V-01A	TCGA-KV-A74V	TCGA-KIRP	KIRP	46	70	mutation_count_proxy_no_callable_territory
TCGA-MH-A55W-01A	TCGA-MH-A55W	TCGA-KIRP	KIRP	76	112	mutation_count_proxy_no_callable_territory
TCGA-MH-A55Z-01A	TCGA-MH-A55Z	TCGA-KIRP	KIRP	76	127	mutation_count_proxy_no_callable_territory
TCGA-MH-A560-01A	TCGA-MH-A560	TCGA-KIRP	KIRP	47	67	mutation_count_proxy_no_callable_territory
TCGA-MH-A561-01A	TCGA-MH-A561	TCGA-KIRP	KIRP	95	134	mutation_count_proxy_no_callable_territory
TCGA-MH-A562-01A	TCGA-MH-A562	TCGA-KIRP	KIRP	48	86	mutation_count_proxy_no_callable_territory
TCGA-MH-A854-01A	TCGA-MH-A854	TCGA-KIRP	KIRP	118	175	mutation_count_proxy_no_callable_territory
TCGA-MH-A855-01A	TCGA-MH-A855	TCGA-KIRP	KIRP	28	39	mutation_count_proxy_no_callable_territory
TCGA-MH-A856-01A	TCGA-MH-A856	TCGA-KIRP	KIRP	58	100	mutation_count_proxy_no_callable_territory
TCGA-MH-A857-01A	TCGA-MH-A857	TCGA-KIRP	KIRP	22	35	mutation_count_proxy_no_callable_territory
TCGA-O9-A75Z-01A	TCGA-O9-A75Z	TCGA-KIRP	KIRP	17	32	mutation_count_proxy_no_callable_territory
TCGA-P4-A5E6-01A	TCGA-P4-A5E6	TCGA-KIRP	KIRP	80	119	mutation_count_proxy_no_callable_territory
TCGA-P4-A5E7-01A	TCGA-P4-A5E7	TCGA-KIRP	KIRP	87	132	mutation_count_proxy_no_callable_territory
TCGA-P4-A5E8-01A	TCGA-P4-A5E8	TCGA-KIRP	KIRP	40	61	mutation_count_proxy_no_callable_territory
TCGA-P4-A5EA-01A	TCGA-P4-A5EA	TCGA-KIRP	KIRP	59	91	mutation_count_proxy_no_callable_territory
TCGA-P4-A5EB-01A	TCGA-P4-A5EB	TCGA-KIRP	KIRP	126	204	mutation_count_proxy_no_callable_territory
TCGA-P4-A5ED-01A	TCGA-P4-A5ED	TCGA-KIRP	KIRP	10	18	mutation_count_proxy_no_callable_territory
TCGA-P4-AAVL-01A	TCGA-P4-AAVL	TCGA-KIRP	KIRP	72	108	mutation_count_proxy_no_callable_territory
TCGA-P4-AAVM-01A	TCGA-P4-AAVM	TCGA-KIRP	KIRP	41	76	mutation_count_proxy_no_callable_territory
TCGA-PJ-A5Z8-01A	TCGA-PJ-A5Z8	TCGA-KIRP	KIRP	64	96	mutation_count_proxy_no_callable_territory
TCGA-PJ-A5Z9-01A	TCGA-PJ-A5Z9	TCGA-KIRP	KIRP	50	86	mutation_count_proxy_no_callable_territory
TCGA-PJ-A8JU-01A	TCGA-PJ-A8JU	TCGA-KIRP	KIRP	87	137	mutation_count_proxy_no_callable_territory
TCGA-Q2-A5QZ-01A	TCGA-Q2-A5QZ	TCGA-KIRP	KIRP	68	98	mutation_count_proxy_no_callable_territory
TCGA-SX-A71R-01A	TCGA-SX-A71R	TCGA-KIRP	KIRP	40	65	mutation_count_proxy_no_callable_territory
TCGA-SX-A71S-01A	TCGA-SX-A71S	TCGA-KIRP	KIRP	114	193	mutation_count_proxy_no_callable_territory
TCGA-SX-A71U-01A	TCGA-SX-A71U	TCGA-KIRP	KIRP	82	136	mutation_count_proxy_no_callable_territory
TCGA-SX-A71V-01A	TCGA-SX-A71V	TCGA-KIRP	KIRP	101	151	mutation_count_proxy_no_callable_territory
TCGA-SX-A71W-01A	TCGA-SX-A71W	TCGA-KIRP	KIRP	34	55	mutation_count_proxy_no_callable_territory
TCGA-SX-A7SL-01A	TCGA-SX-A7SL	TCGA-KIRP	KIRP	86	131	mutation_count_proxy_no_callable_territory
TCGA-SX-A7SM-01A	TCGA-SX-A7SM	TCGA-KIRP	KIRP	72	110	mutation_count_proxy_no_callable_territory
TCGA-SX-A7SN-01A	TCGA-SX-A7SN	TCGA-KIRP	KIRP	99	143	mutation_count_proxy_no_callable_territory
TCGA-SX-A7SO-01A	TCGA-SX-A7SO	TCGA-KIRP	KIRP	45	61	mutation_count_proxy_no_callable_territory
TCGA-SX-A7SP-01A	TCGA-SX-A7SP	TCGA-KIRP	KIRP	72	114	mutation_count_proxy_no_callable_territory
TCGA-SX-A7SQ-01A	TCGA-SX-A7SQ	TCGA-KIRP	KIRP	70	135	mutation_count_proxy_no_callable_territory
TCGA-SX-A7SR-01A	TCGA-SX-A7SR	TCGA-KIRP	KIRP	78	128	mutation_count_proxy_no_callable_territory
TCGA-SX-A7SS-01A	TCGA-SX-A7SS	TCGA-KIRP	KIRP	101	148	mutation_count_proxy_no_callable_territory
TCGA-SX-A7SU-01A	TCGA-SX-A7SU	TCGA-KIRP	KIRP	43	62	mutation_count_proxy_no_callable_territory
TCGA-UN-AAZ9-01A	TCGA-UN-AAZ9	TCGA-KIRP	KIRP	25	37	mutation_count_proxy_no_callable_territory
TCGA-UZ-A9PJ-01A	TCGA-UZ-A9PJ	TCGA-KIRP	KIRP	49	94	mutation_count_proxy_no_callable_territory
TCGA-UZ-A9PK-01A	TCGA-UZ-A9PK	TCGA-KIRP	KIRP	65	105	mutation_count_proxy_no_callable_territory
TCGA-UZ-A9PL-01A	TCGA-UZ-A9PL	TCGA-KIRP	KIRP	62	101	mutation_count_proxy_no_callable_territory
TCGA-UZ-A9PM-01A	TCGA-UZ-A9PM	TCGA-KIRP	KIRP	51	86	mutation_count_proxy_no_callable_territory
TCGA-UZ-A9PN-01A	TCGA-UZ-A9PN	TCGA-KIRP	KIRP	56	93	mutation_count_proxy_no_callable_territory
TCGA-UZ-A9PO-01A	TCGA-UZ-A9PO	TCGA-KIRP	KIRP	88	140	mutation_count_proxy_no_callable_territory
TCGA-UZ-A9PP-01A	TCGA-UZ-A9PP	TCGA-KIRP	KIRP	74	111	mutation_count_proxy_no_callable_territory
TCGA-UZ-A9PR-01A	TCGA-UZ-A9PR	TCGA-KIRP	KIRP	99	149	mutation_count_proxy_no_callable_territory
TCGA-UZ-A9PS-01A	TCGA-UZ-A9PS	TCGA-KIRP	KIRP	132	223	mutation_count_proxy_no_callable_territory
TCGA-UZ-A9PS-05A	TCGA-UZ-A9PS	TCGA-KIRP	KIRP	73	123	mutation_count_proxy_no_callable_territory
TCGA-UZ-A9PU-01A	TCGA-UZ-A9PU	TCGA-KIRP	KIRP	56	76	mutation_count_proxy_no_callable_territory
TCGA-UZ-A9PV-01A	TCGA-UZ-A9PV	TCGA-KIRP	KIRP	52	75	mutation_count_proxy_no_callable_territory
TCGA-UZ-A9PX-01A	TCGA-UZ-A9PX	TCGA-KIRP	KIRP	94	146	mutation_count_proxy_no_callable_territory
TCGA-UZ-A9PZ-01A	TCGA-UZ-A9PZ	TCGA-KIRP	KIRP	40	69	mutation_count_proxy_no_callable_territory
TCGA-UZ-A9Q0-01A	TCGA-UZ-A9Q0	TCGA-KIRP	KIRP	52	83	mutation_count_proxy_no_callable_territory
TCGA-UZ-A9Q1-01A	TCGA-UZ-A9Q1	TCGA-KIRP	KIRP	65	115	mutation_count_proxy_no_callable_territory
TCGA-V9-A7HT-01A	TCGA-V9-A7HT	TCGA-KIRP	KIRP	73	106	mutation_count_proxy_no_callable_territory
TCGA-WN-A9G9-01A	TCGA-WN-A9G9	TCGA-KIRP	KIRP	57	91	mutation_count_proxy_no_callable_territory
TCGA-WN-AB4C-01A	TCGA-WN-AB4C	TCGA-KIRP	KIRP	79	134	mutation_count_proxy_no_callable_territory
TCGA-Y8-A894-01A	TCGA-Y8-A894	TCGA-KIRP	KIRP	73	126	mutation_count_proxy_no_callable_territory
TCGA-Y8-A895-01A	TCGA-Y8-A895	TCGA-KIRP	KIRP	86	149	mutation_count_proxy_no_callable_territory
TCGA-Y8-A896-01A	TCGA-Y8-A896	TCGA-KIRP	KIRP	92	144	mutation_count_proxy_no_callable_territory
TCGA-Y8-A897-01A	TCGA-Y8-A897	TCGA-KIRP	KIRP	60	104	mutation_count_proxy_no_callable_territory
TCGA-Y8-A898-01A	TCGA-Y8-A898	TCGA-KIRP	KIRP	73	95	mutation_count_proxy_no_callable_territory
TCGA-Y8-A8RY-01A	TCGA-Y8-A8RY	TCGA-KIRP	KIRP	110	202	mutation_count_proxy_no_callable_territory
TCGA-Y8-A8RZ-01A	TCGA-Y8-A8RZ	TCGA-KIRP	KIRP	121	176	mutation_count_proxy_no_callable_territory
TCGA-Y8-A8S0-01A	TCGA-Y8-A8S0	TCGA-KIRP	KIRP	69	112	mutation_count_proxy_no_callable_territory
TCGA-Y8-A8S1-01A	TCGA-Y8-A8S1	TCGA-KIRP	KIRP	101	150	mutation_count_proxy_no_callable_territory
TCGA-AB-2802-03B	TCGA-AB-2802	TCGA-LAML	LAML	9	15	mutation_count_proxy_no_callable_territory
TCGA-AB-2803-03B	TCGA-AB-2803	TCGA-LAML	LAML	13	19	mutation_count_proxy_no_callable_territory
TCGA-AB-2804-03B	TCGA-AB-2804	TCGA-LAML	LAML	51	65	mutation_count_proxy_no_callable_territory
TCGA-AB-2805-03B	TCGA-AB-2805	TCGA-LAML	LAML	53	81	mutation_count_proxy_no_callable_territory
TCGA-AB-2806-03B	TCGA-AB-2806	TCGA-LAML	LAML	501	727	mutation_count_proxy_no_callable_territory
TCGA-AB-2807-03B	TCGA-AB-2807	TCGA-LAML	LAML	235	352	mutation_count_proxy_no_callable_territory
TCGA-AB-2808-03B	TCGA-AB-2808	TCGA-LAML	LAML	763	1118	mutation_count_proxy_no_callable_territory
TCGA-AB-2809-03D	TCGA-AB-2809	TCGA-LAML	LAML	2	2	mutation_count_proxy_no_callable_territory
TCGA-AB-2810-03B	TCGA-AB-2810	TCGA-LAML	LAML	5	10	mutation_count_proxy_no_callable_territory
TCGA-AB-2811-03B	TCGA-AB-2811	TCGA-LAML	LAML	4	8	mutation_count_proxy_no_callable_territory
TCGA-AB-2812-03B	TCGA-AB-2812	TCGA-LAML	LAML	2	4	mutation_count_proxy_no_callable_territory
TCGA-AB-2813-03B	TCGA-AB-2813	TCGA-LAML	LAML	12	17	mutation_count_proxy_no_callable_territory
TCGA-AB-2814-03D	TCGA-AB-2814	TCGA-LAML	LAML	8	13	mutation_count_proxy_no_callable_territory
TCGA-AB-2815-03B	TCGA-AB-2815	TCGA-LAML	LAML	2	4	mutation_count_proxy_no_callable_territory
TCGA-AB-2816-03B	TCGA-AB-2816	TCGA-LAML	LAML	3	4	mutation_count_proxy_no_callable_territory
TCGA-AB-2817-03B	TCGA-AB-2817	TCGA-LAML	LAML	11	15	mutation_count_proxy_no_callable_territory
TCGA-AB-2818-03B	TCGA-AB-2818	TCGA-LAML	LAML	7	14	mutation_count_proxy_no_callable_territory
TCGA-AB-2819-03B	TCGA-AB-2819	TCGA-LAML	LAML	13	20	mutation_count_proxy_no_callable_territory
TCGA-AB-2820-03B	TCGA-AB-2820	TCGA-LAML	LAML	7	10	mutation_count_proxy_no_callable_territory
TCGA-AB-2821-03B	TCGA-AB-2821	TCGA-LAML	LAML	17	23	mutation_count_proxy_no_callable_territory
TCGA-AB-2822-03D	TCGA-AB-2822	TCGA-LAML	LAML	16	27	mutation_count_proxy_no_callable_territory
TCGA-AB-2824-03B	TCGA-AB-2824	TCGA-LAML	LAML	50	73	mutation_count_proxy_no_callable_territory
TCGA-AB-2825-03D	TCGA-AB-2825	TCGA-LAML	LAML	0	1	mutation_count_proxy_no_callable_territory
TCGA-AB-2826-03B	TCGA-AB-2826	TCGA-LAML	LAML	625	889	mutation_count_proxy_no_callable_territory
TCGA-AB-2827-03B	TCGA-AB-2827	TCGA-LAML	LAML	44	61	mutation_count_proxy_no_callable_territory
TCGA-AB-2828-03B	TCGA-AB-2828	TCGA-LAML	LAML	731	1077	mutation_count_proxy_no_callable_territory
TCGA-AB-2829-03B	TCGA-AB-2829	TCGA-LAML	LAML	23	28	mutation_count_proxy_no_callable_territory
TCGA-AB-2830-03B	TCGA-AB-2830	TCGA-LAML	LAML	24	31	mutation_count_proxy_no_callable_territory
TCGA-AB-2831-03A	TCGA-AB-2831	TCGA-LAML	LAML	4	6	mutation_count_proxy_no_callable_territory
TCGA-AB-2833-03B	TCGA-AB-2833	TCGA-LAML	LAML	451	684	mutation_count_proxy_no_callable_territory
TCGA-AB-2834-03B	TCGA-AB-2834	TCGA-LAML	LAML	30	42	mutation_count_proxy_no_callable_territory
TCGA-AB-2835-03B	TCGA-AB-2835	TCGA-LAML	LAML	5	8	mutation_count_proxy_no_callable_territory
TCGA-AB-2836-03B	TCGA-AB-2836	TCGA-LAML	LAML	6	8	mutation_count_proxy_no_callable_territory
TCGA-AB-2838-03A	TCGA-AB-2838	TCGA-LAML	LAML	16	22	mutation_count_proxy_no_callable_territory
TCGA-AB-2839-03B	TCGA-AB-2839	TCGA-LAML	LAML	10	11	mutation_count_proxy_no_callable_territory
TCGA-AB-2841-03B	TCGA-AB-2841	TCGA-LAML	LAML	13	17	mutation_count_proxy_no_callable_territory
TCGA-AB-2842-03A	TCGA-AB-2842	TCGA-LAML	LAML	0	3	mutation_count_proxy_no_callable_territory
TCGA-AB-2843-03B	TCGA-AB-2843	TCGA-LAML	LAML	20	29	mutation_count_proxy_no_callable_territory
TCGA-AB-2844-03B	TCGA-AB-2844	TCGA-LAML	LAML	13	14	mutation_count_proxy_no_callable_territory
TCGA-AB-2845-03D	TCGA-AB-2845	TCGA-LAML	LAML	1	3	mutation_count_proxy_no_callable_territory
TCGA-AB-2846-03B	TCGA-AB-2846	TCGA-LAML	LAML	37	50	mutation_count_proxy_no_callable_territory
TCGA-AB-2847-03B	TCGA-AB-2847	TCGA-LAML	LAML	16	24	mutation_count_proxy_no_callable_territory
TCGA-AB-2848-03B	TCGA-AB-2848	TCGA-LAML	LAML	9	12	mutation_count_proxy_no_callable_territory
TCGA-AB-2849-03B	TCGA-AB-2849	TCGA-LAML	LAML	28	41	mutation_count_proxy_no_callable_territory
TCGA-AB-2850-03B	TCGA-AB-2850	TCGA-LAML	LAML	15	19	mutation_count_proxy_no_callable_territory
TCGA-AB-2851-03B	TCGA-AB-2851	TCGA-LAML	LAML	48	60	mutation_count_proxy_no_callable_territory
TCGA-AB-2854-03B	TCGA-AB-2854	TCGA-LAML	LAML	297	448	mutation_count_proxy_no_callable_territory
TCGA-AB-2855-03B	TCGA-AB-2855	TCGA-LAML	LAML	24	35	mutation_count_proxy_no_callable_territory
TCGA-AB-2857-03B	TCGA-AB-2857	TCGA-LAML	LAML	38	54	mutation_count_proxy_no_callable_territory
TCGA-AB-2858-03D	TCGA-AB-2858	TCGA-LAML	LAML	7	9	mutation_count_proxy_no_callable_territory
TCGA-AB-2859-03B	TCGA-AB-2859	TCGA-LAML	LAML	19	35	mutation_count_proxy_no_callable_territory
TCGA-AB-2860-03B	TCGA-AB-2860	TCGA-LAML	LAML	26	39	mutation_count_proxy_no_callable_territory
TCGA-AB-2861-03B	TCGA-AB-2861	TCGA-LAML	LAML	24	33	mutation_count_proxy_no_callable_territory
TCGA-AB-2862-03B	TCGA-AB-2862	TCGA-LAML	LAML	18	30	mutation_count_proxy_no_callable_territory
TCGA-AB-2863-03D	TCGA-AB-2863	TCGA-LAML	LAML	5	5	mutation_count_proxy_no_callable_territory
TCGA-AB-2864-03B	TCGA-AB-2864	TCGA-LAML	LAML	31	42	mutation_count_proxy_no_callable_territory
TCGA-AB-2865-03B	TCGA-AB-2865	TCGA-LAML	LAML	3	7	mutation_count_proxy_no_callable_territory
TCGA-AB-2866-03B	TCGA-AB-2866	TCGA-LAML	LAML	15	26	mutation_count_proxy_no_callable_territory
TCGA-AB-2867-03B	TCGA-AB-2867	TCGA-LAML	LAML	89	116	mutation_count_proxy_no_callable_territory
TCGA-AB-2868-03B	TCGA-AB-2868	TCGA-LAML	LAML	168	213	mutation_count_proxy_no_callable_territory
TCGA-AB-2869-03A	TCGA-AB-2869	TCGA-LAML	LAML	3	9	mutation_count_proxy_no_callable_territory
TCGA-AB-2870-03A	TCGA-AB-2870	TCGA-LAML	LAML	4	8	mutation_count_proxy_no_callable_territory
TCGA-AB-2871-03A	TCGA-AB-2871	TCGA-LAML	LAML	23	29	mutation_count_proxy_no_callable_territory
TCGA-AB-2872-03A	TCGA-AB-2872	TCGA-LAML	LAML	31	37	mutation_count_proxy_no_callable_territory
TCGA-AB-2873-03A	TCGA-AB-2873	TCGA-LAML	LAML	8	10	mutation_count_proxy_no_callable_territory
TCGA-AB-2874-03A	TCGA-AB-2874	TCGA-LAML	LAML	15	22	mutation_count_proxy_no_callable_territory
TCGA-AB-2875-03A	TCGA-AB-2875	TCGA-LAML	LAML	21	28	mutation_count_proxy_no_callable_territory
TCGA-AB-2876-03A	TCGA-AB-2876	TCGA-LAML	LAML	12	16	mutation_count_proxy_no_callable_territory
TCGA-AB-2877-03A	TCGA-AB-2877	TCGA-LAML	LAML	17	23	mutation_count_proxy_no_callable_territory
TCGA-AB-2879-03A	TCGA-AB-2879	TCGA-LAML	LAML	4	4	mutation_count_proxy_no_callable_territory
TCGA-AB-2880-03A	TCGA-AB-2880	TCGA-LAML	LAML	5	5	mutation_count_proxy_no_callable_territory
TCGA-AB-2881-03A	TCGA-AB-2881	TCGA-LAML	LAML	8	10	mutation_count_proxy_no_callable_territory
TCGA-AB-2882-03A	TCGA-AB-2882	TCGA-LAML	LAML	6	8	mutation_count_proxy_no_callable_territory
TCGA-AB-2883-03A	TCGA-AB-2883	TCGA-LAML	LAML	18	19	mutation_count_proxy_no_callable_territory
TCGA-AB-2884-03A	TCGA-AB-2884	TCGA-LAML	LAML	10	14	mutation_count_proxy_no_callable_territory
TCGA-AB-2885-03A	TCGA-AB-2885	TCGA-LAML	LAML	32	41	mutation_count_proxy_no_callable_territory
TCGA-AB-2886-03A	TCGA-AB-2886	TCGA-LAML	LAML	24	33	mutation_count_proxy_no_callable_territory
TCGA-AB-2887-03A	TCGA-AB-2887	TCGA-LAML	LAML	2	3	mutation_count_proxy_no_callable_territory
TCGA-AB-2888-03A	TCGA-AB-2888	TCGA-LAML	LAML	7	13	mutation_count_proxy_no_callable_territory
TCGA-AB-2889-03A	TCGA-AB-2889	TCGA-LAML	LAML	2	3	mutation_count_proxy_no_callable_territory
TCGA-AB-2890-03A	TCGA-AB-2890	TCGA-LAML	LAML	5	8	mutation_count_proxy_no_callable_territory
TCGA-AB-2891-03A	TCGA-AB-2891	TCGA-LAML	LAML	13	15	mutation_count_proxy_no_callable_territory
TCGA-AB-2892-03A	TCGA-AB-2892	TCGA-LAML	LAML	1	1	mutation_count_proxy_no_callable_territory
TCGA-AB-2893-03A	TCGA-AB-2893	TCGA-LAML	LAML	2	4	mutation_count_proxy_no_callable_territory
TCGA-AB-2894-03A	TCGA-AB-2894	TCGA-LAML	LAML	1	4	mutation_count_proxy_no_callable_territory
TCGA-AB-2895-03A	TCGA-AB-2895	TCGA-LAML	LAML	14	22	mutation_count_proxy_no_callable_territory
TCGA-AB-2896-03A	TCGA-AB-2896	TCGA-LAML	LAML	3	3	mutation_count_proxy_no_callable_territory
TCGA-AB-2897-03A	TCGA-AB-2897	TCGA-LAML	LAML	12	18	mutation_count_proxy_no_callable_territory
TCGA-AB-2898-03A	TCGA-AB-2898	TCGA-LAML	LAML	40	55	mutation_count_proxy_no_callable_territory
TCGA-AB-2899-03A	TCGA-AB-2899	TCGA-LAML	LAML	11	16	mutation_count_proxy_no_callable_territory
TCGA-AB-2900-03A	TCGA-AB-2900	TCGA-LAML	LAML	13	19	mutation_count_proxy_no_callable_territory
TCGA-AB-2901-03A	TCGA-AB-2901	TCGA-LAML	LAML	9	14	mutation_count_proxy_no_callable_territory
TCGA-AB-2903-03A	TCGA-AB-2903	TCGA-LAML	LAML	2	2	mutation_count_proxy_no_callable_territory
TCGA-AB-2904-03A	TCGA-AB-2904	TCGA-LAML	LAML	46	61	mutation_count_proxy_no_callable_territory
TCGA-AB-2908-03A	TCGA-AB-2908	TCGA-LAML	LAML	12	15	mutation_count_proxy_no_callable_territory
TCGA-AB-2909-03A	TCGA-AB-2909	TCGA-LAML	LAML	2	5	mutation_count_proxy_no_callable_territory
TCGA-AB-2910-03A	TCGA-AB-2910	TCGA-LAML	LAML	15	16	mutation_count_proxy_no_callable_territory
TCGA-AB-2911-03A	TCGA-AB-2911	TCGA-LAML	LAML	12	18	mutation_count_proxy_no_callable_territory
TCGA-AB-2912-03A	TCGA-AB-2912	TCGA-LAML	LAML	44	53	mutation_count_proxy_no_callable_territory
TCGA-AB-2913-03A	TCGA-AB-2913	TCGA-LAML	LAML	13	19	mutation_count_proxy_no_callable_territory
TCGA-AB-2914-03A	TCGA-AB-2914	TCGA-LAML	LAML	18	25	mutation_count_proxy_no_callable_territory
TCGA-AB-2915-03A	TCGA-AB-2915	TCGA-LAML	LAML	14	33	mutation_count_proxy_no_callable_territory
TCGA-AB-2916-03A	TCGA-AB-2916	TCGA-LAML	LAML	15	21	mutation_count_proxy_no_callable_territory
TCGA-AB-2917-03A	TCGA-AB-2917	TCGA-LAML	LAML	12	15	mutation_count_proxy_no_callable_territory
TCGA-AB-2918-03A	TCGA-AB-2918	TCGA-LAML	LAML	15	31	mutation_count_proxy_no_callable_territory
TCGA-AB-2919-03A	TCGA-AB-2919	TCGA-LAML	LAML	13	19	mutation_count_proxy_no_callable_territory
TCGA-AB-2920-03A	TCGA-AB-2920	TCGA-LAML	LAML	10	12	mutation_count_proxy_no_callable_territory
TCGA-AB-2921-03A	TCGA-AB-2921	TCGA-LAML	LAML	3	4	mutation_count_proxy_no_callable_territory
TCGA-AB-2922-03A	TCGA-AB-2922	TCGA-LAML	LAML	2	4	mutation_count_proxy_no_callable_territory
TCGA-AB-2923-03A	TCGA-AB-2923	TCGA-LAML	LAML	6	13	mutation_count_proxy_no_callable_territory
TCGA-AB-2924-03A	TCGA-AB-2924	TCGA-LAML	LAML	6	7	mutation_count_proxy_no_callable_territory
TCGA-AB-2925-03A	TCGA-AB-2925	TCGA-LAML	LAML	18	22	mutation_count_proxy_no_callable_territory
TCGA-AB-2926-03A	TCGA-AB-2926	TCGA-LAML	LAML	15	31	mutation_count_proxy_no_callable_territory
TCGA-AB-2927-03A	TCGA-AB-2927	TCGA-LAML	LAML	18	26	mutation_count_proxy_no_callable_territory
TCGA-AB-2928-03A	TCGA-AB-2928	TCGA-LAML	LAML	0	1	mutation_count_proxy_no_callable_territory
TCGA-AB-2929-03A	TCGA-AB-2929	TCGA-LAML	LAML	29	38	mutation_count_proxy_no_callable_territory
TCGA-AB-2930-03A	TCGA-AB-2930	TCGA-LAML	LAML	2	2	mutation_count_proxy_no_callable_territory
TCGA-AB-2931-03A	TCGA-AB-2931	TCGA-LAML	LAML	7	14	mutation_count_proxy_no_callable_territory
TCGA-AB-2932-03A	TCGA-AB-2932	TCGA-LAML	LAML	2	6	mutation_count_proxy_no_callable_territory
TCGA-AB-2933-03A	TCGA-AB-2933	TCGA-LAML	LAML	2	3	mutation_count_proxy_no_callable_territory
TCGA-AB-2934-03A	TCGA-AB-2934	TCGA-LAML	LAML	8	22	mutation_count_proxy_no_callable_territory
TCGA-AB-2935-03A	TCGA-AB-2935	TCGA-LAML	LAML	18	23	mutation_count_proxy_no_callable_territory
TCGA-AB-2936-03A	TCGA-AB-2936	TCGA-LAML	LAML	9	27	mutation_count_proxy_no_callable_territory
TCGA-AB-2937-03A	TCGA-AB-2937	TCGA-LAML	LAML	6	7	mutation_count_proxy_no_callable_territory
TCGA-AB-2938-03A	TCGA-AB-2938	TCGA-LAML	LAML	40	54	mutation_count_proxy_no_callable_territory
TCGA-AB-2939-03A	TCGA-AB-2939	TCGA-LAML	LAML	19	32	mutation_count_proxy_no_callable_territory
TCGA-AB-2940-03A	TCGA-AB-2940	TCGA-LAML	LAML	9	16	mutation_count_proxy_no_callable_territory
TCGA-AB-2942-03A	TCGA-AB-2942	TCGA-LAML	LAML	6	11	mutation_count_proxy_no_callable_territory
TCGA-AB-2943-03A	TCGA-AB-2943	TCGA-LAML	LAML	16	40	mutation_count_proxy_no_callable_territory
TCGA-AB-2944-03A	TCGA-AB-2944	TCGA-LAML	LAML	1	3	mutation_count_proxy_no_callable_territory
TCGA-AB-2945-03A	TCGA-AB-2945	TCGA-LAML	LAML	4	5	mutation_count_proxy_no_callable_territory
TCGA-AB-2948-03A	TCGA-AB-2948	TCGA-LAML	LAML	1	2	mutation_count_proxy_no_callable_territory
TCGA-AB-2949-03A	TCGA-AB-2949	TCGA-LAML	LAML	17	22	mutation_count_proxy_no_callable_territory
TCGA-AB-2950-03A	TCGA-AB-2950	TCGA-LAML	LAML	26	45	mutation_count_proxy_no_callable_territory
TCGA-AB-2952-03A	TCGA-AB-2952	TCGA-LAML	LAML	12	14	mutation_count_proxy_no_callable_territory
TCGA-AB-2954-03A	TCGA-AB-2954	TCGA-LAML	LAML	17	20	mutation_count_proxy_no_callable_territory
TCGA-AB-2955-03A	TCGA-AB-2955	TCGA-LAML	LAML	7	11	mutation_count_proxy_no_callable_territory
TCGA-AB-2956-03A	TCGA-AB-2956	TCGA-LAML	LAML	28	36	mutation_count_proxy_no_callable_territory
TCGA-AB-2957-03A	TCGA-AB-2957	TCGA-LAML	LAML	9	10	mutation_count_proxy_no_callable_territory
TCGA-AB-2959-03A	TCGA-AB-2959	TCGA-LAML	LAML	24	30	mutation_count_proxy_no_callable_territory
TCGA-CS-4938-01B	TCGA-CS-4938	TCGA-LGG	LGG	14	23	mutation_count_proxy_no_callable_territory
TCGA-CS-4941-01A	TCGA-CS-4941	TCGA-LGG	LGG	45	60	mutation_count_proxy_no_callable_territory
TCGA-CS-4942-01A	TCGA-CS-4942	TCGA-LGG	LGG	26	38	mutation_count_proxy_no_callable_territory
TCGA-CS-4943-01A	TCGA-CS-4943	TCGA-LGG	LGG	24	39	mutation_count_proxy_no_callable_territory
TCGA-CS-4944-01A	TCGA-CS-4944	TCGA-LGG	LGG	21	24	mutation_count_proxy_no_callable_territory
TCGA-CS-5390-01A	TCGA-CS-5390	TCGA-LGG	LGG	43	57	mutation_count_proxy_no_callable_territory
TCGA-CS-5393-01A	TCGA-CS-5393	TCGA-LGG	LGG	24	36	mutation_count_proxy_no_callable_territory
TCGA-CS-5394-01A	TCGA-CS-5394	TCGA-LGG	LGG	22	31	mutation_count_proxy_no_callable_territory
TCGA-CS-5395-01A	TCGA-CS-5395	TCGA-LGG	LGG	40	57	mutation_count_proxy_no_callable_territory
TCGA-CS-5396-01A	TCGA-CS-5396	TCGA-LGG	LGG	27	40	mutation_count_proxy_no_callable_territory
TCGA-CS-5397-01A	TCGA-CS-5397	TCGA-LGG	LGG	32	58	mutation_count_proxy_no_callable_territory
TCGA-CS-6186-01A	TCGA-CS-6186	TCGA-LGG	LGG	49	73	mutation_count_proxy_no_callable_territory
TCGA-CS-6188-01A	TCGA-CS-6188	TCGA-LGG	LGG	35	58	mutation_count_proxy_no_callable_territory
TCGA-CS-6290-01A	TCGA-CS-6290	TCGA-LGG	LGG	20	26	mutation_count_proxy_no_callable_territory
TCGA-CS-6665-01A	TCGA-CS-6665	TCGA-LGG	LGG	61	93	mutation_count_proxy_no_callable_territory
TCGA-CS-6666-01A	TCGA-CS-6666	TCGA-LGG	LGG	43	54	mutation_count_proxy_no_callable_territory
TCGA-CS-6667-01A	TCGA-CS-6667	TCGA-LGG	LGG	22	33	mutation_count_proxy_no_callable_territory
TCGA-CS-6668-01A	TCGA-CS-6668	TCGA-LGG	LGG	22	34	mutation_count_proxy_no_callable_territory
TCGA-CS-6669-01A	TCGA-CS-6669	TCGA-LGG	LGG	0	2	mutation_count_proxy_no_callable_territory
TCGA-CS-6670-01A	TCGA-CS-6670	TCGA-LGG	LGG	31	48	mutation_count_proxy_no_callable_territory
TCGA-DB-5270-01A	TCGA-DB-5270	TCGA-LGG	LGG	20	33	mutation_count_proxy_no_callable_territory
TCGA-DB-5273-01A	TCGA-DB-5273	TCGA-LGG	LGG	11	19	mutation_count_proxy_no_callable_territory
TCGA-DB-5274-01A	TCGA-DB-5274	TCGA-LGG	LGG	44	69	mutation_count_proxy_no_callable_territory
TCGA-DB-5275-01A	TCGA-DB-5275	TCGA-LGG	LGG	38	48	mutation_count_proxy_no_callable_territory
TCGA-DB-5276-01A	TCGA-DB-5276	TCGA-LGG	LGG	15	22	mutation_count_proxy_no_callable_territory
TCGA-DB-5277-01A	TCGA-DB-5277	TCGA-LGG	LGG	36	55	mutation_count_proxy_no_callable_territory
TCGA-DB-5278-01A	TCGA-DB-5278	TCGA-LGG	LGG	8	8	mutation_count_proxy_no_callable_territory
TCGA-DB-5279-01A	TCGA-DB-5279	TCGA-LGG	LGG	36	65	mutation_count_proxy_no_callable_territory
TCGA-DB-5280-01A	TCGA-DB-5280	TCGA-LGG	LGG	24	31	mutation_count_proxy_no_callable_territory
TCGA-DB-5281-01A	TCGA-DB-5281	TCGA-LGG	LGG	50	69	mutation_count_proxy_no_callable_territory
TCGA-DB-A4X9-01A	TCGA-DB-A4X9	TCGA-LGG	LGG	23	33	mutation_count_proxy_no_callable_territory
TCGA-DB-A4XA-01A	TCGA-DB-A4XA	TCGA-LGG	LGG	16	20	mutation_count_proxy_no_callable_territory
TCGA-DB-A4XB-01A	TCGA-DB-A4XB	TCGA-LGG	LGG	31	39	mutation_count_proxy_no_callable_territory
TCGA-DB-A4XC-01A	TCGA-DB-A4XC	TCGA-LGG	LGG	19	22	mutation_count_proxy_no_callable_territory
TCGA-DB-A4XD-01A	TCGA-DB-A4XD	TCGA-LGG	LGG	33	40	mutation_count_proxy_no_callable_territory
TCGA-DB-A4XE-01A	TCGA-DB-A4XE	TCGA-LGG	LGG	24	33	mutation_count_proxy_no_callable_territory
TCGA-DB-A4XF-01A	TCGA-DB-A4XF	TCGA-LGG	LGG	29	44	mutation_count_proxy_no_callable_territory
TCGA-DB-A4XG-01A	TCGA-DB-A4XG	TCGA-LGG	LGG	21	30	mutation_count_proxy_no_callable_territory
TCGA-DB-A4XH-01A	TCGA-DB-A4XH	TCGA-LGG	LGG	38	59	mutation_count_proxy_no_callable_territory
TCGA-DB-A64L-01A	TCGA-DB-A64L	TCGA-LGG	LGG	74	98	mutation_count_proxy_no_callable_territory
TCGA-DB-A64O-01A	TCGA-DB-A64O	TCGA-LGG	LGG	22	32	mutation_count_proxy_no_callable_territory
TCGA-DB-A64P-01A	TCGA-DB-A64P	TCGA-LGG	LGG	26	33	mutation_count_proxy_no_callable_territory
TCGA-DB-A64Q-01A	TCGA-DB-A64Q	TCGA-LGG	LGG	19	26	mutation_count_proxy_no_callable_territory
TCGA-DB-A64R-01A	TCGA-DB-A64R	TCGA-LGG	LGG	15	17	mutation_count_proxy_no_callable_territory
TCGA-DB-A64S-01A	TCGA-DB-A64S	TCGA-LGG	LGG	12	15	mutation_count_proxy_no_callable_territory
TCGA-DB-A64U-01A	TCGA-DB-A64U	TCGA-LGG	LGG	10	18	mutation_count_proxy_no_callable_territory
TCGA-DB-A64V-01A	TCGA-DB-A64V	TCGA-LGG	LGG	28	41	mutation_count_proxy_no_callable_territory
TCGA-DB-A64W-01A	TCGA-DB-A64W	TCGA-LGG	LGG	40	56	mutation_count_proxy_no_callable_territory
TCGA-DB-A64X-01A	TCGA-DB-A64X	TCGA-LGG	LGG	64	99	mutation_count_proxy_no_callable_territory
TCGA-DB-A75K-01A	TCGA-DB-A75K	TCGA-LGG	LGG	35	50	mutation_count_proxy_no_callable_territory
TCGA-DB-A75L-01A	TCGA-DB-A75L	TCGA-LGG	LGG	36	49	mutation_count_proxy_no_callable_territory
TCGA-DB-A75M-01A	TCGA-DB-A75M	TCGA-LGG	LGG	25	30	mutation_count_proxy_no_callable_territory
TCGA-DB-A75O-01A	TCGA-DB-A75O	TCGA-LGG	LGG	15	19	mutation_count_proxy_no_callable_territory
TCGA-DB-A75P-01A	TCGA-DB-A75P	TCGA-LGG	LGG	5	6	mutation_count_proxy_no_callable_territory
TCGA-DH-5140-01A	TCGA-DH-5140	TCGA-LGG	LGG	26	38	mutation_count_proxy_no_callable_territory
TCGA-DH-5141-01A	TCGA-DH-5141	TCGA-LGG	LGG	26	33	mutation_count_proxy_no_callable_territory
TCGA-DH-5142-01A	TCGA-DH-5142	TCGA-LGG	LGG	34	49	mutation_count_proxy_no_callable_territory
TCGA-DH-5143-01A	TCGA-DH-5143	TCGA-LGG	LGG	27	37	mutation_count_proxy_no_callable_territory
TCGA-DH-5144-01A	TCGA-DH-5144	TCGA-LGG	LGG	35	55	mutation_count_proxy_no_callable_territory
TCGA-DH-A669-01A	TCGA-DH-A669	TCGA-LGG	LGG	51	69	mutation_count_proxy_no_callable_territory
TCGA-DH-A669-02A	TCGA-DH-A669	TCGA-LGG	LGG	51	75	mutation_count_proxy_no_callable_territory
TCGA-DH-A66B-01A	TCGA-DH-A66B	TCGA-LGG	LGG	43	61	mutation_count_proxy_no_callable_territory
TCGA-DH-A66D-01A	TCGA-DH-A66D	TCGA-LGG	LGG	43	52	mutation_count_proxy_no_callable_territory
TCGA-DH-A66F-01A	TCGA-DH-A66F	TCGA-LGG	LGG	18	23	mutation_count_proxy_no_callable_territory
TCGA-DH-A66G-01A	TCGA-DH-A66G	TCGA-LGG	LGG	32	45	mutation_count_proxy_no_callable_territory
TCGA-DH-A7UR-01A	TCGA-DH-A7UR	TCGA-LGG	LGG	57	87	mutation_count_proxy_no_callable_territory
TCGA-DH-A7US-01A	TCGA-DH-A7US	TCGA-LGG	LGG	29	43	mutation_count_proxy_no_callable_territory
TCGA-DH-A7UT-01A	TCGA-DH-A7UT	TCGA-LGG	LGG	18	26	mutation_count_proxy_no_callable_territory
TCGA-DH-A7UU-01A	TCGA-DH-A7UU	TCGA-LGG	LGG	42	62	mutation_count_proxy_no_callable_territory
TCGA-DH-A7UV-01A	TCGA-DH-A7UV	TCGA-LGG	LGG	32	44	mutation_count_proxy_no_callable_territory
TCGA-DU-5847-01A	TCGA-DU-5847	TCGA-LGG	LGG	34	51	mutation_count_proxy_no_callable_territory
TCGA-DU-5849-01A	TCGA-DU-5849	TCGA-LGG	LGG	30	47	mutation_count_proxy_no_callable_territory
TCGA-DU-5851-01A	TCGA-DU-5851	TCGA-LGG	LGG	21	33	mutation_count_proxy_no_callable_territory
TCGA-DU-5852-01A	TCGA-DU-5852	TCGA-LGG	LGG	63	96	mutation_count_proxy_no_callable_territory
TCGA-DU-5853-01A	TCGA-DU-5853	TCGA-LGG	LGG	17	23	mutation_count_proxy_no_callable_territory
TCGA-DU-5854-01A	TCGA-DU-5854	TCGA-LGG	LGG	42	58	mutation_count_proxy_no_callable_territory
TCGA-DU-5855-01A	TCGA-DU-5855	TCGA-LGG	LGG	45	74	mutation_count_proxy_no_callable_territory
TCGA-DU-5870-01A	TCGA-DU-5870	TCGA-LGG	LGG	13	20	mutation_count_proxy_no_callable_territory
TCGA-DU-5870-02A	TCGA-DU-5870	TCGA-LGG	LGG	39	53	mutation_count_proxy_no_callable_territory
TCGA-DU-5871-01A	TCGA-DU-5871	TCGA-LGG	LGG	29	39	mutation_count_proxy_no_callable_territory
TCGA-DU-5872-01A	TCGA-DU-5872	TCGA-LGG	LGG	24	35	mutation_count_proxy_no_callable_territory
TCGA-DU-5872-02A	TCGA-DU-5872	TCGA-LGG	LGG	6	9	mutation_count_proxy_no_callable_territory
TCGA-DU-5874-01A	TCGA-DU-5874	TCGA-LGG	LGG	37	60	mutation_count_proxy_no_callable_territory
TCGA-DU-6392-01A	TCGA-DU-6392	TCGA-LGG	LGG	10772	15906	mutation_count_proxy_no_callable_territory
TCGA-DU-6393-01A	TCGA-DU-6393	TCGA-LGG	LGG	26	40	mutation_count_proxy_no_callable_territory
TCGA-DU-6394-01A	TCGA-DU-6394	TCGA-LGG	LGG	31	39	mutation_count_proxy_no_callable_territory
TCGA-DU-6395-01A	TCGA-DU-6395	TCGA-LGG	LGG	22	35	mutation_count_proxy_no_callable_territory
TCGA-DU-6396-01A	TCGA-DU-6396	TCGA-LGG	LGG	35	54	mutation_count_proxy_no_callable_territory
TCGA-DU-6397-01A	TCGA-DU-6397	TCGA-LGG	LGG	35	41	mutation_count_proxy_no_callable_territory
TCGA-DU-6397-02A	TCGA-DU-6397	TCGA-LGG	LGG	51	73	mutation_count_proxy_no_callable_territory
TCGA-DU-6399-01A	TCGA-DU-6399	TCGA-LGG	LGG	45	74	mutation_count_proxy_no_callable_territory
TCGA-DU-6400-01A	TCGA-DU-6400	TCGA-LGG	LGG	43	57	mutation_count_proxy_no_callable_territory
TCGA-DU-6401-01A	TCGA-DU-6401	TCGA-LGG	LGG	24	32	mutation_count_proxy_no_callable_territory
TCGA-DU-6402-01A	TCGA-DU-6402	TCGA-LGG	LGG	44	63	mutation_count_proxy_no_callable_territory
TCGA-DU-6403-01A	TCGA-DU-6403	TCGA-LGG	LGG	54	78	mutation_count_proxy_no_callable_territory
TCGA-DU-6404-01A	TCGA-DU-6404	TCGA-LGG	LGG	13	16	mutation_count_proxy_no_callable_territory
TCGA-DU-6404-02B	TCGA-DU-6404	TCGA-LGG	LGG	72	115	mutation_count_proxy_no_callable_territory
TCGA-DU-6405-01A	TCGA-DU-6405	TCGA-LGG	LGG	47	65	mutation_count_proxy_no_callable_territory
TCGA-DU-6406-01A	TCGA-DU-6406	TCGA-LGG	LGG	5	5	mutation_count_proxy_no_callable_territory
TCGA-DU-6407-01A	TCGA-DU-6407	TCGA-LGG	LGG	21	34	mutation_count_proxy_no_callable_territory
TCGA-DU-6407-02B	TCGA-DU-6407	TCGA-LGG	LGG	1591	2635	mutation_count_proxy_no_callable_territory
TCGA-DU-6408-01A	TCGA-DU-6408	TCGA-LGG	LGG	25	33	mutation_count_proxy_no_callable_territory
TCGA-DU-6410-01A	TCGA-DU-6410	TCGA-LGG	LGG	39	54	mutation_count_proxy_no_callable_territory
TCGA-DU-6542-01A	TCGA-DU-6542	TCGA-LGG	LGG	22	32	mutation_count_proxy_no_callable_territory
TCGA-DU-7006-01A	TCGA-DU-7006	TCGA-LGG	LGG	58	79	mutation_count_proxy_no_callable_territory
TCGA-DU-7007-01A	TCGA-DU-7007	TCGA-LGG	LGG	35	51	mutation_count_proxy_no_callable_territory
TCGA-DU-7008-01A	TCGA-DU-7008	TCGA-LGG	LGG	28	45	mutation_count_proxy_no_callable_territory
TCGA-DU-7009-01A	TCGA-DU-7009	TCGA-LGG	LGG	20	28	mutation_count_proxy_no_callable_territory
TCGA-DU-7010-01A	TCGA-DU-7010	TCGA-LGG	LGG	84	118	mutation_count_proxy_no_callable_territory
TCGA-DU-7011-01A	TCGA-DU-7011	TCGA-LGG	LGG	17	22	mutation_count_proxy_no_callable_territory
TCGA-DU-7012-01A	TCGA-DU-7012	TCGA-LGG	LGG	47	78	mutation_count_proxy_no_callable_territory
TCGA-DU-7013-01A	TCGA-DU-7013	TCGA-LGG	LGG	37	53	mutation_count_proxy_no_callable_territory
TCGA-DU-7015-01A	TCGA-DU-7015	TCGA-LGG	LGG	31	37	mutation_count_proxy_no_callable_territory
TCGA-DU-7018-01A	TCGA-DU-7018	TCGA-LGG	LGG	34	49	mutation_count_proxy_no_callable_territory
TCGA-DU-7019-01A	TCGA-DU-7019	TCGA-LGG	LGG	33	48	mutation_count_proxy_no_callable_territory
TCGA-DU-7290-01A	TCGA-DU-7290	TCGA-LGG	LGG	32	42	mutation_count_proxy_no_callable_territory
TCGA-DU-7292-01A	TCGA-DU-7292	TCGA-LGG	LGG	38	63	mutation_count_proxy_no_callable_territory
TCGA-DU-7294-01A	TCGA-DU-7294	TCGA-LGG	LGG	440	625	mutation_count_proxy_no_callable_territory
TCGA-DU-7298-01A	TCGA-DU-7298	TCGA-LGG	LGG	289	409	mutation_count_proxy_no_callable_territory
TCGA-DU-7299-01A	TCGA-DU-7299	TCGA-LGG	LGG	30	40	mutation_count_proxy_no_callable_territory
TCGA-DU-7300-01A	TCGA-DU-7300	TCGA-LGG	LGG	49	66	mutation_count_proxy_no_callable_territory
TCGA-DU-7301-01A	TCGA-DU-7301	TCGA-LGG	LGG	26	36	mutation_count_proxy_no_callable_territory
TCGA-DU-7302-01A	TCGA-DU-7302	TCGA-LGG	LGG	47	56	mutation_count_proxy_no_callable_territory
TCGA-DU-7304-01A	TCGA-DU-7304	TCGA-LGG	LGG	29	39	mutation_count_proxy_no_callable_territory
TCGA-DU-7304-02A	TCGA-DU-7304	TCGA-LGG	LGG	75	107	mutation_count_proxy_no_callable_territory
TCGA-DU-7306-01A	TCGA-DU-7306	TCGA-LGG	LGG	57	80	mutation_count_proxy_no_callable_territory
TCGA-DU-7309-01A	TCGA-DU-7309	TCGA-LGG	LGG	38	50	mutation_count_proxy_no_callable_territory
TCGA-DU-8158-01A	TCGA-DU-8158	TCGA-LGG	LGG	40	50	mutation_count_proxy_no_callable_territory
TCGA-DU-8161-01A	TCGA-DU-8161	TCGA-LGG	LGG	36	58	mutation_count_proxy_no_callable_territory
TCGA-DU-8162-01A	TCGA-DU-8162	TCGA-LGG	LGG	22	35	mutation_count_proxy_no_callable_territory
TCGA-DU-8163-01A	TCGA-DU-8163	TCGA-LGG	LGG	13	24	mutation_count_proxy_no_callable_territory
TCGA-DU-8164-01A	TCGA-DU-8164	TCGA-LGG	LGG	33	44	mutation_count_proxy_no_callable_territory
TCGA-DU-8165-01A	TCGA-DU-8165	TCGA-LGG	LGG	60	92	mutation_count_proxy_no_callable_territory
TCGA-DU-8166-01A	TCGA-DU-8166	TCGA-LGG	LGG	27	38	mutation_count_proxy_no_callable_territory
TCGA-DU-8167-01A	TCGA-DU-8167	TCGA-LGG	LGG	50	84	mutation_count_proxy_no_callable_territory
TCGA-DU-8168-01A	TCGA-DU-8168	TCGA-LGG	LGG	59	84	mutation_count_proxy_no_callable_territory
TCGA-DU-A5TP-01A	TCGA-DU-A5TP	TCGA-LGG	LGG	27	37	mutation_count_proxy_no_callable_territory
TCGA-DU-A5TR-01A	TCGA-DU-A5TR	TCGA-LGG	LGG	40	49	mutation_count_proxy_no_callable_territory
TCGA-DU-A5TS-01A	TCGA-DU-A5TS	TCGA-LGG	LGG	36	51	mutation_count_proxy_no_callable_territory
TCGA-DU-A5TT-01A	TCGA-DU-A5TT	TCGA-LGG	LGG	44	71	mutation_count_proxy_no_callable_territory
TCGA-DU-A5TU-01A	TCGA-DU-A5TU	TCGA-LGG	LGG	40	59	mutation_count_proxy_no_callable_territory
TCGA-DU-A5TW-01A	TCGA-DU-A5TW	TCGA-LGG	LGG	45	65	mutation_count_proxy_no_callable_territory
TCGA-DU-A5TY-01A	TCGA-DU-A5TY	TCGA-LGG	LGG	50	70	mutation_count_proxy_no_callable_territory
TCGA-DU-A6S2-01A	TCGA-DU-A6S2	TCGA-LGG	LGG	14	20	mutation_count_proxy_no_callable_territory
TCGA-DU-A6S3-01A	TCGA-DU-A6S3	TCGA-LGG	LGG	29	41	mutation_count_proxy_no_callable_territory
TCGA-DU-A6S6-01A	TCGA-DU-A6S6	TCGA-LGG	LGG	14	19	mutation_count_proxy_no_callable_territory
TCGA-DU-A6S7-01A	TCGA-DU-A6S7	TCGA-LGG	LGG	28	40	mutation_count_proxy_no_callable_territory
TCGA-DU-A6S8-01A	TCGA-DU-A6S8	TCGA-LGG	LGG	54	68	mutation_count_proxy_no_callable_territory
TCGA-DU-A76K-01A	TCGA-DU-A76K	TCGA-LGG	LGG	47	71	mutation_count_proxy_no_callable_territory
TCGA-DU-A76L-01A	TCGA-DU-A76L	TCGA-LGG	LGG	36	51	mutation_count_proxy_no_callable_territory
TCGA-DU-A76O-01A	TCGA-DU-A76O	TCGA-LGG	LGG	24	35	mutation_count_proxy_no_callable_territory
TCGA-DU-A76R-01A	TCGA-DU-A76R	TCGA-LGG	LGG	37	53	mutation_count_proxy_no_callable_territory
TCGA-DU-A7T6-01A	TCGA-DU-A7T6	TCGA-LGG	LGG	110	143	mutation_count_proxy_no_callable_territory
TCGA-DU-A7T8-01A	TCGA-DU-A7T8	TCGA-LGG	LGG	16	22	mutation_count_proxy_no_callable_territory
TCGA-DU-A7TA-01A	TCGA-DU-A7TA	TCGA-LGG	LGG	39	47	mutation_count_proxy_no_callable_territory
TCGA-DU-A7TB-01A	TCGA-DU-A7TB	TCGA-LGG	LGG	30	43	mutation_count_proxy_no_callable_territory
TCGA-DU-A7TC-01A	TCGA-DU-A7TC	TCGA-LGG	LGG	25	37	mutation_count_proxy_no_callable_territory
TCGA-DU-A7TD-01A	TCGA-DU-A7TD	TCGA-LGG	LGG	36	55	mutation_count_proxy_no_callable_territory
TCGA-DU-A7TG-01A	TCGA-DU-A7TG	TCGA-LGG	LGG	9	14	mutation_count_proxy_no_callable_territory
TCGA-DU-A7TJ-01A	TCGA-DU-A7TJ	TCGA-LGG	LGG	36	59	mutation_count_proxy_no_callable_territory
TCGA-E1-5302-01A	TCGA-E1-5302	TCGA-LGG	LGG	30	46	mutation_count_proxy_no_callable_territory
TCGA-E1-5303-01A	TCGA-E1-5303	TCGA-LGG	LGG	29	37	mutation_count_proxy_no_callable_territory
TCGA-E1-5304-01A	TCGA-E1-5304	TCGA-LGG	LGG	31	39	mutation_count_proxy_no_callable_territory
TCGA-E1-5305-01A	TCGA-E1-5305	TCGA-LGG	LGG	28	36	mutation_count_proxy_no_callable_territory
TCGA-E1-5307-01A	TCGA-E1-5307	TCGA-LGG	LGG	62	89	mutation_count_proxy_no_callable_territory
TCGA-E1-5311-01A	TCGA-E1-5311	TCGA-LGG	LGG	17	23	mutation_count_proxy_no_callable_territory
TCGA-E1-5318-01A	TCGA-E1-5318	TCGA-LGG	LGG	37	50	mutation_count_proxy_no_callable_territory
TCGA-E1-5319-01A	TCGA-E1-5319	TCGA-LGG	LGG	34	51	mutation_count_proxy_no_callable_territory
TCGA-E1-5322-01A	TCGA-E1-5322	TCGA-LGG	LGG	25	37	mutation_count_proxy_no_callable_territory
TCGA-E1-A7YD-01A	TCGA-E1-A7YD	TCGA-LGG	LGG	50	78	mutation_count_proxy_no_callable_territory
TCGA-E1-A7YE-01A	TCGA-E1-A7YE	TCGA-LGG	LGG	62	90	mutation_count_proxy_no_callable_territory
TCGA-E1-A7YH-01A	TCGA-E1-A7YH	TCGA-LGG	LGG	25	36	mutation_count_proxy_no_callable_territory
TCGA-E1-A7YI-01A	TCGA-E1-A7YI	TCGA-LGG	LGG	44	54	mutation_count_proxy_no_callable_territory
TCGA-E1-A7YJ-01A	TCGA-E1-A7YJ	TCGA-LGG	LGG	32	59	mutation_count_proxy_no_callable_territory
TCGA-E1-A7YK-01A	TCGA-E1-A7YK	TCGA-LGG	LGG	49	73	mutation_count_proxy_no_callable_territory
TCGA-E1-A7YL-01A	TCGA-E1-A7YL	TCGA-LGG	LGG	51	70	mutation_count_proxy_no_callable_territory
TCGA-E1-A7YM-01A	TCGA-E1-A7YM	TCGA-LGG	LGG	33	53	mutation_count_proxy_no_callable_territory
TCGA-E1-A7YN-01A	TCGA-E1-A7YN	TCGA-LGG	LGG	53	82	mutation_count_proxy_no_callable_territory
TCGA-E1-A7YO-01A	TCGA-E1-A7YO	TCGA-LGG	LGG	29	35	mutation_count_proxy_no_callable_territory
TCGA-E1-A7YQ-01A	TCGA-E1-A7YQ	TCGA-LGG	LGG	34	49	mutation_count_proxy_no_callable_territory
TCGA-E1-A7YS-01A	TCGA-E1-A7YS	TCGA-LGG	LGG	49	75	mutation_count_proxy_no_callable_territory
TCGA-E1-A7YU-01A	TCGA-E1-A7YU	TCGA-LGG	LGG	20	28	mutation_count_proxy_no_callable_territory
TCGA-E1-A7YV-01A	TCGA-E1-A7YV	TCGA-LGG	LGG	38	62	mutation_count_proxy_no_callable_territory
TCGA-E1-A7YW-01A	TCGA-E1-A7YW	TCGA-LGG	LGG	19	27	mutation_count_proxy_no_callable_territory
TCGA-E1-A7YY-01A	TCGA-E1-A7YY	TCGA-LGG	LGG	8	10	mutation_count_proxy_no_callable_territory
TCGA-E1-A7Z2-01A	TCGA-E1-A7Z2	TCGA-LGG	LGG	30	46	mutation_count_proxy_no_callable_territory
TCGA-E1-A7Z3-01A	TCGA-E1-A7Z3	TCGA-LGG	LGG	25	39	mutation_count_proxy_no_callable_territory
TCGA-E1-A7Z4-01A	TCGA-E1-A7Z4	TCGA-LGG	LGG	18	26	mutation_count_proxy_no_callable_territory
TCGA-E1-A7Z6-01A	TCGA-E1-A7Z6	TCGA-LGG	LGG	17	30	mutation_count_proxy_no_callable_territory
TCGA-EZ-7264-01A	TCGA-EZ-7264	TCGA-LGG	LGG	29	39	mutation_count_proxy_no_callable_territory
TCGA-F6-A8O3-01A	TCGA-F6-A8O3	TCGA-LGG	LGG	20	30	mutation_count_proxy_no_callable_territory
TCGA-F6-A8O4-01A	TCGA-F6-A8O4	TCGA-LGG	LGG	29	40	mutation_count_proxy_no_callable_territory
TCGA-FG-5962-01B	TCGA-FG-5962	TCGA-LGG	LGG	37	48	mutation_count_proxy_no_callable_territory
TCGA-FG-5963-01A	TCGA-FG-5963	TCGA-LGG	LGG	27	29	mutation_count_proxy_no_callable_territory
TCGA-FG-5963-02A	TCGA-FG-5963	TCGA-LGG	LGG	33	36	mutation_count_proxy_no_callable_territory
TCGA-FG-5964-01A	TCGA-FG-5964	TCGA-LGG	LGG	39	50	mutation_count_proxy_no_callable_territory
TCGA-FG-5965-01B	TCGA-FG-5965	TCGA-LGG	LGG	39	57	mutation_count_proxy_no_callable_territory
TCGA-FG-5965-02B	TCGA-FG-5965	TCGA-LGG	LGG	59	85	mutation_count_proxy_no_callable_territory
TCGA-FG-6688-01A	TCGA-FG-6688	TCGA-LGG	LGG	58	85	mutation_count_proxy_no_callable_territory
TCGA-FG-6689-01A	TCGA-FG-6689	TCGA-LGG	LGG	24	30	mutation_count_proxy_no_callable_territory
TCGA-FG-6690-01A	TCGA-FG-6690	TCGA-LGG	LGG	31	44	mutation_count_proxy_no_callable_territory
TCGA-FG-6691-01A	TCGA-FG-6691	TCGA-LGG	LGG	16	27	mutation_count_proxy_no_callable_territory
TCGA-FG-6692-01A	TCGA-FG-6692	TCGA-LGG	LGG	61	103	mutation_count_proxy_no_callable_territory
TCGA-FG-7634-01A	TCGA-FG-7634	TCGA-LGG	LGG	16	24	mutation_count_proxy_no_callable_territory
TCGA-FG-7636-01A	TCGA-FG-7636	TCGA-LGG	LGG	39	56	mutation_count_proxy_no_callable_territory
TCGA-FG-7637-01A	TCGA-FG-7637	TCGA-LGG	LGG	29	42	mutation_count_proxy_no_callable_territory
TCGA-FG-7638-01B	TCGA-FG-7638	TCGA-LGG	LGG	14	24	mutation_count_proxy_no_callable_territory
TCGA-FG-7641-01B	TCGA-FG-7641	TCGA-LGG	LGG	25	35	mutation_count_proxy_no_callable_territory
TCGA-FG-7643-01A	TCGA-FG-7643	TCGA-LGG	LGG	46	71	mutation_count_proxy_no_callable_territory
TCGA-FG-8181-01A	TCGA-FG-8181	TCGA-LGG	LGG	2	2	mutation_count_proxy_no_callable_territory
TCGA-FG-8182-01A	TCGA-FG-8182	TCGA-LGG	LGG	28	40	mutation_count_proxy_no_callable_territory
TCGA-FG-8185-01A	TCGA-FG-8185	TCGA-LGG	LGG	35	51	mutation_count_proxy_no_callable_territory
TCGA-FG-8186-01A	TCGA-FG-8186	TCGA-LGG	LGG	33	42	mutation_count_proxy_no_callable_territory
TCGA-FG-8187-01A	TCGA-FG-8187	TCGA-LGG	LGG	13	23	mutation_count_proxy_no_callable_territory
TCGA-FG-8188-01A	TCGA-FG-8188	TCGA-LGG	LGG	28	42	mutation_count_proxy_no_callable_territory
TCGA-FG-8189-01B	TCGA-FG-8189	TCGA-LGG	LGG	8	11	mutation_count_proxy_no_callable_territory
TCGA-FG-8191-01A	TCGA-FG-8191	TCGA-LGG	LGG	23	33	mutation_count_proxy_no_callable_territory
TCGA-FG-A4MT-01A	TCGA-FG-A4MT	TCGA-LGG	LGG	17	21	mutation_count_proxy_no_callable_territory
TCGA-FG-A4MT-02A	TCGA-FG-A4MT	TCGA-LGG	LGG	19	22	mutation_count_proxy_no_callable_territory
TCGA-FG-A4MU-01B	TCGA-FG-A4MU	TCGA-LGG	LGG	51	78	mutation_count_proxy_no_callable_territory
TCGA-FG-A4MW-01A	TCGA-FG-A4MW	TCGA-LGG	LGG	60	101	mutation_count_proxy_no_callable_territory
TCGA-FG-A4MX-01A	TCGA-FG-A4MX	TCGA-LGG	LGG	24	29	mutation_count_proxy_no_callable_territory
TCGA-FG-A4MY-01A	TCGA-FG-A4MY	TCGA-LGG	LGG	26	36	mutation_count_proxy_no_callable_territory
TCGA-FG-A60J-01A	TCGA-FG-A60J	TCGA-LGG	LGG	36	48	mutation_count_proxy_no_callable_territory
TCGA-FG-A60K-01A	TCGA-FG-A60K	TCGA-LGG	LGG	23	28	mutation_count_proxy_no_callable_territory
TCGA-FG-A60L-01A	TCGA-FG-A60L	TCGA-LGG	LGG	24	32	mutation_count_proxy_no_callable_territory
TCGA-FG-A6IZ-01A	TCGA-FG-A6IZ	TCGA-LGG	LGG	56	82	mutation_count_proxy_no_callable_territory
TCGA-FG-A6J1-01A	TCGA-FG-A6J1	TCGA-LGG	LGG	22	39	mutation_count_proxy_no_callable_territory
TCGA-FG-A6J3-01A	TCGA-FG-A6J3	TCGA-LGG	LGG	68	99	mutation_count_proxy_no_callable_territory
TCGA-FG-A70Y-01A	TCGA-FG-A70Y	TCGA-LGG	LGG	16	24	mutation_count_proxy_no_callable_territory
TCGA-FG-A70Z-01A	TCGA-FG-A70Z	TCGA-LGG	LGG	47	81	mutation_count_proxy_no_callable_territory
TCGA-FG-A710-01A	TCGA-FG-A710	TCGA-LGG	LGG	33	52	mutation_count_proxy_no_callable_territory
TCGA-FG-A711-01A	TCGA-FG-A711	TCGA-LGG	LGG	36	56	mutation_count_proxy_no_callable_territory
TCGA-FG-A713-01A	TCGA-FG-A713	TCGA-LGG	LGG	25	40	mutation_count_proxy_no_callable_territory
TCGA-FG-A87N-01A	TCGA-FG-A87N	TCGA-LGG	LGG	26	39	mutation_count_proxy_no_callable_territory
TCGA-FG-A87Q-01A	TCGA-FG-A87Q	TCGA-LGG	LGG	55	82	mutation_count_proxy_no_callable_territory
TCGA-FN-7833-01A	TCGA-FN-7833	TCGA-LGG	LGG	21	26	mutation_count_proxy_no_callable_territory
TCGA-HT-7467-01A	TCGA-HT-7467	TCGA-LGG	LGG	30	39	mutation_count_proxy_no_callable_territory
TCGA-HT-7468-01A	TCGA-HT-7468	TCGA-LGG	LGG	15	18	mutation_count_proxy_no_callable_territory
TCGA-HT-7469-01A	TCGA-HT-7469	TCGA-LGG	LGG	28	51	mutation_count_proxy_no_callable_territory
TCGA-HT-7470-01A	TCGA-HT-7470	TCGA-LGG	LGG	39	52	mutation_count_proxy_no_callable_territory
TCGA-HT-7471-01A	TCGA-HT-7471	TCGA-LGG	LGG	16	26	mutation_count_proxy_no_callable_territory
TCGA-HT-7472-01A	TCGA-HT-7472	TCGA-LGG	LGG	17	30	mutation_count_proxy_no_callable_territory
TCGA-HT-7473-01A	TCGA-HT-7473	TCGA-LGG	LGG	18	26	mutation_count_proxy_no_callable_territory
TCGA-HT-7474-01A	TCGA-HT-7474	TCGA-LGG	LGG	22	35	mutation_count_proxy_no_callable_territory
TCGA-HT-7475-01A	TCGA-HT-7475	TCGA-LGG	LGG	48	70	mutation_count_proxy_no_callable_territory
TCGA-HT-7476-01A	TCGA-HT-7476	TCGA-LGG	LGG	36	51	mutation_count_proxy_no_callable_territory
TCGA-HT-7477-01B	TCGA-HT-7477	TCGA-LGG	LGG	39	60	mutation_count_proxy_no_callable_territory
TCGA-HT-7478-01A	TCGA-HT-7478	TCGA-LGG	LGG	25	34	mutation_count_proxy_no_callable_territory
TCGA-HT-7479-01A	TCGA-HT-7479	TCGA-LGG	LGG	22	39	mutation_count_proxy_no_callable_territory
TCGA-HT-7480-01A	TCGA-HT-7480	TCGA-LGG	LGG	25	39	mutation_count_proxy_no_callable_territory
TCGA-HT-7481-01A	TCGA-HT-7481	TCGA-LGG	LGG	30	35	mutation_count_proxy_no_callable_territory
TCGA-HT-7482-01A	TCGA-HT-7482	TCGA-LGG	LGG	14	24	mutation_count_proxy_no_callable_territory
TCGA-HT-7483-01A	TCGA-HT-7483	TCGA-LGG	LGG	18	22	mutation_count_proxy_no_callable_territory
TCGA-HT-7485-01A	TCGA-HT-7485	TCGA-LGG	LGG	13	19	mutation_count_proxy_no_callable_territory
TCGA-HT-7601-01A	TCGA-HT-7601	TCGA-LGG	LGG	23	32	mutation_count_proxy_no_callable_territory
TCGA-HT-7602-01A	TCGA-HT-7602	TCGA-LGG	LGG	11	14	mutation_count_proxy_no_callable_territory
TCGA-HT-7603-01A	TCGA-HT-7603	TCGA-LGG	LGG	27	38	mutation_count_proxy_no_callable_territory
TCGA-HT-7604-01A	TCGA-HT-7604	TCGA-LGG	LGG	39	56	mutation_count_proxy_no_callable_territory
TCGA-HT-7605-01A	TCGA-HT-7605	TCGA-LGG	LGG	27	39	mutation_count_proxy_no_callable_territory
TCGA-HT-7606-01A	TCGA-HT-7606	TCGA-LGG	LGG	24	41	mutation_count_proxy_no_callable_territory
TCGA-HT-7607-01A	TCGA-HT-7607	TCGA-LGG	LGG	29	39	mutation_count_proxy_no_callable_territory
TCGA-HT-7608-01A	TCGA-HT-7608	TCGA-LGG	LGG	19	31	mutation_count_proxy_no_callable_territory
TCGA-HT-7609-01A	TCGA-HT-7609	TCGA-LGG	LGG	25	36	mutation_count_proxy_no_callable_territory
TCGA-HT-7610-01A	TCGA-HT-7610	TCGA-LGG	LGG	15	22	mutation_count_proxy_no_callable_territory
TCGA-HT-7611-01A	TCGA-HT-7611	TCGA-LGG	LGG	28	41	mutation_count_proxy_no_callable_territory
TCGA-HT-7616-01A	TCGA-HT-7616	TCGA-LGG	LGG	42	60	mutation_count_proxy_no_callable_territory
TCGA-HT-7620-01A	TCGA-HT-7620	TCGA-LGG	LGG	18	23	mutation_count_proxy_no_callable_territory
TCGA-HT-7676-01A	TCGA-HT-7676	TCGA-LGG	LGG	13	21	mutation_count_proxy_no_callable_territory
TCGA-HT-7677-01A	TCGA-HT-7677	TCGA-LGG	LGG	37	54	mutation_count_proxy_no_callable_territory
TCGA-HT-7680-01A	TCGA-HT-7680	TCGA-LGG	LGG	2	4	mutation_count_proxy_no_callable_territory
TCGA-HT-7681-01A	TCGA-HT-7681	TCGA-LGG	LGG	11	19	mutation_count_proxy_no_callable_territory
TCGA-HT-7684-01A	TCGA-HT-7684	TCGA-LGG	LGG	35	48	mutation_count_proxy_no_callable_territory
TCGA-HT-7686-01A	TCGA-HT-7686	TCGA-LGG	LGG	19	27	mutation_count_proxy_no_callable_territory
TCGA-HT-7687-01A	TCGA-HT-7687	TCGA-LGG	LGG	38	61	mutation_count_proxy_no_callable_territory
TCGA-HT-7688-01A	TCGA-HT-7688	TCGA-LGG	LGG	82	113	mutation_count_proxy_no_callable_territory
TCGA-HT-7689-01A	TCGA-HT-7689	TCGA-LGG	LGG	48	68	mutation_count_proxy_no_callable_territory
TCGA-HT-7690-01A	TCGA-HT-7690	TCGA-LGG	LGG	21	27	mutation_count_proxy_no_callable_territory
TCGA-HT-7691-01A	TCGA-HT-7691	TCGA-LGG	LGG	5	9	mutation_count_proxy_no_callable_territory
TCGA-HT-7692-01A	TCGA-HT-7692	TCGA-LGG	LGG	21	34	mutation_count_proxy_no_callable_territory
TCGA-HT-7693-01A	TCGA-HT-7693	TCGA-LGG	LGG	33	51	mutation_count_proxy_no_callable_territory
TCGA-HT-7694-01A	TCGA-HT-7694	TCGA-LGG	LGG	32	47	mutation_count_proxy_no_callable_territory
TCGA-HT-7695-01A	TCGA-HT-7695	TCGA-LGG	LGG	14	31	mutation_count_proxy_no_callable_territory
TCGA-HT-7854-01A	TCGA-HT-7854	TCGA-LGG	LGG	23	33	mutation_count_proxy_no_callable_territory
TCGA-HT-7855-01A	TCGA-HT-7855	TCGA-LGG	LGG	35	53	mutation_count_proxy_no_callable_territory
TCGA-HT-7856-01A	TCGA-HT-7856	TCGA-LGG	LGG	10	18	mutation_count_proxy_no_callable_territory
TCGA-HT-7857-01A	TCGA-HT-7857	TCGA-LGG	LGG	15	25	mutation_count_proxy_no_callable_territory
TCGA-HT-7858-01A	TCGA-HT-7858	TCGA-LGG	LGG	17	27	mutation_count_proxy_no_callable_territory
TCGA-HT-7860-01A	TCGA-HT-7860	TCGA-LGG	LGG	62	105	mutation_count_proxy_no_callable_territory
TCGA-HT-7873-01B	TCGA-HT-7873	TCGA-LGG	LGG	25	37	mutation_count_proxy_no_callable_territory
TCGA-HT-7874-01A	TCGA-HT-7874	TCGA-LGG	LGG	23	30	mutation_count_proxy_no_callable_territory
TCGA-HT-7875-01A	TCGA-HT-7875	TCGA-LGG	LGG	34	48	mutation_count_proxy_no_callable_territory
TCGA-HT-7877-01A	TCGA-HT-7877	TCGA-LGG	LGG	11	20	mutation_count_proxy_no_callable_territory
TCGA-HT-7879-01A	TCGA-HT-7879	TCGA-LGG	LGG	16	23	mutation_count_proxy_no_callable_territory
TCGA-HT-7880-01A	TCGA-HT-7880	TCGA-LGG	LGG	8	11	mutation_count_proxy_no_callable_territory
TCGA-HT-7881-01A	TCGA-HT-7881	TCGA-LGG	LGG	10	23	mutation_count_proxy_no_callable_territory
TCGA-HT-7882-01A	TCGA-HT-7882	TCGA-LGG	LGG	44	66	mutation_count_proxy_no_callable_territory
TCGA-HT-7884-01B	TCGA-HT-7884	TCGA-LGG	LGG	36	51	mutation_count_proxy_no_callable_territory
TCGA-HT-7902-01A	TCGA-HT-7902	TCGA-LGG	LGG	28	34	mutation_count_proxy_no_callable_territory
TCGA-HT-8010-01A	TCGA-HT-8010	TCGA-LGG	LGG	11	17	mutation_count_proxy_no_callable_territory
TCGA-HT-8011-01A	TCGA-HT-8011	TCGA-LGG	LGG	37	58	mutation_count_proxy_no_callable_territory
TCGA-HT-8012-01A	TCGA-HT-8012	TCGA-LGG	LGG	21	33	mutation_count_proxy_no_callable_territory
TCGA-HT-8013-01A	TCGA-HT-8013	TCGA-LGG	LGG	28	33	mutation_count_proxy_no_callable_territory
TCGA-HT-8015-01B	TCGA-HT-8015	TCGA-LGG	LGG	3	3	mutation_count_proxy_no_callable_territory
TCGA-HT-8018-01A	TCGA-HT-8018	TCGA-LGG	LGG	21	26	mutation_count_proxy_no_callable_territory
TCGA-HT-8104-01A	TCGA-HT-8104	TCGA-LGG	LGG	54	85	mutation_count_proxy_no_callable_territory
TCGA-HT-8105-01A	TCGA-HT-8105	TCGA-LGG	LGG	47	63	mutation_count_proxy_no_callable_territory
TCGA-HT-8106-01A	TCGA-HT-8106	TCGA-LGG	LGG	28	44	mutation_count_proxy_no_callable_territory
TCGA-HT-8107-01A	TCGA-HT-8107	TCGA-LGG	LGG	1	3	mutation_count_proxy_no_callable_territory
TCGA-HT-8108-01A	TCGA-HT-8108	TCGA-LGG	LGG	16	28	mutation_count_proxy_no_callable_territory
TCGA-HT-8109-01A	TCGA-HT-8109	TCGA-LGG	LGG	33	51	mutation_count_proxy_no_callable_territory
TCGA-HT-8110-01A	TCGA-HT-8110	TCGA-LGG	LGG	30	49	mutation_count_proxy_no_callable_territory
TCGA-HT-8111-01A	TCGA-HT-8111	TCGA-LGG	LGG	15	19	mutation_count_proxy_no_callable_territory
TCGA-HT-8113-01A	TCGA-HT-8113	TCGA-LGG	LGG	18	30	mutation_count_proxy_no_callable_territory
TCGA-HT-8114-01A	TCGA-HT-8114	TCGA-LGG	LGG	17	24	mutation_count_proxy_no_callable_territory
TCGA-HT-8558-01A	TCGA-HT-8558	TCGA-LGG	LGG	2	2	mutation_count_proxy_no_callable_territory
TCGA-HT-8563-01A	TCGA-HT-8563	TCGA-LGG	LGG	22	40	mutation_count_proxy_no_callable_territory
TCGA-HT-8564-01A	TCGA-HT-8564	TCGA-LGG	LGG	451	732	mutation_count_proxy_no_callable_territory
TCGA-HT-A4DS-01A	TCGA-HT-A4DS	TCGA-LGG	LGG	32	46	mutation_count_proxy_no_callable_territory
TCGA-HT-A4DV-01A	TCGA-HT-A4DV	TCGA-LGG	LGG	13	23	mutation_count_proxy_no_callable_territory
TCGA-HT-A5R5-01A	TCGA-HT-A5R5	TCGA-LGG	LGG	29	38	mutation_count_proxy_no_callable_territory
TCGA-HT-A5R7-01A	TCGA-HT-A5R7	TCGA-LGG	LGG	30	41	mutation_count_proxy_no_callable_territory
TCGA-HT-A5R9-01A	TCGA-HT-A5R9	TCGA-LGG	LGG	39	55	mutation_count_proxy_no_callable_territory
TCGA-HT-A5RA-01A	TCGA-HT-A5RA	TCGA-LGG	LGG	41	69	mutation_count_proxy_no_callable_territory
TCGA-HT-A5RB-01A	TCGA-HT-A5RB	TCGA-LGG	LGG	19	28	mutation_count_proxy_no_callable_territory
TCGA-HT-A5RC-01A	TCGA-HT-A5RC	TCGA-LGG	LGG	47	71	mutation_count_proxy_no_callable_territory
TCGA-HT-A614-01A	TCGA-HT-A614	TCGA-LGG	LGG	34	50	mutation_count_proxy_no_callable_territory
TCGA-HT-A615-01A	TCGA-HT-A615	TCGA-LGG	LGG	30	40	mutation_count_proxy_no_callable_territory
TCGA-HT-A616-01A	TCGA-HT-A616	TCGA-LGG	LGG	22	34	mutation_count_proxy_no_callable_territory
TCGA-HT-A617-01A	TCGA-HT-A617	TCGA-LGG	LGG	19	30	mutation_count_proxy_no_callable_territory
TCGA-HT-A618-01A	TCGA-HT-A618	TCGA-LGG	LGG	20	35	mutation_count_proxy_no_callable_territory
TCGA-HT-A619-01A	TCGA-HT-A619	TCGA-LGG	LGG	46	69	mutation_count_proxy_no_callable_territory
TCGA-HT-A61A-01A	TCGA-HT-A61A	TCGA-LGG	LGG	7	8	mutation_count_proxy_no_callable_territory
TCGA-HT-A61B-01A	TCGA-HT-A61B	TCGA-LGG	LGG	40	48	mutation_count_proxy_no_callable_territory
TCGA-HT-A61C-01A	TCGA-HT-A61C	TCGA-LGG	LGG	38	50	mutation_count_proxy_no_callable_territory
TCGA-HT-A74H-01A	TCGA-HT-A74H	TCGA-LGG	LGG	45	66	mutation_count_proxy_no_callable_territory
TCGA-HT-A74J-01A	TCGA-HT-A74J	TCGA-LGG	LGG	26	30	mutation_count_proxy_no_callable_territory
TCGA-HT-A74K-01A	TCGA-HT-A74K	TCGA-LGG	LGG	29	40	mutation_count_proxy_no_callable_territory
TCGA-HT-A74L-01A	TCGA-HT-A74L	TCGA-LGG	LGG	13	18	mutation_count_proxy_no_callable_territory
TCGA-HT-A74O-01A	TCGA-HT-A74O	TCGA-LGG	LGG	19	28	mutation_count_proxy_no_callable_territory
TCGA-HW-7486-01A	TCGA-HW-7486	TCGA-LGG	LGG	10	20	mutation_count_proxy_no_callable_territory
TCGA-HW-7487-01A	TCGA-HW-7487	TCGA-LGG	LGG	14	24	mutation_count_proxy_no_callable_territory
TCGA-HW-7489-01A	TCGA-HW-7489	TCGA-LGG	LGG	20	30	mutation_count_proxy_no_callable_territory
TCGA-HW-7490-01A	TCGA-HW-7490	TCGA-LGG	LGG	104	144	mutation_count_proxy_no_callable_territory
TCGA-HW-7491-01A	TCGA-HW-7491	TCGA-LGG	LGG	16	25	mutation_count_proxy_no_callable_territory
TCGA-HW-7495-01A	TCGA-HW-7495	TCGA-LGG	LGG	18	24	mutation_count_proxy_no_callable_territory
TCGA-HW-8319-01A	TCGA-HW-8319	TCGA-LGG	LGG	25	40	mutation_count_proxy_no_callable_territory
TCGA-HW-8320-01A	TCGA-HW-8320	TCGA-LGG	LGG	25	40	mutation_count_proxy_no_callable_territory
TCGA-HW-8321-01A	TCGA-HW-8321	TCGA-LGG	LGG	31	45	mutation_count_proxy_no_callable_territory
TCGA-HW-8322-01A	TCGA-HW-8322	TCGA-LGG	LGG	24	31	mutation_count_proxy_no_callable_territory
TCGA-HW-A5KJ-01A	TCGA-HW-A5KJ	TCGA-LGG	LGG	43	53	mutation_count_proxy_no_callable_territory
TCGA-HW-A5KK-01A	TCGA-HW-A5KK	TCGA-LGG	LGG	36	51	mutation_count_proxy_no_callable_territory
TCGA-HW-A5KL-01A	TCGA-HW-A5KL	TCGA-LGG	LGG	21	24	mutation_count_proxy_no_callable_territory
TCGA-HW-A5KM-01A	TCGA-HW-A5KM	TCGA-LGG	LGG	18	26	mutation_count_proxy_no_callable_territory
TCGA-IK-7675-01A	TCGA-IK-7675	TCGA-LGG	LGG	39	50	mutation_count_proxy_no_callable_territory
TCGA-IK-8125-01A	TCGA-IK-8125	TCGA-LGG	LGG	48	68	mutation_count_proxy_no_callable_territory
TCGA-KT-A74X-01A	TCGA-KT-A74X	TCGA-LGG	LGG	8	16	mutation_count_proxy_no_callable_territory
TCGA-KT-A7W1-01A	TCGA-KT-A7W1	TCGA-LGG	LGG	38	60	mutation_count_proxy_no_callable_territory
TCGA-P5-A5ET-01A	TCGA-P5-A5ET	TCGA-LGG	LGG	23	32	mutation_count_proxy_no_callable_territory
TCGA-P5-A5EU-01A	TCGA-P5-A5EU	TCGA-LGG	LGG	24	35	mutation_count_proxy_no_callable_territory
TCGA-P5-A5EV-01A	TCGA-P5-A5EV	TCGA-LGG	LGG	84	120	mutation_count_proxy_no_callable_territory
TCGA-P5-A5EW-01A	TCGA-P5-A5EW	TCGA-LGG	LGG	17	26	mutation_count_proxy_no_callable_territory
TCGA-P5-A5EX-01A	TCGA-P5-A5EX	TCGA-LGG	LGG	21	31	mutation_count_proxy_no_callable_territory
TCGA-P5-A5EY-01A	TCGA-P5-A5EY	TCGA-LGG	LGG	1	2	mutation_count_proxy_no_callable_territory
TCGA-P5-A5EZ-01A	TCGA-P5-A5EZ	TCGA-LGG	LGG	36	53	mutation_count_proxy_no_callable_territory
TCGA-P5-A5F0-01A	TCGA-P5-A5F0	TCGA-LGG	LGG	31	39	mutation_count_proxy_no_callable_territory
TCGA-P5-A5F1-01A	TCGA-P5-A5F1	TCGA-LGG	LGG	17	30	mutation_count_proxy_no_callable_territory
TCGA-P5-A5F2-01A	TCGA-P5-A5F2	TCGA-LGG	LGG	28	37	mutation_count_proxy_no_callable_territory
TCGA-P5-A5F4-01A	TCGA-P5-A5F4	TCGA-LGG	LGG	30	43	mutation_count_proxy_no_callable_territory
TCGA-P5-A5F6-01A	TCGA-P5-A5F6	TCGA-LGG	LGG	1	4	mutation_count_proxy_no_callable_territory
TCGA-P5-A72U-01A	TCGA-P5-A72U	TCGA-LGG	LGG	48	73	mutation_count_proxy_no_callable_territory
TCGA-P5-A72W-01A	TCGA-P5-A72W	TCGA-LGG	LGG	36	44	mutation_count_proxy_no_callable_territory
TCGA-P5-A72X-01A	TCGA-P5-A72X	TCGA-LGG	LGG	12	13	mutation_count_proxy_no_callable_territory
TCGA-P5-A72Z-01A	TCGA-P5-A72Z	TCGA-LGG	LGG	27	38	mutation_count_proxy_no_callable_territory
TCGA-P5-A730-01A	TCGA-P5-A730	TCGA-LGG	LGG	21	25	mutation_count_proxy_no_callable_territory
TCGA-P5-A731-01A	TCGA-P5-A731	TCGA-LGG	LGG	22	30	mutation_count_proxy_no_callable_territory
TCGA-P5-A733-01A	TCGA-P5-A733	TCGA-LGG	LGG	36	51	mutation_count_proxy_no_callable_territory
TCGA-P5-A735-01A	TCGA-P5-A735	TCGA-LGG	LGG	24	30	mutation_count_proxy_no_callable_territory
TCGA-P5-A736-01A	TCGA-P5-A736	TCGA-LGG	LGG	26	35	mutation_count_proxy_no_callable_territory
TCGA-P5-A737-01A	TCGA-P5-A737	TCGA-LGG	LGG	22	31	mutation_count_proxy_no_callable_territory
TCGA-P5-A77W-01A	TCGA-P5-A77W	TCGA-LGG	LGG	28	39	mutation_count_proxy_no_callable_territory
TCGA-P5-A77X-01A	TCGA-P5-A77X	TCGA-LGG	LGG	27	42	mutation_count_proxy_no_callable_territory
TCGA-P5-A780-01A	TCGA-P5-A780	TCGA-LGG	LGG	43	69	mutation_count_proxy_no_callable_territory
TCGA-P5-A781-01A	TCGA-P5-A781	TCGA-LGG	LGG	14	23	mutation_count_proxy_no_callable_territory
TCGA-QH-A65R-01A	TCGA-QH-A65R	TCGA-LGG	LGG	34	41	mutation_count_proxy_no_callable_territory
TCGA-QH-A65S-01A	TCGA-QH-A65S	TCGA-LGG	LGG	18	24	mutation_count_proxy_no_callable_territory
TCGA-QH-A65V-01A	TCGA-QH-A65V	TCGA-LGG	LGG	20	31	mutation_count_proxy_no_callable_territory
TCGA-QH-A65X-01A	TCGA-QH-A65X	TCGA-LGG	LGG	22	33	mutation_count_proxy_no_callable_territory
TCGA-QH-A65Z-01A	TCGA-QH-A65Z	TCGA-LGG	LGG	27	39	mutation_count_proxy_no_callable_territory
TCGA-QH-A6CS-01A	TCGA-QH-A6CS	TCGA-LGG	LGG	18	27	mutation_count_proxy_no_callable_territory
TCGA-QH-A6CU-01A	TCGA-QH-A6CU	TCGA-LGG	LGG	13	16	mutation_count_proxy_no_callable_territory
TCGA-QH-A6CV-01A	TCGA-QH-A6CV	TCGA-LGG	LGG	48	78	mutation_count_proxy_no_callable_territory
TCGA-QH-A6CW-01A	TCGA-QH-A6CW	TCGA-LGG	LGG	44	54	mutation_count_proxy_no_callable_territory
TCGA-QH-A6CX-01A	TCGA-QH-A6CX	TCGA-LGG	LGG	31	48	mutation_count_proxy_no_callable_territory
TCGA-QH-A6CY-01A	TCGA-QH-A6CY	TCGA-LGG	LGG	15	22	mutation_count_proxy_no_callable_territory
TCGA-QH-A6CZ-01A	TCGA-QH-A6CZ	TCGA-LGG	LGG	33	46	mutation_count_proxy_no_callable_territory
TCGA-QH-A6X3-01A	TCGA-QH-A6X3	TCGA-LGG	LGG	23	29	mutation_count_proxy_no_callable_territory
TCGA-QH-A6X4-01A	TCGA-QH-A6X4	TCGA-LGG	LGG	23	34	mutation_count_proxy_no_callable_territory
TCGA-QH-A6X5-01A	TCGA-QH-A6X5	TCGA-LGG	LGG	24	34	mutation_count_proxy_no_callable_territory
TCGA-QH-A6X8-01A	TCGA-QH-A6X8	TCGA-LGG	LGG	24	39	mutation_count_proxy_no_callable_territory
TCGA-QH-A6X9-01A	TCGA-QH-A6X9	TCGA-LGG	LGG	45	66	mutation_count_proxy_no_callable_territory
TCGA-QH-A6XA-01A	TCGA-QH-A6XA	TCGA-LGG	LGG	9	15	mutation_count_proxy_no_callable_territory
TCGA-QH-A6XC-01A	TCGA-QH-A6XC	TCGA-LGG	LGG	41	65	mutation_count_proxy_no_callable_territory
TCGA-QH-A86X-01A	TCGA-QH-A86X	TCGA-LGG	LGG	18	23	mutation_count_proxy_no_callable_territory
TCGA-QH-A870-01A	TCGA-QH-A870	TCGA-LGG	LGG	20	27	mutation_count_proxy_no_callable_territory
TCGA-R8-A6MK-01A	TCGA-R8-A6MK	TCGA-LGG	LGG	25	37	mutation_count_proxy_no_callable_territory
TCGA-R8-A6ML-01A	TCGA-R8-A6ML	TCGA-LGG	LGG	18	23	mutation_count_proxy_no_callable_territory
TCGA-R8-A6MO-01A	TCGA-R8-A6MO	TCGA-LGG	LGG	26	43	mutation_count_proxy_no_callable_territory
TCGA-R8-A6YH-01A	TCGA-R8-A6YH	TCGA-LGG	LGG	8	14	mutation_count_proxy_no_callable_territory
TCGA-R8-A73M-01A	TCGA-R8-A73M	TCGA-LGG	LGG	25	37	mutation_count_proxy_no_callable_territory
TCGA-RY-A83X-01A	TCGA-RY-A83X	TCGA-LGG	LGG	14	27	mutation_count_proxy_no_callable_territory
TCGA-RY-A83Y-01A	TCGA-RY-A83Y	TCGA-LGG	LGG	31	42	mutation_count_proxy_no_callable_territory
TCGA-RY-A83Z-01A	TCGA-RY-A83Z	TCGA-LGG	LGG	46	66	mutation_count_proxy_no_callable_territory
TCGA-RY-A840-01A	TCGA-RY-A840	TCGA-LGG	LGG	12	23	mutation_count_proxy_no_callable_territory
TCGA-RY-A843-01A	TCGA-RY-A843	TCGA-LGG	LGG	20	27	mutation_count_proxy_no_callable_territory
TCGA-RY-A845-01A	TCGA-RY-A845	TCGA-LGG	LGG	24	33	mutation_count_proxy_no_callable_territory
TCGA-RY-A847-01A	TCGA-RY-A847	TCGA-LGG	LGG	15	22	mutation_count_proxy_no_callable_territory
TCGA-S9-A6TS-01A	TCGA-S9-A6TS	TCGA-LGG	LGG	65	88	mutation_count_proxy_no_callable_territory
TCGA-S9-A6TU-01A	TCGA-S9-A6TU	TCGA-LGG	LGG	16	27	mutation_count_proxy_no_callable_territory
TCGA-S9-A6TV-01A	TCGA-S9-A6TV	TCGA-LGG	LGG	32	39	mutation_count_proxy_no_callable_territory
TCGA-S9-A6TW-01A	TCGA-S9-A6TW	TCGA-LGG	LGG	31	41	mutation_count_proxy_no_callable_territory
TCGA-S9-A6TX-01A	TCGA-S9-A6TX	TCGA-LGG	LGG	35	46	mutation_count_proxy_no_callable_territory
TCGA-S9-A6TY-01A	TCGA-S9-A6TY	TCGA-LGG	LGG	17	28	mutation_count_proxy_no_callable_territory
TCGA-S9-A6TZ-01A	TCGA-S9-A6TZ	TCGA-LGG	LGG	26	45	mutation_count_proxy_no_callable_territory
TCGA-S9-A6U0-01A	TCGA-S9-A6U0	TCGA-LGG	LGG	35	47	mutation_count_proxy_no_callable_territory
TCGA-S9-A6U1-01A	TCGA-S9-A6U1	TCGA-LGG	LGG	16	29	mutation_count_proxy_no_callable_territory
TCGA-S9-A6U2-01A	TCGA-S9-A6U2	TCGA-LGG	LGG	23	32	mutation_count_proxy_no_callable_territory
TCGA-S9-A6U5-01A	TCGA-S9-A6U5	TCGA-LGG	LGG	19	28	mutation_count_proxy_no_callable_territory
TCGA-S9-A6U6-01A	TCGA-S9-A6U6	TCGA-LGG	LGG	35	45	mutation_count_proxy_no_callable_territory
TCGA-S9-A6U8-01A	TCGA-S9-A6U8	TCGA-LGG	LGG	18	24	mutation_count_proxy_no_callable_territory
TCGA-S9-A6U9-01A	TCGA-S9-A6U9	TCGA-LGG	LGG	18	30	mutation_count_proxy_no_callable_territory
TCGA-S9-A6UA-01A	TCGA-S9-A6UA	TCGA-LGG	LGG	36	51	mutation_count_proxy_no_callable_territory
TCGA-S9-A6UB-01A	TCGA-S9-A6UB	TCGA-LGG	LGG	22	36	mutation_count_proxy_no_callable_territory
TCGA-S9-A6WD-01A	TCGA-S9-A6WD	TCGA-LGG	LGG	22	46	mutation_count_proxy_no_callable_territory
TCGA-S9-A6WE-01A	TCGA-S9-A6WE	TCGA-LGG	LGG	10	16	mutation_count_proxy_no_callable_territory
TCGA-S9-A6WG-01A	TCGA-S9-A6WG	TCGA-LGG	LGG	22	28	mutation_count_proxy_no_callable_territory
TCGA-S9-A6WH-01A	TCGA-S9-A6WH	TCGA-LGG	LGG	73	103	mutation_count_proxy_no_callable_territory
TCGA-S9-A6WI-01A	TCGA-S9-A6WI	TCGA-LGG	LGG	22	33	mutation_count_proxy_no_callable_territory
TCGA-S9-A6WL-01A	TCGA-S9-A6WL	TCGA-LGG	LGG	57	73	mutation_count_proxy_no_callable_territory
TCGA-S9-A6WM-01A	TCGA-S9-A6WM	TCGA-LGG	LGG	55	73	mutation_count_proxy_no_callable_territory
TCGA-S9-A6WN-01A	TCGA-S9-A6WN	TCGA-LGG	LGG	32	44	mutation_count_proxy_no_callable_territory
TCGA-S9-A6WO-01A	TCGA-S9-A6WO	TCGA-LGG	LGG	29	36	mutation_count_proxy_no_callable_territory
TCGA-S9-A6WP-01A	TCGA-S9-A6WP	TCGA-LGG	LGG	33	46	mutation_count_proxy_no_callable_territory
TCGA-S9-A6WQ-01A	TCGA-S9-A6WQ	TCGA-LGG	LGG	36	49	mutation_count_proxy_no_callable_territory
TCGA-S9-A7IQ-01A	TCGA-S9-A7IQ	TCGA-LGG	LGG	16	20	mutation_count_proxy_no_callable_territory
TCGA-S9-A7IS-01A	TCGA-S9-A7IS	TCGA-LGG	LGG	47	64	mutation_count_proxy_no_callable_territory
TCGA-S9-A7IX-01A	TCGA-S9-A7IX	TCGA-LGG	LGG	27	38	mutation_count_proxy_no_callable_territory
TCGA-S9-A7IY-01A	TCGA-S9-A7IY	TCGA-LGG	LGG	25	31	mutation_count_proxy_no_callable_territory
TCGA-S9-A7IZ-01A	TCGA-S9-A7IZ	TCGA-LGG	LGG	28	45	mutation_count_proxy_no_callable_territory
TCGA-S9-A7J0-01A	TCGA-S9-A7J0	TCGA-LGG	LGG	35	52	mutation_count_proxy_no_callable_territory
TCGA-S9-A7J1-01A	TCGA-S9-A7J1	TCGA-LGG	LGG	24	29	mutation_count_proxy_no_callable_territory
TCGA-S9-A7J2-01A	TCGA-S9-A7J2	TCGA-LGG	LGG	9	13	mutation_count_proxy_no_callable_territory
TCGA-S9-A7J3-01A	TCGA-S9-A7J3	TCGA-LGG	LGG	26	36	mutation_count_proxy_no_callable_territory
TCGA-S9-A7QW-01A	TCGA-S9-A7QW	TCGA-LGG	LGG	29	48	mutation_count_proxy_no_callable_territory
TCGA-S9-A7QX-01A	TCGA-S9-A7QX	TCGA-LGG	LGG	25	33	mutation_count_proxy_no_callable_territory
TCGA-S9-A7QY-01A	TCGA-S9-A7QY	TCGA-LGG	LGG	35	57	mutation_count_proxy_no_callable_territory
TCGA-S9-A7QZ-01A	TCGA-S9-A7QZ	TCGA-LGG	LGG	58	71	mutation_count_proxy_no_callable_territory
TCGA-S9-A7R1-01A	TCGA-S9-A7R1	TCGA-LGG	LGG	20	21	mutation_count_proxy_no_callable_territory
TCGA-S9-A7R2-01A	TCGA-S9-A7R2	TCGA-LGG	LGG	35	57	mutation_count_proxy_no_callable_territory
TCGA-S9-A7R3-01A	TCGA-S9-A7R3	TCGA-LGG	LGG	26	35	mutation_count_proxy_no_callable_territory
TCGA-S9-A7R4-01A	TCGA-S9-A7R4	TCGA-LGG	LGG	22	34	mutation_count_proxy_no_callable_territory
TCGA-S9-A7R7-01A	TCGA-S9-A7R7	TCGA-LGG	LGG	22	30	mutation_count_proxy_no_callable_territory
TCGA-S9-A7R8-01A	TCGA-S9-A7R8	TCGA-LGG	LGG	30	43	mutation_count_proxy_no_callable_territory
TCGA-S9-A89V-01A	TCGA-S9-A89V	TCGA-LGG	LGG	41	56	mutation_count_proxy_no_callable_territory
TCGA-S9-A89Z-01A	TCGA-S9-A89Z	TCGA-LGG	LGG	58	72	mutation_count_proxy_no_callable_territory
TCGA-TM-A7C3-01A	TCGA-TM-A7C3	TCGA-LGG	LGG	56	79	mutation_count_proxy_no_callable_territory
TCGA-TM-A7C4-01A	TCGA-TM-A7C4	TCGA-LGG	LGG	36	48	mutation_count_proxy_no_callable_territory
TCGA-TM-A7C5-01A	TCGA-TM-A7C5	TCGA-LGG	LGG	25	37	mutation_count_proxy_no_callable_territory
TCGA-TM-A7CA-01A	TCGA-TM-A7CA	TCGA-LGG	LGG	35	47	mutation_count_proxy_no_callable_territory
TCGA-TM-A7CF-01A	TCGA-TM-A7CF	TCGA-LGG	LGG	34	41	mutation_count_proxy_no_callable_territory
TCGA-TM-A7CF-02A	TCGA-TM-A7CF	TCGA-LGG	LGG	22	25	mutation_count_proxy_no_callable_territory
TCGA-TM-A84B-01A	TCGA-TM-A84B	TCGA-LGG	LGG	30	48	mutation_count_proxy_no_callable_territory
TCGA-TM-A84C-01A	TCGA-TM-A84C	TCGA-LGG	LGG	17	21	mutation_count_proxy_no_callable_territory
TCGA-TM-A84F-01A	TCGA-TM-A84F	TCGA-LGG	LGG	18	21	mutation_count_proxy_no_callable_territory
TCGA-TM-A84G-01A	TCGA-TM-A84G	TCGA-LGG	LGG	27	41	mutation_count_proxy_no_callable_territory
TCGA-TM-A84H-01A	TCGA-TM-A84H	TCGA-LGG	LGG	43	53	mutation_count_proxy_no_callable_territory
TCGA-TM-A84I-01A	TCGA-TM-A84I	TCGA-LGG	LGG	35	46	mutation_count_proxy_no_callable_territory
TCGA-TM-A84J-01A	TCGA-TM-A84J	TCGA-LGG	LGG	35	56	mutation_count_proxy_no_callable_territory
TCGA-TM-A84L-01A	TCGA-TM-A84L	TCGA-LGG	LGG	21	27	mutation_count_proxy_no_callable_territory
TCGA-TM-A84M-01A	TCGA-TM-A84M	TCGA-LGG	LGG	26	37	mutation_count_proxy_no_callable_territory
TCGA-TM-A84O-01A	TCGA-TM-A84O	TCGA-LGG	LGG	25	34	mutation_count_proxy_no_callable_territory
TCGA-TM-A84Q-01A	TCGA-TM-A84Q	TCGA-LGG	LGG	30	39	mutation_count_proxy_no_callable_territory
TCGA-TM-A84R-01A	TCGA-TM-A84R	TCGA-LGG	LGG	9	14	mutation_count_proxy_no_callable_territory
TCGA-TM-A84S-01A	TCGA-TM-A84S	TCGA-LGG	LGG	13	25	mutation_count_proxy_no_callable_territory
TCGA-TM-A84T-01A	TCGA-TM-A84T	TCGA-LGG	LGG	23	26	mutation_count_proxy_no_callable_territory
TCGA-TQ-A7RF-01A	TCGA-TQ-A7RF	TCGA-LGG	LGG	23	34	mutation_count_proxy_no_callable_territory
TCGA-TQ-A7RG-01A	TCGA-TQ-A7RG	TCGA-LGG	LGG	22	37	mutation_count_proxy_no_callable_territory
TCGA-TQ-A7RH-01A	TCGA-TQ-A7RH	TCGA-LGG	LGG	35	54	mutation_count_proxy_no_callable_territory
TCGA-TQ-A7RI-01A	TCGA-TQ-A7RI	TCGA-LGG	LGG	24	39	mutation_count_proxy_no_callable_territory
TCGA-TQ-A7RJ-01A	TCGA-TQ-A7RJ	TCGA-LGG	LGG	40	62	mutation_count_proxy_no_callable_territory
TCGA-TQ-A7RK-01A	TCGA-TQ-A7RK	TCGA-LGG	LGG	21	34	mutation_count_proxy_no_callable_territory
TCGA-TQ-A7RK-02A	TCGA-TQ-A7RK	TCGA-LGG	LGG	26	32	mutation_count_proxy_no_callable_territory
TCGA-TQ-A7RM-01A	TCGA-TQ-A7RM	TCGA-LGG	LGG	57	81	mutation_count_proxy_no_callable_territory
TCGA-TQ-A7RN-01A	TCGA-TQ-A7RN	TCGA-LGG	LGG	26	38	mutation_count_proxy_no_callable_territory
TCGA-TQ-A7RO-01A	TCGA-TQ-A7RO	TCGA-LGG	LGG	17	26	mutation_count_proxy_no_callable_territory
TCGA-TQ-A7RP-01A	TCGA-TQ-A7RP	TCGA-LGG	LGG	39	53	mutation_count_proxy_no_callable_territory
TCGA-TQ-A7RQ-01A	TCGA-TQ-A7RQ	TCGA-LGG	LGG	26	39	mutation_count_proxy_no_callable_territory
TCGA-TQ-A7RR-01A	TCGA-TQ-A7RR	TCGA-LGG	LGG	26	42	mutation_count_proxy_no_callable_territory
TCGA-TQ-A7RS-01A	TCGA-TQ-A7RS	TCGA-LGG	LGG	16	21	mutation_count_proxy_no_callable_territory
TCGA-TQ-A7RU-01A	TCGA-TQ-A7RU	TCGA-LGG	LGG	25	37	mutation_count_proxy_no_callable_territory
TCGA-TQ-A7RV-01A	TCGA-TQ-A7RV	TCGA-LGG	LGG	25	31	mutation_count_proxy_no_callable_territory
TCGA-TQ-A7RV-02A	TCGA-TQ-A7RV	TCGA-LGG	LGG	24	33	mutation_count_proxy_no_callable_territory
TCGA-TQ-A7RW-01A	TCGA-TQ-A7RW	TCGA-LGG	LGG	41	66	mutation_count_proxy_no_callable_territory
TCGA-TQ-A8XE-01A	TCGA-TQ-A8XE	TCGA-LGG	LGG	36	46	mutation_count_proxy_no_callable_territory
TCGA-TQ-A8XE-02A	TCGA-TQ-A8XE	TCGA-LGG	LGG	30	36	mutation_count_proxy_no_callable_territory
TCGA-VM-A8C8-01A	TCGA-VM-A8C8	TCGA-LGG	LGG	33	53	mutation_count_proxy_no_callable_territory
TCGA-VM-A8C9-01A	TCGA-VM-A8C9	TCGA-LGG	LGG	5	8	mutation_count_proxy_no_callable_territory
TCGA-VM-A8CA-01A	TCGA-VM-A8CA	TCGA-LGG	LGG	25	34	mutation_count_proxy_no_callable_territory
TCGA-VM-A8CB-01A	TCGA-VM-A8CB	TCGA-LGG	LGG	24	33	mutation_count_proxy_no_callable_territory
TCGA-VM-A8CD-01A	TCGA-VM-A8CD	TCGA-LGG	LGG	21	33	mutation_count_proxy_no_callable_territory
TCGA-VM-A8CE-01A	TCGA-VM-A8CE	TCGA-LGG	LGG	14	22	mutation_count_proxy_no_callable_territory
TCGA-VM-A8CF-01A	TCGA-VM-A8CF	TCGA-LGG	LGG	33	50	mutation_count_proxy_no_callable_territory
TCGA-VM-A8CH-01A	TCGA-VM-A8CH	TCGA-LGG	LGG	7	17	mutation_count_proxy_no_callable_territory
TCGA-VV-A829-01A	TCGA-VV-A829	TCGA-LGG	LGG	29	40	mutation_count_proxy_no_callable_territory
TCGA-VV-A86M-01A	TCGA-VV-A86M	TCGA-LGG	LGG	13	17	mutation_count_proxy_no_callable_territory
TCGA-VW-A7QS-01A	TCGA-VW-A7QS	TCGA-LGG	LGG	33	52	mutation_count_proxy_no_callable_territory
TCGA-VW-A8FI-01A	TCGA-VW-A8FI	TCGA-LGG	LGG	49	77	mutation_count_proxy_no_callable_territory
TCGA-W9-A837-01A	TCGA-W9-A837	TCGA-LGG	LGG	27	35	mutation_count_proxy_no_callable_territory
TCGA-WH-A86K-01A	TCGA-WH-A86K	TCGA-LGG	LGG	37	55	mutation_count_proxy_no_callable_territory
TCGA-WY-A858-01A	TCGA-WY-A858	TCGA-LGG	LGG	33	44	mutation_count_proxy_no_callable_territory
TCGA-WY-A859-01A	TCGA-WY-A859	TCGA-LGG	LGG	29	37	mutation_count_proxy_no_callable_territory
TCGA-WY-A85A-01A	TCGA-WY-A85A	TCGA-LGG	LGG	13	19	mutation_count_proxy_no_callable_territory
TCGA-WY-A85B-01A	TCGA-WY-A85B	TCGA-LGG	LGG	13	19	mutation_count_proxy_no_callable_territory
TCGA-WY-A85C-01A	TCGA-WY-A85C	TCGA-LGG	LGG	27	38	mutation_count_proxy_no_callable_territory
TCGA-WY-A85D-01A	TCGA-WY-A85D	TCGA-LGG	LGG	31	48	mutation_count_proxy_no_callable_territory
TCGA-WY-A85E-01A	TCGA-WY-A85E	TCGA-LGG	LGG	56	84	mutation_count_proxy_no_callable_territory
TCGA-2V-A95S-01A	TCGA-2V-A95S	TCGA-LIHC	LIHC	85	147	mutation_count_proxy_no_callable_territory
TCGA-2Y-A9GS-01A	TCGA-2Y-A9GS	TCGA-LIHC	LIHC	65	95	mutation_count_proxy_no_callable_territory
TCGA-2Y-A9GT-01A	TCGA-2Y-A9GT	TCGA-LIHC	LIHC	84	123	mutation_count_proxy_no_callable_territory
TCGA-2Y-A9GU-01A	TCGA-2Y-A9GU	TCGA-LIHC	LIHC	138	215	mutation_count_proxy_no_callable_territory
TCGA-2Y-A9GV-01A	TCGA-2Y-A9GV	TCGA-LIHC	LIHC	61	90	mutation_count_proxy_no_callable_territory
TCGA-2Y-A9GW-01A	TCGA-2Y-A9GW	TCGA-LIHC	LIHC	69	112	mutation_count_proxy_no_callable_territory
TCGA-2Y-A9GX-01A	TCGA-2Y-A9GX	TCGA-LIHC	LIHC	55	79	mutation_count_proxy_no_callable_territory
TCGA-2Y-A9GY-01A	TCGA-2Y-A9GY	TCGA-LIHC	LIHC	65	112	mutation_count_proxy_no_callable_territory
TCGA-2Y-A9GZ-01A	TCGA-2Y-A9GZ	TCGA-LIHC	LIHC	84	141	mutation_count_proxy_no_callable_territory
TCGA-2Y-A9H0-01A	TCGA-2Y-A9H0	TCGA-LIHC	LIHC	71	120	mutation_count_proxy_no_callable_territory
TCGA-2Y-A9H1-01A	TCGA-2Y-A9H1	TCGA-LIHC	LIHC	119	181	mutation_count_proxy_no_callable_territory
TCGA-2Y-A9H2-01A	TCGA-2Y-A9H2	TCGA-LIHC	LIHC	53	75	mutation_count_proxy_no_callable_territory
TCGA-2Y-A9H3-01A	TCGA-2Y-A9H3	TCGA-LIHC	LIHC	165	264	mutation_count_proxy_no_callable_territory
TCGA-2Y-A9H4-01A	TCGA-2Y-A9H4	TCGA-LIHC	LIHC	65	105	mutation_count_proxy_no_callable_territory
TCGA-2Y-A9H5-01A	TCGA-2Y-A9H5	TCGA-LIHC	LIHC	70	119	mutation_count_proxy_no_callable_territory
TCGA-2Y-A9H6-01A	TCGA-2Y-A9H6	TCGA-LIHC	LIHC	52	94	mutation_count_proxy_no_callable_territory
TCGA-2Y-A9H7-01A	TCGA-2Y-A9H7	TCGA-LIHC	LIHC	76	113	mutation_count_proxy_no_callable_territory
TCGA-2Y-A9H8-01A	TCGA-2Y-A9H8	TCGA-LIHC	LIHC	66	116	mutation_count_proxy_no_callable_territory
TCGA-2Y-A9H9-01A	TCGA-2Y-A9H9	TCGA-LIHC	LIHC	120	186	mutation_count_proxy_no_callable_territory
TCGA-2Y-A9HA-01A	TCGA-2Y-A9HA	TCGA-LIHC	LIHC	139	220	mutation_count_proxy_no_callable_territory
TCGA-2Y-A9HB-01A	TCGA-2Y-A9HB	TCGA-LIHC	LIHC	66	117	mutation_count_proxy_no_callable_territory
TCGA-3K-AAZ8-01A	TCGA-3K-AAZ8	TCGA-LIHC	LIHC	126	203	mutation_count_proxy_no_callable_territory
TCGA-4R-AA8I-01A	TCGA-4R-AA8I	TCGA-LIHC	LIHC	1054	1688	mutation_count_proxy_no_callable_territory
TCGA-5C-A9VG-01A	TCGA-5C-A9VG	TCGA-LIHC	LIHC	125	223	mutation_count_proxy_no_callable_territory
TCGA-5C-A9VH-01A	TCGA-5C-A9VH	TCGA-LIHC	LIHC	93	143	mutation_count_proxy_no_callable_territory
TCGA-5C-AAPD-01A	TCGA-5C-AAPD	TCGA-LIHC	LIHC	67	97	mutation_count_proxy_no_callable_territory
TCGA-5R-AA1C-01A	TCGA-5R-AA1C	TCGA-LIHC	LIHC	87	143	mutation_count_proxy_no_callable_territory
TCGA-5R-AA1D-01A	TCGA-5R-AA1D	TCGA-LIHC	LIHC	15	27	mutation_count_proxy_no_callable_territory
TCGA-5R-AAAM-01A	TCGA-5R-AAAM	TCGA-LIHC	LIHC	79	130	mutation_count_proxy_no_callable_territory
TCGA-BC-4073-01B	TCGA-BC-4073	TCGA-LIHC	LIHC	122	204	mutation_count_proxy_no_callable_territory
TCGA-BC-A10Q-01A	TCGA-BC-A10Q	TCGA-LIHC	LIHC	34	53	mutation_count_proxy_no_callable_territory
TCGA-BC-A10R-01A	TCGA-BC-A10R	TCGA-LIHC	LIHC	107	144	mutation_count_proxy_no_callable_territory
TCGA-BC-A10T-01A	TCGA-BC-A10T	TCGA-LIHC	LIHC	65	115	mutation_count_proxy_no_callable_territory
TCGA-BC-A10U-01A	TCGA-BC-A10U	TCGA-LIHC	LIHC	128	183	mutation_count_proxy_no_callable_territory
TCGA-BC-A10W-01A	TCGA-BC-A10W	TCGA-LIHC	LIHC	92	150	mutation_count_proxy_no_callable_territory
TCGA-BC-A10X-01A	TCGA-BC-A10X	TCGA-LIHC	LIHC	1	5	mutation_count_proxy_no_callable_territory
TCGA-BC-A10Y-01A	TCGA-BC-A10Y	TCGA-LIHC	LIHC	53	89	mutation_count_proxy_no_callable_territory
TCGA-BC-A10Z-01A	TCGA-BC-A10Z	TCGA-LIHC	LIHC	166	251	mutation_count_proxy_no_callable_territory
TCGA-BC-A216-01A	TCGA-BC-A216	TCGA-LIHC	LIHC	65	96	mutation_count_proxy_no_callable_territory
TCGA-BC-A217-01A	TCGA-BC-A217	TCGA-LIHC	LIHC	94	159	mutation_count_proxy_no_callable_territory
TCGA-BC-A3KF-01A	TCGA-BC-A3KF	TCGA-LIHC	LIHC	79	139	mutation_count_proxy_no_callable_territory
TCGA-BC-A5W4-01A	TCGA-BC-A5W4	TCGA-LIHC	LIHC	64	98	mutation_count_proxy_no_callable_territory
TCGA-BC-A69H-01A	TCGA-BC-A69H	TCGA-LIHC	LIHC	94	164	mutation_count_proxy_no_callable_territory
TCGA-BC-A8YO-01A	TCGA-BC-A8YO	TCGA-LIHC	LIHC	62	103	mutation_count_proxy_no_callable_territory
TCGA-BD-A2L6-01A	TCGA-BD-A2L6	TCGA-LIHC	LIHC	70	105	mutation_count_proxy_no_callable_territory
TCGA-BD-A3EP-01A	TCGA-BD-A3EP	TCGA-LIHC	LIHC	106	146	mutation_count_proxy_no_callable_territory
TCGA-BD-A3ER-01A	TCGA-BD-A3ER	TCGA-LIHC	LIHC	49	81	mutation_count_proxy_no_callable_territory
TCGA-BW-A5NO-01A	TCGA-BW-A5NO	TCGA-LIHC	LIHC	111	161	mutation_count_proxy_no_callable_territory
TCGA-BW-A5NP-01A	TCGA-BW-A5NP	TCGA-LIHC	LIHC	71	108	mutation_count_proxy_no_callable_territory
TCGA-BW-A5NQ-01A	TCGA-BW-A5NQ	TCGA-LIHC	LIHC	90	139	mutation_count_proxy_no_callable_territory
TCGA-CC-5258-01A	TCGA-CC-5258	TCGA-LIHC	LIHC	126	189	mutation_count_proxy_no_callable_territory
TCGA-CC-5259-01A	TCGA-CC-5259	TCGA-LIHC	LIHC	134	204	mutation_count_proxy_no_callable_territory
TCGA-CC-5260-01A	TCGA-CC-5260	TCGA-LIHC	LIHC	52	87	mutation_count_proxy_no_callable_territory
TCGA-CC-5262-01A	TCGA-CC-5262	TCGA-LIHC	LIHC	124	187	mutation_count_proxy_no_callable_territory
TCGA-CC-5263-01A	TCGA-CC-5263	TCGA-LIHC	LIHC	108	171	mutation_count_proxy_no_callable_territory
TCGA-CC-5264-01A	TCGA-CC-5264	TCGA-LIHC	LIHC	88	137	mutation_count_proxy_no_callable_territory
TCGA-CC-A123-01A	TCGA-CC-A123	TCGA-LIHC	LIHC	74	116	mutation_count_proxy_no_callable_territory
TCGA-CC-A1HT-01A	TCGA-CC-A1HT	TCGA-LIHC	LIHC	87	131	mutation_count_proxy_no_callable_territory
TCGA-CC-A3M9-01A	TCGA-CC-A3M9	TCGA-LIHC	LIHC	123	189	mutation_count_proxy_no_callable_territory
TCGA-CC-A3MA-01A	TCGA-CC-A3MA	TCGA-LIHC	LIHC	41	67	mutation_count_proxy_no_callable_territory
TCGA-CC-A3MB-01A	TCGA-CC-A3MB	TCGA-LIHC	LIHC	71	108	mutation_count_proxy_no_callable_territory
TCGA-CC-A3MC-01A	TCGA-CC-A3MC	TCGA-LIHC	LIHC	97	145	mutation_count_proxy_no_callable_territory
TCGA-CC-A5UC-01A	TCGA-CC-A5UC	TCGA-LIHC	LIHC	48	79	mutation_count_proxy_no_callable_territory
TCGA-CC-A5UD-01A	TCGA-CC-A5UD	TCGA-LIHC	LIHC	185	280	mutation_count_proxy_no_callable_territory
TCGA-CC-A5UE-01A	TCGA-CC-A5UE	TCGA-LIHC	LIHC	121	180	mutation_count_proxy_no_callable_territory
TCGA-CC-A7IE-01A	TCGA-CC-A7IE	TCGA-LIHC	LIHC	152	254	mutation_count_proxy_no_callable_territory
TCGA-CC-A7IF-01A	TCGA-CC-A7IF	TCGA-LIHC	LIHC	111	187	mutation_count_proxy_no_callable_territory
TCGA-CC-A7IG-01A	TCGA-CC-A7IG	TCGA-LIHC	LIHC	132	211	mutation_count_proxy_no_callable_territory
TCGA-CC-A7IH-01A	TCGA-CC-A7IH	TCGA-LIHC	LIHC	675	1103	mutation_count_proxy_no_callable_territory
TCGA-CC-A7II-01A	TCGA-CC-A7II	TCGA-LIHC	LIHC	144	233	mutation_count_proxy_no_callable_territory
TCGA-CC-A7IJ-01A	TCGA-CC-A7IJ	TCGA-LIHC	LIHC	139	210	mutation_count_proxy_no_callable_territory
TCGA-CC-A7IK-01A	TCGA-CC-A7IK	TCGA-LIHC	LIHC	284	434	mutation_count_proxy_no_callable_territory
TCGA-CC-A7IL-01A	TCGA-CC-A7IL	TCGA-LIHC	LIHC	94	161	mutation_count_proxy_no_callable_territory
TCGA-CC-A8HS-01A	TCGA-CC-A8HS	TCGA-LIHC	LIHC	48	72	mutation_count_proxy_no_callable_territory
TCGA-CC-A8HT-01A	TCGA-CC-A8HT	TCGA-LIHC	LIHC	183	291	mutation_count_proxy_no_callable_territory
TCGA-CC-A8HU-01A	TCGA-CC-A8HU	TCGA-LIHC	LIHC	87	139	mutation_count_proxy_no_callable_territory
TCGA-CC-A8HV-01A	TCGA-CC-A8HV	TCGA-LIHC	LIHC	124	209	mutation_count_proxy_no_callable_territory
TCGA-CC-A9FS-01A	TCGA-CC-A9FS	TCGA-LIHC	LIHC	99	155	mutation_count_proxy_no_callable_territory
TCGA-CC-A9FU-01A	TCGA-CC-A9FU	TCGA-LIHC	LIHC	46	76	mutation_count_proxy_no_callable_territory
TCGA-CC-A9FV-01A	TCGA-CC-A9FV	TCGA-LIHC	LIHC	15	34	mutation_count_proxy_no_callable_territory
TCGA-CC-A9FW-01A	TCGA-CC-A9FW	TCGA-LIHC	LIHC	134	214	mutation_count_proxy_no_callable_territory
TCGA-DD-A113-01A	TCGA-DD-A113	TCGA-LIHC	LIHC	266	438	mutation_count_proxy_no_callable_territory
TCGA-DD-A114-01A	TCGA-DD-A114	TCGA-LIHC	LIHC	197	303	mutation_count_proxy_no_callable_territory
TCGA-DD-A115-01A	TCGA-DD-A115	TCGA-LIHC	LIHC	158	246	mutation_count_proxy_no_callable_territory
TCGA-DD-A116-01A	TCGA-DD-A116	TCGA-LIHC	LIHC	103	172	mutation_count_proxy_no_callable_territory
TCGA-DD-A118-01A	TCGA-DD-A118	TCGA-LIHC	LIHC	107	161	mutation_count_proxy_no_callable_territory
TCGA-DD-A119-01A	TCGA-DD-A119	TCGA-LIHC	LIHC	126	190	mutation_count_proxy_no_callable_territory
TCGA-DD-A11A-01A	TCGA-DD-A11A	TCGA-LIHC	LIHC	120	180	mutation_count_proxy_no_callable_territory
TCGA-DD-A11B-01A	TCGA-DD-A11B	TCGA-LIHC	LIHC	85	155	mutation_count_proxy_no_callable_territory
TCGA-DD-A11C-01A	TCGA-DD-A11C	TCGA-LIHC	LIHC	80	132	mutation_count_proxy_no_callable_territory
TCGA-DD-A11D-01A	TCGA-DD-A11D	TCGA-LIHC	LIHC	110	184	mutation_count_proxy_no_callable_territory
TCGA-DD-A1E9-01A	TCGA-DD-A1E9	TCGA-LIHC	LIHC	53	97	mutation_count_proxy_no_callable_territory
TCGA-DD-A1EB-01A	TCGA-DD-A1EB	TCGA-LIHC	LIHC	156	250	mutation_count_proxy_no_callable_territory
TCGA-DD-A1EC-01A	TCGA-DD-A1EC	TCGA-LIHC	LIHC	22	38	mutation_count_proxy_no_callable_territory
TCGA-DD-A1ED-01A	TCGA-DD-A1ED	TCGA-LIHC	LIHC	27	40	mutation_count_proxy_no_callable_territory
TCGA-DD-A1EE-01A	TCGA-DD-A1EE	TCGA-LIHC	LIHC	663	748	mutation_count_proxy_no_callable_territory
TCGA-DD-A1EF-01A	TCGA-DD-A1EF	TCGA-LIHC	LIHC	108	187	mutation_count_proxy_no_callable_territory
TCGA-DD-A1EH-01A	TCGA-DD-A1EH	TCGA-LIHC	LIHC	38	53	mutation_count_proxy_no_callable_territory
TCGA-DD-A1EI-01A	TCGA-DD-A1EI	TCGA-LIHC	LIHC	54	79	mutation_count_proxy_no_callable_territory
TCGA-DD-A1EJ-01A	TCGA-DD-A1EJ	TCGA-LIHC	LIHC	58	92	mutation_count_proxy_no_callable_territory
TCGA-DD-A1EK-01A	TCGA-DD-A1EK	TCGA-LIHC	LIHC	62	94	mutation_count_proxy_no_callable_territory
TCGA-DD-A1EL-01A	TCGA-DD-A1EL	TCGA-LIHC	LIHC	86	143	mutation_count_proxy_no_callable_territory
TCGA-DD-A39V-01A	TCGA-DD-A39V	TCGA-LIHC	LIHC	68	98	mutation_count_proxy_no_callable_territory
TCGA-DD-A39W-01A	TCGA-DD-A39W	TCGA-LIHC	LIHC	36	55	mutation_count_proxy_no_callable_territory
TCGA-DD-A39X-01A	TCGA-DD-A39X	TCGA-LIHC	LIHC	65	88	mutation_count_proxy_no_callable_territory
TCGA-DD-A39Z-01A	TCGA-DD-A39Z	TCGA-LIHC	LIHC	71	110	mutation_count_proxy_no_callable_territory
TCGA-DD-A3A2-01A	TCGA-DD-A3A2	TCGA-LIHC	LIHC	71	104	mutation_count_proxy_no_callable_territory
TCGA-DD-A3A3-01A	TCGA-DD-A3A3	TCGA-LIHC	LIHC	49	83	mutation_count_proxy_no_callable_territory
TCGA-DD-A3A4-01A	TCGA-DD-A3A4	TCGA-LIHC	LIHC	39	56	mutation_count_proxy_no_callable_territory
TCGA-DD-A3A5-01A	TCGA-DD-A3A5	TCGA-LIHC	LIHC	62	97	mutation_count_proxy_no_callable_territory
TCGA-DD-A3A6-01A	TCGA-DD-A3A6	TCGA-LIHC	LIHC	28	34	mutation_count_proxy_no_callable_territory
TCGA-DD-A3A7-01A	TCGA-DD-A3A7	TCGA-LIHC	LIHC	117	180	mutation_count_proxy_no_callable_territory
TCGA-DD-A3A8-01A	TCGA-DD-A3A8	TCGA-LIHC	LIHC	111	185	mutation_count_proxy_no_callable_territory
TCGA-DD-A3A9-01A	TCGA-DD-A3A9	TCGA-LIHC	LIHC	332	541	mutation_count_proxy_no_callable_territory
TCGA-DD-A4NA-01A	TCGA-DD-A4NA	TCGA-LIHC	LIHC	28	42	mutation_count_proxy_no_callable_territory
TCGA-DD-A4NB-01A	TCGA-DD-A4NB	TCGA-LIHC	LIHC	24	41	mutation_count_proxy_no_callable_territory
TCGA-DD-A4ND-01A	TCGA-DD-A4ND	TCGA-LIHC	LIHC	52	76	mutation_count_proxy_no_callable_territory
TCGA-DD-A4NE-01A	TCGA-DD-A4NE	TCGA-LIHC	LIHC	51	80	mutation_count_proxy_no_callable_territory
TCGA-DD-A4NF-01A	TCGA-DD-A4NF	TCGA-LIHC	LIHC	118	172	mutation_count_proxy_no_callable_territory
TCGA-DD-A4NG-01A	TCGA-DD-A4NG	TCGA-LIHC	LIHC	134	199	mutation_count_proxy_no_callable_territory
TCGA-DD-A4NH-01A	TCGA-DD-A4NH	TCGA-LIHC	LIHC	98	139	mutation_count_proxy_no_callable_territory
TCGA-DD-A4NI-01A	TCGA-DD-A4NI	TCGA-LIHC	LIHC	291	447	mutation_count_proxy_no_callable_territory
TCGA-DD-A4NJ-01A	TCGA-DD-A4NJ	TCGA-LIHC	LIHC	151	229	mutation_count_proxy_no_callable_territory
TCGA-DD-A4NK-01A	TCGA-DD-A4NK	TCGA-LIHC	LIHC	144	250	mutation_count_proxy_no_callable_territory
TCGA-DD-A4NL-01A	TCGA-DD-A4NL	TCGA-LIHC	LIHC	29	40	mutation_count_proxy_no_callable_territory
TCGA-DD-A4NN-01A	TCGA-DD-A4NN	TCGA-LIHC	LIHC	101	161	mutation_count_proxy_no_callable_territory
TCGA-DD-A4NO-01A	TCGA-DD-A4NO	TCGA-LIHC	LIHC	108	156	mutation_count_proxy_no_callable_territory
TCGA-DD-A4NP-01A	TCGA-DD-A4NP	TCGA-LIHC	LIHC	51	72	mutation_count_proxy_no_callable_territory
TCGA-DD-A4NQ-01A	TCGA-DD-A4NQ	TCGA-LIHC	LIHC	168	240	mutation_count_proxy_no_callable_territory
TCGA-DD-A4NR-01A	TCGA-DD-A4NR	TCGA-LIHC	LIHC	111	169	mutation_count_proxy_no_callable_territory
TCGA-DD-A4NS-01A	TCGA-DD-A4NS	TCGA-LIHC	LIHC	107	165	mutation_count_proxy_no_callable_territory
TCGA-DD-A4NV-01A	TCGA-DD-A4NV	TCGA-LIHC	LIHC	256	383	mutation_count_proxy_no_callable_territory
TCGA-DD-A73A-01A	TCGA-DD-A73A	TCGA-LIHC	LIHC	90	128	mutation_count_proxy_no_callable_territory
TCGA-DD-A73B-01A	TCGA-DD-A73B	TCGA-LIHC	LIHC	72	113	mutation_count_proxy_no_callable_territory
TCGA-DD-A73C-01A	TCGA-DD-A73C	TCGA-LIHC	LIHC	77	120	mutation_count_proxy_no_callable_territory
TCGA-DD-A73D-01A	TCGA-DD-A73D	TCGA-LIHC	LIHC	67	106	mutation_count_proxy_no_callable_territory
TCGA-DD-A73E-01A	TCGA-DD-A73E	TCGA-LIHC	LIHC	116	194	mutation_count_proxy_no_callable_territory
TCGA-DD-A73F-01A	TCGA-DD-A73F	TCGA-LIHC	LIHC	68	126	mutation_count_proxy_no_callable_territory
TCGA-DD-A73G-01A	TCGA-DD-A73G	TCGA-LIHC	LIHC	101	160	mutation_count_proxy_no_callable_territory
TCGA-DD-AA3A-01A	TCGA-DD-AA3A	TCGA-LIHC	LIHC	40	76	mutation_count_proxy_no_callable_territory
TCGA-DD-AAC8-01A	TCGA-DD-AAC8	TCGA-LIHC	LIHC	500	748	mutation_count_proxy_no_callable_territory
TCGA-DD-AAC9-01A	TCGA-DD-AAC9	TCGA-LIHC	LIHC	80	120	mutation_count_proxy_no_callable_territory
TCGA-DD-AACA-01A	TCGA-DD-AACA	TCGA-LIHC	LIHC	105	161	mutation_count_proxy_no_callable_territory
TCGA-DD-AACA-02B	TCGA-DD-AACA	TCGA-LIHC	LIHC	128	203	mutation_count_proxy_no_callable_territory
TCGA-DD-AACB-01A	TCGA-DD-AACB	TCGA-LIHC	LIHC	82	149	mutation_count_proxy_no_callable_territory
TCGA-DD-AACC-01A	TCGA-DD-AACC	TCGA-LIHC	LIHC	89	133	mutation_count_proxy_no_callable_territory
TCGA-DD-AACD-01A	TCGA-DD-AACD	TCGA-LIHC	LIHC	83	139	mutation_count_proxy_no_callable_territory
TCGA-DD-AACE-01A	TCGA-DD-AACE	TCGA-LIHC	LIHC	71	124	mutation_count_proxy_no_callable_territory
TCGA-DD-AACF-01A	TCGA-DD-AACF	TCGA-LIHC	LIHC	117	186	mutation_count_proxy_no_callable_territory
TCGA-DD-AACG-01A	TCGA-DD-AACG	TCGA-LIHC	LIHC	94	150	mutation_count_proxy_no_callable_territory
TCGA-DD-AACH-01A	TCGA-DD-AACH	TCGA-LIHC	LIHC	89	144	mutation_count_proxy_no_callable_territory
TCGA-DD-AACI-01A	TCGA-DD-AACI	TCGA-LIHC	LIHC	326	546	mutation_count_proxy_no_callable_territory
TCGA-DD-AACJ-01A	TCGA-DD-AACJ	TCGA-LIHC	LIHC	90	154	mutation_count_proxy_no_callable_territory
TCGA-DD-AACK-01A	TCGA-DD-AACK	TCGA-LIHC	LIHC	125	203	mutation_count_proxy_no_callable_territory
TCGA-DD-AACL-01A	TCGA-DD-AACL	TCGA-LIHC	LIHC	264	427	mutation_count_proxy_no_callable_territory
TCGA-DD-AACM-01A	TCGA-DD-AACM	TCGA-LIHC	LIHC	54	85	mutation_count_proxy_no_callable_territory
TCGA-DD-AACN-01A	TCGA-DD-AACN	TCGA-LIHC	LIHC	44	63	mutation_count_proxy_no_callable_territory
TCGA-DD-AACO-01A	TCGA-DD-AACO	TCGA-LIHC	LIHC	41	68	mutation_count_proxy_no_callable_territory
TCGA-DD-AACP-01A	TCGA-DD-AACP	TCGA-LIHC	LIHC	167	285	mutation_count_proxy_no_callable_territory
TCGA-DD-AACQ-01A	TCGA-DD-AACQ	TCGA-LIHC	LIHC	199	311	mutation_count_proxy_no_callable_territory
TCGA-DD-AACS-01A	TCGA-DD-AACS	TCGA-LIHC	LIHC	45	67	mutation_count_proxy_no_callable_territory
TCGA-DD-AACT-01A	TCGA-DD-AACT	TCGA-LIHC	LIHC	178	298	mutation_count_proxy_no_callable_territory
TCGA-DD-AACU-01A	TCGA-DD-AACU	TCGA-LIHC	LIHC	113	172	mutation_count_proxy_no_callable_territory
TCGA-DD-AACV-01A	TCGA-DD-AACV	TCGA-LIHC	LIHC	100	157	mutation_count_proxy_no_callable_territory
TCGA-DD-AACW-01A	TCGA-DD-AACW	TCGA-LIHC	LIHC	49	71	mutation_count_proxy_no_callable_territory
TCGA-DD-AACX-01A	TCGA-DD-AACX	TCGA-LIHC	LIHC	113	173	mutation_count_proxy_no_callable_territory
TCGA-DD-AACY-01A	TCGA-DD-AACY	TCGA-LIHC	LIHC	81	125	mutation_count_proxy_no_callable_territory
TCGA-DD-AACZ-01A	TCGA-DD-AACZ	TCGA-LIHC	LIHC	155	241	mutation_count_proxy_no_callable_territory
TCGA-DD-AAD0-01A	TCGA-DD-AAD0	TCGA-LIHC	LIHC	103	155	mutation_count_proxy_no_callable_territory
TCGA-DD-AAD1-01A	TCGA-DD-AAD1	TCGA-LIHC	LIHC	112	191	mutation_count_proxy_no_callable_territory
TCGA-DD-AAD2-01A	TCGA-DD-AAD2	TCGA-LIHC	LIHC	75	117	mutation_count_proxy_no_callable_territory
TCGA-DD-AAD3-01A	TCGA-DD-AAD3	TCGA-LIHC	LIHC	66	110	mutation_count_proxy_no_callable_territory
TCGA-DD-AAD5-01A	TCGA-DD-AAD5	TCGA-LIHC	LIHC	119	189	mutation_count_proxy_no_callable_territory
TCGA-DD-AAD6-01A	TCGA-DD-AAD6	TCGA-LIHC	LIHC	95	155	mutation_count_proxy_no_callable_territory
TCGA-DD-AAD8-01A	TCGA-DD-AAD8	TCGA-LIHC	LIHC	106	168	mutation_count_proxy_no_callable_territory
TCGA-DD-AADA-01A	TCGA-DD-AADA	TCGA-LIHC	LIHC	112	176	mutation_count_proxy_no_callable_territory
TCGA-DD-AADB-01A	TCGA-DD-AADB	TCGA-LIHC	LIHC	112	188	mutation_count_proxy_no_callable_territory
TCGA-DD-AADC-01A	TCGA-DD-AADC	TCGA-LIHC	LIHC	79	124	mutation_count_proxy_no_callable_territory
TCGA-DD-AADD-01A	TCGA-DD-AADD	TCGA-LIHC	LIHC	83	129	mutation_count_proxy_no_callable_territory
TCGA-DD-AADE-01A	TCGA-DD-AADE	TCGA-LIHC	LIHC	110	170	mutation_count_proxy_no_callable_territory
TCGA-DD-AADF-01A	TCGA-DD-AADF	TCGA-LIHC	LIHC	207	326	mutation_count_proxy_no_callable_territory
TCGA-DD-AADG-01A	TCGA-DD-AADG	TCGA-LIHC	LIHC	159	249	mutation_count_proxy_no_callable_territory
TCGA-DD-AADI-01A	TCGA-DD-AADI	TCGA-LIHC	LIHC	102	167	mutation_count_proxy_no_callable_territory
TCGA-DD-AADJ-01A	TCGA-DD-AADJ	TCGA-LIHC	LIHC	60	91	mutation_count_proxy_no_callable_territory
TCGA-DD-AADK-01A	TCGA-DD-AADK	TCGA-LIHC	LIHC	58	87	mutation_count_proxy_no_callable_territory
TCGA-DD-AADL-01A	TCGA-DD-AADL	TCGA-LIHC	LIHC	122	180	mutation_count_proxy_no_callable_territory
TCGA-DD-AADM-01A	TCGA-DD-AADM	TCGA-LIHC	LIHC	167	288	mutation_count_proxy_no_callable_territory
TCGA-DD-AADN-01A	TCGA-DD-AADN	TCGA-LIHC	LIHC	100	155	mutation_count_proxy_no_callable_territory
TCGA-DD-AADO-01A	TCGA-DD-AADO	TCGA-LIHC	LIHC	198	329	mutation_count_proxy_no_callable_territory
TCGA-DD-AADP-01A	TCGA-DD-AADP	TCGA-LIHC	LIHC	97	145	mutation_count_proxy_no_callable_territory
TCGA-DD-AADQ-01A	TCGA-DD-AADQ	TCGA-LIHC	LIHC	112	194	mutation_count_proxy_no_callable_territory
TCGA-DD-AADR-01A	TCGA-DD-AADR	TCGA-LIHC	LIHC	84	152	mutation_count_proxy_no_callable_territory
TCGA-DD-AADS-01A	TCGA-DD-AADS	TCGA-LIHC	LIHC	135	210	mutation_count_proxy_no_callable_territory
TCGA-DD-AADU-01A	TCGA-DD-AADU	TCGA-LIHC	LIHC	83	150	mutation_count_proxy_no_callable_territory
TCGA-DD-AADV-01A	TCGA-DD-AADV	TCGA-LIHC	LIHC	95	157	mutation_count_proxy_no_callable_territory
TCGA-DD-AADW-01A	TCGA-DD-AADW	TCGA-LIHC	LIHC	45	75	mutation_count_proxy_no_callable_territory
TCGA-DD-AADY-01A	TCGA-DD-AADY	TCGA-LIHC	LIHC	48	72	mutation_count_proxy_no_callable_territory
TCGA-DD-AAE0-01A	TCGA-DD-AAE0	TCGA-LIHC	LIHC	59	105	mutation_count_proxy_no_callable_territory
TCGA-DD-AAE1-01A	TCGA-DD-AAE1	TCGA-LIHC	LIHC	44	72	mutation_count_proxy_no_callable_territory
TCGA-DD-AAE2-01A	TCGA-DD-AAE2	TCGA-LIHC	LIHC	81	147	mutation_count_proxy_no_callable_territory
TCGA-DD-AAE3-01A	TCGA-DD-AAE3	TCGA-LIHC	LIHC	150	243	mutation_count_proxy_no_callable_territory
TCGA-DD-AAE4-01A	TCGA-DD-AAE4	TCGA-LIHC	LIHC	56	103	mutation_count_proxy_no_callable_territory
TCGA-DD-AAE6-01A	TCGA-DD-AAE6	TCGA-LIHC	LIHC	70	129	mutation_count_proxy_no_callable_territory
TCGA-DD-AAE7-01A	TCGA-DD-AAE7	TCGA-LIHC	LIHC	234	385	mutation_count_proxy_no_callable_territory
TCGA-DD-AAE8-01A	TCGA-DD-AAE8	TCGA-LIHC	LIHC	62	99	mutation_count_proxy_no_callable_territory
TCGA-DD-AAE9-01A	TCGA-DD-AAE9	TCGA-LIHC	LIHC	98	167	mutation_count_proxy_no_callable_territory
TCGA-DD-AAEA-01A	TCGA-DD-AAEA	TCGA-LIHC	LIHC	166	260	mutation_count_proxy_no_callable_territory
TCGA-DD-AAEB-01A	TCGA-DD-AAEB	TCGA-LIHC	LIHC	120	196	mutation_count_proxy_no_callable_territory
TCGA-DD-AAED-01A	TCGA-DD-AAED	TCGA-LIHC	LIHC	60	103	mutation_count_proxy_no_callable_territory
TCGA-DD-AAEE-01A	TCGA-DD-AAEE	TCGA-LIHC	LIHC	72	130	mutation_count_proxy_no_callable_territory
TCGA-DD-AAEG-01A	TCGA-DD-AAEG	TCGA-LIHC	LIHC	101	166	mutation_count_proxy_no_callable_territory
TCGA-DD-AAEH-01A	TCGA-DD-AAEH	TCGA-LIHC	LIHC	82	132	mutation_count_proxy_no_callable_territory
TCGA-DD-AAEI-01A	TCGA-DD-AAEI	TCGA-LIHC	LIHC	109	162	mutation_count_proxy_no_callable_territory
TCGA-DD-AAEK-01A	TCGA-DD-AAEK	TCGA-LIHC	LIHC	78	123	mutation_count_proxy_no_callable_territory
TCGA-DD-AAVP-01A	TCGA-DD-AAVP	TCGA-LIHC	LIHC	72	126	mutation_count_proxy_no_callable_territory
TCGA-DD-AAVQ-01A	TCGA-DD-AAVQ	TCGA-LIHC	LIHC	52	80	mutation_count_proxy_no_callable_territory
TCGA-DD-AAVR-01A	TCGA-DD-AAVR	TCGA-LIHC	LIHC	56	101	mutation_count_proxy_no_callable_territory
TCGA-DD-AAVS-01A	TCGA-DD-AAVS	TCGA-LIHC	LIHC	48	73	mutation_count_proxy_no_callable_territory
TCGA-DD-AAVU-01A	TCGA-DD-AAVU	TCGA-LIHC	LIHC	54	89	mutation_count_proxy_no_callable_territory
TCGA-DD-AAVV-01A	TCGA-DD-AAVV	TCGA-LIHC	LIHC	130	197	mutation_count_proxy_no_callable_territory
TCGA-DD-AAVW-01A	TCGA-DD-AAVW	TCGA-LIHC	LIHC	37	53	mutation_count_proxy_no_callable_territory
TCGA-DD-AAVX-01A	TCGA-DD-AAVX	TCGA-LIHC	LIHC	63	118	mutation_count_proxy_no_callable_territory
TCGA-DD-AAVY-01A	TCGA-DD-AAVY	TCGA-LIHC	LIHC	82	135	mutation_count_proxy_no_callable_territory
TCGA-DD-AAVZ-01A	TCGA-DD-AAVZ	TCGA-LIHC	LIHC	37	69	mutation_count_proxy_no_callable_territory
TCGA-DD-AAW0-01A	TCGA-DD-AAW0	TCGA-LIHC	LIHC	89	135	mutation_count_proxy_no_callable_territory
TCGA-DD-AAW1-01A	TCGA-DD-AAW1	TCGA-LIHC	LIHC	104	168	mutation_count_proxy_no_callable_territory
TCGA-DD-AAW2-01A	TCGA-DD-AAW2	TCGA-LIHC	LIHC	112	192	mutation_count_proxy_no_callable_territory
TCGA-DD-AAW3-01A	TCGA-DD-AAW3	TCGA-LIHC	LIHC	86	139	mutation_count_proxy_no_callable_territory
TCGA-ED-A459-01A	TCGA-ED-A459	TCGA-LIHC	LIHC	216	323	mutation_count_proxy_no_callable_territory
TCGA-ED-A4XI-01A	TCGA-ED-A4XI	TCGA-LIHC	LIHC	138	201	mutation_count_proxy_no_callable_territory
TCGA-ED-A5KG-01A	TCGA-ED-A5KG	TCGA-LIHC	LIHC	16	34	mutation_count_proxy_no_callable_territory
TCGA-ED-A627-01A	TCGA-ED-A627	TCGA-LIHC	LIHC	2	5	mutation_count_proxy_no_callable_territory
TCGA-ED-A66X-01A	TCGA-ED-A66X	TCGA-LIHC	LIHC	44	65	mutation_count_proxy_no_callable_territory
TCGA-ED-A66Y-01A	TCGA-ED-A66Y	TCGA-LIHC	LIHC	87	123	mutation_count_proxy_no_callable_territory
TCGA-ED-A7PX-01A	TCGA-ED-A7PX	TCGA-LIHC	LIHC	29	45	mutation_count_proxy_no_callable_territory
TCGA-ED-A7PY-01A	TCGA-ED-A7PY	TCGA-LIHC	LIHC	29	49	mutation_count_proxy_no_callable_territory
TCGA-ED-A7PZ-01A	TCGA-ED-A7PZ	TCGA-LIHC	LIHC	239	359	mutation_count_proxy_no_callable_territory
TCGA-ED-A7XO-01A	TCGA-ED-A7XO	TCGA-LIHC	LIHC	56	81	mutation_count_proxy_no_callable_territory
TCGA-ED-A7XP-01A	TCGA-ED-A7XP	TCGA-LIHC	LIHC	60	88	mutation_count_proxy_no_callable_territory
TCGA-ED-A82E-01A	TCGA-ED-A82E	TCGA-LIHC	LIHC	27	47	mutation_count_proxy_no_callable_territory
TCGA-ED-A8O5-01A	TCGA-ED-A8O5	TCGA-LIHC	LIHC	108	172	mutation_count_proxy_no_callable_territory
TCGA-ED-A8O6-01A	TCGA-ED-A8O6	TCGA-LIHC	LIHC	61	97	mutation_count_proxy_no_callable_territory
TCGA-ED-A97K-01A	TCGA-ED-A97K	TCGA-LIHC	LIHC	46	69	mutation_count_proxy_no_callable_territory
TCGA-EP-A12J-01A	TCGA-EP-A12J	TCGA-LIHC	LIHC	50	83	mutation_count_proxy_no_callable_territory
TCGA-EP-A26S-01A	TCGA-EP-A26S	TCGA-LIHC	LIHC	171	296	mutation_count_proxy_no_callable_territory
TCGA-EP-A2KA-01A	TCGA-EP-A2KA	TCGA-LIHC	LIHC	103	161	mutation_count_proxy_no_callable_territory
TCGA-EP-A2KB-01A	TCGA-EP-A2KB	TCGA-LIHC	LIHC	76	125	mutation_count_proxy_no_callable_territory
TCGA-EP-A2KC-01A	TCGA-EP-A2KC	TCGA-LIHC	LIHC	79	120	mutation_count_proxy_no_callable_territory
TCGA-EP-A3JL-01A	TCGA-EP-A3JL	TCGA-LIHC	LIHC	85	123	mutation_count_proxy_no_callable_territory
TCGA-EP-A3RK-01A	TCGA-EP-A3RK	TCGA-LIHC	LIHC	106	165	mutation_count_proxy_no_callable_territory
TCGA-ES-A2HS-01A	TCGA-ES-A2HS	TCGA-LIHC	LIHC	65	105	mutation_count_proxy_no_callable_territory
TCGA-ES-A2HT-01A	TCGA-ES-A2HT	TCGA-LIHC	LIHC	67	109	mutation_count_proxy_no_callable_territory
TCGA-FV-A23B-01A	TCGA-FV-A23B	TCGA-LIHC	LIHC	107	166	mutation_count_proxy_no_callable_territory
TCGA-FV-A2QQ-01A	TCGA-FV-A2QQ	TCGA-LIHC	LIHC	114	182	mutation_count_proxy_no_callable_territory
TCGA-FV-A2QR-01A	TCGA-FV-A2QR	TCGA-LIHC	LIHC	104	169	mutation_count_proxy_no_callable_territory
TCGA-FV-A3I0-01A	TCGA-FV-A3I0	TCGA-LIHC	LIHC	76	112	mutation_count_proxy_no_callable_territory
TCGA-FV-A3I1-01A	TCGA-FV-A3I1	TCGA-LIHC	LIHC	133	216	mutation_count_proxy_no_callable_territory
TCGA-FV-A3R2-01A	TCGA-FV-A3R2	TCGA-LIHC	LIHC	73	117	mutation_count_proxy_no_callable_territory
TCGA-FV-A3R3-01A	TCGA-FV-A3R3	TCGA-LIHC	LIHC	53	78	mutation_count_proxy_no_callable_territory
TCGA-FV-A495-01A	TCGA-FV-A495	TCGA-LIHC	LIHC	203	295	mutation_count_proxy_no_callable_territory
TCGA-FV-A496-01A	TCGA-FV-A496	TCGA-LIHC	LIHC	226	332	mutation_count_proxy_no_callable_territory
TCGA-FV-A4ZP-01A	TCGA-FV-A4ZP	TCGA-LIHC	LIHC	90	137	mutation_count_proxy_no_callable_territory
TCGA-FV-A4ZQ-01A	TCGA-FV-A4ZQ	TCGA-LIHC	LIHC	68	113	mutation_count_proxy_no_callable_territory
TCGA-G3-A25S-01A	TCGA-G3-A25S	TCGA-LIHC	LIHC	138	198	mutation_count_proxy_no_callable_territory
TCGA-G3-A25T-01A	TCGA-G3-A25T	TCGA-LIHC	LIHC	64	97	mutation_count_proxy_no_callable_territory
TCGA-G3-A25U-01A	TCGA-G3-A25U	TCGA-LIHC	LIHC	95	150	mutation_count_proxy_no_callable_territory
TCGA-G3-A25V-01A	TCGA-G3-A25V	TCGA-LIHC	LIHC	72	110	mutation_count_proxy_no_callable_territory
TCGA-G3-A25W-01A	TCGA-G3-A25W	TCGA-LIHC	LIHC	99	144	mutation_count_proxy_no_callable_territory
TCGA-G3-A25Y-01A	TCGA-G3-A25Y	TCGA-LIHC	LIHC	94	128	mutation_count_proxy_no_callable_territory
TCGA-G3-A25Z-01A	TCGA-G3-A25Z	TCGA-LIHC	LIHC	84	122	mutation_count_proxy_no_callable_territory
TCGA-G3-A3CG-01A	TCGA-G3-A3CG	TCGA-LIHC	LIHC	92	166	mutation_count_proxy_no_callable_territory
TCGA-G3-A3CH-01A	TCGA-G3-A3CH	TCGA-LIHC	LIHC	36	60	mutation_count_proxy_no_callable_territory
TCGA-G3-A3CI-01A	TCGA-G3-A3CI	TCGA-LIHC	LIHC	17	28	mutation_count_proxy_no_callable_territory
TCGA-G3-A3CK-01A	TCGA-G3-A3CK	TCGA-LIHC	LIHC	200	302	mutation_count_proxy_no_callable_territory
TCGA-G3-A5SI-01A	TCGA-G3-A5SI	TCGA-LIHC	LIHC	34	59	mutation_count_proxy_no_callable_territory
TCGA-G3-A5SJ-01A	TCGA-G3-A5SJ	TCGA-LIHC	LIHC	98	140	mutation_count_proxy_no_callable_territory
TCGA-G3-A5SK-01A	TCGA-G3-A5SK	TCGA-LIHC	LIHC	87	141	mutation_count_proxy_no_callable_territory
TCGA-G3-A5SL-01A	TCGA-G3-A5SL	TCGA-LIHC	LIHC	125	178	mutation_count_proxy_no_callable_territory
TCGA-G3-A5SM-01A	TCGA-G3-A5SM	TCGA-LIHC	LIHC	110	178	mutation_count_proxy_no_callable_territory
TCGA-G3-A6UC-01A	TCGA-G3-A6UC	TCGA-LIHC	LIHC	108	180	mutation_count_proxy_no_callable_territory
TCGA-G3-A7M5-01A	TCGA-G3-A7M5	TCGA-LIHC	LIHC	164	260	mutation_count_proxy_no_callable_territory
TCGA-G3-A7M6-01A	TCGA-G3-A7M6	TCGA-LIHC	LIHC	82	137	mutation_count_proxy_no_callable_territory
TCGA-G3-A7M7-01A	TCGA-G3-A7M7	TCGA-LIHC	LIHC	66	102	mutation_count_proxy_no_callable_territory
TCGA-G3-A7M8-01A	TCGA-G3-A7M8	TCGA-LIHC	LIHC	23	36	mutation_count_proxy_no_callable_territory
TCGA-G3-A7M9-01A	TCGA-G3-A7M9	TCGA-LIHC	LIHC	123	183	mutation_count_proxy_no_callable_territory
TCGA-G3-AAUZ-01A	TCGA-G3-AAUZ	TCGA-LIHC	LIHC	80	117	mutation_count_proxy_no_callable_territory
TCGA-G3-AAV0-01A	TCGA-G3-AAV0	TCGA-LIHC	LIHC	160	261	mutation_count_proxy_no_callable_territory
TCGA-G3-AAV1-01A	TCGA-G3-AAV1	TCGA-LIHC	LIHC	51	87	mutation_count_proxy_no_callable_territory
TCGA-G3-AAV2-01A	TCGA-G3-AAV2	TCGA-LIHC	LIHC	46	84	mutation_count_proxy_no_callable_territory
TCGA-G3-AAV3-01A	TCGA-G3-AAV3	TCGA-LIHC	LIHC	82	127	mutation_count_proxy_no_callable_territory
TCGA-G3-AAV4-01A	TCGA-G3-AAV4	TCGA-LIHC	LIHC	102	180	mutation_count_proxy_no_callable_territory
TCGA-G3-AAV5-01A	TCGA-G3-AAV5	TCGA-LIHC	LIHC	76	122	mutation_count_proxy_no_callable_territory
TCGA-G3-AAV6-01A	TCGA-G3-AAV6	TCGA-LIHC	LIHC	66	117	mutation_count_proxy_no_callable_territory
TCGA-G3-AAV7-01A	TCGA-G3-AAV7	TCGA-LIHC	LIHC	76	129	mutation_count_proxy_no_callable_territory
TCGA-GJ-A3OU-01A	TCGA-GJ-A3OU	TCGA-LIHC	LIHC	56	78	mutation_count_proxy_no_callable_territory
TCGA-GJ-A6C0-01A	TCGA-GJ-A6C0	TCGA-LIHC	LIHC	130	235	mutation_count_proxy_no_callable_territory
TCGA-GJ-A9DB-01A	TCGA-GJ-A9DB	TCGA-LIHC	LIHC	74	133	mutation_count_proxy_no_callable_territory
TCGA-HP-A5MZ-01A	TCGA-HP-A5MZ	TCGA-LIHC	LIHC	45	67	mutation_count_proxy_no_callable_territory
TCGA-HP-A5N0-01A	TCGA-HP-A5N0	TCGA-LIHC	LIHC	126	186	mutation_count_proxy_no_callable_territory
TCGA-K7-A5RF-01A	TCGA-K7-A5RF	TCGA-LIHC	LIHC	102	165	mutation_count_proxy_no_callable_territory
TCGA-K7-A5RG-01A	TCGA-K7-A5RG	TCGA-LIHC	LIHC	240	345	mutation_count_proxy_no_callable_territory
TCGA-K7-A6G5-01A	TCGA-K7-A6G5	TCGA-LIHC	LIHC	70	122	mutation_count_proxy_no_callable_territory
TCGA-K7-AAU7-01A	TCGA-K7-AAU7	TCGA-LIHC	LIHC	65	110	mutation_count_proxy_no_callable_territory
TCGA-KR-A7K0-01A	TCGA-KR-A7K0	TCGA-LIHC	LIHC	79	138	mutation_count_proxy_no_callable_territory
TCGA-KR-A7K2-01A	TCGA-KR-A7K2	TCGA-LIHC	LIHC	45	84	mutation_count_proxy_no_callable_territory
TCGA-KR-A7K7-01A	TCGA-KR-A7K7	TCGA-LIHC	LIHC	62	91	mutation_count_proxy_no_callable_territory
TCGA-KR-A7K8-01A	TCGA-KR-A7K8	TCGA-LIHC	LIHC	50	82	mutation_count_proxy_no_callable_territory
TCGA-LG-A6GG-01A	TCGA-LG-A6GG	TCGA-LIHC	LIHC	356	552	mutation_count_proxy_no_callable_territory
TCGA-LG-A9QC-01A	TCGA-LG-A9QC	TCGA-LIHC	LIHC	41	73	mutation_count_proxy_no_callable_territory
TCGA-LG-A9QD-01A	TCGA-LG-A9QD	TCGA-LIHC	LIHC	99	175	mutation_count_proxy_no_callable_territory
TCGA-MI-A75C-01A	TCGA-MI-A75C	TCGA-LIHC	LIHC	107	175	mutation_count_proxy_no_callable_territory
TCGA-MI-A75E-01A	TCGA-MI-A75E	TCGA-LIHC	LIHC	117	192	mutation_count_proxy_no_callable_territory
TCGA-MI-A75G-01A	TCGA-MI-A75G	TCGA-LIHC	LIHC	224	336	mutation_count_proxy_no_callable_territory
TCGA-MI-A75H-01A	TCGA-MI-A75H	TCGA-LIHC	LIHC	121	197	mutation_count_proxy_no_callable_territory
TCGA-MI-A75I-01A	TCGA-MI-A75I	TCGA-LIHC	LIHC	156	238	mutation_count_proxy_no_callable_territory
TCGA-MR-A520-01A	TCGA-MR-A520	TCGA-LIHC	LIHC	17	34	mutation_count_proxy_no_callable_territory
TCGA-MR-A8JO-01A	TCGA-MR-A8JO	TCGA-LIHC	LIHC	33	45	mutation_count_proxy_no_callable_territory
TCGA-NI-A4U2-01A	TCGA-NI-A4U2	TCGA-LIHC	LIHC	217	330	mutation_count_proxy_no_callable_territory
TCGA-NI-A8LF-01A	TCGA-NI-A8LF	TCGA-LIHC	LIHC	94	156	mutation_count_proxy_no_callable_territory
TCGA-O8-A75V-01A	TCGA-O8-A75V	TCGA-LIHC	LIHC	68	122	mutation_count_proxy_no_callable_territory
TCGA-PD-A5DF-01A	TCGA-PD-A5DF	TCGA-LIHC	LIHC	42	66	mutation_count_proxy_no_callable_territory
TCGA-QA-A7B7-01A	TCGA-QA-A7B7	TCGA-LIHC	LIHC	78	140	mutation_count_proxy_no_callable_territory
TCGA-RC-A6M3-01A	TCGA-RC-A6M3	TCGA-LIHC	LIHC	72	108	mutation_count_proxy_no_callable_territory
TCGA-RC-A6M4-01A	TCGA-RC-A6M4	TCGA-LIHC	LIHC	154	258	mutation_count_proxy_no_callable_territory
TCGA-RC-A6M5-01A	TCGA-RC-A6M5	TCGA-LIHC	LIHC	23	35	mutation_count_proxy_no_callable_territory
TCGA-RC-A6M6-01A	TCGA-RC-A6M6	TCGA-LIHC	LIHC	177	255	mutation_count_proxy_no_callable_territory
TCGA-RC-A7S9-01A	TCGA-RC-A7S9	TCGA-LIHC	LIHC	57	89	mutation_count_proxy_no_callable_territory
TCGA-RC-A7SB-01A	TCGA-RC-A7SB	TCGA-LIHC	LIHC	56	89	mutation_count_proxy_no_callable_territory
TCGA-RC-A7SF-01A	TCGA-RC-A7SF	TCGA-LIHC	LIHC	74	106	mutation_count_proxy_no_callable_territory
TCGA-RC-A7SH-01A	TCGA-RC-A7SH	TCGA-LIHC	LIHC	63	97	mutation_count_proxy_no_callable_territory
TCGA-RC-A7SK-01A	TCGA-RC-A7SK	TCGA-LIHC	LIHC	133	218	mutation_count_proxy_no_callable_territory
TCGA-RG-A7D4-01A	TCGA-RG-A7D4	TCGA-LIHC	LIHC	88	137	mutation_count_proxy_no_callable_territory
TCGA-T1-A6J8-01A	TCGA-T1-A6J8	TCGA-LIHC	LIHC	77	120	mutation_count_proxy_no_callable_territory
TCGA-UB-A7MA-01A	TCGA-UB-A7MA	TCGA-LIHC	LIHC	70	120	mutation_count_proxy_no_callable_territory
TCGA-UB-A7MB-01A	TCGA-UB-A7MB	TCGA-LIHC	LIHC	1294	2072	mutation_count_proxy_no_callable_territory
TCGA-UB-A7MC-01A	TCGA-UB-A7MC	TCGA-LIHC	LIHC	61	99	mutation_count_proxy_no_callable_territory
TCGA-UB-A7MD-01A	TCGA-UB-A7MD	TCGA-LIHC	LIHC	104	161	mutation_count_proxy_no_callable_territory
TCGA-UB-A7ME-01A	TCGA-UB-A7ME	TCGA-LIHC	LIHC	79	129	mutation_count_proxy_no_callable_territory
TCGA-UB-A7MF-01A	TCGA-UB-A7MF	TCGA-LIHC	LIHC	98	153	mutation_count_proxy_no_callable_territory
TCGA-UB-AA0U-01A	TCGA-UB-AA0U	TCGA-LIHC	LIHC	71	119	mutation_count_proxy_no_callable_territory
TCGA-UB-AA0V-01A	TCGA-UB-AA0V	TCGA-LIHC	LIHC	36	65	mutation_count_proxy_no_callable_territory
TCGA-WJ-A86L-01A	TCGA-WJ-A86L	TCGA-LIHC	LIHC	119	190	mutation_count_proxy_no_callable_territory
TCGA-WQ-A9G7-01A	TCGA-WQ-A9G7	TCGA-LIHC	LIHC	441	737	mutation_count_proxy_no_callable_territory
TCGA-WQ-AB4B-01A	TCGA-WQ-AB4B	TCGA-LIHC	LIHC	66	106	mutation_count_proxy_no_callable_territory
TCGA-WX-AA44-01A	TCGA-WX-AA44	TCGA-LIHC	LIHC	68	120	mutation_count_proxy_no_callable_territory
TCGA-WX-AA46-01A	TCGA-WX-AA46	TCGA-LIHC	LIHC	60	92	mutation_count_proxy_no_callable_territory
TCGA-WX-AA47-01A	TCGA-WX-AA47	TCGA-LIHC	LIHC	38	60	mutation_count_proxy_no_callable_territory
TCGA-XR-A8TC-01A	TCGA-XR-A8TC	TCGA-LIHC	LIHC	53	77	mutation_count_proxy_no_callable_territory
TCGA-XR-A8TD-01A	TCGA-XR-A8TD	TCGA-LIHC	LIHC	51	75	mutation_count_proxy_no_callable_territory
TCGA-XR-A8TE-01A	TCGA-XR-A8TE	TCGA-LIHC	LIHC	12	27	mutation_count_proxy_no_callable_territory
TCGA-XR-A8TF-01A	TCGA-XR-A8TF	TCGA-LIHC	LIHC	135	212	mutation_count_proxy_no_callable_territory
TCGA-XR-A8TG-01A	TCGA-XR-A8TG	TCGA-LIHC	LIHC	78	133	mutation_count_proxy_no_callable_territory
TCGA-YA-A8S7-01A	TCGA-YA-A8S7	TCGA-LIHC	LIHC	69	121	mutation_count_proxy_no_callable_territory
TCGA-ZP-A9CV-01A	TCGA-ZP-A9CV	TCGA-LIHC	LIHC	103	165	mutation_count_proxy_no_callable_territory
TCGA-ZP-A9CY-01A	TCGA-ZP-A9CY	TCGA-LIHC	LIHC	81	124	mutation_count_proxy_no_callable_territory
TCGA-ZP-A9CZ-01A	TCGA-ZP-A9CZ	TCGA-LIHC	LIHC	48	82	mutation_count_proxy_no_callable_territory
TCGA-ZP-A9D0-01A	TCGA-ZP-A9D0	TCGA-LIHC	LIHC	52	81	mutation_count_proxy_no_callable_territory
TCGA-ZP-A9D1-01A	TCGA-ZP-A9D1	TCGA-LIHC	LIHC	118	197	mutation_count_proxy_no_callable_territory
TCGA-ZP-A9D2-01A	TCGA-ZP-A9D2	TCGA-LIHC	LIHC	56	84	mutation_count_proxy_no_callable_territory
TCGA-ZP-A9D4-01A	TCGA-ZP-A9D4	TCGA-LIHC	LIHC	63	101	mutation_count_proxy_no_callable_territory
TCGA-ZS-A9CD-01A	TCGA-ZS-A9CD	TCGA-LIHC	LIHC	92	151	mutation_count_proxy_no_callable_territory
TCGA-ZS-A9CE-01A	TCGA-ZS-A9CE	TCGA-LIHC	LIHC	115	179	mutation_count_proxy_no_callable_territory
TCGA-ZS-A9CF-01A	TCGA-ZS-A9CF	TCGA-LIHC	LIHC	83	140	mutation_count_proxy_no_callable_territory
TCGA-ZS-A9CF-02A	TCGA-ZS-A9CF	TCGA-LIHC	LIHC	119	199	mutation_count_proxy_no_callable_territory
TCGA-ZS-A9CG-01A	TCGA-ZS-A9CG	TCGA-LIHC	LIHC	73	108	mutation_count_proxy_no_callable_territory
TCGA-05-4244-01A	TCGA-05-4244	TCGA-LUAD	LUAD	187	270	mutation_count_proxy_no_callable_territory
TCGA-05-4249-01A	TCGA-05-4249	TCGA-LUAD	LUAD	298	413	mutation_count_proxy_no_callable_territory
TCGA-05-4250-01A	TCGA-05-4250	TCGA-LUAD	LUAD	310	461	mutation_count_proxy_no_callable_territory
TCGA-05-4382-01A	TCGA-05-4382	TCGA-LUAD	LUAD	1534	2155	mutation_count_proxy_no_callable_territory
TCGA-05-4384-01A	TCGA-05-4384	TCGA-LUAD	LUAD	117	174	mutation_count_proxy_no_callable_territory
TCGA-05-4389-01A	TCGA-05-4389	TCGA-LUAD	LUAD	205	305	mutation_count_proxy_no_callable_territory
TCGA-05-4390-01A	TCGA-05-4390	TCGA-LUAD	LUAD	511	742	mutation_count_proxy_no_callable_territory
TCGA-05-4395-01A	TCGA-05-4395	TCGA-LUAD	LUAD	228	359	mutation_count_proxy_no_callable_territory
TCGA-05-4396-01A	TCGA-05-4396	TCGA-LUAD	LUAD	1275	1938	mutation_count_proxy_no_callable_territory
TCGA-05-4397-01A	TCGA-05-4397	TCGA-LUAD	LUAD	736	1061	mutation_count_proxy_no_callable_territory
TCGA-05-4398-01A	TCGA-05-4398	TCGA-LUAD	LUAD	662	981	mutation_count_proxy_no_callable_territory
TCGA-05-4402-01A	TCGA-05-4402	TCGA-LUAD	LUAD	118	164	mutation_count_proxy_no_callable_territory
TCGA-05-4403-01A	TCGA-05-4403	TCGA-LUAD	LUAD	124	179	mutation_count_proxy_no_callable_territory
TCGA-05-4405-01A	TCGA-05-4405	TCGA-LUAD	LUAD	360	511	mutation_count_proxy_no_callable_territory
TCGA-05-4410-01A	TCGA-05-4410	TCGA-LUAD	LUAD	1004	1425	mutation_count_proxy_no_callable_territory
TCGA-05-4415-01A	TCGA-05-4415	TCGA-LUAD	LUAD	183	263	mutation_count_proxy_no_callable_territory
TCGA-05-4417-01A	TCGA-05-4417	TCGA-LUAD	LUAD	280	396	mutation_count_proxy_no_callable_territory
TCGA-05-4418-01A	TCGA-05-4418	TCGA-LUAD	LUAD	240	351	mutation_count_proxy_no_callable_territory
TCGA-05-4420-01A	TCGA-05-4420	TCGA-LUAD	LUAD	252	384	mutation_count_proxy_no_callable_territory
TCGA-05-4422-01A	TCGA-05-4422	TCGA-LUAD	LUAD	40	59	mutation_count_proxy_no_callable_territory
TCGA-05-4424-01A	TCGA-05-4424	TCGA-LUAD	LUAD	668	958	mutation_count_proxy_no_callable_territory
TCGA-05-4425-01A	TCGA-05-4425	TCGA-LUAD	LUAD	40	58	mutation_count_proxy_no_callable_territory
TCGA-05-4426-01A	TCGA-05-4426	TCGA-LUAD	LUAD	44	58	mutation_count_proxy_no_callable_territory
TCGA-05-4427-01A	TCGA-05-4427	TCGA-LUAD	LUAD	934	1324	mutation_count_proxy_no_callable_territory
TCGA-05-4430-01A	TCGA-05-4430	TCGA-LUAD	LUAD	260	367	mutation_count_proxy_no_callable_territory
TCGA-05-4432-01A	TCGA-05-4432	TCGA-LUAD	LUAD	527	797	mutation_count_proxy_no_callable_territory
TCGA-05-4433-01A	TCGA-05-4433	TCGA-LUAD	LUAD	32	46	mutation_count_proxy_no_callable_territory
TCGA-05-4434-01A	TCGA-05-4434	TCGA-LUAD	LUAD	44	65	mutation_count_proxy_no_callable_territory
TCGA-05-5420-01A	TCGA-05-5420	TCGA-LUAD	LUAD	82	121	mutation_count_proxy_no_callable_territory
TCGA-05-5423-01A	TCGA-05-5423	TCGA-LUAD	LUAD	137	189	mutation_count_proxy_no_callable_territory
TCGA-05-5425-01A	TCGA-05-5425	TCGA-LUAD	LUAD	535	750	mutation_count_proxy_no_callable_territory
TCGA-05-5428-01A	TCGA-05-5428	TCGA-LUAD	LUAD	340	488	mutation_count_proxy_no_callable_territory
TCGA-05-5429-01A	TCGA-05-5429	TCGA-LUAD	LUAD	34	50	mutation_count_proxy_no_callable_territory
TCGA-05-5715-01A	TCGA-05-5715	TCGA-LUAD	LUAD	103	159	mutation_count_proxy_no_callable_territory
TCGA-17-Z000-01A	TCGA-17-Z000	TCGA-LUAD	LUAD	115	164	mutation_count_proxy_no_callable_territory
TCGA-17-Z001-01A	TCGA-17-Z001	TCGA-LUAD	LUAD	198	284	mutation_count_proxy_no_callable_territory
TCGA-17-Z002-01A	TCGA-17-Z002	TCGA-LUAD	LUAD	13	14	mutation_count_proxy_no_callable_territory
TCGA-17-Z003-01A	TCGA-17-Z003	TCGA-LUAD	LUAD	234	348	mutation_count_proxy_no_callable_territory
TCGA-17-Z004-01A	TCGA-17-Z004	TCGA-LUAD	LUAD	19	31	mutation_count_proxy_no_callable_territory
TCGA-17-Z005-01A	TCGA-17-Z005	TCGA-LUAD	LUAD	97	149	mutation_count_proxy_no_callable_territory
TCGA-17-Z007-01A	TCGA-17-Z007	TCGA-LUAD	LUAD	70	104	mutation_count_proxy_no_callable_territory
TCGA-17-Z009-01A	TCGA-17-Z009	TCGA-LUAD	LUAD	49	63	mutation_count_proxy_no_callable_territory
TCGA-17-Z010-01A	TCGA-17-Z010	TCGA-LUAD	LUAD	243	385	mutation_count_proxy_no_callable_territory
TCGA-17-Z011-01A	TCGA-17-Z011	TCGA-LUAD	LUAD	102	148	mutation_count_proxy_no_callable_territory
TCGA-17-Z013-01A	TCGA-17-Z013	TCGA-LUAD	LUAD	57	83	mutation_count_proxy_no_callable_territory
TCGA-17-Z014-01A	TCGA-17-Z014	TCGA-LUAD	LUAD	344	509	mutation_count_proxy_no_callable_territory
TCGA-17-Z015-01A	TCGA-17-Z015	TCGA-LUAD	LUAD	466	671	mutation_count_proxy_no_callable_territory
TCGA-17-Z016-01A	TCGA-17-Z016	TCGA-LUAD	LUAD	266	393	mutation_count_proxy_no_callable_territory
TCGA-17-Z017-01A	TCGA-17-Z017	TCGA-LUAD	LUAD	199	272	mutation_count_proxy_no_callable_territory
TCGA-17-Z018-01A	TCGA-17-Z018	TCGA-LUAD	LUAD	229	330	mutation_count_proxy_no_callable_territory
TCGA-17-Z019-01A	TCGA-17-Z019	TCGA-LUAD	LUAD	3	8	mutation_count_proxy_no_callable_territory
TCGA-17-Z020-01A	TCGA-17-Z020	TCGA-LUAD	LUAD	121	172	mutation_count_proxy_no_callable_territory
TCGA-17-Z021-01A	TCGA-17-Z021	TCGA-LUAD	LUAD	150	231	mutation_count_proxy_no_callable_territory
TCGA-17-Z022-01A	TCGA-17-Z022	TCGA-LUAD	LUAD	1066	1582	mutation_count_proxy_no_callable_territory
TCGA-17-Z023-01A	TCGA-17-Z023	TCGA-LUAD	LUAD	361	507	mutation_count_proxy_no_callable_territory
TCGA-17-Z025-01A	TCGA-17-Z025	TCGA-LUAD	LUAD	225	321	mutation_count_proxy_no_callable_territory
TCGA-17-Z026-01A	TCGA-17-Z026	TCGA-LUAD	LUAD	862	1303	mutation_count_proxy_no_callable_territory
TCGA-17-Z027-01A	TCGA-17-Z027	TCGA-LUAD	LUAD	81	117	mutation_count_proxy_no_callable_territory
TCGA-17-Z028-01A	TCGA-17-Z028	TCGA-LUAD	LUAD	440	635	mutation_count_proxy_no_callable_territory
TCGA-17-Z030-01A	TCGA-17-Z030	TCGA-LUAD	LUAD	519	740	mutation_count_proxy_no_callable_territory
TCGA-17-Z031-01A	TCGA-17-Z031	TCGA-LUAD	LUAD	2060	2999	mutation_count_proxy_no_callable_territory
TCGA-17-Z032-01A	TCGA-17-Z032	TCGA-LUAD	LUAD	103	159	mutation_count_proxy_no_callable_territory
TCGA-17-Z033-01A	TCGA-17-Z033	TCGA-LUAD	LUAD	147	217	mutation_count_proxy_no_callable_territory
TCGA-17-Z036-01A	TCGA-17-Z036	TCGA-LUAD	LUAD	67	98	mutation_count_proxy_no_callable_territory
TCGA-17-Z037-01A	TCGA-17-Z037	TCGA-LUAD	LUAD	121	181	mutation_count_proxy_no_callable_territory
TCGA-17-Z041-01A	TCGA-17-Z041	TCGA-LUAD	LUAD	62	104	mutation_count_proxy_no_callable_territory
TCGA-17-Z042-01A	TCGA-17-Z042	TCGA-LUAD	LUAD	413	601	mutation_count_proxy_no_callable_territory
TCGA-17-Z043-01A	TCGA-17-Z043	TCGA-LUAD	LUAD	174	266	mutation_count_proxy_no_callable_territory
TCGA-17-Z044-01A	TCGA-17-Z044	TCGA-LUAD	LUAD	97	163	mutation_count_proxy_no_callable_territory
TCGA-17-Z045-01A	TCGA-17-Z045	TCGA-LUAD	LUAD	601	858	mutation_count_proxy_no_callable_territory
TCGA-17-Z047-01A	TCGA-17-Z047	TCGA-LUAD	LUAD	27	43	mutation_count_proxy_no_callable_territory
TCGA-17-Z048-01A	TCGA-17-Z048	TCGA-LUAD	LUAD	36	51	mutation_count_proxy_no_callable_territory
TCGA-17-Z049-01A	TCGA-17-Z049	TCGA-LUAD	LUAD	483	722	mutation_count_proxy_no_callable_territory
TCGA-17-Z050-01A	TCGA-17-Z050	TCGA-LUAD	LUAD	163	251	mutation_count_proxy_no_callable_territory
TCGA-17-Z051-01A	TCGA-17-Z051	TCGA-LUAD	LUAD	164	248	mutation_count_proxy_no_callable_territory
TCGA-17-Z052-01A	TCGA-17-Z052	TCGA-LUAD	LUAD	142	186	mutation_count_proxy_no_callable_territory
TCGA-17-Z053-01A	TCGA-17-Z053	TCGA-LUAD	LUAD	264	396	mutation_count_proxy_no_callable_territory
TCGA-17-Z054-01A	TCGA-17-Z054	TCGA-LUAD	LUAD	13	16	mutation_count_proxy_no_callable_territory
TCGA-17-Z055-01A	TCGA-17-Z055	TCGA-LUAD	LUAD	698	985	mutation_count_proxy_no_callable_territory
TCGA-17-Z056-01A	TCGA-17-Z056	TCGA-LUAD	LUAD	475	655	mutation_count_proxy_no_callable_territory
TCGA-17-Z057-01A	TCGA-17-Z057	TCGA-LUAD	LUAD	372	535	mutation_count_proxy_no_callable_territory
TCGA-17-Z058-01A	TCGA-17-Z058	TCGA-LUAD	LUAD	91	147	mutation_count_proxy_no_callable_territory
TCGA-17-Z059-01A	TCGA-17-Z059	TCGA-LUAD	LUAD	145	215	mutation_count_proxy_no_callable_territory
TCGA-17-Z060-01A	TCGA-17-Z060	TCGA-LUAD	LUAD	212	314	mutation_count_proxy_no_callable_territory
TCGA-17-Z061-01A	TCGA-17-Z061	TCGA-LUAD	LUAD	148	221	mutation_count_proxy_no_callable_territory
TCGA-17-Z062-01A	TCGA-17-Z062	TCGA-LUAD	LUAD	435	612	mutation_count_proxy_no_callable_territory
TCGA-35-3615-01A	TCGA-35-3615	TCGA-LUAD	LUAD	102	153	mutation_count_proxy_no_callable_territory
TCGA-35-4122-01A	TCGA-35-4122	TCGA-LUAD	LUAD	290	425	mutation_count_proxy_no_callable_territory
TCGA-35-4123-01A	TCGA-35-4123	TCGA-LUAD	LUAD	243	387	mutation_count_proxy_no_callable_territory
TCGA-35-5375-01A	TCGA-35-5375	TCGA-LUAD	LUAD	382	545	mutation_count_proxy_no_callable_territory
TCGA-38-4625-01A	TCGA-38-4625	TCGA-LUAD	LUAD	529	783	mutation_count_proxy_no_callable_territory
TCGA-38-4626-01A	TCGA-38-4626	TCGA-LUAD	LUAD	239	345	mutation_count_proxy_no_callable_territory
TCGA-38-4627-01A	TCGA-38-4627	TCGA-LUAD	LUAD	29	37	mutation_count_proxy_no_callable_territory
TCGA-38-4628-01A	TCGA-38-4628	TCGA-LUAD	LUAD	112	158	mutation_count_proxy_no_callable_territory
TCGA-38-4629-01A	TCGA-38-4629	TCGA-LUAD	LUAD	258	377	mutation_count_proxy_no_callable_territory
TCGA-38-4630-01A	TCGA-38-4630	TCGA-LUAD	LUAD	111	173	mutation_count_proxy_no_callable_territory
TCGA-38-4631-01A	TCGA-38-4631	TCGA-LUAD	LUAD	679	977	mutation_count_proxy_no_callable_territory
TCGA-38-4632-01A	TCGA-38-4632	TCGA-LUAD	LUAD	496	693	mutation_count_proxy_no_callable_territory
TCGA-38-6178-01A	TCGA-38-6178	TCGA-LUAD	LUAD	66	96	mutation_count_proxy_no_callable_territory
TCGA-38-7271-01A	TCGA-38-7271	TCGA-LUAD	LUAD	87	118	mutation_count_proxy_no_callable_territory
TCGA-38-A44F-01A	TCGA-38-A44F	TCGA-LUAD	LUAD	11	19	mutation_count_proxy_no_callable_territory
TCGA-44-2655-01A	TCGA-44-2655	TCGA-LUAD	LUAD	163	239	mutation_count_proxy_no_callable_territory
TCGA-44-2656-01A	TCGA-44-2656	TCGA-LUAD	LUAD	1493	2189	mutation_count_proxy_no_callable_territory
TCGA-44-2657-01A	TCGA-44-2657	TCGA-LUAD	LUAD	711	1059	mutation_count_proxy_no_callable_territory
TCGA-44-2659-01A	TCGA-44-2659	TCGA-LUAD	LUAD	772	1058	mutation_count_proxy_no_callable_territory
TCGA-44-2661-01A	TCGA-44-2661	TCGA-LUAD	LUAD	68	108	mutation_count_proxy_no_callable_territory
TCGA-44-2662-01A	TCGA-44-2662	TCGA-LUAD	LUAD	363	553	mutation_count_proxy_no_callable_territory
TCGA-44-2665-01A	TCGA-44-2665	TCGA-LUAD	LUAD	76	131	mutation_count_proxy_no_callable_territory
TCGA-44-2666-01A	TCGA-44-2666	TCGA-LUAD	LUAD	72	86	mutation_count_proxy_no_callable_territory
TCGA-44-2668-01A	TCGA-44-2668	TCGA-LUAD	LUAD	632	910	mutation_count_proxy_no_callable_territory
TCGA-44-3396-01A	TCGA-44-3396	TCGA-LUAD	LUAD	360	506	mutation_count_proxy_no_callable_territory
TCGA-44-3398-01A	TCGA-44-3398	TCGA-LUAD	LUAD	337	520	mutation_count_proxy_no_callable_territory
TCGA-44-3917-01A	TCGA-44-3917	TCGA-LUAD	LUAD	197	281	mutation_count_proxy_no_callable_territory
TCGA-44-3918-01A	TCGA-44-3918	TCGA-LUAD	LUAD	1728	2421	mutation_count_proxy_no_callable_territory
TCGA-44-3919-01A	TCGA-44-3919	TCGA-LUAD	LUAD	101	146	mutation_count_proxy_no_callable_territory
TCGA-44-4112-01A	TCGA-44-4112	TCGA-LUAD	LUAD	845	1277	mutation_count_proxy_no_callable_territory
TCGA-44-5643-01A	TCGA-44-5643	TCGA-LUAD	LUAD	223	338	mutation_count_proxy_no_callable_territory
TCGA-44-5644-01A	TCGA-44-5644	TCGA-LUAD	LUAD	1772	2482	mutation_count_proxy_no_callable_territory
TCGA-44-5645-01A	TCGA-44-5645	TCGA-LUAD	LUAD	71	92	mutation_count_proxy_no_callable_territory
TCGA-44-6144-01A	TCGA-44-6144	TCGA-LUAD	LUAD	391	569	mutation_count_proxy_no_callable_territory
TCGA-44-6145-01A	TCGA-44-6145	TCGA-LUAD	LUAD	577	807	mutation_count_proxy_no_callable_territory
TCGA-44-6146-01A	TCGA-44-6146	TCGA-LUAD	LUAD	75	100	mutation_count_proxy_no_callable_territory
TCGA-44-6147-01A	TCGA-44-6147	TCGA-LUAD	LUAD	197	340	mutation_count_proxy_no_callable_territory
TCGA-44-6148-01A	TCGA-44-6148	TCGA-LUAD	LUAD	13	19	mutation_count_proxy_no_callable_territory
TCGA-44-6774-01A	TCGA-44-6774	TCGA-LUAD	LUAD	551	798	mutation_count_proxy_no_callable_territory
TCGA-44-6775-01A	TCGA-44-6775	TCGA-LUAD	LUAD	121	177	mutation_count_proxy_no_callable_territory
TCGA-44-6776-01A	TCGA-44-6776	TCGA-LUAD	LUAD	368	543	mutation_count_proxy_no_callable_territory
TCGA-44-6777-01A	TCGA-44-6777	TCGA-LUAD	LUAD	669	981	mutation_count_proxy_no_callable_territory
TCGA-44-6778-01A	TCGA-44-6778	TCGA-LUAD	LUAD	687	1014	mutation_count_proxy_no_callable_territory
TCGA-44-6779-01A	TCGA-44-6779	TCGA-LUAD	LUAD	91	133	mutation_count_proxy_no_callable_territory
TCGA-44-7659-01A	TCGA-44-7659	TCGA-LUAD	LUAD	272	387	mutation_count_proxy_no_callable_territory
TCGA-44-7660-01A	TCGA-44-7660	TCGA-LUAD	LUAD	657	972	mutation_count_proxy_no_callable_territory
TCGA-44-7661-01A	TCGA-44-7661	TCGA-LUAD	LUAD	537	787	mutation_count_proxy_no_callable_territory
TCGA-44-7662-01A	TCGA-44-7662	TCGA-LUAD	LUAD	1065	1467	mutation_count_proxy_no_callable_territory
TCGA-44-7667-01A	TCGA-44-7667	TCGA-LUAD	LUAD	845	1189	mutation_count_proxy_no_callable_territory
TCGA-44-7669-01A	TCGA-44-7669	TCGA-LUAD	LUAD	831	1164	mutation_count_proxy_no_callable_territory
TCGA-44-7670-01A	TCGA-44-7670	TCGA-LUAD	LUAD	1990	2843	mutation_count_proxy_no_callable_territory
TCGA-44-7671-01A	TCGA-44-7671	TCGA-LUAD	LUAD	395	606	mutation_count_proxy_no_callable_territory
TCGA-44-7672-01A	TCGA-44-7672	TCGA-LUAD	LUAD	306	423	mutation_count_proxy_no_callable_territory
TCGA-44-8117-01A	TCGA-44-8117	TCGA-LUAD	LUAD	670	961	mutation_count_proxy_no_callable_territory
TCGA-44-8119-01A	TCGA-44-8119	TCGA-LUAD	LUAD	568	800	mutation_count_proxy_no_callable_territory
TCGA-44-8120-01A	TCGA-44-8120	TCGA-LUAD	LUAD	535	783	mutation_count_proxy_no_callable_territory
TCGA-44-A479-01A	TCGA-44-A479	TCGA-LUAD	LUAD	279	392	mutation_count_proxy_no_callable_territory
TCGA-44-A47A-01A	TCGA-44-A47A	TCGA-LUAD	LUAD	206	280	mutation_count_proxy_no_callable_territory
TCGA-44-A47B-01A	TCGA-44-A47B	TCGA-LUAD	LUAD	40	64	mutation_count_proxy_no_callable_territory
TCGA-44-A47F-01A	TCGA-44-A47F	TCGA-LUAD	LUAD	80	117	mutation_count_proxy_no_callable_territory
TCGA-44-A47G-01A	TCGA-44-A47G	TCGA-LUAD	LUAD	77	103	mutation_count_proxy_no_callable_territory
TCGA-44-A4SS-01A	TCGA-44-A4SS	TCGA-LUAD	LUAD	441	610	mutation_count_proxy_no_callable_territory
TCGA-44-A4SU-01A	TCGA-44-A4SU	TCGA-LUAD	LUAD	132	193	mutation_count_proxy_no_callable_territory
TCGA-49-4486-01A	TCGA-49-4486	TCGA-LUAD	LUAD	143	224	mutation_count_proxy_no_callable_territory
TCGA-49-4487-01A	TCGA-49-4487	TCGA-LUAD	LUAD	342	473	mutation_count_proxy_no_callable_territory
TCGA-49-4488-01A	TCGA-49-4488	TCGA-LUAD	LUAD	268	377	mutation_count_proxy_no_callable_territory
TCGA-49-4490-01A	TCGA-49-4490	TCGA-LUAD	LUAD	48	73	mutation_count_proxy_no_callable_territory
TCGA-49-4494-01A	TCGA-49-4494	TCGA-LUAD	LUAD	169	248	mutation_count_proxy_no_callable_territory
TCGA-49-4501-01A	TCGA-49-4501	TCGA-LUAD	LUAD	48	79	mutation_count_proxy_no_callable_territory
TCGA-49-4505-01A	TCGA-49-4505	TCGA-LUAD	LUAD	186	284	mutation_count_proxy_no_callable_territory
TCGA-49-4506-01A	TCGA-49-4506	TCGA-LUAD	LUAD	115	151	mutation_count_proxy_no_callable_territory
TCGA-49-4507-01A	TCGA-49-4507	TCGA-LUAD	LUAD	180	263	mutation_count_proxy_no_callable_territory
TCGA-49-4510-01A	TCGA-49-4510	TCGA-LUAD	LUAD	58	86	mutation_count_proxy_no_callable_territory
TCGA-49-4512-01A	TCGA-49-4512	TCGA-LUAD	LUAD	38	59	mutation_count_proxy_no_callable_territory
TCGA-49-4514-01A	TCGA-49-4514	TCGA-LUAD	LUAD	291	436	mutation_count_proxy_no_callable_territory
TCGA-49-6742-01A	TCGA-49-6742	TCGA-LUAD	LUAD	230	363	mutation_count_proxy_no_callable_territory
TCGA-49-6743-01A	TCGA-49-6743	TCGA-LUAD	LUAD	685	1010	mutation_count_proxy_no_callable_territory
TCGA-49-6744-01A	TCGA-49-6744	TCGA-LUAD	LUAD	220	304	mutation_count_proxy_no_callable_territory
TCGA-49-6745-01A	TCGA-49-6745	TCGA-LUAD	LUAD	124	179	mutation_count_proxy_no_callable_territory
TCGA-49-6761-01A	TCGA-49-6761	TCGA-LUAD	LUAD	278	424	mutation_count_proxy_no_callable_territory
TCGA-49-6767-01A	TCGA-49-6767	TCGA-LUAD	LUAD	419	632	mutation_count_proxy_no_callable_territory
TCGA-49-AAQV-01A	TCGA-49-AAQV	TCGA-LUAD	LUAD	67	90	mutation_count_proxy_no_callable_territory
TCGA-49-AAR0-01A	TCGA-49-AAR0	TCGA-LUAD	LUAD	121	179	mutation_count_proxy_no_callable_territory
TCGA-49-AAR2-01A	TCGA-49-AAR2	TCGA-LUAD	LUAD	360	505	mutation_count_proxy_no_callable_territory
TCGA-49-AAR3-01A	TCGA-49-AAR3	TCGA-LUAD	LUAD	128	174	mutation_count_proxy_no_callable_territory
TCGA-49-AAR4-01A	TCGA-49-AAR4	TCGA-LUAD	LUAD	529	728	mutation_count_proxy_no_callable_territory
TCGA-49-AAR9-01A	TCGA-49-AAR9	TCGA-LUAD	LUAD	557	831	mutation_count_proxy_no_callable_territory
TCGA-49-AARE-01A	TCGA-49-AARE	TCGA-LUAD	LUAD	1185	1712	mutation_count_proxy_no_callable_territory
TCGA-49-AARN-01A	TCGA-49-AARN	TCGA-LUAD	LUAD	688	953	mutation_count_proxy_no_callable_territory
TCGA-49-AARO-01A	TCGA-49-AARO	TCGA-LUAD	LUAD	534	751	mutation_count_proxy_no_callable_territory
TCGA-49-AARQ-01A	TCGA-49-AARQ	TCGA-LUAD	LUAD	635	904	mutation_count_proxy_no_callable_territory
TCGA-49-AARR-01A	TCGA-49-AARR	TCGA-LUAD	LUAD	2	3	mutation_count_proxy_no_callable_territory
TCGA-4B-A93V-01A	TCGA-4B-A93V	TCGA-LUAD	LUAD	123	174	mutation_count_proxy_no_callable_territory
TCGA-50-5044-01A	TCGA-50-5044	TCGA-LUAD	LUAD	122	184	mutation_count_proxy_no_callable_territory
TCGA-50-5045-01A	TCGA-50-5045	TCGA-LUAD	LUAD	291	385	mutation_count_proxy_no_callable_territory
TCGA-50-5049-01A	TCGA-50-5049	TCGA-LUAD	LUAD	740	1041	mutation_count_proxy_no_callable_territory
TCGA-50-5051-01A	TCGA-50-5051	TCGA-LUAD	LUAD	103	153	mutation_count_proxy_no_callable_territory
TCGA-50-5055-01A	TCGA-50-5055	TCGA-LUAD	LUAD	21	24	mutation_count_proxy_no_callable_territory
TCGA-50-5066-01A	TCGA-50-5066	TCGA-LUAD	LUAD	259	355	mutation_count_proxy_no_callable_territory
TCGA-50-5066-02A	TCGA-50-5066	TCGA-LUAD	LUAD	340	470	mutation_count_proxy_no_callable_territory
TCGA-50-5068-01A	TCGA-50-5068	TCGA-LUAD	LUAD	86	125	mutation_count_proxy_no_callable_territory
TCGA-50-5072-01A	TCGA-50-5072	TCGA-LUAD	LUAD	154	218	mutation_count_proxy_no_callable_territory
TCGA-50-5930-01A	TCGA-50-5930	TCGA-LUAD	LUAD	1021	1477	mutation_count_proxy_no_callable_territory
TCGA-50-5931-01A	TCGA-50-5931	TCGA-LUAD	LUAD	276	398	mutation_count_proxy_no_callable_territory
TCGA-50-5932-01A	TCGA-50-5932	TCGA-LUAD	LUAD	69	98	mutation_count_proxy_no_callable_territory
TCGA-50-5933-01A	TCGA-50-5933	TCGA-LUAD	LUAD	484	687	mutation_count_proxy_no_callable_territory
TCGA-50-5935-01A	TCGA-50-5935	TCGA-LUAD	LUAD	90	125	mutation_count_proxy_no_callable_territory
TCGA-50-5936-01A	TCGA-50-5936	TCGA-LUAD	LUAD	106	151	mutation_count_proxy_no_callable_territory
TCGA-50-5939-01A	TCGA-50-5939	TCGA-LUAD	LUAD	74	110	mutation_count_proxy_no_callable_territory
TCGA-50-5941-01A	TCGA-50-5941	TCGA-LUAD	LUAD	363	522	mutation_count_proxy_no_callable_territory
TCGA-50-5942-01A	TCGA-50-5942	TCGA-LUAD	LUAD	59	75	mutation_count_proxy_no_callable_territory
TCGA-50-5944-01A	TCGA-50-5944	TCGA-LUAD	LUAD	53	87	mutation_count_proxy_no_callable_territory
TCGA-50-5946-01A	TCGA-50-5946	TCGA-LUAD	LUAD	583	851	mutation_count_proxy_no_callable_territory
TCGA-50-5946-02A	TCGA-50-5946	TCGA-LUAD	LUAD	591	872	mutation_count_proxy_no_callable_territory
TCGA-50-6590-01A	TCGA-50-6590	TCGA-LUAD	LUAD	819	1150	mutation_count_proxy_no_callable_territory
TCGA-50-6591-01A	TCGA-50-6591	TCGA-LUAD	LUAD	56	76	mutation_count_proxy_no_callable_territory
TCGA-50-6592-01A	TCGA-50-6592	TCGA-LUAD	LUAD	263	374	mutation_count_proxy_no_callable_territory
TCGA-50-6593-01A	TCGA-50-6593	TCGA-LUAD	LUAD	281	398	mutation_count_proxy_no_callable_territory
TCGA-50-6594-01A	TCGA-50-6594	TCGA-LUAD	LUAD	482	677	mutation_count_proxy_no_callable_territory
TCGA-50-6595-01A	TCGA-50-6595	TCGA-LUAD	LUAD	94	125	mutation_count_proxy_no_callable_territory
TCGA-50-6597-01A	TCGA-50-6597	TCGA-LUAD	LUAD	52	81	mutation_count_proxy_no_callable_territory
TCGA-50-6673-01A	TCGA-50-6673	TCGA-LUAD	LUAD	83	119	mutation_count_proxy_no_callable_territory
TCGA-50-7109-01A	TCGA-50-7109	TCGA-LUAD	LUAD	236	329	mutation_count_proxy_no_callable_territory
TCGA-50-8457-01A	TCGA-50-8457	TCGA-LUAD	LUAD	53	72	mutation_count_proxy_no_callable_territory
TCGA-50-8459-01A	TCGA-50-8459	TCGA-LUAD	LUAD	76	124	mutation_count_proxy_no_callable_territory
TCGA-50-8460-01A	TCGA-50-8460	TCGA-LUAD	LUAD	30	39	mutation_count_proxy_no_callable_territory
TCGA-53-7624-01A	TCGA-53-7624	TCGA-LUAD	LUAD	732	1057	mutation_count_proxy_no_callable_territory
TCGA-53-7626-01A	TCGA-53-7626	TCGA-LUAD	LUAD	1037	1517	mutation_count_proxy_no_callable_territory
TCGA-53-7813-01A	TCGA-53-7813	TCGA-LUAD	LUAD	143	197	mutation_count_proxy_no_callable_territory
TCGA-53-A4EZ-01A	TCGA-53-A4EZ	TCGA-LUAD	LUAD	445	692	mutation_count_proxy_no_callable_territory
TCGA-55-1592-01A	TCGA-55-1592	TCGA-LUAD	LUAD	485	715	mutation_count_proxy_no_callable_territory
TCGA-55-1594-01A	TCGA-55-1594	TCGA-LUAD	LUAD	165	246	mutation_count_proxy_no_callable_territory
TCGA-55-1595-01A	TCGA-55-1595	TCGA-LUAD	LUAD	294	434	mutation_count_proxy_no_callable_territory
TCGA-55-1596-01A	TCGA-55-1596	TCGA-LUAD	LUAD	171	241	mutation_count_proxy_no_callable_territory
TCGA-55-5899-01A	TCGA-55-5899	TCGA-LUAD	LUAD	388	561	mutation_count_proxy_no_callable_territory
TCGA-55-6543-01A	TCGA-55-6543	TCGA-LUAD	LUAD	23	28	mutation_count_proxy_no_callable_territory
TCGA-55-6642-01A	TCGA-55-6642	TCGA-LUAD	LUAD	121	177	mutation_count_proxy_no_callable_territory
TCGA-55-6712-01A	TCGA-55-6712	TCGA-LUAD	LUAD	128	214	mutation_count_proxy_no_callable_territory
TCGA-55-6968-01A	TCGA-55-6968	TCGA-LUAD	LUAD	457	684	mutation_count_proxy_no_callable_territory
TCGA-55-6969-01A	TCGA-55-6969	TCGA-LUAD	LUAD	427	623	mutation_count_proxy_no_callable_territory
TCGA-55-6970-01A	TCGA-55-6970	TCGA-LUAD	LUAD	174	227	mutation_count_proxy_no_callable_territory
TCGA-55-6971-01A	TCGA-55-6971	TCGA-LUAD	LUAD	201	300	mutation_count_proxy_no_callable_territory
TCGA-55-6972-01A	TCGA-55-6972	TCGA-LUAD	LUAD	260	381	mutation_count_proxy_no_callable_territory
TCGA-55-6975-01A	TCGA-55-6975	TCGA-LUAD	LUAD	83	114	mutation_count_proxy_no_callable_territory
TCGA-55-6978-01A	TCGA-55-6978	TCGA-LUAD	LUAD	53	81	mutation_count_proxy_no_callable_territory
TCGA-55-6979-01A	TCGA-55-6979	TCGA-LUAD	LUAD	522	776	mutation_count_proxy_no_callable_territory
TCGA-55-6980-01A	TCGA-55-6980	TCGA-LUAD	LUAD	30	41	mutation_count_proxy_no_callable_territory
TCGA-55-6981-01A	TCGA-55-6981	TCGA-LUAD	LUAD	198	303	mutation_count_proxy_no_callable_territory
TCGA-55-6982-01A	TCGA-55-6982	TCGA-LUAD	LUAD	207	311	mutation_count_proxy_no_callable_territory
TCGA-55-6983-01A	TCGA-55-6983	TCGA-LUAD	LUAD	105	145	mutation_count_proxy_no_callable_territory
TCGA-55-6984-01A	TCGA-55-6984	TCGA-LUAD	LUAD	32	53	mutation_count_proxy_no_callable_territory
TCGA-55-6985-01A	TCGA-55-6985	TCGA-LUAD	LUAD	432	628	mutation_count_proxy_no_callable_territory
TCGA-55-6986-01A	TCGA-55-6986	TCGA-LUAD	LUAD	22	35	mutation_count_proxy_no_callable_territory
TCGA-55-6987-01A	TCGA-55-6987	TCGA-LUAD	LUAD	211	295	mutation_count_proxy_no_callable_territory
TCGA-55-7227-01A	TCGA-55-7227	TCGA-LUAD	LUAD	147	215	mutation_count_proxy_no_callable_territory
TCGA-55-7281-01A	TCGA-55-7281	TCGA-LUAD	LUAD	861	1208	mutation_count_proxy_no_callable_territory
TCGA-55-7283-01A	TCGA-55-7283	TCGA-LUAD	LUAD	416	607	mutation_count_proxy_no_callable_territory
TCGA-55-7284-01B	TCGA-55-7284	TCGA-LUAD	LUAD	40	58	mutation_count_proxy_no_callable_territory
TCGA-55-7570-01A	TCGA-55-7570	TCGA-LUAD	LUAD	697	998	mutation_count_proxy_no_callable_territory
TCGA-55-7573-01A	TCGA-55-7573	TCGA-LUAD	LUAD	50	70	mutation_count_proxy_no_callable_territory
TCGA-55-7574-01A	TCGA-55-7574	TCGA-LUAD	LUAD	488	669	mutation_count_proxy_no_callable_territory
TCGA-55-7576-01A	TCGA-55-7576	TCGA-LUAD	LUAD	720	1046	mutation_count_proxy_no_callable_territory
TCGA-55-7724-01A	TCGA-55-7724	TCGA-LUAD	LUAD	214	290	mutation_count_proxy_no_callable_territory
TCGA-55-7725-01A	TCGA-55-7725	TCGA-LUAD	LUAD	114	166	mutation_count_proxy_no_callable_territory
TCGA-55-7726-01A	TCGA-55-7726	TCGA-LUAD	LUAD	108	146	mutation_count_proxy_no_callable_territory
TCGA-55-7727-01A	TCGA-55-7727	TCGA-LUAD	LUAD	218	322	mutation_count_proxy_no_callable_territory
TCGA-55-7728-01A	TCGA-55-7728	TCGA-LUAD	LUAD	86	124	mutation_count_proxy_no_callable_territory
TCGA-55-7815-01A	TCGA-55-7815	TCGA-LUAD	LUAD	124	187	mutation_count_proxy_no_callable_territory
TCGA-55-7816-01A	TCGA-55-7816	TCGA-LUAD	LUAD	2	2	mutation_count_proxy_no_callable_territory
TCGA-55-7903-01A	TCGA-55-7903	TCGA-LUAD	LUAD	137	202	mutation_count_proxy_no_callable_territory
TCGA-55-7907-01A	TCGA-55-7907	TCGA-LUAD	LUAD	1048	1492	mutation_count_proxy_no_callable_territory
TCGA-55-7910-01A	TCGA-55-7910	TCGA-LUAD	LUAD	286	377	mutation_count_proxy_no_callable_territory
TCGA-55-7911-01A	TCGA-55-7911	TCGA-LUAD	LUAD	205	291	mutation_count_proxy_no_callable_territory
TCGA-55-7913-01B	TCGA-55-7913	TCGA-LUAD	LUAD	303	445	mutation_count_proxy_no_callable_territory
TCGA-55-7914-01A	TCGA-55-7914	TCGA-LUAD	LUAD	161	221	mutation_count_proxy_no_callable_territory
TCGA-55-7994-01A	TCGA-55-7994	TCGA-LUAD	LUAD	1378	1968	mutation_count_proxy_no_callable_territory
TCGA-55-7995-01A	TCGA-55-7995	TCGA-LUAD	LUAD	595	847	mutation_count_proxy_no_callable_territory
TCGA-55-8085-01A	TCGA-55-8085	TCGA-LUAD	LUAD	222	336	mutation_count_proxy_no_callable_territory
TCGA-55-8087-01A	TCGA-55-8087	TCGA-LUAD	LUAD	33	44	mutation_count_proxy_no_callable_territory
TCGA-55-8089-01A	TCGA-55-8089	TCGA-LUAD	LUAD	1071	1577	mutation_count_proxy_no_callable_territory
TCGA-55-8090-01A	TCGA-55-8090	TCGA-LUAD	LUAD	77	119	mutation_count_proxy_no_callable_territory
TCGA-55-8091-01A	TCGA-55-8091	TCGA-LUAD	LUAD	30	38	mutation_count_proxy_no_callable_territory
TCGA-55-8092-01A	TCGA-55-8092	TCGA-LUAD	LUAD	481	742	mutation_count_proxy_no_callable_territory
TCGA-55-8094-01A	TCGA-55-8094	TCGA-LUAD	LUAD	395	582	mutation_count_proxy_no_callable_territory
TCGA-55-8096-01A	TCGA-55-8096	TCGA-LUAD	LUAD	132	182	mutation_count_proxy_no_callable_territory
TCGA-55-8097-01A	TCGA-55-8097	TCGA-LUAD	LUAD	98	149	mutation_count_proxy_no_callable_territory
TCGA-55-8203-01A	TCGA-55-8203	TCGA-LUAD	LUAD	382	548	mutation_count_proxy_no_callable_territory
TCGA-55-8204-01A	TCGA-55-8204	TCGA-LUAD	LUAD	190	274	mutation_count_proxy_no_callable_territory
TCGA-55-8205-01A	TCGA-55-8205	TCGA-LUAD	LUAD	469	676	mutation_count_proxy_no_callable_territory
TCGA-55-8206-01A	TCGA-55-8206	TCGA-LUAD	LUAD	27	41	mutation_count_proxy_no_callable_territory
TCGA-55-8207-01A	TCGA-55-8207	TCGA-LUAD	LUAD	276	407	mutation_count_proxy_no_callable_territory
TCGA-55-8208-01A	TCGA-55-8208	TCGA-LUAD	LUAD	313	451	mutation_count_proxy_no_callable_territory
TCGA-55-8299-01A	TCGA-55-8299	TCGA-LUAD	LUAD	363	516	mutation_count_proxy_no_callable_territory
TCGA-55-8301-01A	TCGA-55-8301	TCGA-LUAD	LUAD	259	387	mutation_count_proxy_no_callable_territory
TCGA-55-8302-01A	TCGA-55-8302	TCGA-LUAD	LUAD	613	878	mutation_count_proxy_no_callable_territory
TCGA-55-8505-01A	TCGA-55-8505	TCGA-LUAD	LUAD	28	48	mutation_count_proxy_no_callable_territory
TCGA-55-8506-01A	TCGA-55-8506	TCGA-LUAD	LUAD	1570	2280	mutation_count_proxy_no_callable_territory
TCGA-55-8507-01A	TCGA-55-8507	TCGA-LUAD	LUAD	868	1256	mutation_count_proxy_no_callable_territory
TCGA-55-8508-01A	TCGA-55-8508	TCGA-LUAD	LUAD	162	240	mutation_count_proxy_no_callable_territory
TCGA-55-8510-01A	TCGA-55-8510	TCGA-LUAD	LUAD	272	408	mutation_count_proxy_no_callable_territory
TCGA-55-8511-01A	TCGA-55-8511	TCGA-LUAD	LUAD	511	739	mutation_count_proxy_no_callable_territory
TCGA-55-8512-01A	TCGA-55-8512	TCGA-LUAD	LUAD	34	54	mutation_count_proxy_no_callable_territory
TCGA-55-8513-01A	TCGA-55-8513	TCGA-LUAD	LUAD	6	9	mutation_count_proxy_no_callable_territory
TCGA-55-8514-01A	TCGA-55-8514	TCGA-LUAD	LUAD	245	369	mutation_count_proxy_no_callable_territory
TCGA-55-8614-01A	TCGA-55-8614	TCGA-LUAD	LUAD	203	311	mutation_count_proxy_no_callable_territory
TCGA-55-8615-01A	TCGA-55-8615	TCGA-LUAD	LUAD	99	172	mutation_count_proxy_no_callable_territory
TCGA-55-8616-01A	TCGA-55-8616	TCGA-LUAD	LUAD	428	621	mutation_count_proxy_no_callable_territory
TCGA-55-8619-01A	TCGA-55-8619	TCGA-LUAD	LUAD	20	27	mutation_count_proxy_no_callable_territory
TCGA-55-8620-01A	TCGA-55-8620	TCGA-LUAD	LUAD	430	639	mutation_count_proxy_no_callable_territory
TCGA-55-8621-01A	TCGA-55-8621	TCGA-LUAD	LUAD	68	91	mutation_count_proxy_no_callable_territory
TCGA-55-A48X-01A	TCGA-55-A48X	TCGA-LUAD	LUAD	358	494	mutation_count_proxy_no_callable_territory
TCGA-55-A48Y-01A	TCGA-55-A48Y	TCGA-LUAD	LUAD	306	451	mutation_count_proxy_no_callable_territory
TCGA-55-A48Z-01A	TCGA-55-A48Z	TCGA-LUAD	LUAD	43	69	mutation_count_proxy_no_callable_territory
TCGA-55-A490-01A	TCGA-55-A490	TCGA-LUAD	LUAD	1178	1700	mutation_count_proxy_no_callable_territory
TCGA-55-A491-01A	TCGA-55-A491	TCGA-LUAD	LUAD	332	477	mutation_count_proxy_no_callable_territory
TCGA-55-A492-01A	TCGA-55-A492	TCGA-LUAD	LUAD	256	376	mutation_count_proxy_no_callable_territory
TCGA-55-A493-01A	TCGA-55-A493	TCGA-LUAD	LUAD	233	347	mutation_count_proxy_no_callable_territory
TCGA-55-A494-01A	TCGA-55-A494	TCGA-LUAD	LUAD	209	309	mutation_count_proxy_no_callable_territory
TCGA-55-A4DF-01A	TCGA-55-A4DF	TCGA-LUAD	LUAD	665	991	mutation_count_proxy_no_callable_territory
TCGA-55-A4DG-01A	TCGA-55-A4DG	TCGA-LUAD	LUAD	625	880	mutation_count_proxy_no_callable_territory
TCGA-55-A57B-01A	TCGA-55-A57B	TCGA-LUAD	LUAD	39	52	mutation_count_proxy_no_callable_territory
TCGA-62-8394-01A	TCGA-62-8394	TCGA-LUAD	LUAD	117	178	mutation_count_proxy_no_callable_territory
TCGA-62-8395-01A	TCGA-62-8395	TCGA-LUAD	LUAD	73	97	mutation_count_proxy_no_callable_territory
TCGA-62-8397-01A	TCGA-62-8397	TCGA-LUAD	LUAD	24	36	mutation_count_proxy_no_callable_territory
TCGA-62-8398-01A	TCGA-62-8398	TCGA-LUAD	LUAD	73	106	mutation_count_proxy_no_callable_territory
TCGA-62-8399-01A	TCGA-62-8399	TCGA-LUAD	LUAD	460	674	mutation_count_proxy_no_callable_territory
TCGA-62-8402-01A	TCGA-62-8402	TCGA-LUAD	LUAD	39	76	mutation_count_proxy_no_callable_territory
TCGA-62-A46O-01A	TCGA-62-A46O	TCGA-LUAD	LUAD	784	1133	mutation_count_proxy_no_callable_territory
TCGA-62-A46P-01A	TCGA-62-A46P	TCGA-LUAD	LUAD	252	364	mutation_count_proxy_no_callable_territory
TCGA-62-A46R-01A	TCGA-62-A46R	TCGA-LUAD	LUAD	168	220	mutation_count_proxy_no_callable_territory
TCGA-62-A46S-01A	TCGA-62-A46S	TCGA-LUAD	LUAD	109	163	mutation_count_proxy_no_callable_territory
TCGA-62-A46U-01A	TCGA-62-A46U	TCGA-LUAD	LUAD	39	54	mutation_count_proxy_no_callable_territory
TCGA-62-A46V-01A	TCGA-62-A46V	TCGA-LUAD	LUAD	52	74	mutation_count_proxy_no_callable_territory
TCGA-62-A46Y-01A	TCGA-62-A46Y	TCGA-LUAD	LUAD	35	46	mutation_count_proxy_no_callable_territory
TCGA-62-A470-01A	TCGA-62-A470	TCGA-LUAD	LUAD	105	154	mutation_count_proxy_no_callable_territory
TCGA-62-A471-01A	TCGA-62-A471	TCGA-LUAD	LUAD	86	150	mutation_count_proxy_no_callable_territory
TCGA-62-A472-01A	TCGA-62-A472	TCGA-LUAD	LUAD	53	78	mutation_count_proxy_no_callable_territory
TCGA-64-1676-01A	TCGA-64-1676	TCGA-LUAD	LUAD	531	756	mutation_count_proxy_no_callable_territory
TCGA-64-1677-01A	TCGA-64-1677	TCGA-LUAD	LUAD	192	274	mutation_count_proxy_no_callable_territory
TCGA-64-1679-01A	TCGA-64-1679	TCGA-LUAD	LUAD	477	655	mutation_count_proxy_no_callable_territory
TCGA-64-1680-01A	TCGA-64-1680	TCGA-LUAD	LUAD	55	82	mutation_count_proxy_no_callable_territory
TCGA-64-1681-01A	TCGA-64-1681	TCGA-LUAD	LUAD	76	110	mutation_count_proxy_no_callable_territory
TCGA-64-5774-01A	TCGA-64-5774	TCGA-LUAD	LUAD	124	184	mutation_count_proxy_no_callable_territory
TCGA-64-5775-01A	TCGA-64-5775	TCGA-LUAD	LUAD	423	622	mutation_count_proxy_no_callable_territory
TCGA-64-5778-01A	TCGA-64-5778	TCGA-LUAD	LUAD	423	607	mutation_count_proxy_no_callable_territory
TCGA-64-5779-01A	TCGA-64-5779	TCGA-LUAD	LUAD	320	453	mutation_count_proxy_no_callable_territory
TCGA-64-5781-01A	TCGA-64-5781	TCGA-LUAD	LUAD	1010	1465	mutation_count_proxy_no_callable_territory
TCGA-64-5815-01A	TCGA-64-5815	TCGA-LUAD	LUAD	145	221	mutation_count_proxy_no_callable_territory
TCGA-67-3770-01A	TCGA-67-3770	TCGA-LUAD	LUAD	185	280	mutation_count_proxy_no_callable_territory
TCGA-67-3771-01A	TCGA-67-3771	TCGA-LUAD	LUAD	932	1382	mutation_count_proxy_no_callable_territory
TCGA-67-3772-01A	TCGA-67-3772	TCGA-LUAD	LUAD	60	84	mutation_count_proxy_no_callable_territory
TCGA-67-3773-01A	TCGA-67-3773	TCGA-LUAD	LUAD	96	132	mutation_count_proxy_no_callable_territory
TCGA-67-3774-01A	TCGA-67-3774	TCGA-LUAD	LUAD	93	155	mutation_count_proxy_no_callable_territory
TCGA-67-4679-01B	TCGA-67-4679	TCGA-LUAD	LUAD	260	379	mutation_count_proxy_no_callable_territory
TCGA-67-6215-01A	TCGA-67-6215	TCGA-LUAD	LUAD	101	138	mutation_count_proxy_no_callable_territory
TCGA-67-6216-01A	TCGA-67-6216	TCGA-LUAD	LUAD	39	52	mutation_count_proxy_no_callable_territory
TCGA-67-6217-01A	TCGA-67-6217	TCGA-LUAD	LUAD	176	246	mutation_count_proxy_no_callable_territory
TCGA-69-7760-01A	TCGA-69-7760	TCGA-LUAD	LUAD	63	94	mutation_count_proxy_no_callable_territory
TCGA-69-7761-01A	TCGA-69-7761	TCGA-LUAD	LUAD	29	40	mutation_count_proxy_no_callable_territory
TCGA-69-7763-01A	TCGA-69-7763	TCGA-LUAD	LUAD	65	106	mutation_count_proxy_no_callable_territory
TCGA-69-7764-01A	TCGA-69-7764	TCGA-LUAD	LUAD	78	119	mutation_count_proxy_no_callable_territory
TCGA-69-7765-01A	TCGA-69-7765	TCGA-LUAD	LUAD	543	771	mutation_count_proxy_no_callable_territory
TCGA-69-7973-01A	TCGA-69-7973	TCGA-LUAD	LUAD	235	322	mutation_count_proxy_no_callable_territory
TCGA-69-7974-01A	TCGA-69-7974	TCGA-LUAD	LUAD	477	664	mutation_count_proxy_no_callable_territory
TCGA-69-7978-01A	TCGA-69-7978	TCGA-LUAD	LUAD	537	786	mutation_count_proxy_no_callable_territory
TCGA-69-7979-01A	TCGA-69-7979	TCGA-LUAD	LUAD	1306	1846	mutation_count_proxy_no_callable_territory
TCGA-69-7980-01A	TCGA-69-7980	TCGA-LUAD	LUAD	727	1011	mutation_count_proxy_no_callable_territory
TCGA-69-8253-01A	TCGA-69-8253	TCGA-LUAD	LUAD	130	213	mutation_count_proxy_no_callable_territory
TCGA-69-8254-01A	TCGA-69-8254	TCGA-LUAD	LUAD	74	101	mutation_count_proxy_no_callable_territory
TCGA-69-8255-01A	TCGA-69-8255	TCGA-LUAD	LUAD	267	384	mutation_count_proxy_no_callable_territory
TCGA-69-A59K-01A	TCGA-69-A59K	TCGA-LUAD	LUAD	432	654	mutation_count_proxy_no_callable_territory
TCGA-71-6725-01A	TCGA-71-6725	TCGA-LUAD	LUAD	50	82	mutation_count_proxy_no_callable_territory
TCGA-71-8520-01A	TCGA-71-8520	TCGA-LUAD	LUAD	79	112	mutation_count_proxy_no_callable_territory
TCGA-73-4658-01A	TCGA-73-4658	TCGA-LUAD	LUAD	316	455	mutation_count_proxy_no_callable_territory
TCGA-73-4659-01A	TCGA-73-4659	TCGA-LUAD	LUAD	187	285	mutation_count_proxy_no_callable_territory
TCGA-73-4662-01A	TCGA-73-4662	TCGA-LUAD	LUAD	202	289	mutation_count_proxy_no_callable_territory
TCGA-73-4666-01A	TCGA-73-4666	TCGA-LUAD	LUAD	340	500	mutation_count_proxy_no_callable_territory
TCGA-73-4668-01A	TCGA-73-4668	TCGA-LUAD	LUAD	478	666	mutation_count_proxy_no_callable_territory
TCGA-73-4670-01A	TCGA-73-4670	TCGA-LUAD	LUAD	322	477	mutation_count_proxy_no_callable_territory
TCGA-73-4675-01A	TCGA-73-4675	TCGA-LUAD	LUAD	62	93	mutation_count_proxy_no_callable_territory
TCGA-73-4676-01A	TCGA-73-4676	TCGA-LUAD	LUAD	83	120	mutation_count_proxy_no_callable_territory
TCGA-73-4677-01A	TCGA-73-4677	TCGA-LUAD	LUAD	223	316	mutation_count_proxy_no_callable_territory
TCGA-73-7498-01A	TCGA-73-7498	TCGA-LUAD	LUAD	96	149	mutation_count_proxy_no_callable_territory
TCGA-73-7499-01A	TCGA-73-7499	TCGA-LUAD	LUAD	64	86	mutation_count_proxy_no_callable_territory
TCGA-73-A9RS-01A	TCGA-73-A9RS	TCGA-LUAD	LUAD	835	1211	mutation_count_proxy_no_callable_territory
TCGA-75-5122-01A	TCGA-75-5122	TCGA-LUAD	LUAD	114	174	mutation_count_proxy_no_callable_territory
TCGA-75-5125-01A	TCGA-75-5125	TCGA-LUAD	LUAD	162	228	mutation_count_proxy_no_callable_territory
TCGA-75-5126-01A	TCGA-75-5126	TCGA-LUAD	LUAD	580	838	mutation_count_proxy_no_callable_territory
TCGA-75-5146-01A	TCGA-75-5146	TCGA-LUAD	LUAD	169	249	mutation_count_proxy_no_callable_territory
TCGA-75-5147-01A	TCGA-75-5147	TCGA-LUAD	LUAD	39	50	mutation_count_proxy_no_callable_territory
TCGA-75-6203-01A	TCGA-75-6203	TCGA-LUAD	LUAD	11	21	mutation_count_proxy_no_callable_territory
TCGA-75-6205-01A	TCGA-75-6205	TCGA-LUAD	LUAD	47	63	mutation_count_proxy_no_callable_territory
TCGA-75-6206-01A	TCGA-75-6206	TCGA-LUAD	LUAD	81	110	mutation_count_proxy_no_callable_territory
TCGA-75-6207-01A	TCGA-75-6207	TCGA-LUAD	LUAD	60	87	mutation_count_proxy_no_callable_territory
TCGA-75-6211-01A	TCGA-75-6211	TCGA-LUAD	LUAD	337	471	mutation_count_proxy_no_callable_territory
TCGA-75-6212-01A	TCGA-75-6212	TCGA-LUAD	LUAD	21	27	mutation_count_proxy_no_callable_territory
TCGA-75-6214-01A	TCGA-75-6214	TCGA-LUAD	LUAD	640	925	mutation_count_proxy_no_callable_territory
TCGA-75-7025-01A	TCGA-75-7025	TCGA-LUAD	LUAD	31	46	mutation_count_proxy_no_callable_territory
TCGA-75-7027-01A	TCGA-75-7027	TCGA-LUAD	LUAD	210	323	mutation_count_proxy_no_callable_territory
TCGA-75-7030-01A	TCGA-75-7030	TCGA-LUAD	LUAD	15	19	mutation_count_proxy_no_callable_territory
TCGA-75-7031-01A	TCGA-75-7031	TCGA-LUAD	LUAD	184	279	mutation_count_proxy_no_callable_territory
TCGA-78-7145-01A	TCGA-78-7145	TCGA-LUAD	LUAD	184	266	mutation_count_proxy_no_callable_territory
TCGA-78-7146-01A	TCGA-78-7146	TCGA-LUAD	LUAD	337	518	mutation_count_proxy_no_callable_territory
TCGA-78-7147-01A	TCGA-78-7147	TCGA-LUAD	LUAD	302	457	mutation_count_proxy_no_callable_territory
TCGA-78-7148-01A	TCGA-78-7148	TCGA-LUAD	LUAD	213	300	mutation_count_proxy_no_callable_territory
TCGA-78-7149-01A	TCGA-78-7149	TCGA-LUAD	LUAD	136	205	mutation_count_proxy_no_callable_territory
TCGA-78-7150-01A	TCGA-78-7150	TCGA-LUAD	LUAD	362	535	mutation_count_proxy_no_callable_territory
TCGA-78-7152-01A	TCGA-78-7152	TCGA-LUAD	LUAD	179	270	mutation_count_proxy_no_callable_territory
TCGA-78-7153-01A	TCGA-78-7153	TCGA-LUAD	LUAD	114	165	mutation_count_proxy_no_callable_territory
TCGA-78-7154-01A	TCGA-78-7154	TCGA-LUAD	LUAD	201	338	mutation_count_proxy_no_callable_territory
TCGA-78-7155-01A	TCGA-78-7155	TCGA-LUAD	LUAD	1401	1939	mutation_count_proxy_no_callable_territory
TCGA-78-7156-01A	TCGA-78-7156	TCGA-LUAD	LUAD	303	438	mutation_count_proxy_no_callable_territory
TCGA-78-7158-01A	TCGA-78-7158	TCGA-LUAD	LUAD	246	351	mutation_count_proxy_no_callable_territory
TCGA-78-7159-01A	TCGA-78-7159	TCGA-LUAD	LUAD	299	436	mutation_count_proxy_no_callable_territory
TCGA-78-7160-01A	TCGA-78-7160	TCGA-LUAD	LUAD	49	73	mutation_count_proxy_no_callable_territory
TCGA-78-7161-01A	TCGA-78-7161	TCGA-LUAD	LUAD	172	256	mutation_count_proxy_no_callable_territory
TCGA-78-7162-01A	TCGA-78-7162	TCGA-LUAD	LUAD	73	106	mutation_count_proxy_no_callable_territory
TCGA-78-7163-01A	TCGA-78-7163	TCGA-LUAD	LUAD	49	73	mutation_count_proxy_no_callable_territory
TCGA-78-7166-01A	TCGA-78-7166	TCGA-LUAD	LUAD	192	285	mutation_count_proxy_no_callable_territory
TCGA-78-7167-01A	TCGA-78-7167	TCGA-LUAD	LUAD	100	160	mutation_count_proxy_no_callable_territory
TCGA-78-7220-01A	TCGA-78-7220	TCGA-LUAD	LUAD	731	1095	mutation_count_proxy_no_callable_territory
TCGA-78-7535-01A	TCGA-78-7535	TCGA-LUAD	LUAD	144	229	mutation_count_proxy_no_callable_territory
TCGA-78-7536-01A	TCGA-78-7536	TCGA-LUAD	LUAD	589	864	mutation_count_proxy_no_callable_territory
TCGA-78-7537-01A	TCGA-78-7537	TCGA-LUAD	LUAD	133	183	mutation_count_proxy_no_callable_territory
TCGA-78-7539-01A	TCGA-78-7539	TCGA-LUAD	LUAD	424	625	mutation_count_proxy_no_callable_territory
TCGA-78-7540-01A	TCGA-78-7540	TCGA-LUAD	LUAD	223	346	mutation_count_proxy_no_callable_territory
TCGA-78-7542-01A	TCGA-78-7542	TCGA-LUAD	LUAD	325	495	mutation_count_proxy_no_callable_territory
TCGA-78-7633-01A	TCGA-78-7633	TCGA-LUAD	LUAD	146	210	mutation_count_proxy_no_callable_territory
TCGA-78-8640-01A	TCGA-78-8640	TCGA-LUAD	LUAD	638	937	mutation_count_proxy_no_callable_territory
TCGA-78-8648-01A	TCGA-78-8648	TCGA-LUAD	LUAD	14	17	mutation_count_proxy_no_callable_territory
TCGA-78-8655-01A	TCGA-78-8655	TCGA-LUAD	LUAD	94	142	mutation_count_proxy_no_callable_territory
TCGA-78-8660-01A	TCGA-78-8660	TCGA-LUAD	LUAD	221	319	mutation_count_proxy_no_callable_territory
TCGA-78-8662-01A	TCGA-78-8662	TCGA-LUAD	LUAD	994	1474	mutation_count_proxy_no_callable_territory
TCGA-80-5607-01A	TCGA-80-5607	TCGA-LUAD	LUAD	111	162	mutation_count_proxy_no_callable_territory
TCGA-80-5608-01A	TCGA-80-5608	TCGA-LUAD	LUAD	340	503	mutation_count_proxy_no_callable_territory
TCGA-80-5611-01A	TCGA-80-5611	TCGA-LUAD	LUAD	188	262	mutation_count_proxy_no_callable_territory
TCGA-83-5908-01A	TCGA-83-5908	TCGA-LUAD	LUAD	210	302	mutation_count_proxy_no_callable_territory
TCGA-86-6562-01A	TCGA-86-6562	TCGA-LUAD	LUAD	51	77	mutation_count_proxy_no_callable_territory
TCGA-86-6851-01A	TCGA-86-6851	TCGA-LUAD	LUAD	832	1175	mutation_count_proxy_no_callable_territory
TCGA-86-7701-01A	TCGA-86-7701	TCGA-LUAD	LUAD	366	575	mutation_count_proxy_no_callable_territory
TCGA-86-7711-01A	TCGA-86-7711	TCGA-LUAD	LUAD	396	591	mutation_count_proxy_no_callable_territory
TCGA-86-7713-01A	TCGA-86-7713	TCGA-LUAD	LUAD	298	417	mutation_count_proxy_no_callable_territory
TCGA-86-7714-01A	TCGA-86-7714	TCGA-LUAD	LUAD	68	97	mutation_count_proxy_no_callable_territory
TCGA-86-7953-01A	TCGA-86-7953	TCGA-LUAD	LUAD	48	66	mutation_count_proxy_no_callable_territory
TCGA-86-7954-01A	TCGA-86-7954	TCGA-LUAD	LUAD	186	295	mutation_count_proxy_no_callable_territory
TCGA-86-7955-01A	TCGA-86-7955	TCGA-LUAD	LUAD	277	392	mutation_count_proxy_no_callable_territory
TCGA-86-8054-01A	TCGA-86-8054	TCGA-LUAD	LUAD	199	285	mutation_count_proxy_no_callable_territory
TCGA-86-8055-01A	TCGA-86-8055	TCGA-LUAD	LUAD	42	65	mutation_count_proxy_no_callable_territory
TCGA-86-8056-01A	TCGA-86-8056	TCGA-LUAD	LUAD	257	348	mutation_count_proxy_no_callable_territory
TCGA-86-8073-01A	TCGA-86-8073	TCGA-LUAD	LUAD	1326	1894	mutation_count_proxy_no_callable_territory
TCGA-86-8074-01A	TCGA-86-8074	TCGA-LUAD	LUAD	63	84	mutation_count_proxy_no_callable_territory
TCGA-86-8075-01A	TCGA-86-8075	TCGA-LUAD	LUAD	48	67	mutation_count_proxy_no_callable_territory
TCGA-86-8076-01A	TCGA-86-8076	TCGA-LUAD	LUAD	64	84	mutation_count_proxy_no_callable_territory
TCGA-86-8278-01A	TCGA-86-8278	TCGA-LUAD	LUAD	93	146	mutation_count_proxy_no_callable_territory
TCGA-86-8279-01A	TCGA-86-8279	TCGA-LUAD	LUAD	450	655	mutation_count_proxy_no_callable_territory
TCGA-86-8280-01A	TCGA-86-8280	TCGA-LUAD	LUAD	43	56	mutation_count_proxy_no_callable_territory
TCGA-86-8281-01A	TCGA-86-8281	TCGA-LUAD	LUAD	225	348	mutation_count_proxy_no_callable_territory
TCGA-86-8358-01A	TCGA-86-8358	TCGA-LUAD	LUAD	943	1411	mutation_count_proxy_no_callable_territory
TCGA-86-8359-01A	TCGA-86-8359	TCGA-LUAD	LUAD	143	211	mutation_count_proxy_no_callable_territory
TCGA-86-8585-01A	TCGA-86-8585	TCGA-LUAD	LUAD	528	742	mutation_count_proxy_no_callable_territory
TCGA-86-8668-01A	TCGA-86-8668	TCGA-LUAD	LUAD	33	49	mutation_count_proxy_no_callable_territory
TCGA-86-8669-01A	TCGA-86-8669	TCGA-LUAD	LUAD	116	181	mutation_count_proxy_no_callable_territory
TCGA-86-8671-01A	TCGA-86-8671	TCGA-LUAD	LUAD	33	47	mutation_count_proxy_no_callable_territory
TCGA-86-8672-01A	TCGA-86-8672	TCGA-LUAD	LUAD	260	394	mutation_count_proxy_no_callable_territory
TCGA-86-8673-01A	TCGA-86-8673	TCGA-LUAD	LUAD	438	631	mutation_count_proxy_no_callable_territory
TCGA-86-8674-01A	TCGA-86-8674	TCGA-LUAD	LUAD	265	399	mutation_count_proxy_no_callable_territory
TCGA-86-A456-01A	TCGA-86-A456	TCGA-LUAD	LUAD	325	462	mutation_count_proxy_no_callable_territory
TCGA-86-A4JF-01A	TCGA-86-A4JF	TCGA-LUAD	LUAD	1214	1806	mutation_count_proxy_no_callable_territory
TCGA-86-A4P7-01A	TCGA-86-A4P7	TCGA-LUAD	LUAD	65	89	mutation_count_proxy_no_callable_territory
TCGA-86-A4P8-01A	TCGA-86-A4P8	TCGA-LUAD	LUAD	0	2	mutation_count_proxy_no_callable_territory
TCGA-91-6828-01A	TCGA-91-6828	TCGA-LUAD	LUAD	538	732	mutation_count_proxy_no_callable_territory
TCGA-91-6829-01A	TCGA-91-6829	TCGA-LUAD	LUAD	581	849	mutation_count_proxy_no_callable_territory
TCGA-91-6830-01A	TCGA-91-6830	TCGA-LUAD	LUAD	237	352	mutation_count_proxy_no_callable_territory
TCGA-91-6831-01A	TCGA-91-6831	TCGA-LUAD	LUAD	257	362	mutation_count_proxy_no_callable_territory
TCGA-91-6835-01A	TCGA-91-6835	TCGA-LUAD	LUAD	79	118	mutation_count_proxy_no_callable_territory
TCGA-91-6836-01A	TCGA-91-6836	TCGA-LUAD	LUAD	452	670	mutation_count_proxy_no_callable_territory
TCGA-91-6840-01A	TCGA-91-6840	TCGA-LUAD	LUAD	124	183	mutation_count_proxy_no_callable_territory
TCGA-91-6847-01A	TCGA-91-6847	TCGA-LUAD	LUAD	67	125	mutation_count_proxy_no_callable_territory
TCGA-91-6848-01A	TCGA-91-6848	TCGA-LUAD	LUAD	556	801	mutation_count_proxy_no_callable_territory
TCGA-91-6849-01A	TCGA-91-6849	TCGA-LUAD	LUAD	107	162	mutation_count_proxy_no_callable_territory
TCGA-91-7771-01A	TCGA-91-7771	TCGA-LUAD	LUAD	185	259	mutation_count_proxy_no_callable_territory
TCGA-91-8496-01A	TCGA-91-8496	TCGA-LUAD	LUAD	32	46	mutation_count_proxy_no_callable_territory
TCGA-91-8497-01A	TCGA-91-8497	TCGA-LUAD	LUAD	38	60	mutation_count_proxy_no_callable_territory
TCGA-91-8499-01A	TCGA-91-8499	TCGA-LUAD	LUAD	279	415	mutation_count_proxy_no_callable_territory
TCGA-91-A4BC-01A	TCGA-91-A4BC	TCGA-LUAD	LUAD	399	576	mutation_count_proxy_no_callable_territory
TCGA-91-A4BD-01A	TCGA-91-A4BD	TCGA-LUAD	LUAD	16	28	mutation_count_proxy_no_callable_territory
TCGA-93-7347-01A	TCGA-93-7347	TCGA-LUAD	LUAD	106	151	mutation_count_proxy_no_callable_territory
TCGA-93-7348-01A	TCGA-93-7348	TCGA-LUAD	LUAD	202	273	mutation_count_proxy_no_callable_territory
TCGA-93-8067-01A	TCGA-93-8067	TCGA-LUAD	LUAD	446	686	mutation_count_proxy_no_callable_territory
TCGA-93-A4JN-01A	TCGA-93-A4JN	TCGA-LUAD	LUAD	71	102	mutation_count_proxy_no_callable_territory
TCGA-93-A4JO-01A	TCGA-93-A4JO	TCGA-LUAD	LUAD	53	67	mutation_count_proxy_no_callable_territory
TCGA-93-A4JP-01A	TCGA-93-A4JP	TCGA-LUAD	LUAD	54	85	mutation_count_proxy_no_callable_territory
TCGA-93-A4JQ-01A	TCGA-93-A4JQ	TCGA-LUAD	LUAD	103	145	mutation_count_proxy_no_callable_territory
TCGA-95-7039-01A	TCGA-95-7039	TCGA-LUAD	LUAD	1195	1679	mutation_count_proxy_no_callable_territory
TCGA-95-7043-01A	TCGA-95-7043	TCGA-LUAD	LUAD	1012	1415	mutation_count_proxy_no_callable_territory
TCGA-95-7562-01A	TCGA-95-7562	TCGA-LUAD	LUAD	388	513	mutation_count_proxy_no_callable_territory
TCGA-95-7567-01A	TCGA-95-7567	TCGA-LUAD	LUAD	828	1206	mutation_count_proxy_no_callable_territory
TCGA-95-7944-01A	TCGA-95-7944	TCGA-LUAD	LUAD	204	313	mutation_count_proxy_no_callable_territory
TCGA-95-7947-01A	TCGA-95-7947	TCGA-LUAD	LUAD	468	683	mutation_count_proxy_no_callable_territory
TCGA-95-7948-01A	TCGA-95-7948	TCGA-LUAD	LUAD	143	189	mutation_count_proxy_no_callable_territory
TCGA-95-8039-01A	TCGA-95-8039	TCGA-LUAD	LUAD	86	124	mutation_count_proxy_no_callable_territory
TCGA-95-8494-01A	TCGA-95-8494	TCGA-LUAD	LUAD	88	135	mutation_count_proxy_no_callable_territory
TCGA-95-A4VK-01A	TCGA-95-A4VK	TCGA-LUAD	LUAD	221	324	mutation_count_proxy_no_callable_territory
TCGA-95-A4VN-01A	TCGA-95-A4VN	TCGA-LUAD	LUAD	417	605	mutation_count_proxy_no_callable_territory
TCGA-95-A4VP-01A	TCGA-95-A4VP	TCGA-LUAD	LUAD	110	166	mutation_count_proxy_no_callable_territory
TCGA-97-7546-01A	TCGA-97-7546	TCGA-LUAD	LUAD	248	364	mutation_count_proxy_no_callable_territory
TCGA-97-7547-01A	TCGA-97-7547	TCGA-LUAD	LUAD	158	240	mutation_count_proxy_no_callable_territory
TCGA-97-7552-01A	TCGA-97-7552	TCGA-LUAD	LUAD	35	57	mutation_count_proxy_no_callable_territory
TCGA-97-7553-01A	TCGA-97-7553	TCGA-LUAD	LUAD	42	58	mutation_count_proxy_no_callable_territory
TCGA-97-7554-01A	TCGA-97-7554	TCGA-LUAD	LUAD	408	595	mutation_count_proxy_no_callable_territory
TCGA-97-7937-01A	TCGA-97-7937	TCGA-LUAD	LUAD	436	587	mutation_count_proxy_no_callable_territory
TCGA-97-7938-01A	TCGA-97-7938	TCGA-LUAD	LUAD	360	515	mutation_count_proxy_no_callable_territory
TCGA-97-7941-01A	TCGA-97-7941	TCGA-LUAD	LUAD	86	127	mutation_count_proxy_no_callable_territory
TCGA-97-8171-01A	TCGA-97-8171	TCGA-LUAD	LUAD	56	75	mutation_count_proxy_no_callable_territory
TCGA-97-8172-01A	TCGA-97-8172	TCGA-LUAD	LUAD	246	350	mutation_count_proxy_no_callable_territory
TCGA-97-8174-01A	TCGA-97-8174	TCGA-LUAD	LUAD	155	220	mutation_count_proxy_no_callable_territory
TCGA-97-8175-01A	TCGA-97-8175	TCGA-LUAD	LUAD	27	43	mutation_count_proxy_no_callable_territory
TCGA-97-8176-01A	TCGA-97-8176	TCGA-LUAD	LUAD	135	203	mutation_count_proxy_no_callable_territory
TCGA-97-8177-01A	TCGA-97-8177	TCGA-LUAD	LUAD	32	50	mutation_count_proxy_no_callable_territory
TCGA-97-8179-01A	TCGA-97-8179	TCGA-LUAD	LUAD	150	220	mutation_count_proxy_no_callable_territory
TCGA-97-8547-01A	TCGA-97-8547	TCGA-LUAD	LUAD	53	75	mutation_count_proxy_no_callable_territory
TCGA-97-8552-01A	TCGA-97-8552	TCGA-LUAD	LUAD	23	31	mutation_count_proxy_no_callable_territory
TCGA-97-A4LX-01A	TCGA-97-A4LX	TCGA-LUAD	LUAD	146	220	mutation_count_proxy_no_callable_territory
TCGA-97-A4M0-01A	TCGA-97-A4M0	TCGA-LUAD	LUAD	345	516	mutation_count_proxy_no_callable_territory
TCGA-97-A4M1-01A	TCGA-97-A4M1	TCGA-LUAD	LUAD	39	56	mutation_count_proxy_no_callable_territory
TCGA-97-A4M2-01A	TCGA-97-A4M2	TCGA-LUAD	LUAD	26	32	mutation_count_proxy_no_callable_territory
TCGA-97-A4M3-01A	TCGA-97-A4M3	TCGA-LUAD	LUAD	190	258	mutation_count_proxy_no_callable_territory
TCGA-97-A4M5-01A	TCGA-97-A4M5	TCGA-LUAD	LUAD	142	196	mutation_count_proxy_no_callable_territory
TCGA-97-A4M6-01A	TCGA-97-A4M6	TCGA-LUAD	LUAD	29	46	mutation_count_proxy_no_callable_territory
TCGA-97-A4M7-01A	TCGA-97-A4M7	TCGA-LUAD	LUAD	272	402	mutation_count_proxy_no_callable_territory
TCGA-99-7458-01A	TCGA-99-7458	TCGA-LUAD	LUAD	439	622	mutation_count_proxy_no_callable_territory
TCGA-99-8025-01A	TCGA-99-8025	TCGA-LUAD	LUAD	436	617	mutation_count_proxy_no_callable_territory
TCGA-99-8028-01A	TCGA-99-8028	TCGA-LUAD	LUAD	392	549	mutation_count_proxy_no_callable_territory
TCGA-99-8032-01A	TCGA-99-8032	TCGA-LUAD	LUAD	366	510	mutation_count_proxy_no_callable_territory
TCGA-99-8033-01A	TCGA-99-8033	TCGA-LUAD	LUAD	163	231	mutation_count_proxy_no_callable_territory
TCGA-99-AA5R-01A	TCGA-99-AA5R	TCGA-LUAD	LUAD	54	74	mutation_count_proxy_no_callable_territory
TCGA-J2-8192-01A	TCGA-J2-8192	TCGA-LUAD	LUAD	69	97	mutation_count_proxy_no_callable_territory
TCGA-J2-8194-01A	TCGA-J2-8194	TCGA-LUAD	LUAD	142	198	mutation_count_proxy_no_callable_territory
TCGA-J2-A4AD-01A	TCGA-J2-A4AD	TCGA-LUAD	LUAD	295	432	mutation_count_proxy_no_callable_territory
TCGA-J2-A4AE-01A	TCGA-J2-A4AE	TCGA-LUAD	LUAD	41	64	mutation_count_proxy_no_callable_territory
TCGA-J2-A4AG-01A	TCGA-J2-A4AG	TCGA-LUAD	LUAD	82	120	mutation_count_proxy_no_callable_territory
TCGA-L4-A4E5-01A	TCGA-L4-A4E5	TCGA-LUAD	LUAD	292	429	mutation_count_proxy_no_callable_territory
TCGA-L4-A4E6-01A	TCGA-L4-A4E6	TCGA-LUAD	LUAD	10	21	mutation_count_proxy_no_callable_territory
TCGA-L9-A443-01A	TCGA-L9-A443	TCGA-LUAD	LUAD	233	320	mutation_count_proxy_no_callable_territory
TCGA-L9-A444-01A	TCGA-L9-A444	TCGA-LUAD	LUAD	486	723	mutation_count_proxy_no_callable_territory
TCGA-L9-A50W-01A	TCGA-L9-A50W	TCGA-LUAD	LUAD	31	36	mutation_count_proxy_no_callable_territory
TCGA-L9-A5IP-01A	TCGA-L9-A5IP	TCGA-LUAD	LUAD	254	366	mutation_count_proxy_no_callable_territory
TCGA-L9-A743-01A	TCGA-L9-A743	TCGA-LUAD	LUAD	116	171	mutation_count_proxy_no_callable_territory
TCGA-L9-A7SV-01A	TCGA-L9-A7SV	TCGA-LUAD	LUAD	1381	2061	mutation_count_proxy_no_callable_territory
TCGA-L9-A8F4-01A	TCGA-L9-A8F4	TCGA-LUAD	LUAD	684	996	mutation_count_proxy_no_callable_territory
TCGA-MN-A4N1-01A	TCGA-MN-A4N1	TCGA-LUAD	LUAD	405	606	mutation_count_proxy_no_callable_territory
TCGA-MN-A4N4-01A	TCGA-MN-A4N4	TCGA-LUAD	LUAD	1334	1928	mutation_count_proxy_no_callable_territory
TCGA-MN-A4N5-01A	TCGA-MN-A4N5	TCGA-LUAD	LUAD	399	582	mutation_count_proxy_no_callable_territory
TCGA-MP-A4SV-01A	TCGA-MP-A4SV	TCGA-LUAD	LUAD	294	450	mutation_count_proxy_no_callable_territory
TCGA-MP-A4SW-01A	TCGA-MP-A4SW	TCGA-LUAD	LUAD	58	89	mutation_count_proxy_no_callable_territory
TCGA-MP-A4SY-01A	TCGA-MP-A4SY	TCGA-LUAD	LUAD	158	220	mutation_count_proxy_no_callable_territory
TCGA-MP-A4T2-01A	TCGA-MP-A4T2	TCGA-LUAD	LUAD	73	112	mutation_count_proxy_no_callable_territory
TCGA-MP-A4T4-01A	TCGA-MP-A4T4	TCGA-LUAD	LUAD	354	497	mutation_count_proxy_no_callable_territory
TCGA-MP-A4T6-01A	TCGA-MP-A4T6	TCGA-LUAD	LUAD	58	96	mutation_count_proxy_no_callable_territory
TCGA-MP-A4T7-01A	TCGA-MP-A4T7	TCGA-LUAD	LUAD	125	162	mutation_count_proxy_no_callable_territory
TCGA-MP-A4T8-01A	TCGA-MP-A4T8	TCGA-LUAD	LUAD	107	157	mutation_count_proxy_no_callable_territory
TCGA-MP-A4T9-01A	TCGA-MP-A4T9	TCGA-LUAD	LUAD	29	48	mutation_count_proxy_no_callable_territory
TCGA-MP-A4TA-01A	TCGA-MP-A4TA	TCGA-LUAD	LUAD	310	467	mutation_count_proxy_no_callable_territory
TCGA-MP-A4TC-01A	TCGA-MP-A4TC	TCGA-LUAD	LUAD	226	338	mutation_count_proxy_no_callable_territory
TCGA-MP-A4TD-01A	TCGA-MP-A4TD	TCGA-LUAD	LUAD	70	108	mutation_count_proxy_no_callable_territory
TCGA-MP-A4TE-01A	TCGA-MP-A4TE	TCGA-LUAD	LUAD	124	181	mutation_count_proxy_no_callable_territory
TCGA-MP-A4TF-01A	TCGA-MP-A4TF	TCGA-LUAD	LUAD	375	563	mutation_count_proxy_no_callable_territory
TCGA-MP-A4TH-01A	TCGA-MP-A4TH	TCGA-LUAD	LUAD	107	145	mutation_count_proxy_no_callable_territory
TCGA-MP-A4TI-01A	TCGA-MP-A4TI	TCGA-LUAD	LUAD	205	318	mutation_count_proxy_no_callable_territory
TCGA-MP-A4TJ-01A	TCGA-MP-A4TJ	TCGA-LUAD	LUAD	84	118	mutation_count_proxy_no_callable_territory
TCGA-MP-A4TK-01A	TCGA-MP-A4TK	TCGA-LUAD	LUAD	312	456	mutation_count_proxy_no_callable_territory
TCGA-MP-A5C7-01A	TCGA-MP-A5C7	TCGA-LUAD	LUAD	57	103	mutation_count_proxy_no_callable_territory
TCGA-NJ-A4YF-01A	TCGA-NJ-A4YF	TCGA-LUAD	LUAD	540	807	mutation_count_proxy_no_callable_territory
TCGA-NJ-A4YG-01A	TCGA-NJ-A4YG	TCGA-LUAD	LUAD	131	202	mutation_count_proxy_no_callable_territory
TCGA-NJ-A4YI-01A	TCGA-NJ-A4YI	TCGA-LUAD	LUAD	391	580	mutation_count_proxy_no_callable_territory
TCGA-NJ-A4YP-01A	TCGA-NJ-A4YP	TCGA-LUAD	LUAD	462	702	mutation_count_proxy_no_callable_territory
TCGA-NJ-A4YQ-01A	TCGA-NJ-A4YQ	TCGA-LUAD	LUAD	991	1436	mutation_count_proxy_no_callable_territory
TCGA-NJ-A55A-01A	TCGA-NJ-A55A	TCGA-LUAD	LUAD	97	150	mutation_count_proxy_no_callable_territory
TCGA-NJ-A55O-01A	TCGA-NJ-A55O	TCGA-LUAD	LUAD	123	170	mutation_count_proxy_no_callable_territory
TCGA-NJ-A55R-01A	TCGA-NJ-A55R	TCGA-LUAD	LUAD	230	338	mutation_count_proxy_no_callable_territory
TCGA-NJ-A7XG-01A	TCGA-NJ-A7XG	TCGA-LUAD	LUAD	27	46	mutation_count_proxy_no_callable_territory
TCGA-O1-A52J-01A	TCGA-O1-A52J	TCGA-LUAD	LUAD	151	221	mutation_count_proxy_no_callable_territory
TCGA-S2-AA1A-01A	TCGA-S2-AA1A	TCGA-LUAD	LUAD	103	146	mutation_count_proxy_no_callable_territory
TCGA-18-3406-01A	TCGA-18-3406	TCGA-LUSC	LUSC	245	394	mutation_count_proxy_no_callable_territory
TCGA-18-3407-01A	TCGA-18-3407	TCGA-LUSC	LUSC	294	417	mutation_count_proxy_no_callable_territory
TCGA-18-3408-01A	TCGA-18-3408	TCGA-LUSC	LUSC	98	138	mutation_count_proxy_no_callable_territory
TCGA-18-3409-01A	TCGA-18-3409	TCGA-LUSC	LUSC	2501	4338	mutation_count_proxy_no_callable_territory
TCGA-18-3410-01A	TCGA-18-3410	TCGA-LUSC	LUSC	311	482	mutation_count_proxy_no_callable_territory
TCGA-18-3411-01A	TCGA-18-3411	TCGA-LUSC	LUSC	369	551	mutation_count_proxy_no_callable_territory
TCGA-18-3412-01A	TCGA-18-3412	TCGA-LUSC	LUSC	225	325	mutation_count_proxy_no_callable_territory
TCGA-18-3414-01A	TCGA-18-3414	TCGA-LUSC	LUSC	346	474	mutation_count_proxy_no_callable_territory
TCGA-18-3415-01A	TCGA-18-3415	TCGA-LUSC	LUSC	170	259	mutation_count_proxy_no_callable_territory
TCGA-18-3416-01A	TCGA-18-3416	TCGA-LUSC	LUSC	569	846	mutation_count_proxy_no_callable_territory
TCGA-18-3417-01A	TCGA-18-3417	TCGA-LUSC	LUSC	248	366	mutation_count_proxy_no_callable_territory
TCGA-18-3421-01A	TCGA-18-3421	TCGA-LUSC	LUSC	544	776	mutation_count_proxy_no_callable_territory
TCGA-18-4083-01A	TCGA-18-4083	TCGA-LUSC	LUSC	330	482	mutation_count_proxy_no_callable_territory
TCGA-18-4721-01A	TCGA-18-4721	TCGA-LUSC	LUSC	152	236	mutation_count_proxy_no_callable_territory
TCGA-18-5592-01A	TCGA-18-5592	TCGA-LUSC	LUSC	262	383	mutation_count_proxy_no_callable_territory
TCGA-18-5595-01A	TCGA-18-5595	TCGA-LUSC	LUSC	200	321	mutation_count_proxy_no_callable_territory
TCGA-21-1070-01A	TCGA-21-1070	TCGA-LUSC	LUSC	507	716	mutation_count_proxy_no_callable_territory
TCGA-21-1071-01A	TCGA-21-1071	TCGA-LUSC	LUSC	163	222	mutation_count_proxy_no_callable_territory
TCGA-21-1075-01A	TCGA-21-1075	TCGA-LUSC	LUSC	175	254	mutation_count_proxy_no_callable_territory
TCGA-21-1076-01A	TCGA-21-1076	TCGA-LUSC	LUSC	289	419	mutation_count_proxy_no_callable_territory
TCGA-21-1077-01A	TCGA-21-1077	TCGA-LUSC	LUSC	199	307	mutation_count_proxy_no_callable_territory
TCGA-21-1078-01A	TCGA-21-1078	TCGA-LUSC	LUSC	73	105	mutation_count_proxy_no_callable_territory
TCGA-21-1079-01A	TCGA-21-1079	TCGA-LUSC	LUSC	1399	2419	mutation_count_proxy_no_callable_territory
TCGA-21-1080-01A	TCGA-21-1080	TCGA-LUSC	LUSC	903	1304	mutation_count_proxy_no_callable_territory
TCGA-21-1081-01A	TCGA-21-1081	TCGA-LUSC	LUSC	186	266	mutation_count_proxy_no_callable_territory
TCGA-21-1082-01A	TCGA-21-1082	TCGA-LUSC	LUSC	337	512	mutation_count_proxy_no_callable_territory
TCGA-21-1083-01A	TCGA-21-1083	TCGA-LUSC	LUSC	653	943	mutation_count_proxy_no_callable_territory
TCGA-21-5782-01A	TCGA-21-5782	TCGA-LUSC	LUSC	348	501	mutation_count_proxy_no_callable_territory
TCGA-21-5783-01A	TCGA-21-5783	TCGA-LUSC	LUSC	371	553	mutation_count_proxy_no_callable_territory
TCGA-21-5784-01A	TCGA-21-5784	TCGA-LUSC	LUSC	190	263	mutation_count_proxy_no_callable_territory
TCGA-21-5786-01A	TCGA-21-5786	TCGA-LUSC	LUSC	358	499	mutation_count_proxy_no_callable_territory
TCGA-21-5787-01A	TCGA-21-5787	TCGA-LUSC	LUSC	373	532	mutation_count_proxy_no_callable_territory
TCGA-21-A5DI-01A	TCGA-21-A5DI	TCGA-LUSC	LUSC	119	179	mutation_count_proxy_no_callable_territory
TCGA-22-0940-01A	TCGA-22-0940	TCGA-LUSC	LUSC	197	289	mutation_count_proxy_no_callable_territory
TCGA-22-0944-01A	TCGA-22-0944	TCGA-LUSC	LUSC	107	170	mutation_count_proxy_no_callable_territory
TCGA-22-1000-01A	TCGA-22-1000	TCGA-LUSC	LUSC	90	124	mutation_count_proxy_no_callable_territory
TCGA-22-1002-01A	TCGA-22-1002	TCGA-LUSC	LUSC	210	306	mutation_count_proxy_no_callable_territory
TCGA-22-1005-01A	TCGA-22-1005	TCGA-LUSC	LUSC	243	355	mutation_count_proxy_no_callable_territory
TCGA-22-1011-01A	TCGA-22-1011	TCGA-LUSC	LUSC	97	137	mutation_count_proxy_no_callable_territory
TCGA-22-1012-01A	TCGA-22-1012	TCGA-LUSC	LUSC	231	360	mutation_count_proxy_no_callable_territory
TCGA-22-1016-01A	TCGA-22-1016	TCGA-LUSC	LUSC	311	460	mutation_count_proxy_no_callable_territory
TCGA-22-4591-01A	TCGA-22-4591	TCGA-LUSC	LUSC	175	280	mutation_count_proxy_no_callable_territory
TCGA-22-4593-01A	TCGA-22-4593	TCGA-LUSC	LUSC	162	247	mutation_count_proxy_no_callable_territory
TCGA-22-4594-01A	TCGA-22-4594	TCGA-LUSC	LUSC	312	451	mutation_count_proxy_no_callable_territory
TCGA-22-4595-01A	TCGA-22-4595	TCGA-LUSC	LUSC	277	426	mutation_count_proxy_no_callable_territory
TCGA-22-4596-01A	TCGA-22-4596	TCGA-LUSC	LUSC	123	177	mutation_count_proxy_no_callable_territory
TCGA-22-4599-01A	TCGA-22-4599	TCGA-LUSC	LUSC	313	466	mutation_count_proxy_no_callable_territory
TCGA-22-4601-01A	TCGA-22-4601	TCGA-LUSC	LUSC	158	246	mutation_count_proxy_no_callable_territory
TCGA-22-4604-01A	TCGA-22-4604	TCGA-LUSC	LUSC	222	322	mutation_count_proxy_no_callable_territory
TCGA-22-4605-01A	TCGA-22-4605	TCGA-LUSC	LUSC	86	118	mutation_count_proxy_no_callable_territory
TCGA-22-4607-01A	TCGA-22-4607	TCGA-LUSC	LUSC	64	87	mutation_count_proxy_no_callable_territory
TCGA-22-4609-01A	TCGA-22-4609	TCGA-LUSC	LUSC	172	265	mutation_count_proxy_no_callable_territory
TCGA-22-4613-01A	TCGA-22-4613	TCGA-LUSC	LUSC	561	826	mutation_count_proxy_no_callable_territory
TCGA-22-5471-01A	TCGA-22-5471	TCGA-LUSC	LUSC	215	308	mutation_count_proxy_no_callable_territory
TCGA-22-5472-01A	TCGA-22-5472	TCGA-LUSC	LUSC	329	522	mutation_count_proxy_no_callable_territory
TCGA-22-5473-01A	TCGA-22-5473	TCGA-LUSC	LUSC	672	1043	mutation_count_proxy_no_callable_territory
TCGA-22-5474-01A	TCGA-22-5474	TCGA-LUSC	LUSC	82	115	mutation_count_proxy_no_callable_territory
TCGA-22-5477-01A	TCGA-22-5477	TCGA-LUSC	LUSC	143	225	mutation_count_proxy_no_callable_territory
TCGA-22-5478-01A	TCGA-22-5478	TCGA-LUSC	LUSC	160	242	mutation_count_proxy_no_callable_territory
TCGA-22-5479-01A	TCGA-22-5479	TCGA-LUSC	LUSC	450	682	mutation_count_proxy_no_callable_territory
TCGA-22-5480-01A	TCGA-22-5480	TCGA-LUSC	LUSC	137	207	mutation_count_proxy_no_callable_territory
TCGA-22-5481-01A	TCGA-22-5481	TCGA-LUSC	LUSC	274	396	mutation_count_proxy_no_callable_territory
TCGA-22-5482-01A	TCGA-22-5482	TCGA-LUSC	LUSC	144	215	mutation_count_proxy_no_callable_territory
TCGA-22-5483-01A	TCGA-22-5483	TCGA-LUSC	LUSC	207	309	mutation_count_proxy_no_callable_territory
TCGA-22-5485-01A	TCGA-22-5485	TCGA-LUSC	LUSC	195	271	mutation_count_proxy_no_callable_territory
TCGA-22-5489-01A	TCGA-22-5489	TCGA-LUSC	LUSC	221	318	mutation_count_proxy_no_callable_territory
TCGA-22-5491-01A	TCGA-22-5491	TCGA-LUSC	LUSC	294	431	mutation_count_proxy_no_callable_territory
TCGA-22-5492-01A	TCGA-22-5492	TCGA-LUSC	LUSC	197	300	mutation_count_proxy_no_callable_territory
TCGA-22-A5C4-01A	TCGA-22-A5C4	TCGA-LUSC	LUSC	324	470	mutation_count_proxy_no_callable_territory
TCGA-33-4532-01A	TCGA-33-4532	TCGA-LUSC	LUSC	337	511	mutation_count_proxy_no_callable_territory
TCGA-33-4533-01A	TCGA-33-4533	TCGA-LUSC	LUSC	263	389	mutation_count_proxy_no_callable_territory
TCGA-33-4538-01A	TCGA-33-4538	TCGA-LUSC	LUSC	168	238	mutation_count_proxy_no_callable_territory
TCGA-33-4547-01A	TCGA-33-4547	TCGA-LUSC	LUSC	175	258	mutation_count_proxy_no_callable_territory
TCGA-33-4566-01A	TCGA-33-4566	TCGA-LUSC	LUSC	1181	1695	mutation_count_proxy_no_callable_territory
TCGA-33-4582-01A	TCGA-33-4582	TCGA-LUSC	LUSC	167	257	mutation_count_proxy_no_callable_territory
TCGA-33-4583-01A	TCGA-33-4583	TCGA-LUSC	LUSC	509	776	mutation_count_proxy_no_callable_territory
TCGA-33-4586-01A	TCGA-33-4586	TCGA-LUSC	LUSC	312	476	mutation_count_proxy_no_callable_territory
TCGA-33-4587-01A	TCGA-33-4587	TCGA-LUSC	LUSC	201	303	mutation_count_proxy_no_callable_territory
TCGA-33-4589-01A	TCGA-33-4589	TCGA-LUSC	LUSC	99	144	mutation_count_proxy_no_callable_territory
TCGA-33-6737-01A	TCGA-33-6737	TCGA-LUSC	LUSC	385	581	mutation_count_proxy_no_callable_territory
TCGA-33-6738-01A	TCGA-33-6738	TCGA-LUSC	LUSC	302	447	mutation_count_proxy_no_callable_territory
TCGA-33-A4WN-01A	TCGA-33-A4WN	TCGA-LUSC	LUSC	173	265	mutation_count_proxy_no_callable_territory
TCGA-33-A5GW-01A	TCGA-33-A5GW	TCGA-LUSC	LUSC	163	258	mutation_count_proxy_no_callable_territory
TCGA-33-AAS8-01A	TCGA-33-AAS8	TCGA-LUSC	LUSC	210	298	mutation_count_proxy_no_callable_territory
TCGA-33-AASB-01A	TCGA-33-AASB	TCGA-LUSC	LUSC	345	477	mutation_count_proxy_no_callable_territory
TCGA-33-AASD-01A	TCGA-33-AASD	TCGA-LUSC	LUSC	316	472	mutation_count_proxy_no_callable_territory
TCGA-33-AASI-01A	TCGA-33-AASI	TCGA-LUSC	LUSC	361	511	mutation_count_proxy_no_callable_territory
TCGA-33-AASJ-01A	TCGA-33-AASJ	TCGA-LUSC	LUSC	167	235	mutation_count_proxy_no_callable_territory
TCGA-33-AASL-01A	TCGA-33-AASL	TCGA-LUSC	LUSC	272	388	mutation_count_proxy_no_callable_territory
TCGA-34-2596-01A	TCGA-34-2596	TCGA-LUSC	LUSC	215	346	mutation_count_proxy_no_callable_territory
TCGA-34-2600-01A	TCGA-34-2600	TCGA-LUSC	LUSC	403	580	mutation_count_proxy_no_callable_territory
TCGA-34-2604-01A	TCGA-34-2604	TCGA-LUSC	LUSC	538	780	mutation_count_proxy_no_callable_territory
TCGA-34-2605-01A	TCGA-34-2605	TCGA-LUSC	LUSC	323	488	mutation_count_proxy_no_callable_territory
TCGA-34-2608-01A	TCGA-34-2608	TCGA-LUSC	LUSC	127	197	mutation_count_proxy_no_callable_territory
TCGA-34-2609-01A	TCGA-34-2609	TCGA-LUSC	LUSC	224	316	mutation_count_proxy_no_callable_territory
TCGA-34-5231-01A	TCGA-34-5231	TCGA-LUSC	LUSC	579	871	mutation_count_proxy_no_callable_territory
TCGA-34-5232-01A	TCGA-34-5232	TCGA-LUSC	LUSC	164	265	mutation_count_proxy_no_callable_territory
TCGA-34-5234-01A	TCGA-34-5234	TCGA-LUSC	LUSC	161	232	mutation_count_proxy_no_callable_territory
TCGA-34-5236-01A	TCGA-34-5236	TCGA-LUSC	LUSC	188	281	mutation_count_proxy_no_callable_territory
TCGA-34-5239-01A	TCGA-34-5239	TCGA-LUSC	LUSC	219	321	mutation_count_proxy_no_callable_territory
TCGA-34-5240-01A	TCGA-34-5240	TCGA-LUSC	LUSC	142	228	mutation_count_proxy_no_callable_territory
TCGA-34-5241-01A	TCGA-34-5241	TCGA-LUSC	LUSC	169	264	mutation_count_proxy_no_callable_territory
TCGA-34-5927-01A	TCGA-34-5927	TCGA-LUSC	LUSC	241	340	mutation_count_proxy_no_callable_territory
TCGA-34-5928-01A	TCGA-34-5928	TCGA-LUSC	LUSC	318	464	mutation_count_proxy_no_callable_territory
TCGA-34-5929-01A	TCGA-34-5929	TCGA-LUSC	LUSC	195	284	mutation_count_proxy_no_callable_territory
TCGA-34-7107-01A	TCGA-34-7107	TCGA-LUSC	LUSC	455	711	mutation_count_proxy_no_callable_territory
TCGA-34-8454-01A	TCGA-34-8454	TCGA-LUSC	LUSC	472	731	mutation_count_proxy_no_callable_territory
TCGA-34-8455-01A	TCGA-34-8455	TCGA-LUSC	LUSC	441	636	mutation_count_proxy_no_callable_territory
TCGA-34-8456-01A	TCGA-34-8456	TCGA-LUSC	LUSC	34	51	mutation_count_proxy_no_callable_territory
TCGA-34-A5IX-01A	TCGA-34-A5IX	TCGA-LUSC	LUSC	249	368	mutation_count_proxy_no_callable_territory
TCGA-37-3783-01A	TCGA-37-3783	TCGA-LUSC	LUSC	322	516	mutation_count_proxy_no_callable_territory
TCGA-37-3789-01A	TCGA-37-3789	TCGA-LUSC	LUSC	666	965	mutation_count_proxy_no_callable_territory
TCGA-37-3792-01A	TCGA-37-3792	TCGA-LUSC	LUSC	869	1220	mutation_count_proxy_no_callable_territory
TCGA-37-4129-01A	TCGA-37-4129	TCGA-LUSC	LUSC	3	7	mutation_count_proxy_no_callable_territory
TCGA-37-4130-01A	TCGA-37-4130	TCGA-LUSC	LUSC	999	1457	mutation_count_proxy_no_callable_territory
TCGA-37-4132-01A	TCGA-37-4132	TCGA-LUSC	LUSC	274	399	mutation_count_proxy_no_callable_territory
TCGA-37-4133-01A	TCGA-37-4133	TCGA-LUSC	LUSC	237	377	mutation_count_proxy_no_callable_territory
TCGA-37-4135-01A	TCGA-37-4135	TCGA-LUSC	LUSC	262	407	mutation_count_proxy_no_callable_territory
TCGA-37-4141-01A	TCGA-37-4141	TCGA-LUSC	LUSC	313	430	mutation_count_proxy_no_callable_territory
TCGA-37-5819-01A	TCGA-37-5819	TCGA-LUSC	LUSC	679	958	mutation_count_proxy_no_callable_territory
TCGA-37-A5EL-01A	TCGA-37-A5EL	TCGA-LUSC	LUSC	367	555	mutation_count_proxy_no_callable_territory
TCGA-37-A5EM-01A	TCGA-37-A5EM	TCGA-LUSC	LUSC	285	448	mutation_count_proxy_no_callable_territory
TCGA-37-A5EN-01A	TCGA-37-A5EN	TCGA-LUSC	LUSC	206	306	mutation_count_proxy_no_callable_territory
TCGA-39-5011-01A	TCGA-39-5011	TCGA-LUSC	LUSC	576	814	mutation_count_proxy_no_callable_territory
TCGA-39-5016-01A	TCGA-39-5016	TCGA-LUSC	LUSC	310	503	mutation_count_proxy_no_callable_territory
TCGA-39-5019-01A	TCGA-39-5019	TCGA-LUSC	LUSC	159	235	mutation_count_proxy_no_callable_territory
TCGA-39-5021-01A	TCGA-39-5021	TCGA-LUSC	LUSC	134	203	mutation_count_proxy_no_callable_territory
TCGA-39-5022-01A	TCGA-39-5022	TCGA-LUSC	LUSC	184	259	mutation_count_proxy_no_callable_territory
TCGA-39-5024-01A	TCGA-39-5024	TCGA-LUSC	LUSC	176	272	mutation_count_proxy_no_callable_territory
TCGA-39-5028-01A	TCGA-39-5028	TCGA-LUSC	LUSC	159	227	mutation_count_proxy_no_callable_territory
TCGA-39-5029-01A	TCGA-39-5029	TCGA-LUSC	LUSC	131	187	mutation_count_proxy_no_callable_territory
TCGA-39-5030-01A	TCGA-39-5030	TCGA-LUSC	LUSC	209	294	mutation_count_proxy_no_callable_territory
TCGA-39-5031-01A	TCGA-39-5031	TCGA-LUSC	LUSC	569	853	mutation_count_proxy_no_callable_territory
TCGA-39-5034-01A	TCGA-39-5034	TCGA-LUSC	LUSC	538	808	mutation_count_proxy_no_callable_territory
TCGA-39-5035-01A	TCGA-39-5035	TCGA-LUSC	LUSC	137	203	mutation_count_proxy_no_callable_territory
TCGA-39-5036-01A	TCGA-39-5036	TCGA-LUSC	LUSC	245	341	mutation_count_proxy_no_callable_territory
TCGA-39-5037-01A	TCGA-39-5037	TCGA-LUSC	LUSC	206	310	mutation_count_proxy_no_callable_territory
TCGA-39-5039-01A	TCGA-39-5039	TCGA-LUSC	LUSC	149	225	mutation_count_proxy_no_callable_territory
TCGA-39-5040-01A	TCGA-39-5040	TCGA-LUSC	LUSC	425	633	mutation_count_proxy_no_callable_territory
TCGA-43-2576-01A	TCGA-43-2576	TCGA-LUSC	LUSC	471	669	mutation_count_proxy_no_callable_territory
TCGA-43-2578-01A	TCGA-43-2578	TCGA-LUSC	LUSC	294	441	mutation_count_proxy_no_callable_territory
TCGA-43-2581-01A	TCGA-43-2581	TCGA-LUSC	LUSC	815	1164	mutation_count_proxy_no_callable_territory
TCGA-43-3394-01A	TCGA-43-3394	TCGA-LUSC	LUSC	342	504	mutation_count_proxy_no_callable_territory
TCGA-43-3920-01A	TCGA-43-3920	TCGA-LUSC	LUSC	854	1257	mutation_count_proxy_no_callable_territory
TCGA-43-5668-01A	TCGA-43-5668	TCGA-LUSC	LUSC	1176	1706	mutation_count_proxy_no_callable_territory
TCGA-43-5670-01A	TCGA-43-5670	TCGA-LUSC	LUSC	244	358	mutation_count_proxy_no_callable_territory
TCGA-43-6143-01A	TCGA-43-6143	TCGA-LUSC	LUSC	584	843	mutation_count_proxy_no_callable_territory
TCGA-43-6647-01A	TCGA-43-6647	TCGA-LUSC	LUSC	282	415	mutation_count_proxy_no_callable_territory
TCGA-43-6770-01A	TCGA-43-6770	TCGA-LUSC	LUSC	400	573	mutation_count_proxy_no_callable_territory
TCGA-43-6771-01A	TCGA-43-6771	TCGA-LUSC	LUSC	362	527	mutation_count_proxy_no_callable_territory
TCGA-43-6773-01A	TCGA-43-6773	TCGA-LUSC	LUSC	116	166	mutation_count_proxy_no_callable_territory
TCGA-43-7656-01A	TCGA-43-7656	TCGA-LUSC	LUSC	629	895	mutation_count_proxy_no_callable_territory
TCGA-43-7657-01A	TCGA-43-7657	TCGA-LUSC	LUSC	241	350	mutation_count_proxy_no_callable_territory
TCGA-43-7658-01A	TCGA-43-7658	TCGA-LUSC	LUSC	356	546	mutation_count_proxy_no_callable_territory
TCGA-43-8115-01A	TCGA-43-8115	TCGA-LUSC	LUSC	179	263	mutation_count_proxy_no_callable_territory
TCGA-43-8116-01A	TCGA-43-8116	TCGA-LUSC	LUSC	319	472	mutation_count_proxy_no_callable_territory
TCGA-43-8118-01A	TCGA-43-8118	TCGA-LUSC	LUSC	1104	1619	mutation_count_proxy_no_callable_territory
TCGA-43-A474-01A	TCGA-43-A474	TCGA-LUSC	LUSC	320	485	mutation_count_proxy_no_callable_territory
TCGA-43-A475-01A	TCGA-43-A475	TCGA-LUSC	LUSC	227	319	mutation_count_proxy_no_callable_territory
TCGA-43-A56U-01A	TCGA-43-A56U	TCGA-LUSC	LUSC	222	323	mutation_count_proxy_no_callable_territory
TCGA-43-A56V-01A	TCGA-43-A56V	TCGA-LUSC	LUSC	181	284	mutation_count_proxy_no_callable_territory
TCGA-46-3765-01A	TCGA-46-3765	TCGA-LUSC	LUSC	443	692	mutation_count_proxy_no_callable_territory
TCGA-46-3767-01A	TCGA-46-3767	TCGA-LUSC	LUSC	240	345	mutation_count_proxy_no_callable_territory
TCGA-46-3768-01A	TCGA-46-3768	TCGA-LUSC	LUSC	346	538	mutation_count_proxy_no_callable_territory
TCGA-46-3769-01A	TCGA-46-3769	TCGA-LUSC	LUSC	802	1234	mutation_count_proxy_no_callable_territory
TCGA-46-6025-01A	TCGA-46-6025	TCGA-LUSC	LUSC	178	250	mutation_count_proxy_no_callable_territory
TCGA-46-6026-01A	TCGA-46-6026	TCGA-LUSC	LUSC	191	278	mutation_count_proxy_no_callable_territory
TCGA-51-4079-01A	TCGA-51-4079	TCGA-LUSC	LUSC	359	539	mutation_count_proxy_no_callable_territory
TCGA-51-4080-01A	TCGA-51-4080	TCGA-LUSC	LUSC	259	367	mutation_count_proxy_no_callable_territory
TCGA-51-4081-01A	TCGA-51-4081	TCGA-LUSC	LUSC	185	256	mutation_count_proxy_no_callable_territory
TCGA-51-6867-01A	TCGA-51-6867	TCGA-LUSC	LUSC	560	816	mutation_count_proxy_no_callable_territory
TCGA-52-7622-01A	TCGA-52-7622	TCGA-LUSC	LUSC	235	353	mutation_count_proxy_no_callable_territory
TCGA-52-7809-01A	TCGA-52-7809	TCGA-LUSC	LUSC	222	317	mutation_count_proxy_no_callable_territory
TCGA-52-7810-01A	TCGA-52-7810	TCGA-LUSC	LUSC	370	554	mutation_count_proxy_no_callable_territory
TCGA-52-7811-01A	TCGA-52-7811	TCGA-LUSC	LUSC	138	199	mutation_count_proxy_no_callable_territory
TCGA-52-7812-01A	TCGA-52-7812	TCGA-LUSC	LUSC	257	395	mutation_count_proxy_no_callable_territory
TCGA-56-1622-01A	TCGA-56-1622	TCGA-LUSC	LUSC	188	300	mutation_count_proxy_no_callable_territory
TCGA-56-5897-01A	TCGA-56-5897	TCGA-LUSC	LUSC	84	129	mutation_count_proxy_no_callable_territory
TCGA-56-5898-01A	TCGA-56-5898	TCGA-LUSC	LUSC	128	183	mutation_count_proxy_no_callable_territory
TCGA-56-6545-01A	TCGA-56-6545	TCGA-LUSC	LUSC	270	379	mutation_count_proxy_no_callable_territory
TCGA-56-6546-01A	TCGA-56-6546	TCGA-LUSC	LUSC	315	449	mutation_count_proxy_no_callable_territory
TCGA-56-7221-01A	TCGA-56-7221	TCGA-LUSC	LUSC	246	383	mutation_count_proxy_no_callable_territory
TCGA-56-7222-01A	TCGA-56-7222	TCGA-LUSC	LUSC	696	1041	mutation_count_proxy_no_callable_territory
TCGA-56-7223-01A	TCGA-56-7223	TCGA-LUSC	LUSC	249	385	mutation_count_proxy_no_callable_territory
TCGA-56-7579-01A	TCGA-56-7579	TCGA-LUSC	LUSC	436	658	mutation_count_proxy_no_callable_territory
TCGA-56-7580-01A	TCGA-56-7580	TCGA-LUSC	LUSC	249	362	mutation_count_proxy_no_callable_territory
TCGA-56-7582-01A	TCGA-56-7582	TCGA-LUSC	LUSC	308	421	mutation_count_proxy_no_callable_territory
TCGA-56-7730-01A	TCGA-56-7730	TCGA-LUSC	LUSC	342	485	mutation_count_proxy_no_callable_territory
TCGA-56-7731-01A	TCGA-56-7731	TCGA-LUSC	LUSC	646	950	mutation_count_proxy_no_callable_territory
TCGA-56-7822-01A	TCGA-56-7822	TCGA-LUSC	LUSC	646	953	mutation_count_proxy_no_callable_territory
TCGA-56-7823-01B	TCGA-56-7823	TCGA-LUSC	LUSC	239	364	mutation_count_proxy_no_callable_territory
TCGA-56-8082-01A	TCGA-56-8082	TCGA-LUSC	LUSC	191	289	mutation_count_proxy_no_callable_territory
TCGA-56-8083-01A	TCGA-56-8083	TCGA-LUSC	LUSC	146	212	mutation_count_proxy_no_callable_territory
TCGA-56-8201-01A	TCGA-56-8201	TCGA-LUSC	LUSC	149	206	mutation_count_proxy_no_callable_territory
TCGA-56-8304-01A	TCGA-56-8304	TCGA-LUSC	LUSC	225	316	mutation_count_proxy_no_callable_territory
TCGA-56-8305-01A	TCGA-56-8305	TCGA-LUSC	LUSC	337	504	mutation_count_proxy_no_callable_territory
TCGA-56-8307-01A	TCGA-56-8307	TCGA-LUSC	LUSC	377	539	mutation_count_proxy_no_callable_territory
TCGA-56-8308-01A	TCGA-56-8308	TCGA-LUSC	LUSC	316	449	mutation_count_proxy_no_callable_territory
TCGA-56-8309-01A	TCGA-56-8309	TCGA-LUSC	LUSC	128	164	mutation_count_proxy_no_callable_territory
TCGA-56-8503-01A	TCGA-56-8503	TCGA-LUSC	LUSC	146	211	mutation_count_proxy_no_callable_territory
TCGA-56-8504-01A	TCGA-56-8504	TCGA-LUSC	LUSC	426	605	mutation_count_proxy_no_callable_territory
TCGA-56-8622-01A	TCGA-56-8622	TCGA-LUSC	LUSC	381	602	mutation_count_proxy_no_callable_territory
TCGA-56-8624-01A	TCGA-56-8624	TCGA-LUSC	LUSC	210	321	mutation_count_proxy_no_callable_territory
TCGA-56-8625-01A	TCGA-56-8625	TCGA-LUSC	LUSC	751	1145	mutation_count_proxy_no_callable_territory
TCGA-56-8626-01A	TCGA-56-8626	TCGA-LUSC	LUSC	220	334	mutation_count_proxy_no_callable_territory
TCGA-56-8628-01A	TCGA-56-8628	TCGA-LUSC	LUSC	758	1080	mutation_count_proxy_no_callable_territory
TCGA-56-8629-01A	TCGA-56-8629	TCGA-LUSC	LUSC	404	577	mutation_count_proxy_no_callable_territory
TCGA-56-A49D-01A	TCGA-56-A49D	TCGA-LUSC	LUSC	260	385	mutation_count_proxy_no_callable_territory
TCGA-56-A4BW-01A	TCGA-56-A4BW	TCGA-LUSC	LUSC	206	304	mutation_count_proxy_no_callable_territory
TCGA-56-A4BY-01A	TCGA-56-A4BY	TCGA-LUSC	LUSC	125	193	mutation_count_proxy_no_callable_territory
TCGA-56-A4ZJ-01A	TCGA-56-A4ZJ	TCGA-LUSC	LUSC	98	146	mutation_count_proxy_no_callable_territory
TCGA-56-A4ZK-01A	TCGA-56-A4ZK	TCGA-LUSC	LUSC	208	306	mutation_count_proxy_no_callable_territory
TCGA-56-A5DS-01A	TCGA-56-A5DS	TCGA-LUSC	LUSC	184	271	mutation_count_proxy_no_callable_territory
TCGA-56-A62T-01A	TCGA-56-A62T	TCGA-LUSC	LUSC	449	645	mutation_count_proxy_no_callable_territory
TCGA-58-8386-01A	TCGA-58-8386	TCGA-LUSC	LUSC	230	332	mutation_count_proxy_no_callable_territory
TCGA-58-8387-01A	TCGA-58-8387	TCGA-LUSC	LUSC	148	239	mutation_count_proxy_no_callable_territory
TCGA-58-8388-01A	TCGA-58-8388	TCGA-LUSC	LUSC	157	233	mutation_count_proxy_no_callable_territory
TCGA-58-8391-01A	TCGA-58-8391	TCGA-LUSC	LUSC	302	445	mutation_count_proxy_no_callable_territory
TCGA-58-8393-01A	TCGA-58-8393	TCGA-LUSC	LUSC	247	347	mutation_count_proxy_no_callable_territory
TCGA-58-A46J-01A	TCGA-58-A46J	TCGA-LUSC	LUSC	160	229	mutation_count_proxy_no_callable_territory
TCGA-58-A46K-01A	TCGA-58-A46K	TCGA-LUSC	LUSC	122	197	mutation_count_proxy_no_callable_territory
TCGA-58-A46L-01A	TCGA-58-A46L	TCGA-LUSC	LUSC	213	287	mutation_count_proxy_no_callable_territory
TCGA-58-A46M-01A	TCGA-58-A46M	TCGA-LUSC	LUSC	351	551	mutation_count_proxy_no_callable_territory
TCGA-58-A46N-01A	TCGA-58-A46N	TCGA-LUSC	LUSC	176	274	mutation_count_proxy_no_callable_territory
TCGA-60-2695-01A	TCGA-60-2695	TCGA-LUSC	LUSC	192	279	mutation_count_proxy_no_callable_territory
TCGA-60-2697-01A	TCGA-60-2697	TCGA-LUSC	LUSC	15	24	mutation_count_proxy_no_callable_territory
TCGA-60-2698-01A	TCGA-60-2698	TCGA-LUSC	LUSC	967	1422	mutation_count_proxy_no_callable_territory
TCGA-60-2703-01A	TCGA-60-2703	TCGA-LUSC	LUSC	279	388	mutation_count_proxy_no_callable_territory
TCGA-60-2704-01A	TCGA-60-2704	TCGA-LUSC	LUSC	168	260	mutation_count_proxy_no_callable_territory
TCGA-60-2706-01A	TCGA-60-2706	TCGA-LUSC	LUSC	12	14	mutation_count_proxy_no_callable_territory
TCGA-60-2707-01A	TCGA-60-2707	TCGA-LUSC	LUSC	92	144	mutation_count_proxy_no_callable_territory
TCGA-60-2708-01A	TCGA-60-2708	TCGA-LUSC	LUSC	182	274	mutation_count_proxy_no_callable_territory
TCGA-60-2709-01A	TCGA-60-2709	TCGA-LUSC	LUSC	144	221	mutation_count_proxy_no_callable_territory
TCGA-60-2710-01A	TCGA-60-2710	TCGA-LUSC	LUSC	192	264	mutation_count_proxy_no_callable_territory
TCGA-60-2711-01A	TCGA-60-2711	TCGA-LUSC	LUSC	104	165	mutation_count_proxy_no_callable_territory
TCGA-60-2712-01A	TCGA-60-2712	TCGA-LUSC	LUSC	82	121	mutation_count_proxy_no_callable_territory
TCGA-60-2713-01A	TCGA-60-2713	TCGA-LUSC	LUSC	215	330	mutation_count_proxy_no_callable_territory
TCGA-60-2714-01A	TCGA-60-2714	TCGA-LUSC	LUSC	789	1130	mutation_count_proxy_no_callable_territory
TCGA-60-2715-01A	TCGA-60-2715	TCGA-LUSC	LUSC	117	165	mutation_count_proxy_no_callable_territory
TCGA-60-2716-01A	TCGA-60-2716	TCGA-LUSC	LUSC	16	23	mutation_count_proxy_no_callable_territory
TCGA-60-2719-01A	TCGA-60-2719	TCGA-LUSC	LUSC	178	289	mutation_count_proxy_no_callable_territory
TCGA-60-2720-01A	TCGA-60-2720	TCGA-LUSC	LUSC	391	539	mutation_count_proxy_no_callable_territory
TCGA-60-2721-01A	TCGA-60-2721	TCGA-LUSC	LUSC	182	275	mutation_count_proxy_no_callable_territory
TCGA-60-2722-01A	TCGA-60-2722	TCGA-LUSC	LUSC	279	403	mutation_count_proxy_no_callable_territory
TCGA-60-2723-01A	TCGA-60-2723	TCGA-LUSC	LUSC	258	378	mutation_count_proxy_no_callable_territory
TCGA-60-2724-01A	TCGA-60-2724	TCGA-LUSC	LUSC	304	456	mutation_count_proxy_no_callable_territory
TCGA-60-2725-01A	TCGA-60-2725	TCGA-LUSC	LUSC	131	196	mutation_count_proxy_no_callable_territory
TCGA-60-2726-01A	TCGA-60-2726	TCGA-LUSC	LUSC	271	441	mutation_count_proxy_no_callable_territory
TCGA-63-5128-01A	TCGA-63-5128	TCGA-LUSC	LUSC	276	390	mutation_count_proxy_no_callable_territory
TCGA-63-5131-01A	TCGA-63-5131	TCGA-LUSC	LUSC	283	403	mutation_count_proxy_no_callable_territory
TCGA-63-6202-01A	TCGA-63-6202	TCGA-LUSC	LUSC	323	441	mutation_count_proxy_no_callable_territory
TCGA-63-7020-01A	TCGA-63-7020	TCGA-LUSC	LUSC	182	270	mutation_count_proxy_no_callable_territory
TCGA-63-7021-01A	TCGA-63-7021	TCGA-LUSC	LUSC	241	340	mutation_count_proxy_no_callable_territory
TCGA-63-7022-01A	TCGA-63-7022	TCGA-LUSC	LUSC	168	253	mutation_count_proxy_no_callable_territory
TCGA-63-7023-01A	TCGA-63-7023	TCGA-LUSC	LUSC	130	200	mutation_count_proxy_no_callable_territory
TCGA-63-A5M9-01A	TCGA-63-A5M9	TCGA-LUSC	LUSC	94	141	mutation_count_proxy_no_callable_territory
TCGA-63-A5MB-01A	TCGA-63-A5MB	TCGA-LUSC	LUSC	307	434	mutation_count_proxy_no_callable_territory
TCGA-63-A5MG-01A	TCGA-63-A5MG	TCGA-LUSC	LUSC	96	143	mutation_count_proxy_no_callable_territory
TCGA-63-A5MH-01A	TCGA-63-A5MH	TCGA-LUSC	LUSC	200	296	mutation_count_proxy_no_callable_territory
TCGA-63-A5MI-01A	TCGA-63-A5MI	TCGA-LUSC	LUSC	189	278	mutation_count_proxy_no_callable_territory
TCGA-63-A5MJ-01A	TCGA-63-A5MJ	TCGA-LUSC	LUSC	165	252	mutation_count_proxy_no_callable_territory
TCGA-63-A5ML-01A	TCGA-63-A5ML	TCGA-LUSC	LUSC	224	321	mutation_count_proxy_no_callable_territory
TCGA-63-A5MM-01A	TCGA-63-A5MM	TCGA-LUSC	LUSC	1067	1545	mutation_count_proxy_no_callable_territory
TCGA-63-A5MN-01A	TCGA-63-A5MN	TCGA-LUSC	LUSC	35	50	mutation_count_proxy_no_callable_territory
TCGA-63-A5MP-01A	TCGA-63-A5MP	TCGA-LUSC	LUSC	164	241	mutation_count_proxy_no_callable_territory
TCGA-63-A5MR-01A	TCGA-63-A5MR	TCGA-LUSC	LUSC	161	235	mutation_count_proxy_no_callable_territory
TCGA-63-A5MS-01A	TCGA-63-A5MS	TCGA-LUSC	LUSC	360	510	mutation_count_proxy_no_callable_territory
TCGA-63-A5MT-01A	TCGA-63-A5MT	TCGA-LUSC	LUSC	206	305	mutation_count_proxy_no_callable_territory
TCGA-63-A5MU-01A	TCGA-63-A5MU	TCGA-LUSC	LUSC	200	285	mutation_count_proxy_no_callable_territory
TCGA-63-A5MV-01A	TCGA-63-A5MV	TCGA-LUSC	LUSC	108	159	mutation_count_proxy_no_callable_territory
TCGA-63-A5MW-01A	TCGA-63-A5MW	TCGA-LUSC	LUSC	416	605	mutation_count_proxy_no_callable_territory
TCGA-63-A5MY-01A	TCGA-63-A5MY	TCGA-LUSC	LUSC	149	224	mutation_count_proxy_no_callable_territory
TCGA-66-2727-01A	TCGA-66-2727	TCGA-LUSC	LUSC	293	436	mutation_count_proxy_no_callable_territory
TCGA-66-2734-01A	TCGA-66-2734	TCGA-LUSC	LUSC	498	715	mutation_count_proxy_no_callable_territory
TCGA-66-2742-01A	TCGA-66-2742	TCGA-LUSC	LUSC	212	313	mutation_count_proxy_no_callable_territory
TCGA-66-2744-01A	TCGA-66-2744	TCGA-LUSC	LUSC	322	480	mutation_count_proxy_no_callable_territory
TCGA-66-2754-01A	TCGA-66-2754	TCGA-LUSC	LUSC	320	477	mutation_count_proxy_no_callable_territory
TCGA-66-2755-01A	TCGA-66-2755	TCGA-LUSC	LUSC	182	302	mutation_count_proxy_no_callable_territory
TCGA-66-2756-01A	TCGA-66-2756	TCGA-LUSC	LUSC	467	657	mutation_count_proxy_no_callable_territory
TCGA-66-2757-01A	TCGA-66-2757	TCGA-LUSC	LUSC	227	332	mutation_count_proxy_no_callable_territory
TCGA-66-2758-01A	TCGA-66-2758	TCGA-LUSC	LUSC	286	450	mutation_count_proxy_no_callable_territory
TCGA-66-2759-01A	TCGA-66-2759	TCGA-LUSC	LUSC	373	566	mutation_count_proxy_no_callable_territory
TCGA-66-2763-01A	TCGA-66-2763	TCGA-LUSC	LUSC	354	508	mutation_count_proxy_no_callable_territory
TCGA-66-2765-01A	TCGA-66-2765	TCGA-LUSC	LUSC	84	118	mutation_count_proxy_no_callable_territory
TCGA-66-2766-01A	TCGA-66-2766	TCGA-LUSC	LUSC	325	517	mutation_count_proxy_no_callable_territory
TCGA-66-2767-01A	TCGA-66-2767	TCGA-LUSC	LUSC	292	432	mutation_count_proxy_no_callable_territory
TCGA-66-2768-01A	TCGA-66-2768	TCGA-LUSC	LUSC	222	316	mutation_count_proxy_no_callable_territory
TCGA-66-2769-01A	TCGA-66-2769	TCGA-LUSC	LUSC	323	470	mutation_count_proxy_no_callable_territory
TCGA-66-2770-01A	TCGA-66-2770	TCGA-LUSC	LUSC	202	335	mutation_count_proxy_no_callable_territory
TCGA-66-2771-01A	TCGA-66-2771	TCGA-LUSC	LUSC	241	360	mutation_count_proxy_no_callable_territory
TCGA-66-2773-01A	TCGA-66-2773	TCGA-LUSC	LUSC	503	774	mutation_count_proxy_no_callable_territory
TCGA-66-2777-01A	TCGA-66-2777	TCGA-LUSC	LUSC	147	222	mutation_count_proxy_no_callable_territory
TCGA-66-2778-01A	TCGA-66-2778	TCGA-LUSC	LUSC	112	190	mutation_count_proxy_no_callable_territory
TCGA-66-2780-01A	TCGA-66-2780	TCGA-LUSC	LUSC	122	185	mutation_count_proxy_no_callable_territory
TCGA-66-2781-01A	TCGA-66-2781	TCGA-LUSC	LUSC	121	175	mutation_count_proxy_no_callable_territory
TCGA-66-2782-01A	TCGA-66-2782	TCGA-LUSC	LUSC	309	484	mutation_count_proxy_no_callable_territory
TCGA-66-2783-01A	TCGA-66-2783	TCGA-LUSC	LUSC	209	316	mutation_count_proxy_no_callable_territory
TCGA-66-2785-01A	TCGA-66-2785	TCGA-LUSC	LUSC	1012	1490	mutation_count_proxy_no_callable_territory
TCGA-66-2786-01A	TCGA-66-2786	TCGA-LUSC	LUSC	205	293	mutation_count_proxy_no_callable_territory
TCGA-66-2787-01A	TCGA-66-2787	TCGA-LUSC	LUSC	527	756	mutation_count_proxy_no_callable_territory
TCGA-66-2788-01A	TCGA-66-2788	TCGA-LUSC	LUSC	187	270	mutation_count_proxy_no_callable_territory
TCGA-66-2789-01A	TCGA-66-2789	TCGA-LUSC	LUSC	336	498	mutation_count_proxy_no_callable_territory
TCGA-66-2791-01A	TCGA-66-2791	TCGA-LUSC	LUSC	305	471	mutation_count_proxy_no_callable_territory
TCGA-66-2792-01A	TCGA-66-2792	TCGA-LUSC	LUSC	149	227	mutation_count_proxy_no_callable_territory
TCGA-66-2793-01A	TCGA-66-2793	TCGA-LUSC	LUSC	271	397	mutation_count_proxy_no_callable_territory
TCGA-66-2794-01A	TCGA-66-2794	TCGA-LUSC	LUSC	145	207	mutation_count_proxy_no_callable_territory
TCGA-66-2795-01A	TCGA-66-2795	TCGA-LUSC	LUSC	401	568	mutation_count_proxy_no_callable_territory
TCGA-66-2800-01A	TCGA-66-2800	TCGA-LUSC	LUSC	173	265	mutation_count_proxy_no_callable_territory
TCGA-68-7755-01A	TCGA-68-7755	TCGA-LUSC	LUSC	247	359	mutation_count_proxy_no_callable_territory
TCGA-68-7756-01A	TCGA-68-7756	TCGA-LUSC	LUSC	103	144	mutation_count_proxy_no_callable_territory
TCGA-68-7757-01B	TCGA-68-7757	TCGA-LUSC	LUSC	288	387	mutation_count_proxy_no_callable_territory
TCGA-68-8250-01A	TCGA-68-8250	TCGA-LUSC	LUSC	274	387	mutation_count_proxy_no_callable_territory
TCGA-68-8251-01A	TCGA-68-8251	TCGA-LUSC	LUSC	269	401	mutation_count_proxy_no_callable_territory
TCGA-68-A59J-01A	TCGA-68-A59J	TCGA-LUSC	LUSC	332	490	mutation_count_proxy_no_callable_territory
TCGA-6A-AB49-01A	TCGA-6A-AB49	TCGA-LUSC	LUSC	368	509	mutation_count_proxy_no_callable_territory
TCGA-70-6722-01A	TCGA-70-6722	TCGA-LUSC	LUSC	277	383	mutation_count_proxy_no_callable_territory
TCGA-70-6723-01A	TCGA-70-6723	TCGA-LUSC	LUSC	105	148	mutation_count_proxy_no_callable_territory
TCGA-77-6842-01A	TCGA-77-6842	TCGA-LUSC	LUSC	705	983	mutation_count_proxy_no_callable_territory
TCGA-77-6843-01A	TCGA-77-6843	TCGA-LUSC	LUSC	311	460	mutation_count_proxy_no_callable_territory
TCGA-77-6844-01A	TCGA-77-6844	TCGA-LUSC	LUSC	340	519	mutation_count_proxy_no_callable_territory
TCGA-77-6845-01A	TCGA-77-6845	TCGA-LUSC	LUSC	447	667	mutation_count_proxy_no_callable_territory
TCGA-77-7139-01A	TCGA-77-7139	TCGA-LUSC	LUSC	319	491	mutation_count_proxy_no_callable_territory
TCGA-77-7140-01A	TCGA-77-7140	TCGA-LUSC	LUSC	331	492	mutation_count_proxy_no_callable_territory
TCGA-77-7141-01A	TCGA-77-7141	TCGA-LUSC	LUSC	614	899	mutation_count_proxy_no_callable_territory
TCGA-77-7142-01A	TCGA-77-7142	TCGA-LUSC	LUSC	239	346	mutation_count_proxy_no_callable_territory
TCGA-77-7335-01A	TCGA-77-7335	TCGA-LUSC	LUSC	202	310	mutation_count_proxy_no_callable_territory
TCGA-77-7337-01A	TCGA-77-7337	TCGA-LUSC	LUSC	302	450	mutation_count_proxy_no_callable_territory
TCGA-77-7338-01A	TCGA-77-7338	TCGA-LUSC	LUSC	117	176	mutation_count_proxy_no_callable_territory
TCGA-77-7463-01A	TCGA-77-7463	TCGA-LUSC	LUSC	356	520	mutation_count_proxy_no_callable_territory
TCGA-77-7465-01A	TCGA-77-7465	TCGA-LUSC	LUSC	346	506	mutation_count_proxy_no_callable_territory
TCGA-77-8007-01A	TCGA-77-8007	TCGA-LUSC	LUSC	85	121	mutation_count_proxy_no_callable_territory
TCGA-77-8008-01A	TCGA-77-8008	TCGA-LUSC	LUSC	147	224	mutation_count_proxy_no_callable_territory
TCGA-77-8009-01A	TCGA-77-8009	TCGA-LUSC	LUSC	158	224	mutation_count_proxy_no_callable_territory
TCGA-77-8128-01A	TCGA-77-8128	TCGA-LUSC	LUSC	263	393	mutation_count_proxy_no_callable_territory
TCGA-77-8130-01A	TCGA-77-8130	TCGA-LUSC	LUSC	162	233	mutation_count_proxy_no_callable_territory
TCGA-77-8131-01A	TCGA-77-8131	TCGA-LUSC	LUSC	61	91	mutation_count_proxy_no_callable_territory
TCGA-77-8133-01A	TCGA-77-8133	TCGA-LUSC	LUSC	336	486	mutation_count_proxy_no_callable_territory
TCGA-77-8136-01A	TCGA-77-8136	TCGA-LUSC	LUSC	386	567	mutation_count_proxy_no_callable_territory
TCGA-77-8138-01A	TCGA-77-8138	TCGA-LUSC	LUSC	93	131	mutation_count_proxy_no_callable_territory
TCGA-77-8139-01A	TCGA-77-8139	TCGA-LUSC	LUSC	198	273	mutation_count_proxy_no_callable_territory
TCGA-77-8140-01A	TCGA-77-8140	TCGA-LUSC	LUSC	335	478	mutation_count_proxy_no_callable_territory
TCGA-77-8143-01A	TCGA-77-8143	TCGA-LUSC	LUSC	135	186	mutation_count_proxy_no_callable_territory
TCGA-77-8144-01A	TCGA-77-8144	TCGA-LUSC	LUSC	358	502	mutation_count_proxy_no_callable_territory
TCGA-77-8145-01A	TCGA-77-8145	TCGA-LUSC	LUSC	125	157	mutation_count_proxy_no_callable_territory
TCGA-77-8146-01A	TCGA-77-8146	TCGA-LUSC	LUSC	141	208	mutation_count_proxy_no_callable_territory
TCGA-77-8148-01A	TCGA-77-8148	TCGA-LUSC	LUSC	225	341	mutation_count_proxy_no_callable_territory
TCGA-77-8150-01A	TCGA-77-8150	TCGA-LUSC	LUSC	117	164	mutation_count_proxy_no_callable_territory
TCGA-77-8153-01A	TCGA-77-8153	TCGA-LUSC	LUSC	148	229	mutation_count_proxy_no_callable_territory
TCGA-77-8154-01A	TCGA-77-8154	TCGA-LUSC	LUSC	186	266	mutation_count_proxy_no_callable_territory
TCGA-77-8156-01A	TCGA-77-8156	TCGA-LUSC	LUSC	181	277	mutation_count_proxy_no_callable_territory
TCGA-77-A5FZ-01A	TCGA-77-A5FZ	TCGA-LUSC	LUSC	1	1	mutation_count_proxy_no_callable_territory
TCGA-77-A5G1-01A	TCGA-77-A5G1	TCGA-LUSC	LUSC	142	206	mutation_count_proxy_no_callable_territory
TCGA-77-A5G3-01A	TCGA-77-A5G3	TCGA-LUSC	LUSC	541	811	mutation_count_proxy_no_callable_territory
TCGA-77-A5G6-01A	TCGA-77-A5G6	TCGA-LUSC	LUSC	429	642	mutation_count_proxy_no_callable_territory
TCGA-77-A5G7-01B	TCGA-77-A5G7	TCGA-LUSC	LUSC	83	134	mutation_count_proxy_no_callable_territory
TCGA-77-A5G8-01B	TCGA-77-A5G8	TCGA-LUSC	LUSC	200	289	mutation_count_proxy_no_callable_territory
TCGA-77-A5GA-01A	TCGA-77-A5GA	TCGA-LUSC	LUSC	137	201	mutation_count_proxy_no_callable_territory
TCGA-77-A5GB-01B	TCGA-77-A5GB	TCGA-LUSC	LUSC	111	174	mutation_count_proxy_no_callable_territory
TCGA-77-A5GF-01A	TCGA-77-A5GF	TCGA-LUSC	LUSC	108	155	mutation_count_proxy_no_callable_territory
TCGA-77-A5GH-01A	TCGA-77-A5GH	TCGA-LUSC	LUSC	246	355	mutation_count_proxy_no_callable_territory
TCGA-79-5596-01A	TCGA-79-5596	TCGA-LUSC	LUSC	177	272	mutation_count_proxy_no_callable_territory
TCGA-85-6175-01A	TCGA-85-6175	TCGA-LUSC	LUSC	35	56	mutation_count_proxy_no_callable_territory
TCGA-85-6560-01A	TCGA-85-6560	TCGA-LUSC	LUSC	394	549	mutation_count_proxy_no_callable_territory
TCGA-85-6561-01A	TCGA-85-6561	TCGA-LUSC	LUSC	1117	1622	mutation_count_proxy_no_callable_territory
TCGA-85-6798-01A	TCGA-85-6798	TCGA-LUSC	LUSC	248	361	mutation_count_proxy_no_callable_territory
TCGA-85-7696-01A	TCGA-85-7696	TCGA-LUSC	LUSC	188	284	mutation_count_proxy_no_callable_territory
TCGA-85-7697-01A	TCGA-85-7697	TCGA-LUSC	LUSC	251	365	mutation_count_proxy_no_callable_territory
TCGA-85-7698-01A	TCGA-85-7698	TCGA-LUSC	LUSC	121	176	mutation_count_proxy_no_callable_territory
TCGA-85-7699-01A	TCGA-85-7699	TCGA-LUSC	LUSC	166	246	mutation_count_proxy_no_callable_territory
TCGA-85-7710-01A	TCGA-85-7710	TCGA-LUSC	LUSC	350	517	mutation_count_proxy_no_callable_territory
TCGA-85-7843-01A	TCGA-85-7843	TCGA-LUSC	LUSC	219	309	mutation_count_proxy_no_callable_territory
TCGA-85-7844-01A	TCGA-85-7844	TCGA-LUSC	LUSC	155	229	mutation_count_proxy_no_callable_territory
TCGA-85-7950-01A	TCGA-85-7950	TCGA-LUSC	LUSC	242	343	mutation_count_proxy_no_callable_territory
TCGA-85-8048-01A	TCGA-85-8048	TCGA-LUSC	LUSC	112	153	mutation_count_proxy_no_callable_territory
TCGA-85-8049-01A	TCGA-85-8049	TCGA-LUSC	LUSC	195	281	mutation_count_proxy_no_callable_territory
TCGA-85-8052-01A	TCGA-85-8052	TCGA-LUSC	LUSC	113	164	mutation_count_proxy_no_callable_territory
TCGA-85-8070-01A	TCGA-85-8070	TCGA-LUSC	LUSC	214	291	mutation_count_proxy_no_callable_territory
TCGA-85-8071-01A	TCGA-85-8071	TCGA-LUSC	LUSC	324	494	mutation_count_proxy_no_callable_territory
TCGA-85-8072-01A	TCGA-85-8072	TCGA-LUSC	LUSC	166	232	mutation_count_proxy_no_callable_territory
TCGA-85-8276-01A	TCGA-85-8276	TCGA-LUSC	LUSC	240	361	mutation_count_proxy_no_callable_territory
TCGA-85-8277-01A	TCGA-85-8277	TCGA-LUSC	LUSC	202	310	mutation_count_proxy_no_callable_territory
TCGA-85-8287-01A	TCGA-85-8287	TCGA-LUSC	LUSC	243	325	mutation_count_proxy_no_callable_territory
TCGA-85-8288-01A	TCGA-85-8288	TCGA-LUSC	LUSC	212	323	mutation_count_proxy_no_callable_territory
TCGA-85-8350-01A	TCGA-85-8350	TCGA-LUSC	LUSC	258	408	mutation_count_proxy_no_callable_territory
TCGA-85-8351-01A	TCGA-85-8351	TCGA-LUSC	LUSC	125	193	mutation_count_proxy_no_callable_territory
TCGA-85-8352-01A	TCGA-85-8352	TCGA-LUSC	LUSC	247	344	mutation_count_proxy_no_callable_territory
TCGA-85-8353-01A	TCGA-85-8353	TCGA-LUSC	LUSC	157	228	mutation_count_proxy_no_callable_territory
TCGA-85-8354-01A	TCGA-85-8354	TCGA-LUSC	LUSC	181	284	mutation_count_proxy_no_callable_territory
TCGA-85-8355-01A	TCGA-85-8355	TCGA-LUSC	LUSC	198	294	mutation_count_proxy_no_callable_territory
TCGA-85-8479-01A	TCGA-85-8479	TCGA-LUSC	LUSC	95	153	mutation_count_proxy_no_callable_territory
TCGA-85-8481-01A	TCGA-85-8481	TCGA-LUSC	LUSC	266	403	mutation_count_proxy_no_callable_territory
TCGA-85-8580-01A	TCGA-85-8580	TCGA-LUSC	LUSC	239	357	mutation_count_proxy_no_callable_territory
TCGA-85-8582-01A	TCGA-85-8582	TCGA-LUSC	LUSC	299	410	mutation_count_proxy_no_callable_territory
TCGA-85-8584-01A	TCGA-85-8584	TCGA-LUSC	LUSC	218	341	mutation_count_proxy_no_callable_territory
TCGA-85-8664-01A	TCGA-85-8664	TCGA-LUSC	LUSC	193	295	mutation_count_proxy_no_callable_territory
TCGA-85-8666-01A	TCGA-85-8666	TCGA-LUSC	LUSC	206	304	mutation_count_proxy_no_callable_territory
TCGA-85-A4CL-01A	TCGA-85-A4CL	TCGA-LUSC	LUSC	672	1050	mutation_count_proxy_no_callable_territory
TCGA-85-A4CN-01A	TCGA-85-A4CN	TCGA-LUSC	LUSC	160	243	mutation_count_proxy_no_callable_territory
TCGA-85-A4JB-01A	TCGA-85-A4JB	TCGA-LUSC	LUSC	422	607	mutation_count_proxy_no_callable_territory
TCGA-85-A4JC-01A	TCGA-85-A4JC	TCGA-LUSC	LUSC	217	332	mutation_count_proxy_no_callable_territory
TCGA-85-A4PA-01A	TCGA-85-A4PA	TCGA-LUSC	LUSC	7	16	mutation_count_proxy_no_callable_territory
TCGA-85-A4QQ-01A	TCGA-85-A4QQ	TCGA-LUSC	LUSC	271	406	mutation_count_proxy_no_callable_territory
TCGA-85-A4QR-01A	TCGA-85-A4QR	TCGA-LUSC	LUSC	208	288	mutation_count_proxy_no_callable_territory
TCGA-85-A50M-01A	TCGA-85-A50M	TCGA-LUSC	LUSC	70	111	mutation_count_proxy_no_callable_territory
TCGA-85-A50Z-01A	TCGA-85-A50Z	TCGA-LUSC	LUSC	393	588	mutation_count_proxy_no_callable_territory
TCGA-85-A510-01A	TCGA-85-A510	TCGA-LUSC	LUSC	126	194	mutation_count_proxy_no_callable_territory
TCGA-85-A511-01A	TCGA-85-A511	TCGA-LUSC	LUSC	169	270	mutation_count_proxy_no_callable_territory
TCGA-85-A512-01A	TCGA-85-A512	TCGA-LUSC	LUSC	146	211	mutation_count_proxy_no_callable_territory
TCGA-85-A513-01A	TCGA-85-A513	TCGA-LUSC	LUSC	22	28	mutation_count_proxy_no_callable_territory
TCGA-85-A53L-01A	TCGA-85-A53L	TCGA-LUSC	LUSC	181	249	mutation_count_proxy_no_callable_territory
TCGA-85-A5B5-01A	TCGA-85-A5B5	TCGA-LUSC	LUSC	342	484	mutation_count_proxy_no_callable_territory
TCGA-90-7766-01A	TCGA-90-7766	TCGA-LUSC	LUSC	214	289	mutation_count_proxy_no_callable_territory
TCGA-90-7767-01A	TCGA-90-7767	TCGA-LUSC	LUSC	196	290	mutation_count_proxy_no_callable_territory
TCGA-90-7769-01A	TCGA-90-7769	TCGA-LUSC	LUSC	969	1331	mutation_count_proxy_no_callable_territory
TCGA-90-7964-01A	TCGA-90-7964	TCGA-LUSC	LUSC	840	1231	mutation_count_proxy_no_callable_territory
TCGA-90-A4ED-01A	TCGA-90-A4ED	TCGA-LUSC	LUSC	1570	2763	mutation_count_proxy_no_callable_territory
TCGA-90-A4EE-01A	TCGA-90-A4EE	TCGA-LUSC	LUSC	319	463	mutation_count_proxy_no_callable_territory
TCGA-90-A59Q-01A	TCGA-90-A59Q	TCGA-LUSC	LUSC	247	368	mutation_count_proxy_no_callable_territory
TCGA-92-7340-01A	TCGA-92-7340	TCGA-LUSC	LUSC	732	1144	mutation_count_proxy_no_callable_territory
TCGA-92-7341-01A	TCGA-92-7341	TCGA-LUSC	LUSC	293	437	mutation_count_proxy_no_callable_territory
TCGA-92-8063-01A	TCGA-92-8063	TCGA-LUSC	LUSC	342	464	mutation_count_proxy_no_callable_territory
TCGA-92-8064-01A	TCGA-92-8064	TCGA-LUSC	LUSC	198	289	mutation_count_proxy_no_callable_territory
TCGA-92-8065-01A	TCGA-92-8065	TCGA-LUSC	LUSC	226	357	mutation_count_proxy_no_callable_territory
TCGA-94-7033-01A	TCGA-94-7033	TCGA-LUSC	LUSC	125	169	mutation_count_proxy_no_callable_territory
TCGA-94-7557-01A	TCGA-94-7557	TCGA-LUSC	LUSC	81	142	mutation_count_proxy_no_callable_territory
TCGA-94-7943-01A	TCGA-94-7943	TCGA-LUSC	LUSC	175	259	mutation_count_proxy_no_callable_territory
TCGA-94-8035-01A	TCGA-94-8035	TCGA-LUSC	LUSC	183	261	mutation_count_proxy_no_callable_territory
TCGA-94-8490-01A	TCGA-94-8490	TCGA-LUSC	LUSC	813	1265	mutation_count_proxy_no_callable_territory
TCGA-94-8491-01A	TCGA-94-8491	TCGA-LUSC	LUSC	490	703	mutation_count_proxy_no_callable_territory
TCGA-94-A4VJ-01A	TCGA-94-A4VJ	TCGA-LUSC	LUSC	366	522	mutation_count_proxy_no_callable_territory
TCGA-94-A5I4-01A	TCGA-94-A5I4	TCGA-LUSC	LUSC	216	324	mutation_count_proxy_no_callable_territory
TCGA-94-A5I6-01A	TCGA-94-A5I6	TCGA-LUSC	LUSC	149	224	mutation_count_proxy_no_callable_territory
TCGA-96-7544-01A	TCGA-96-7544	TCGA-LUSC	LUSC	364	512	mutation_count_proxy_no_callable_territory
TCGA-96-7545-01A	TCGA-96-7545	TCGA-LUSC	LUSC	109	159	mutation_count_proxy_no_callable_territory
TCGA-96-8169-01A	TCGA-96-8169	TCGA-LUSC	LUSC	146	220	mutation_count_proxy_no_callable_territory
TCGA-96-8170-01A	TCGA-96-8170	TCGA-LUSC	LUSC	232	340	mutation_count_proxy_no_callable_territory
TCGA-96-A4JK-01A	TCGA-96-A4JK	TCGA-LUSC	LUSC	441	655	mutation_count_proxy_no_callable_territory
TCGA-96-A4JL-01A	TCGA-96-A4JL	TCGA-LUSC	LUSC	56	79	mutation_count_proxy_no_callable_territory
TCGA-98-7454-01A	TCGA-98-7454	TCGA-LUSC	LUSC	376	532	mutation_count_proxy_no_callable_territory
TCGA-98-8020-01A	TCGA-98-8020	TCGA-LUSC	LUSC	88	119	mutation_count_proxy_no_callable_territory
TCGA-98-8021-01A	TCGA-98-8021	TCGA-LUSC	LUSC	909	1299	mutation_count_proxy_no_callable_territory
TCGA-98-8022-01A	TCGA-98-8022	TCGA-LUSC	LUSC	219	317	mutation_count_proxy_no_callable_territory
TCGA-98-8023-01A	TCGA-98-8023	TCGA-LUSC	LUSC	171	259	mutation_count_proxy_no_callable_territory
TCGA-98-A538-01A	TCGA-98-A538	TCGA-LUSC	LUSC	585	871	mutation_count_proxy_no_callable_territory
TCGA-98-A539-01A	TCGA-98-A539	TCGA-LUSC	LUSC	162	237	mutation_count_proxy_no_callable_territory
TCGA-98-A53A-01A	TCGA-98-A53A	TCGA-LUSC	LUSC	304	434	mutation_count_proxy_no_callable_territory
TCGA-98-A53B-01A	TCGA-98-A53B	TCGA-LUSC	LUSC	144	205	mutation_count_proxy_no_callable_territory
TCGA-98-A53C-01A	TCGA-98-A53C	TCGA-LUSC	LUSC	2	4	mutation_count_proxy_no_callable_territory
TCGA-98-A53H-01A	TCGA-98-A53H	TCGA-LUSC	LUSC	28	37	mutation_count_proxy_no_callable_territory
TCGA-98-A53I-01A	TCGA-98-A53I	TCGA-LUSC	LUSC	328	510	mutation_count_proxy_no_callable_territory
TCGA-98-A53J-01A	TCGA-98-A53J	TCGA-LUSC	LUSC	94	149	mutation_count_proxy_no_callable_territory
TCGA-J1-A4AH-01A	TCGA-J1-A4AH	TCGA-LUSC	LUSC	171	237	mutation_count_proxy_no_callable_territory
TCGA-L3-A4E7-01A	TCGA-L3-A4E7	TCGA-LUSC	LUSC	86	128	mutation_count_proxy_no_callable_territory
TCGA-L3-A524-01A	TCGA-L3-A524	TCGA-LUSC	LUSC	298	445	mutation_count_proxy_no_callable_territory
TCGA-LA-A446-01A	TCGA-LA-A446	TCGA-LUSC	LUSC	299	432	mutation_count_proxy_no_callable_territory
TCGA-LA-A7SW-01A	TCGA-LA-A7SW	TCGA-LUSC	LUSC	82	128	mutation_count_proxy_no_callable_territory
TCGA-MF-A522-01A	TCGA-MF-A522	TCGA-LUSC	LUSC	462	768	mutation_count_proxy_no_callable_territory
TCGA-NC-A5HD-01A	TCGA-NC-A5HD	TCGA-LUSC	LUSC	425	584	mutation_count_proxy_no_callable_territory
TCGA-NC-A5HE-01A	TCGA-NC-A5HE	TCGA-LUSC	LUSC	181	259	mutation_count_proxy_no_callable_territory
TCGA-NC-A5HF-01A	TCGA-NC-A5HF	TCGA-LUSC	LUSC	222	329	mutation_count_proxy_no_callable_territory
TCGA-NC-A5HG-01A	TCGA-NC-A5HG	TCGA-LUSC	LUSC	516	802	mutation_count_proxy_no_callable_territory
TCGA-NC-A5HH-01A	TCGA-NC-A5HH	TCGA-LUSC	LUSC	312	455	mutation_count_proxy_no_callable_territory
TCGA-NC-A5HI-01A	TCGA-NC-A5HI	TCGA-LUSC	LUSC	377	564	mutation_count_proxy_no_callable_territory
TCGA-NC-A5HJ-01A	TCGA-NC-A5HJ	TCGA-LUSC	LUSC	363	517	mutation_count_proxy_no_callable_territory
TCGA-NC-A5HK-01A	TCGA-NC-A5HK	TCGA-LUSC	LUSC	251	352	mutation_count_proxy_no_callable_territory
TCGA-NC-A5HL-01A	TCGA-NC-A5HL	TCGA-LUSC	LUSC	175	277	mutation_count_proxy_no_callable_territory
TCGA-NC-A5HM-01A	TCGA-NC-A5HM	TCGA-LUSC	LUSC	264	370	mutation_count_proxy_no_callable_territory
TCGA-NC-A5HN-01A	TCGA-NC-A5HN	TCGA-LUSC	LUSC	505	762	mutation_count_proxy_no_callable_territory
TCGA-NC-A5HO-01A	TCGA-NC-A5HO	TCGA-LUSC	LUSC	231	322	mutation_count_proxy_no_callable_territory
TCGA-NC-A5HP-01A	TCGA-NC-A5HP	TCGA-LUSC	LUSC	338	525	mutation_count_proxy_no_callable_territory
TCGA-NC-A5HQ-01A	TCGA-NC-A5HQ	TCGA-LUSC	LUSC	304	443	mutation_count_proxy_no_callable_territory
TCGA-NC-A5HR-01A	TCGA-NC-A5HR	TCGA-LUSC	LUSC	298	422	mutation_count_proxy_no_callable_territory
TCGA-NC-A5HT-01A	TCGA-NC-A5HT	TCGA-LUSC	LUSC	301	432	mutation_count_proxy_no_callable_territory
TCGA-NK-A5CR-01A	TCGA-NK-A5CR	TCGA-LUSC	LUSC	274	398	mutation_count_proxy_no_callable_territory
TCGA-NK-A5CT-01A	TCGA-NK-A5CT	TCGA-LUSC	LUSC	289	419	mutation_count_proxy_no_callable_territory
TCGA-NK-A5CX-01A	TCGA-NK-A5CX	TCGA-LUSC	LUSC	153	223	mutation_count_proxy_no_callable_territory
TCGA-NK-A5D1-01A	TCGA-NK-A5D1	TCGA-LUSC	LUSC	107	164	mutation_count_proxy_no_callable_territory
TCGA-NK-A7XE-01A	TCGA-NK-A7XE	TCGA-LUSC	LUSC	92	134	mutation_count_proxy_no_callable_territory
TCGA-O2-A52N-01A	TCGA-O2-A52N	TCGA-LUSC	LUSC	448	652	mutation_count_proxy_no_callable_territory
TCGA-O2-A52Q-01A	TCGA-O2-A52Q	TCGA-LUSC	LUSC	875	1258	mutation_count_proxy_no_callable_territory
TCGA-O2-A52S-01A	TCGA-O2-A52S	TCGA-LUSC	LUSC	327	487	mutation_count_proxy_no_callable_territory
TCGA-O2-A52V-01A	TCGA-O2-A52V	TCGA-LUSC	LUSC	219	344	mutation_count_proxy_no_callable_territory
TCGA-O2-A52W-01A	TCGA-O2-A52W	TCGA-LUSC	LUSC	107	162	mutation_count_proxy_no_callable_territory
TCGA-O2-A5IB-01A	TCGA-O2-A5IB	TCGA-LUSC	LUSC	223	329	mutation_count_proxy_no_callable_territory
TCGA-XC-AA0X-01A	TCGA-XC-AA0X	TCGA-LUSC	LUSC	162	238	mutation_count_proxy_no_callable_territory
TCGA-3H-AB3K-01A	TCGA-3H-AB3K	TCGA-MESO	MESO	16	22	mutation_count_proxy_no_callable_territory
TCGA-3H-AB3L-01A	TCGA-3H-AB3L	TCGA-MESO	MESO	20	38	mutation_count_proxy_no_callable_territory
TCGA-3H-AB3M-01A	TCGA-3H-AB3M	TCGA-MESO	MESO	27	59	mutation_count_proxy_no_callable_territory
TCGA-3H-AB3O-01A	TCGA-3H-AB3O	TCGA-MESO	MESO	1	4	mutation_count_proxy_no_callable_territory
TCGA-3H-AB3S-01A	TCGA-3H-AB3S	TCGA-MESO	MESO	42	80	mutation_count_proxy_no_callable_territory
TCGA-3H-AB3T-01A	TCGA-3H-AB3T	TCGA-MESO	MESO	32	49	mutation_count_proxy_no_callable_territory
TCGA-3H-AB3U-01A	TCGA-3H-AB3U	TCGA-MESO	MESO	26	35	mutation_count_proxy_no_callable_territory
TCGA-3H-AB3X-01A	TCGA-3H-AB3X	TCGA-MESO	MESO	21	30	mutation_count_proxy_no_callable_territory
TCGA-3U-A98D-01A	TCGA-3U-A98D	TCGA-MESO	MESO	30	51	mutation_count_proxy_no_callable_territory
TCGA-3U-A98E-01A	TCGA-3U-A98E	TCGA-MESO	MESO	31	48	mutation_count_proxy_no_callable_territory
TCGA-3U-A98F-01A	TCGA-3U-A98F	TCGA-MESO	MESO	32	56	mutation_count_proxy_no_callable_territory
TCGA-3U-A98G-01A	TCGA-3U-A98G	TCGA-MESO	MESO	3	5	mutation_count_proxy_no_callable_territory
TCGA-3U-A98H-01A	TCGA-3U-A98H	TCGA-MESO	MESO	14	24	mutation_count_proxy_no_callable_territory
TCGA-3U-A98I-01A	TCGA-3U-A98I	TCGA-MESO	MESO	38	56	mutation_count_proxy_no_callable_territory
TCGA-3U-A98J-01A	TCGA-3U-A98J	TCGA-MESO	MESO	21	34	mutation_count_proxy_no_callable_territory
TCGA-LK-A4NW-01A	TCGA-LK-A4NW	TCGA-MESO	MESO	25	41	mutation_count_proxy_no_callable_territory
TCGA-LK-A4NY-01A	TCGA-LK-A4NY	TCGA-MESO	MESO	48	67	mutation_count_proxy_no_callable_territory
TCGA-LK-A4NZ-01A	TCGA-LK-A4NZ	TCGA-MESO	MESO	27	41	mutation_count_proxy_no_callable_territory
TCGA-LK-A4O0-01A	TCGA-LK-A4O0	TCGA-MESO	MESO	30	56	mutation_count_proxy_no_callable_territory
TCGA-LK-A4O2-01A	TCGA-LK-A4O2	TCGA-MESO	MESO	26	40	mutation_count_proxy_no_callable_territory
TCGA-LK-A4O4-01A	TCGA-LK-A4O4	TCGA-MESO	MESO	1	3	mutation_count_proxy_no_callable_territory
TCGA-LK-A4O5-01A	TCGA-LK-A4O5	TCGA-MESO	MESO	36	61	mutation_count_proxy_no_callable_territory
TCGA-LK-A4O6-01A	TCGA-LK-A4O6	TCGA-MESO	MESO	28	38	mutation_count_proxy_no_callable_territory
TCGA-LK-A4O7-01A	TCGA-LK-A4O7	TCGA-MESO	MESO	35	55	mutation_count_proxy_no_callable_territory
TCGA-MQ-A4KX-01A	TCGA-MQ-A4KX	TCGA-MESO	MESO	18	29	mutation_count_proxy_no_callable_territory
TCGA-MQ-A4LC-01A	TCGA-MQ-A4LC	TCGA-MESO	MESO	22	30	mutation_count_proxy_no_callable_territory
TCGA-MQ-A4LI-01A	TCGA-MQ-A4LI	TCGA-MESO	MESO	33	48	mutation_count_proxy_no_callable_territory
TCGA-MQ-A4LJ-01A	TCGA-MQ-A4LJ	TCGA-MESO	MESO	17	30	mutation_count_proxy_no_callable_territory
TCGA-MQ-A4LM-01A	TCGA-MQ-A4LM	TCGA-MESO	MESO	33	53	mutation_count_proxy_no_callable_territory
TCGA-MQ-A4LP-01A	TCGA-MQ-A4LP	TCGA-MESO	MESO	43	68	mutation_count_proxy_no_callable_territory
TCGA-MQ-A4LV-01A	TCGA-MQ-A4LV	TCGA-MESO	MESO	43	56	mutation_count_proxy_no_callable_territory
TCGA-MQ-A6BL-01A	TCGA-MQ-A6BL	TCGA-MESO	MESO	39	62	mutation_count_proxy_no_callable_territory
TCGA-MQ-A6BQ-01A	TCGA-MQ-A6BQ	TCGA-MESO	MESO	23	30	mutation_count_proxy_no_callable_territory
TCGA-MQ-A6BR-01A	TCGA-MQ-A6BR	TCGA-MESO	MESO	13	20	mutation_count_proxy_no_callable_territory
TCGA-MQ-A6BS-01A	TCGA-MQ-A6BS	TCGA-MESO	MESO	36	54	mutation_count_proxy_no_callable_territory
TCGA-NQ-A57I-01A	TCGA-NQ-A57I	TCGA-MESO	MESO	38	67	mutation_count_proxy_no_callable_territory
TCGA-NQ-A638-01A	TCGA-NQ-A638	TCGA-MESO	MESO	40	69	mutation_count_proxy_no_callable_territory
TCGA-SC-A6LM-01A	TCGA-SC-A6LM	TCGA-MESO	MESO	30	45	mutation_count_proxy_no_callable_territory
TCGA-SC-A6LN-01A	TCGA-SC-A6LN	TCGA-MESO	MESO	25	46	mutation_count_proxy_no_callable_territory
TCGA-SC-A6LP-01A	TCGA-SC-A6LP	TCGA-MESO	MESO	16	29	mutation_count_proxy_no_callable_territory
TCGA-SC-A6LQ-01A	TCGA-SC-A6LQ	TCGA-MESO	MESO	30	45	mutation_count_proxy_no_callable_territory
TCGA-SC-A6LR-01A	TCGA-SC-A6LR	TCGA-MESO	MESO	40	61	mutation_count_proxy_no_callable_territory
TCGA-SC-AA5Z-01A	TCGA-SC-AA5Z	TCGA-MESO	MESO	17	29	mutation_count_proxy_no_callable_territory
TCGA-SH-A7BC-01A	TCGA-SH-A7BC	TCGA-MESO	MESO	26	40	mutation_count_proxy_no_callable_territory
TCGA-SH-A7BD-01A	TCGA-SH-A7BD	TCGA-MESO	MESO	21	41	mutation_count_proxy_no_callable_territory
TCGA-SH-A7BH-01A	TCGA-SH-A7BH	TCGA-MESO	MESO	43	69	mutation_count_proxy_no_callable_territory
TCGA-SH-A9CT-01A	TCGA-SH-A9CT	TCGA-MESO	MESO	25	49	mutation_count_proxy_no_callable_territory
TCGA-SH-A9CU-01A	TCGA-SH-A9CU	TCGA-MESO	MESO	36	62	mutation_count_proxy_no_callable_territory
TCGA-TS-A7OU-01B	TCGA-TS-A7OU	TCGA-MESO	MESO	32	52	mutation_count_proxy_no_callable_territory
TCGA-TS-A7OY-01A	TCGA-TS-A7OY	TCGA-MESO	MESO	20	32	mutation_count_proxy_no_callable_territory
TCGA-TS-A7OZ-01A	TCGA-TS-A7OZ	TCGA-MESO	MESO	41	65	mutation_count_proxy_no_callable_territory
TCGA-TS-A7P0-01A	TCGA-TS-A7P0	TCGA-MESO	MESO	54	75	mutation_count_proxy_no_callable_territory
TCGA-TS-A7P1-01A	TCGA-TS-A7P1	TCGA-MESO	MESO	19	34	mutation_count_proxy_no_callable_territory
TCGA-TS-A7P3-01A	TCGA-TS-A7P3	TCGA-MESO	MESO	18	32	mutation_count_proxy_no_callable_territory
TCGA-TS-A7P6-01A	TCGA-TS-A7P6	TCGA-MESO	MESO	21	33	mutation_count_proxy_no_callable_territory
TCGA-TS-A7P8-01A	TCGA-TS-A7P8	TCGA-MESO	MESO	41	56	mutation_count_proxy_no_callable_territory
TCGA-TS-A7PB-01A	TCGA-TS-A7PB	TCGA-MESO	MESO	32	48	mutation_count_proxy_no_callable_territory
TCGA-TS-A8AI-01A	TCGA-TS-A8AI	TCGA-MESO	MESO	25	51	mutation_count_proxy_no_callable_territory
TCGA-TS-A8AS-01A	TCGA-TS-A8AS	TCGA-MESO	MESO	19	29	mutation_count_proxy_no_callable_territory
TCGA-TS-A8AV-01A	TCGA-TS-A8AV	TCGA-MESO	MESO	10	13	mutation_count_proxy_no_callable_territory
TCGA-TS-A8AY-01A	TCGA-TS-A8AY	TCGA-MESO	MESO	13	20	mutation_count_proxy_no_callable_territory
TCGA-UD-AABZ-01A	TCGA-UD-AABZ	TCGA-MESO	MESO	39	57	mutation_count_proxy_no_callable_territory
TCGA-UD-AAC1-01A	TCGA-UD-AAC1	TCGA-MESO	MESO	258	429	mutation_count_proxy_no_callable_territory
TCGA-UD-AAC4-01A	TCGA-UD-AAC4	TCGA-MESO	MESO	33	50	mutation_count_proxy_no_callable_territory
TCGA-UD-AAC5-01A	TCGA-UD-AAC5	TCGA-MESO	MESO	22	36	mutation_count_proxy_no_callable_territory
TCGA-UD-AAC6-01A	TCGA-UD-AAC6	TCGA-MESO	MESO	29	46	mutation_count_proxy_no_callable_territory
TCGA-UD-AAC7-01A	TCGA-UD-AAC7	TCGA-MESO	MESO	17	30	mutation_count_proxy_no_callable_territory
TCGA-UT-A88C-01B	TCGA-UT-A88C	TCGA-MESO	MESO	16	35	mutation_count_proxy_no_callable_territory
TCGA-UT-A88D-01B	TCGA-UT-A88D	TCGA-MESO	MESO	30	43	mutation_count_proxy_no_callable_territory
TCGA-UT-A88E-01B	TCGA-UT-A88E	TCGA-MESO	MESO	41	66	mutation_count_proxy_no_callable_territory
TCGA-UT-A88G-01B	TCGA-UT-A88G	TCGA-MESO	MESO	29	45	mutation_count_proxy_no_callable_territory
TCGA-UT-A97Y-01A	TCGA-UT-A97Y	TCGA-MESO	MESO	20	40	mutation_count_proxy_no_callable_territory
TCGA-XT-AASU-01A	TCGA-XT-AASU	TCGA-MESO	MESO	41	66	mutation_count_proxy_no_callable_territory
TCGA-YS-A95B-01A	TCGA-YS-A95B	TCGA-MESO	MESO	14	28	mutation_count_proxy_no_callable_territory
TCGA-YS-A95C-01A	TCGA-YS-A95C	TCGA-MESO	MESO	19	31	mutation_count_proxy_no_callable_territory
TCGA-YS-AA4M-01A	TCGA-YS-AA4M	TCGA-MESO	MESO	19	29	mutation_count_proxy_no_callable_territory
TCGA-ZN-A9VO-01A	TCGA-ZN-A9VO	TCGA-MESO	MESO	21	37	mutation_count_proxy_no_callable_territory
TCGA-ZN-A9VP-01A	TCGA-ZN-A9VP	TCGA-MESO	MESO	20	34	mutation_count_proxy_no_callable_territory
TCGA-ZN-A9VS-01A	TCGA-ZN-A9VS	TCGA-MESO	MESO	32	51	mutation_count_proxy_no_callable_territory
TCGA-ZN-A9VU-01A	TCGA-ZN-A9VU	TCGA-MESO	MESO	35	50	mutation_count_proxy_no_callable_territory
TCGA-ZN-A9VV-01A	TCGA-ZN-A9VV	TCGA-MESO	MESO	33	41	mutation_count_proxy_no_callable_territory
TCGA-ZN-A9VW-01A	TCGA-ZN-A9VW	TCGA-MESO	MESO	54	71	mutation_count_proxy_no_callable_territory
TCGA-04-1331-01A	TCGA-04-1331	TCGA-OV	OV	134	193	mutation_count_proxy_no_callable_territory
TCGA-04-1335-01A	TCGA-04-1335	TCGA-OV	OV	15	29	mutation_count_proxy_no_callable_territory
TCGA-04-1336-01A	TCGA-04-1336	TCGA-OV	OV	66	89	mutation_count_proxy_no_callable_territory
TCGA-04-1341-01A	TCGA-04-1341	TCGA-OV	OV	29	42	mutation_count_proxy_no_callable_territory
TCGA-04-1342-01A	TCGA-04-1342	TCGA-OV	OV	168	274	mutation_count_proxy_no_callable_territory
TCGA-04-1343-01A	TCGA-04-1343	TCGA-OV	OV	91	146	mutation_count_proxy_no_callable_territory
TCGA-04-1346-01A	TCGA-04-1346	TCGA-OV	OV	49	80	mutation_count_proxy_no_callable_territory
TCGA-04-1348-01A	TCGA-04-1348	TCGA-OV	OV	59	82	mutation_count_proxy_no_callable_territory
TCGA-04-1349-01A	TCGA-04-1349	TCGA-OV	OV	59	87	mutation_count_proxy_no_callable_territory
TCGA-04-1353-01A	TCGA-04-1353	TCGA-OV	OV	13	29	mutation_count_proxy_no_callable_territory
TCGA-04-1356-01A	TCGA-04-1356	TCGA-OV	OV	88	133	mutation_count_proxy_no_callable_territory
TCGA-04-1357-01A	TCGA-04-1357	TCGA-OV	OV	86	117	mutation_count_proxy_no_callable_territory
TCGA-04-1360-01A	TCGA-04-1360	TCGA-OV	OV	120	176	mutation_count_proxy_no_callable_territory
TCGA-04-1361-01A	TCGA-04-1361	TCGA-OV	OV	118	178	mutation_count_proxy_no_callable_territory
TCGA-04-1362-01A	TCGA-04-1362	TCGA-OV	OV	67	93	mutation_count_proxy_no_callable_territory
TCGA-04-1367-01A	TCGA-04-1367	TCGA-OV	OV	115	175	mutation_count_proxy_no_callable_territory
TCGA-04-1369-01A	TCGA-04-1369	TCGA-OV	OV	87	126	mutation_count_proxy_no_callable_territory
TCGA-04-1516-01A	TCGA-04-1516	TCGA-OV	OV	52	72	mutation_count_proxy_no_callable_territory
TCGA-04-1542-01A	TCGA-04-1542	TCGA-OV	OV	63	82	mutation_count_proxy_no_callable_territory
TCGA-04-1638-01A	TCGA-04-1638	TCGA-OV	OV	51	79	mutation_count_proxy_no_callable_territory
TCGA-04-1644-01B	TCGA-04-1644	TCGA-OV	OV	35	44	mutation_count_proxy_no_callable_territory
TCGA-04-1646-01A	TCGA-04-1646	TCGA-OV	OV	24	43	mutation_count_proxy_no_callable_territory
TCGA-04-1648-01A	TCGA-04-1648	TCGA-OV	OV	70	123	mutation_count_proxy_no_callable_territory
TCGA-04-1649-01A	TCGA-04-1649	TCGA-OV	OV	86	121	mutation_count_proxy_no_callable_territory
TCGA-04-1651-01A	TCGA-04-1651	TCGA-OV	OV	74	121	mutation_count_proxy_no_callable_territory
TCGA-04-1652-01A	TCGA-04-1652	TCGA-OV	OV	69	115	mutation_count_proxy_no_callable_territory
TCGA-04-1655-01A	TCGA-04-1655	TCGA-OV	OV	77	117	mutation_count_proxy_no_callable_territory
TCGA-09-0364-01A	TCGA-09-0364	TCGA-OV	OV	5	5	mutation_count_proxy_no_callable_territory
TCGA-09-0365-01A	TCGA-09-0365	TCGA-OV	OV	55	78	mutation_count_proxy_no_callable_territory
TCGA-09-0369-01A	TCGA-09-0369	TCGA-OV	OV	102	140	mutation_count_proxy_no_callable_territory
TCGA-09-1664-01A	TCGA-09-1664	TCGA-OV	OV	11	19	mutation_count_proxy_no_callable_territory
TCGA-09-1670-01A	TCGA-09-1670	TCGA-OV	OV	29	40	mutation_count_proxy_no_callable_territory
TCGA-09-1672-01A	TCGA-09-1672	TCGA-OV	OV	22	36	mutation_count_proxy_no_callable_territory
TCGA-09-1673-01A	TCGA-09-1673	TCGA-OV	OV	42	60	mutation_count_proxy_no_callable_territory
TCGA-09-1674-01A	TCGA-09-1674	TCGA-OV	OV	109	151	mutation_count_proxy_no_callable_territory
TCGA-09-1675-01B	TCGA-09-1675	TCGA-OV	OV	56	87	mutation_count_proxy_no_callable_territory
TCGA-09-2043-01A	TCGA-09-2043	TCGA-OV	OV	105	148	mutation_count_proxy_no_callable_territory
TCGA-09-2044-01B	TCGA-09-2044	TCGA-OV	OV	1853	2926	mutation_count_proxy_no_callable_territory
TCGA-09-2045-01A	TCGA-09-2045	TCGA-OV	OV	41	61	mutation_count_proxy_no_callable_territory
TCGA-09-2049-01D	TCGA-09-2049	TCGA-OV	OV	135	190	mutation_count_proxy_no_callable_territory
TCGA-09-2050-01A	TCGA-09-2050	TCGA-OV	OV	103	164	mutation_count_proxy_no_callable_territory
TCGA-09-2051-01A	TCGA-09-2051	TCGA-OV	OV	230	327	mutation_count_proxy_no_callable_territory
TCGA-09-2053-01C	TCGA-09-2053	TCGA-OV	OV	73	104	mutation_count_proxy_no_callable_territory
TCGA-09-2055-01B	TCGA-09-2055	TCGA-OV	OV	99	145	mutation_count_proxy_no_callable_territory
TCGA-09-2056-01B	TCGA-09-2056	TCGA-OV	OV	90	111	mutation_count_proxy_no_callable_territory
TCGA-10-0926-01A	TCGA-10-0926	TCGA-OV	OV	18	29	mutation_count_proxy_no_callable_territory
TCGA-10-0927-01A	TCGA-10-0927	TCGA-OV	OV	18	26	mutation_count_proxy_no_callable_territory
TCGA-10-0928-01A	TCGA-10-0928	TCGA-OV	OV	5	12	mutation_count_proxy_no_callable_territory
TCGA-10-0930-01A	TCGA-10-0930	TCGA-OV	OV	156	223	mutation_count_proxy_no_callable_territory
TCGA-10-0931-01A	TCGA-10-0931	TCGA-OV	OV	55	83	mutation_count_proxy_no_callable_territory
TCGA-10-0933-01A	TCGA-10-0933	TCGA-OV	OV	67	111	mutation_count_proxy_no_callable_territory
TCGA-10-0934-01A	TCGA-10-0934	TCGA-OV	OV	14	21	mutation_count_proxy_no_callable_territory
TCGA-10-0935-01A	TCGA-10-0935	TCGA-OV	OV	48	71	mutation_count_proxy_no_callable_territory
TCGA-10-0937-01A	TCGA-10-0937	TCGA-OV	OV	5	5	mutation_count_proxy_no_callable_territory
TCGA-13-0714-01A	TCGA-13-0714	TCGA-OV	OV	7	7	mutation_count_proxy_no_callable_territory
TCGA-13-0717-01A	TCGA-13-0717	TCGA-OV	OV	2	2	mutation_count_proxy_no_callable_territory
TCGA-13-0726-01A	TCGA-13-0726	TCGA-OV	OV	78	105	mutation_count_proxy_no_callable_territory
TCGA-13-0751-01A	TCGA-13-0751	TCGA-OV	OV	47	85	mutation_count_proxy_no_callable_territory
TCGA-13-0755-01A	TCGA-13-0755	TCGA-OV	OV	105	151	mutation_count_proxy_no_callable_territory
TCGA-13-0757-01A	TCGA-13-0757	TCGA-OV	OV	89	130	mutation_count_proxy_no_callable_territory
TCGA-13-0760-01A	TCGA-13-0760	TCGA-OV	OV	171	243	mutation_count_proxy_no_callable_territory
TCGA-13-0764-01A	TCGA-13-0764	TCGA-OV	OV	36	46	mutation_count_proxy_no_callable_territory
TCGA-13-0765-01A	TCGA-13-0765	TCGA-OV	OV	29	49	mutation_count_proxy_no_callable_territory
TCGA-13-0768-01A	TCGA-13-0768	TCGA-OV	OV	21	35	mutation_count_proxy_no_callable_territory
TCGA-13-0791-01A	TCGA-13-0791	TCGA-OV	OV	93	135	mutation_count_proxy_no_callable_territory
TCGA-13-0794-01A	TCGA-13-0794	TCGA-OV	OV	29	35	mutation_count_proxy_no_callable_territory
TCGA-13-0795-01A	TCGA-13-0795	TCGA-OV	OV	81	120	mutation_count_proxy_no_callable_territory
TCGA-13-0800-01A	TCGA-13-0800	TCGA-OV	OV	117	184	mutation_count_proxy_no_callable_territory
TCGA-13-0804-01A	TCGA-13-0804	TCGA-OV	OV	34	52	mutation_count_proxy_no_callable_territory
TCGA-13-0805-01A	TCGA-13-0805	TCGA-OV	OV	26	37	mutation_count_proxy_no_callable_territory
TCGA-13-0807-01B	TCGA-13-0807	TCGA-OV	OV	284	454	mutation_count_proxy_no_callable_territory
TCGA-13-0883-01A	TCGA-13-0883	TCGA-OV	OV	38	46	mutation_count_proxy_no_callable_territory
TCGA-13-0884-01B	TCGA-13-0884	TCGA-OV	OV	111	155	mutation_count_proxy_no_callable_territory
TCGA-13-0885-01A	TCGA-13-0885	TCGA-OV	OV	177	260	mutation_count_proxy_no_callable_territory
TCGA-13-0886-01A	TCGA-13-0886	TCGA-OV	OV	38	65	mutation_count_proxy_no_callable_territory
TCGA-13-0887-01A	TCGA-13-0887	TCGA-OV	OV	141	208	mutation_count_proxy_no_callable_territory
TCGA-13-0888-01A	TCGA-13-0888	TCGA-OV	OV	166	260	mutation_count_proxy_no_callable_territory
TCGA-13-0889-01A	TCGA-13-0889	TCGA-OV	OV	1071	1106	mutation_count_proxy_no_callable_territory
TCGA-13-0890-01A	TCGA-13-0890	TCGA-OV	OV	74	100	mutation_count_proxy_no_callable_territory
TCGA-13-0891-01A	TCGA-13-0891	TCGA-OV	OV	27	35	mutation_count_proxy_no_callable_territory
TCGA-13-0893-01B	TCGA-13-0893	TCGA-OV	OV	79	111	mutation_count_proxy_no_callable_territory
TCGA-13-0894-01B	TCGA-13-0894	TCGA-OV	OV	107	150	mutation_count_proxy_no_callable_territory
TCGA-13-0897-01A	TCGA-13-0897	TCGA-OV	OV	54	73	mutation_count_proxy_no_callable_territory
TCGA-13-0899-01A	TCGA-13-0899	TCGA-OV	OV	21	37	mutation_count_proxy_no_callable_territory
TCGA-13-0903-01A	TCGA-13-0903	TCGA-OV	OV	236	365	mutation_count_proxy_no_callable_territory
TCGA-13-0904-01A	TCGA-13-0904	TCGA-OV	OV	43	66	mutation_count_proxy_no_callable_territory
TCGA-13-0905-01B	TCGA-13-0905	TCGA-OV	OV	75	115	mutation_count_proxy_no_callable_territory
TCGA-13-0910-01A	TCGA-13-0910	TCGA-OV	OV	56	82	mutation_count_proxy_no_callable_territory
TCGA-13-0911-01A	TCGA-13-0911	TCGA-OV	OV	13	21	mutation_count_proxy_no_callable_territory
TCGA-13-0912-01A	TCGA-13-0912	TCGA-OV	OV	39	63	mutation_count_proxy_no_callable_territory
TCGA-13-0913-01A	TCGA-13-0913	TCGA-OV	OV	36	54	mutation_count_proxy_no_callable_territory
TCGA-13-0916-01A	TCGA-13-0916	TCGA-OV	OV	28	44	mutation_count_proxy_no_callable_territory
TCGA-13-0920-01A	TCGA-13-0920	TCGA-OV	OV	271	386	mutation_count_proxy_no_callable_territory
TCGA-13-0921-01A	TCGA-13-0921	TCGA-OV	OV	28	53	mutation_count_proxy_no_callable_territory
TCGA-13-0923-01A	TCGA-13-0923	TCGA-OV	OV	53	64	mutation_count_proxy_no_callable_territory
TCGA-13-1403-01A	TCGA-13-1403	TCGA-OV	OV	63	89	mutation_count_proxy_no_callable_territory
TCGA-13-1404-01A	TCGA-13-1404	TCGA-OV	OV	54	79	mutation_count_proxy_no_callable_territory
TCGA-13-1405-01A	TCGA-13-1405	TCGA-OV	OV	54	75	mutation_count_proxy_no_callable_territory
TCGA-13-1411-01A	TCGA-13-1411	TCGA-OV	OV	61	89	mutation_count_proxy_no_callable_territory
TCGA-13-1412-01A	TCGA-13-1412	TCGA-OV	OV	50	93	mutation_count_proxy_no_callable_territory
TCGA-13-1477-01A	TCGA-13-1477	TCGA-OV	OV	197	300	mutation_count_proxy_no_callable_territory
TCGA-13-1481-01A	TCGA-13-1481	TCGA-OV	OV	228	325	mutation_count_proxy_no_callable_territory
TCGA-13-1482-01A	TCGA-13-1482	TCGA-OV	OV	56	81	mutation_count_proxy_no_callable_territory
TCGA-13-1483-01A	TCGA-13-1483	TCGA-OV	OV	76	103	mutation_count_proxy_no_callable_territory
TCGA-13-1484-01A	TCGA-13-1484	TCGA-OV	OV	42	66	mutation_count_proxy_no_callable_territory
TCGA-13-1487-01A	TCGA-13-1487	TCGA-OV	OV	20	35	mutation_count_proxy_no_callable_territory
TCGA-13-1488-01A	TCGA-13-1488	TCGA-OV	OV	149	225	mutation_count_proxy_no_callable_territory
TCGA-13-1489-01A	TCGA-13-1489	TCGA-OV	OV	59	78	mutation_count_proxy_no_callable_territory
TCGA-13-1491-01A	TCGA-13-1491	TCGA-OV	OV	53	72	mutation_count_proxy_no_callable_territory
TCGA-13-1492-01A	TCGA-13-1492	TCGA-OV	OV	16	23	mutation_count_proxy_no_callable_territory
TCGA-13-1494-01A	TCGA-13-1494	TCGA-OV	OV	76	118	mutation_count_proxy_no_callable_territory
TCGA-13-1495-01A	TCGA-13-1495	TCGA-OV	OV	19	27	mutation_count_proxy_no_callable_territory
TCGA-13-1496-01A	TCGA-13-1496	TCGA-OV	OV	66	94	mutation_count_proxy_no_callable_territory
TCGA-13-1497-01A	TCGA-13-1497	TCGA-OV	OV	143	198	mutation_count_proxy_no_callable_territory
TCGA-13-1498-01A	TCGA-13-1498	TCGA-OV	OV	124	192	mutation_count_proxy_no_callable_territory
TCGA-13-1499-01A	TCGA-13-1499	TCGA-OV	OV	72	116	mutation_count_proxy_no_callable_territory
TCGA-13-1500-01A	TCGA-13-1500	TCGA-OV	OV	83	125	mutation_count_proxy_no_callable_territory
TCGA-13-1501-01A	TCGA-13-1501	TCGA-OV	OV	80	117	mutation_count_proxy_no_callable_territory
TCGA-13-1504-01A	TCGA-13-1504	TCGA-OV	OV	41	59	mutation_count_proxy_no_callable_territory
TCGA-13-1505-01A	TCGA-13-1505	TCGA-OV	OV	73	105	mutation_count_proxy_no_callable_territory
TCGA-13-1506-01A	TCGA-13-1506	TCGA-OV	OV	25	36	mutation_count_proxy_no_callable_territory
TCGA-13-1507-01A	TCGA-13-1507	TCGA-OV	OV	85	122	mutation_count_proxy_no_callable_territory
TCGA-13-1509-01A	TCGA-13-1509	TCGA-OV	OV	92	131	mutation_count_proxy_no_callable_territory
TCGA-13-1510-01A	TCGA-13-1510	TCGA-OV	OV	45	62	mutation_count_proxy_no_callable_territory
TCGA-13-1511-01A	TCGA-13-1511	TCGA-OV	OV	21	32	mutation_count_proxy_no_callable_territory
TCGA-13-1512-01A	TCGA-13-1512	TCGA-OV	OV	58	90	mutation_count_proxy_no_callable_territory
TCGA-13-2057-01A	TCGA-13-2057	TCGA-OV	OV	173	266	mutation_count_proxy_no_callable_territory
TCGA-13-2059-01A	TCGA-13-2059	TCGA-OV	OV	86	130	mutation_count_proxy_no_callable_territory
TCGA-13-2060-01A	TCGA-13-2060	TCGA-OV	OV	67	98	mutation_count_proxy_no_callable_territory
TCGA-13-2061-01A	TCGA-13-2061	TCGA-OV	OV	105	154	mutation_count_proxy_no_callable_territory
TCGA-13-2065-01A	TCGA-13-2065	TCGA-OV	OV	44	70	mutation_count_proxy_no_callable_territory
TCGA-13-2071-01A	TCGA-13-2071	TCGA-OV	OV	51	80	mutation_count_proxy_no_callable_territory
TCGA-13-A5FT-01A	TCGA-13-A5FT	TCGA-OV	OV	73	137	mutation_count_proxy_no_callable_territory
TCGA-13-A5FU-01A	TCGA-13-A5FU	TCGA-OV	OV	69	120	mutation_count_proxy_no_callable_territory
TCGA-20-0987-01A	TCGA-20-0987	TCGA-OV	OV	35	50	mutation_count_proxy_no_callable_territory
TCGA-20-0991-01A	TCGA-20-0991	TCGA-OV	OV	206	327	mutation_count_proxy_no_callable_territory
TCGA-20-0996-01A	TCGA-20-0996	TCGA-OV	OV	33	40	mutation_count_proxy_no_callable_territory
TCGA-20-1682-01A	TCGA-20-1682	TCGA-OV	OV	89	121	mutation_count_proxy_no_callable_territory
TCGA-20-1683-01A	TCGA-20-1683	TCGA-OV	OV	84	139	mutation_count_proxy_no_callable_territory
TCGA-20-1684-01A	TCGA-20-1684	TCGA-OV	OV	36	59	mutation_count_proxy_no_callable_territory
TCGA-20-1685-01A	TCGA-20-1685	TCGA-OV	OV	57	103	mutation_count_proxy_no_callable_territory
TCGA-20-1686-01A	TCGA-20-1686	TCGA-OV	OV	93	140	mutation_count_proxy_no_callable_territory
TCGA-20-1687-01A	TCGA-20-1687	TCGA-OV	OV	63	103	mutation_count_proxy_no_callable_territory
TCGA-23-1021-01B	TCGA-23-1021	TCGA-OV	OV	84	125	mutation_count_proxy_no_callable_territory
TCGA-23-1022-01A	TCGA-23-1022	TCGA-OV	OV	203	281	mutation_count_proxy_no_callable_territory
TCGA-23-1027-01A	TCGA-23-1027	TCGA-OV	OV	56	75	mutation_count_proxy_no_callable_territory
TCGA-23-1029-01B	TCGA-23-1029	TCGA-OV	OV	72	113	mutation_count_proxy_no_callable_territory
TCGA-23-1030-01A	TCGA-23-1030	TCGA-OV	OV	48	67	mutation_count_proxy_no_callable_territory
TCGA-23-1032-01A	TCGA-23-1032	TCGA-OV	OV	167	299	mutation_count_proxy_no_callable_territory
TCGA-23-1110-01A	TCGA-23-1110	TCGA-OV	OV	117	181	mutation_count_proxy_no_callable_territory
TCGA-23-1111-01A	TCGA-23-1111	TCGA-OV	OV	56	84	mutation_count_proxy_no_callable_territory
TCGA-23-1113-01A	TCGA-23-1113	TCGA-OV	OV	55	71	mutation_count_proxy_no_callable_territory
TCGA-23-1114-01B	TCGA-23-1114	TCGA-OV	OV	129	189	mutation_count_proxy_no_callable_territory
TCGA-23-1116-01A	TCGA-23-1116	TCGA-OV	OV	180	296	mutation_count_proxy_no_callable_territory
TCGA-23-1117-01A	TCGA-23-1117	TCGA-OV	OV	145	215	mutation_count_proxy_no_callable_territory
TCGA-23-1118-01A	TCGA-23-1118	TCGA-OV	OV	99	135	mutation_count_proxy_no_callable_territory
TCGA-23-1121-01A	TCGA-23-1121	TCGA-OV	OV	341	473	mutation_count_proxy_no_callable_territory
TCGA-23-1122-01A	TCGA-23-1122	TCGA-OV	OV	152	202	mutation_count_proxy_no_callable_territory
TCGA-23-1123-01A	TCGA-23-1123	TCGA-OV	OV	84	113	mutation_count_proxy_no_callable_territory
TCGA-23-1124-01A	TCGA-23-1124	TCGA-OV	OV	149	216	mutation_count_proxy_no_callable_territory
TCGA-23-1809-01A	TCGA-23-1809	TCGA-OV	OV	46	62	mutation_count_proxy_no_callable_territory
TCGA-23-2072-01A	TCGA-23-2072	TCGA-OV	OV	48	72	mutation_count_proxy_no_callable_territory
TCGA-23-2077-01A	TCGA-23-2077	TCGA-OV	OV	109	162	mutation_count_proxy_no_callable_territory
TCGA-23-2078-01A	TCGA-23-2078	TCGA-OV	OV	182	284	mutation_count_proxy_no_callable_territory
TCGA-23-2079-01A	TCGA-23-2079	TCGA-OV	OV	56	80	mutation_count_proxy_no_callable_territory
TCGA-23-2081-01A	TCGA-23-2081	TCGA-OV	OV	61	92	mutation_count_proxy_no_callable_territory
TCGA-23-2084-01A	TCGA-23-2084	TCGA-OV	OV	143	203	mutation_count_proxy_no_callable_territory
TCGA-23-2641-01A	TCGA-23-2641	TCGA-OV	OV	81	126	mutation_count_proxy_no_callable_territory
TCGA-23-2643-01A	TCGA-23-2643	TCGA-OV	OV	47	74	mutation_count_proxy_no_callable_territory
TCGA-23-2645-01A	TCGA-23-2645	TCGA-OV	OV	116	171	mutation_count_proxy_no_callable_territory
TCGA-23-2647-01A	TCGA-23-2647	TCGA-OV	OV	56	77	mutation_count_proxy_no_callable_territory
TCGA-23-2649-01A	TCGA-23-2649	TCGA-OV	OV	119	175	mutation_count_proxy_no_callable_territory
TCGA-24-0970-01B	TCGA-24-0970	TCGA-OV	OV	33	53	mutation_count_proxy_no_callable_territory
TCGA-24-0980-01A	TCGA-24-0980	TCGA-OV	OV	58	89	mutation_count_proxy_no_callable_territory
TCGA-24-0982-01A	TCGA-24-0982	TCGA-OV	OV	61	92	mutation_count_proxy_no_callable_territory
TCGA-24-1103-01A	TCGA-24-1103	TCGA-OV	OV	63	92	mutation_count_proxy_no_callable_territory
TCGA-24-1104-01A	TCGA-24-1104	TCGA-OV	OV	90	131	mutation_count_proxy_no_callable_territory
TCGA-24-1413-01A	TCGA-24-1413	TCGA-OV	OV	47	67	mutation_count_proxy_no_callable_territory
TCGA-24-1416-01A	TCGA-24-1416	TCGA-OV	OV	19	28	mutation_count_proxy_no_callable_territory
TCGA-24-1417-01A	TCGA-24-1417	TCGA-OV	OV	78	120	mutation_count_proxy_no_callable_territory
TCGA-24-1418-01A	TCGA-24-1418	TCGA-OV	OV	65	87	mutation_count_proxy_no_callable_territory
TCGA-24-1419-01A	TCGA-24-1419	TCGA-OV	OV	46	62	mutation_count_proxy_no_callable_territory
TCGA-24-1422-01A	TCGA-24-1422	TCGA-OV	OV	162	242	mutation_count_proxy_no_callable_territory
TCGA-24-1423-01A	TCGA-24-1423	TCGA-OV	OV	86	126	mutation_count_proxy_no_callable_territory
TCGA-24-1424-01A	TCGA-24-1424	TCGA-OV	OV	68	99	mutation_count_proxy_no_callable_territory
TCGA-24-1425-01A	TCGA-24-1425	TCGA-OV	OV	80	127	mutation_count_proxy_no_callable_territory
TCGA-24-1426-01A	TCGA-24-1426	TCGA-OV	OV	142	220	mutation_count_proxy_no_callable_territory
TCGA-24-1427-01A	TCGA-24-1427	TCGA-OV	OV	63	88	mutation_count_proxy_no_callable_territory
TCGA-24-1428-01A	TCGA-24-1428	TCGA-OV	OV	82	116	mutation_count_proxy_no_callable_territory
TCGA-24-1430-01A	TCGA-24-1430	TCGA-OV	OV	51	65	mutation_count_proxy_no_callable_territory
TCGA-24-1431-01A	TCGA-24-1431	TCGA-OV	OV	103	139	mutation_count_proxy_no_callable_territory
TCGA-24-1434-01A	TCGA-24-1434	TCGA-OV	OV	70	105	mutation_count_proxy_no_callable_territory
TCGA-24-1435-01A	TCGA-24-1435	TCGA-OV	OV	99	140	mutation_count_proxy_no_callable_territory
TCGA-24-1436-01A	TCGA-24-1436	TCGA-OV	OV	87	134	mutation_count_proxy_no_callable_territory
TCGA-24-1463-01A	TCGA-24-1463	TCGA-OV	OV	65	93	mutation_count_proxy_no_callable_territory
TCGA-24-1464-01A	TCGA-24-1464	TCGA-OV	OV	55	86	mutation_count_proxy_no_callable_territory
TCGA-24-1466-01A	TCGA-24-1466	TCGA-OV	OV	65	90	mutation_count_proxy_no_callable_territory
TCGA-24-1467-01A	TCGA-24-1467	TCGA-OV	OV	10	12	mutation_count_proxy_no_callable_territory
TCGA-24-1469-01A	TCGA-24-1469	TCGA-OV	OV	221	342	mutation_count_proxy_no_callable_territory
TCGA-24-1470-01A	TCGA-24-1470	TCGA-OV	OV	62	95	mutation_count_proxy_no_callable_territory
TCGA-24-1471-01A	TCGA-24-1471	TCGA-OV	OV	43	62	mutation_count_proxy_no_callable_territory
TCGA-24-1474-01A	TCGA-24-1474	TCGA-OV	OV	79	106	mutation_count_proxy_no_callable_territory
TCGA-24-1550-01A	TCGA-24-1550	TCGA-OV	OV	63	86	mutation_count_proxy_no_callable_territory
TCGA-24-1551-01A	TCGA-24-1551	TCGA-OV	OV	40	61	mutation_count_proxy_no_callable_territory
TCGA-24-1552-01A	TCGA-24-1552	TCGA-OV	OV	54	73	mutation_count_proxy_no_callable_territory
TCGA-24-1562-01A	TCGA-24-1562	TCGA-OV	OV	29	41	mutation_count_proxy_no_callable_territory
TCGA-24-1564-01A	TCGA-24-1564	TCGA-OV	OV	53	69	mutation_count_proxy_no_callable_territory
TCGA-24-1565-01A	TCGA-24-1565	TCGA-OV	OV	36	57	mutation_count_proxy_no_callable_territory
TCGA-24-1603-01A	TCGA-24-1603	TCGA-OV	OV	39	56	mutation_count_proxy_no_callable_territory
TCGA-24-1616-01A	TCGA-24-1616	TCGA-OV	OV	58	79	mutation_count_proxy_no_callable_territory
TCGA-24-1842-01A	TCGA-24-1842	TCGA-OV	OV	56	75	mutation_count_proxy_no_callable_territory
TCGA-24-1843-01A	TCGA-24-1843	TCGA-OV	OV	79	119	mutation_count_proxy_no_callable_territory
TCGA-24-1844-01A	TCGA-24-1844	TCGA-OV	OV	152	220	mutation_count_proxy_no_callable_territory
TCGA-24-1845-01A	TCGA-24-1845	TCGA-OV	OV	176	253	mutation_count_proxy_no_callable_territory
TCGA-24-1846-01A	TCGA-24-1846	TCGA-OV	OV	104	159	mutation_count_proxy_no_callable_territory
TCGA-24-1847-01A	TCGA-24-1847	TCGA-OV	OV	93	135	mutation_count_proxy_no_callable_territory
TCGA-24-1849-01A	TCGA-24-1849	TCGA-OV	OV	117	167	mutation_count_proxy_no_callable_territory
TCGA-24-1850-01A	TCGA-24-1850	TCGA-OV	OV	88	124	mutation_count_proxy_no_callable_territory
TCGA-24-1927-01A	TCGA-24-1927	TCGA-OV	OV	107	171	mutation_count_proxy_no_callable_territory
TCGA-24-2019-01A	TCGA-24-2019	TCGA-OV	OV	49	71	mutation_count_proxy_no_callable_territory
TCGA-24-2024-01A	TCGA-24-2024	TCGA-OV	OV	97	146	mutation_count_proxy_no_callable_territory
TCGA-24-2030-01A	TCGA-24-2030	TCGA-OV	OV	70	96	mutation_count_proxy_no_callable_territory
TCGA-24-2033-01A	TCGA-24-2033	TCGA-OV	OV	104	150	mutation_count_proxy_no_callable_territory
TCGA-24-2035-01A	TCGA-24-2035	TCGA-OV	OV	127	177	mutation_count_proxy_no_callable_territory
TCGA-24-2036-01A	TCGA-24-2036	TCGA-OV	OV	55	69	mutation_count_proxy_no_callable_territory
TCGA-24-2038-01A	TCGA-24-2038	TCGA-OV	OV	12	20	mutation_count_proxy_no_callable_territory
TCGA-24-2254-01A	TCGA-24-2254	TCGA-OV	OV	67	94	mutation_count_proxy_no_callable_territory
TCGA-24-2260-01A	TCGA-24-2260	TCGA-OV	OV	73	103	mutation_count_proxy_no_callable_territory
TCGA-24-2261-01A	TCGA-24-2261	TCGA-OV	OV	50	75	mutation_count_proxy_no_callable_territory
TCGA-24-2262-01A	TCGA-24-2262	TCGA-OV	OV	95	146	mutation_count_proxy_no_callable_territory
TCGA-24-2267-01A	TCGA-24-2267	TCGA-OV	OV	125	165	mutation_count_proxy_no_callable_territory
TCGA-24-2271-01A	TCGA-24-2271	TCGA-OV	OV	51	74	mutation_count_proxy_no_callable_territory
TCGA-24-2280-01A	TCGA-24-2280	TCGA-OV	OV	185	288	mutation_count_proxy_no_callable_territory
TCGA-24-2281-01A	TCGA-24-2281	TCGA-OV	OV	85	129	mutation_count_proxy_no_callable_territory
TCGA-24-2288-01A	TCGA-24-2288	TCGA-OV	OV	183	263	mutation_count_proxy_no_callable_territory
TCGA-24-2289-01A	TCGA-24-2289	TCGA-OV	OV	167	229	mutation_count_proxy_no_callable_territory
TCGA-24-2290-01A	TCGA-24-2290	TCGA-OV	OV	54	88	mutation_count_proxy_no_callable_territory
TCGA-24-2293-01A	TCGA-24-2293	TCGA-OV	OV	120	169	mutation_count_proxy_no_callable_territory
TCGA-24-2295-01A	TCGA-24-2295	TCGA-OV	OV	93	126	mutation_count_proxy_no_callable_territory
TCGA-24-2298-01A	TCGA-24-2298	TCGA-OV	OV	124	190	mutation_count_proxy_no_callable_territory
TCGA-25-1312-01A	TCGA-25-1312	TCGA-OV	OV	19	30	mutation_count_proxy_no_callable_territory
TCGA-25-1313-01A	TCGA-25-1313	TCGA-OV	OV	176	255	mutation_count_proxy_no_callable_territory
TCGA-25-1314-01A	TCGA-25-1314	TCGA-OV	OV	80	117	mutation_count_proxy_no_callable_territory
TCGA-25-1315-01A	TCGA-25-1315	TCGA-OV	OV	70	98	mutation_count_proxy_no_callable_territory
TCGA-25-1316-01A	TCGA-25-1316	TCGA-OV	OV	16	27	mutation_count_proxy_no_callable_territory
TCGA-25-1319-01A	TCGA-25-1319	TCGA-OV	OV	59	74	mutation_count_proxy_no_callable_territory
TCGA-25-1320-01A	TCGA-25-1320	TCGA-OV	OV	113	165	mutation_count_proxy_no_callable_territory
TCGA-25-1323-01A	TCGA-25-1323	TCGA-OV	OV	82	116	mutation_count_proxy_no_callable_territory
TCGA-25-1326-01A	TCGA-25-1326	TCGA-OV	OV	254	365	mutation_count_proxy_no_callable_territory
TCGA-25-1328-01A	TCGA-25-1328	TCGA-OV	OV	32	48	mutation_count_proxy_no_callable_territory
TCGA-25-1329-01A	TCGA-25-1329	TCGA-OV	OV	60	84	mutation_count_proxy_no_callable_territory
TCGA-25-2042-01A	TCGA-25-2042	TCGA-OV	OV	112	174	mutation_count_proxy_no_callable_territory
TCGA-25-2391-01A	TCGA-25-2391	TCGA-OV	OV	74	98	mutation_count_proxy_no_callable_territory
TCGA-25-2392-01A	TCGA-25-2392	TCGA-OV	OV	111	172	mutation_count_proxy_no_callable_territory
TCGA-25-2393-01A	TCGA-25-2393	TCGA-OV	OV	69	99	mutation_count_proxy_no_callable_territory
TCGA-25-2396-01A	TCGA-25-2396	TCGA-OV	OV	32	53	mutation_count_proxy_no_callable_territory
TCGA-25-2397-01A	TCGA-25-2397	TCGA-OV	OV	120	180	mutation_count_proxy_no_callable_territory
TCGA-25-2398-01A	TCGA-25-2398	TCGA-OV	OV	181	302	mutation_count_proxy_no_callable_territory
TCGA-25-2399-01A	TCGA-25-2399	TCGA-OV	OV	50	63	mutation_count_proxy_no_callable_territory
TCGA-25-2400-01A	TCGA-25-2400	TCGA-OV	OV	92	140	mutation_count_proxy_no_callable_territory
TCGA-25-2401-01A	TCGA-25-2401	TCGA-OV	OV	74	114	mutation_count_proxy_no_callable_territory
TCGA-25-2404-01A	TCGA-25-2404	TCGA-OV	OV	58	75	mutation_count_proxy_no_callable_territory
TCGA-25-2408-01A	TCGA-25-2408	TCGA-OV	OV	16	24	mutation_count_proxy_no_callable_territory
TCGA-25-2409-01A	TCGA-25-2409	TCGA-OV	OV	28	43	mutation_count_proxy_no_callable_territory
TCGA-29-1688-01A	TCGA-29-1688	TCGA-OV	OV	57	86	mutation_count_proxy_no_callable_territory
TCGA-29-1691-01A	TCGA-29-1691	TCGA-OV	OV	200	277	mutation_count_proxy_no_callable_territory
TCGA-29-1693-01A	TCGA-29-1693	TCGA-OV	OV	101	146	mutation_count_proxy_no_callable_territory
TCGA-29-1694-01A	TCGA-29-1694	TCGA-OV	OV	37	53	mutation_count_proxy_no_callable_territory
TCGA-29-1695-01A	TCGA-29-1695	TCGA-OV	OV	53	92	mutation_count_proxy_no_callable_territory
TCGA-29-1696-01A	TCGA-29-1696	TCGA-OV	OV	50	80	mutation_count_proxy_no_callable_territory
TCGA-29-1697-01A	TCGA-29-1697	TCGA-OV	OV	31	48	mutation_count_proxy_no_callable_territory
TCGA-29-1698-01A	TCGA-29-1698	TCGA-OV	OV	82	117	mutation_count_proxy_no_callable_territory
TCGA-29-1699-01A	TCGA-29-1699	TCGA-OV	OV	64	100	mutation_count_proxy_no_callable_territory
TCGA-29-1701-01A	TCGA-29-1701	TCGA-OV	OV	76	111	mutation_count_proxy_no_callable_territory
TCGA-29-1702-01A	TCGA-29-1702	TCGA-OV	OV	47	75	mutation_count_proxy_no_callable_territory
TCGA-29-1703-01A	TCGA-29-1703	TCGA-OV	OV	64	108	mutation_count_proxy_no_callable_territory
TCGA-29-1705-01A	TCGA-29-1705	TCGA-OV	OV	36	66	mutation_count_proxy_no_callable_territory
TCGA-29-1707-01A	TCGA-29-1707	TCGA-OV	OV	46	74	mutation_count_proxy_no_callable_territory
TCGA-29-1710-01A	TCGA-29-1710	TCGA-OV	OV	42	66	mutation_count_proxy_no_callable_territory
TCGA-29-1711-01A	TCGA-29-1711	TCGA-OV	OV	61	98	mutation_count_proxy_no_callable_territory
TCGA-29-1761-01A	TCGA-29-1761	TCGA-OV	OV	181	267	mutation_count_proxy_no_callable_territory
TCGA-29-1762-01A	TCGA-29-1762	TCGA-OV	OV	67	104	mutation_count_proxy_no_callable_territory
TCGA-29-1763-01A	TCGA-29-1763	TCGA-OV	OV	144	229	mutation_count_proxy_no_callable_territory
TCGA-29-1764-01A	TCGA-29-1764	TCGA-OV	OV	93	133	mutation_count_proxy_no_callable_territory
TCGA-29-1766-01A	TCGA-29-1766	TCGA-OV	OV	72	110	mutation_count_proxy_no_callable_territory
TCGA-29-1768-01A	TCGA-29-1768	TCGA-OV	OV	46	62	mutation_count_proxy_no_callable_territory
TCGA-29-1769-01A	TCGA-29-1769	TCGA-OV	OV	76	115	mutation_count_proxy_no_callable_territory
TCGA-29-1770-01A	TCGA-29-1770	TCGA-OV	OV	128	209	mutation_count_proxy_no_callable_territory
TCGA-29-1771-01A	TCGA-29-1771	TCGA-OV	OV	24	31	mutation_count_proxy_no_callable_territory
TCGA-29-1774-01A	TCGA-29-1774	TCGA-OV	OV	43	71	mutation_count_proxy_no_callable_territory
TCGA-29-1775-01A	TCGA-29-1775	TCGA-OV	OV	116	175	mutation_count_proxy_no_callable_territory
TCGA-29-1776-01A	TCGA-29-1776	TCGA-OV	OV	55	74	mutation_count_proxy_no_callable_territory
TCGA-29-1777-01A	TCGA-29-1777	TCGA-OV	OV	125	191	mutation_count_proxy_no_callable_territory
TCGA-29-1778-01A	TCGA-29-1778	TCGA-OV	OV	46	82	mutation_count_proxy_no_callable_territory
TCGA-29-1781-01A	TCGA-29-1781	TCGA-OV	OV	96	143	mutation_count_proxy_no_callable_territory
TCGA-29-1783-01A	TCGA-29-1783	TCGA-OV	OV	73	102	mutation_count_proxy_no_callable_territory
TCGA-29-1784-01A	TCGA-29-1784	TCGA-OV	OV	126	172	mutation_count_proxy_no_callable_territory
TCGA-29-1785-01A	TCGA-29-1785	TCGA-OV	OV	61	94	mutation_count_proxy_no_callable_territory
TCGA-29-2427-01A	TCGA-29-2427	TCGA-OV	OV	68	99	mutation_count_proxy_no_callable_territory
TCGA-29-2429-01A	TCGA-29-2429	TCGA-OV	OV	69	117	mutation_count_proxy_no_callable_territory
TCGA-29-2431-01A	TCGA-29-2431	TCGA-OV	OV	37	58	mutation_count_proxy_no_callable_territory
TCGA-29-2432-01A	TCGA-29-2432	TCGA-OV	OV	78	129	mutation_count_proxy_no_callable_territory
TCGA-29-2434-01A	TCGA-29-2434	TCGA-OV	OV	108	157	mutation_count_proxy_no_callable_territory
TCGA-29-2436-01A	TCGA-29-2436	TCGA-OV	OV	6	14	mutation_count_proxy_no_callable_territory
TCGA-29-A5NZ-01A	TCGA-29-A5NZ	TCGA-OV	OV	48	86	mutation_count_proxy_no_callable_territory
TCGA-30-1714-01A	TCGA-30-1714	TCGA-OV	OV	69	95	mutation_count_proxy_no_callable_territory
TCGA-30-1718-01A	TCGA-30-1718	TCGA-OV	OV	143	217	mutation_count_proxy_no_callable_territory
TCGA-30-1853-01A	TCGA-30-1853	TCGA-OV	OV	43	65	mutation_count_proxy_no_callable_territory
TCGA-30-1855-01A	TCGA-30-1855	TCGA-OV	OV	105	163	mutation_count_proxy_no_callable_territory
TCGA-30-1856-01A	TCGA-30-1856	TCGA-OV	OV	61	87	mutation_count_proxy_no_callable_territory
TCGA-30-1857-01A	TCGA-30-1857	TCGA-OV	OV	101	141	mutation_count_proxy_no_callable_territory
TCGA-30-1862-01A	TCGA-30-1862	TCGA-OV	OV	44	62	mutation_count_proxy_no_callable_territory
TCGA-30-1891-01A	TCGA-30-1891	TCGA-OV	OV	74	99	mutation_count_proxy_no_callable_territory
TCGA-31-1950-01A	TCGA-31-1950	TCGA-OV	OV	61	100	mutation_count_proxy_no_callable_territory
TCGA-31-1953-01A	TCGA-31-1953	TCGA-OV	OV	57	81	mutation_count_proxy_no_callable_territory
TCGA-31-1959-01A	TCGA-31-1959	TCGA-OV	OV	67	104	mutation_count_proxy_no_callable_territory
TCGA-36-2530-01A	TCGA-36-2530	TCGA-OV	OV	67	103	mutation_count_proxy_no_callable_territory
TCGA-36-2532-01A	TCGA-36-2532	TCGA-OV	OV	46	69	mutation_count_proxy_no_callable_territory
TCGA-36-2533-01A	TCGA-36-2533	TCGA-OV	OV	98	126	mutation_count_proxy_no_callable_territory
TCGA-36-2534-01A	TCGA-36-2534	TCGA-OV	OV	126	185	mutation_count_proxy_no_callable_territory
TCGA-36-2537-01A	TCGA-36-2537	TCGA-OV	OV	39	63	mutation_count_proxy_no_callable_territory
TCGA-36-2538-01A	TCGA-36-2538	TCGA-OV	OV	44	64	mutation_count_proxy_no_callable_territory
TCGA-36-2539-01A	TCGA-36-2539	TCGA-OV	OV	75	117	mutation_count_proxy_no_callable_territory
TCGA-36-2540-01A	TCGA-36-2540	TCGA-OV	OV	5	8	mutation_count_proxy_no_callable_territory
TCGA-36-2542-01A	TCGA-36-2542	TCGA-OV	OV	75	114	mutation_count_proxy_no_callable_territory
TCGA-36-2543-01A	TCGA-36-2543	TCGA-OV	OV	65	94	mutation_count_proxy_no_callable_territory
TCGA-36-2544-01A	TCGA-36-2544	TCGA-OV	OV	61	89	mutation_count_proxy_no_callable_territory
TCGA-36-2545-01A	TCGA-36-2545	TCGA-OV	OV	63	101	mutation_count_proxy_no_callable_territory
TCGA-36-2547-01A	TCGA-36-2547	TCGA-OV	OV	137	214	mutation_count_proxy_no_callable_territory
TCGA-36-2548-01A	TCGA-36-2548	TCGA-OV	OV	54	76	mutation_count_proxy_no_callable_territory
TCGA-36-2551-01A	TCGA-36-2551	TCGA-OV	OV	25	49	mutation_count_proxy_no_callable_territory
TCGA-36-2552-01A	TCGA-36-2552	TCGA-OV	OV	52	86	mutation_count_proxy_no_callable_territory
TCGA-3P-A9WA-01A	TCGA-3P-A9WA	TCGA-OV	OV	107	207	mutation_count_proxy_no_callable_territory
TCGA-42-2582-01A	TCGA-42-2582	TCGA-OV	OV	114	157	mutation_count_proxy_no_callable_territory
TCGA-42-2587-01A	TCGA-42-2587	TCGA-OV	OV	136	199	mutation_count_proxy_no_callable_territory
TCGA-42-2588-01A	TCGA-42-2588	TCGA-OV	OV	33	50	mutation_count_proxy_no_callable_territory
TCGA-42-2589-01A	TCGA-42-2589	TCGA-OV	OV	95	135	mutation_count_proxy_no_callable_territory
TCGA-42-2590-01A	TCGA-42-2590	TCGA-OV	OV	50	85	mutation_count_proxy_no_callable_territory
TCGA-42-2591-01A	TCGA-42-2591	TCGA-OV	OV	63	106	mutation_count_proxy_no_callable_territory
TCGA-42-2593-01A	TCGA-42-2593	TCGA-OV	OV	38	64	mutation_count_proxy_no_callable_territory
TCGA-57-1586-01A	TCGA-57-1586	TCGA-OV	OV	7	16	mutation_count_proxy_no_callable_territory
TCGA-57-1992-01A	TCGA-57-1992	TCGA-OV	OV	139	209	mutation_count_proxy_no_callable_territory
TCGA-57-1993-01A	TCGA-57-1993	TCGA-OV	OV	87	125	mutation_count_proxy_no_callable_territory
TCGA-57-1994-01A	TCGA-57-1994	TCGA-OV	OV	69	96	mutation_count_proxy_no_callable_territory
TCGA-59-2348-01A	TCGA-59-2348	TCGA-OV	OV	96	150	mutation_count_proxy_no_callable_territory
TCGA-59-2349-01A	TCGA-59-2349	TCGA-OV	OV	793	1211	mutation_count_proxy_no_callable_territory
TCGA-59-2350-01A	TCGA-59-2350	TCGA-OV	OV	33	57	mutation_count_proxy_no_callable_territory
TCGA-59-2351-01A	TCGA-59-2351	TCGA-OV	OV	115	157	mutation_count_proxy_no_callable_territory
TCGA-59-2352-01A	TCGA-59-2352	TCGA-OV	OV	82	124	mutation_count_proxy_no_callable_territory
TCGA-59-2354-01A	TCGA-59-2354	TCGA-OV	OV	63	113	mutation_count_proxy_no_callable_territory
TCGA-59-2355-01A	TCGA-59-2355	TCGA-OV	OV	28	38	mutation_count_proxy_no_callable_territory
TCGA-59-2363-01A	TCGA-59-2363	TCGA-OV	OV	75	117	mutation_count_proxy_no_callable_territory
TCGA-59-2372-01A	TCGA-59-2372	TCGA-OV	OV	78	116	mutation_count_proxy_no_callable_territory
TCGA-59-A5PD-01A	TCGA-59-A5PD	TCGA-OV	OV	130	265	mutation_count_proxy_no_callable_territory
TCGA-5X-AA5U-01A	TCGA-5X-AA5U	TCGA-OV	OV	28	52	mutation_count_proxy_no_callable_territory
TCGA-61-1722-01A	TCGA-61-1722	TCGA-OV	OV	96	142	mutation_count_proxy_no_callable_territory
TCGA-61-1725-01A	TCGA-61-1725	TCGA-OV	OV	66	93	mutation_count_proxy_no_callable_territory
TCGA-61-1727-01A	TCGA-61-1727	TCGA-OV	OV	130	180	mutation_count_proxy_no_callable_territory
TCGA-61-1728-01A	TCGA-61-1728	TCGA-OV	OV	63	96	mutation_count_proxy_no_callable_territory
TCGA-61-1730-01A	TCGA-61-1730	TCGA-OV	OV	66	90	mutation_count_proxy_no_callable_territory
TCGA-61-1733-01A	TCGA-61-1733	TCGA-OV	OV	44	71	mutation_count_proxy_no_callable_territory
TCGA-61-1736-01B	TCGA-61-1736	TCGA-OV	OV	50	78	mutation_count_proxy_no_callable_territory
TCGA-61-1737-01A	TCGA-61-1737	TCGA-OV	OV	125	175	mutation_count_proxy_no_callable_territory
TCGA-61-1738-01A	TCGA-61-1738	TCGA-OV	OV	53	81	mutation_count_proxy_no_callable_territory
TCGA-61-1740-01A	TCGA-61-1740	TCGA-OV	OV	183	287	mutation_count_proxy_no_callable_territory
TCGA-61-1741-01A	TCGA-61-1741	TCGA-OV	OV	35	48	mutation_count_proxy_no_callable_territory
TCGA-61-1895-01A	TCGA-61-1895	TCGA-OV	OV	76	101	mutation_count_proxy_no_callable_territory
TCGA-61-1899-01A	TCGA-61-1899	TCGA-OV	OV	58	94	mutation_count_proxy_no_callable_territory
TCGA-61-1900-01A	TCGA-61-1900	TCGA-OV	OV	81	116	mutation_count_proxy_no_callable_territory
TCGA-61-1901-01A	TCGA-61-1901	TCGA-OV	OV	47	77	mutation_count_proxy_no_callable_territory
TCGA-61-1903-01A	TCGA-61-1903	TCGA-OV	OV	53	89	mutation_count_proxy_no_callable_territory
TCGA-61-1904-01A	TCGA-61-1904	TCGA-OV	OV	129	218	mutation_count_proxy_no_callable_territory
TCGA-61-1906-01A	TCGA-61-1906	TCGA-OV	OV	55	87	mutation_count_proxy_no_callable_territory
TCGA-61-1907-01A	TCGA-61-1907	TCGA-OV	OV	106	156	mutation_count_proxy_no_callable_territory
TCGA-61-1910-01A	TCGA-61-1910	TCGA-OV	OV	85	166	mutation_count_proxy_no_callable_territory
TCGA-61-1911-01A	TCGA-61-1911	TCGA-OV	OV	33	64	mutation_count_proxy_no_callable_territory
TCGA-61-1913-01A	TCGA-61-1913	TCGA-OV	OV	40	74	mutation_count_proxy_no_callable_territory
TCGA-61-1914-01A	TCGA-61-1914	TCGA-OV	OV	113	164	mutation_count_proxy_no_callable_territory
TCGA-61-1915-01A	TCGA-61-1915	TCGA-OV	OV	78	127	mutation_count_proxy_no_callable_territory
TCGA-61-1919-01A	TCGA-61-1919	TCGA-OV	OV	79	107	mutation_count_proxy_no_callable_territory
TCGA-61-1995-01A	TCGA-61-1995	TCGA-OV	OV	44	54	mutation_count_proxy_no_callable_territory
TCGA-61-1998-01A	TCGA-61-1998	TCGA-OV	OV	206	322	mutation_count_proxy_no_callable_territory
TCGA-61-2000-01A	TCGA-61-2000	TCGA-OV	OV	68	101	mutation_count_proxy_no_callable_territory
TCGA-61-2002-01A	TCGA-61-2002	TCGA-OV	OV	44	62	mutation_count_proxy_no_callable_territory
TCGA-61-2003-01A	TCGA-61-2003	TCGA-OV	OV	96	135	mutation_count_proxy_no_callable_territory
TCGA-61-2008-01A	TCGA-61-2008	TCGA-OV	OV	75	105	mutation_count_proxy_no_callable_territory
TCGA-61-2009-01A	TCGA-61-2009	TCGA-OV	OV	86	110	mutation_count_proxy_no_callable_territory
TCGA-61-2012-01A	TCGA-61-2012	TCGA-OV	OV	143	205	mutation_count_proxy_no_callable_territory
TCGA-61-2016-01A	TCGA-61-2016	TCGA-OV	OV	31	46	mutation_count_proxy_no_callable_territory
TCGA-61-2018-01A	TCGA-61-2018	TCGA-OV	OV	105	154	mutation_count_proxy_no_callable_territory
TCGA-61-2087-01A	TCGA-61-2087	TCGA-OV	OV	75	109	mutation_count_proxy_no_callable_territory
TCGA-61-2088-01A	TCGA-61-2088	TCGA-OV	OV	18	27	mutation_count_proxy_no_callable_territory
TCGA-61-2092-01A	TCGA-61-2092	TCGA-OV	OV	58	91	mutation_count_proxy_no_callable_territory
TCGA-61-2094-01A	TCGA-61-2094	TCGA-OV	OV	69	94	mutation_count_proxy_no_callable_territory
TCGA-61-2095-01A	TCGA-61-2095	TCGA-OV	OV	193	306	mutation_count_proxy_no_callable_territory
TCGA-61-2096-01A	TCGA-61-2096	TCGA-OV	OV	117	156	mutation_count_proxy_no_callable_territory
TCGA-61-2101-01A	TCGA-61-2101	TCGA-OV	OV	43	71	mutation_count_proxy_no_callable_territory
TCGA-61-2102-01A	TCGA-61-2102	TCGA-OV	OV	67	96	mutation_count_proxy_no_callable_territory
TCGA-61-2104-01A	TCGA-61-2104	TCGA-OV	OV	65	102	mutation_count_proxy_no_callable_territory
TCGA-61-2109-01A	TCGA-61-2109	TCGA-OV	OV	80	107	mutation_count_proxy_no_callable_territory
TCGA-61-2110-01A	TCGA-61-2110	TCGA-OV	OV	91	120	mutation_count_proxy_no_callable_territory
TCGA-61-2111-01A	TCGA-61-2111	TCGA-OV	OV	106	141	mutation_count_proxy_no_callable_territory
TCGA-61-2113-01A	TCGA-61-2113	TCGA-OV	OV	223	354	mutation_count_proxy_no_callable_territory
TCGA-61-2610-02A	TCGA-61-2610	TCGA-OV	OV	89	138	mutation_count_proxy_no_callable_territory
TCGA-61-2611-02A	TCGA-61-2611	TCGA-OV	OV	65	100	mutation_count_proxy_no_callable_territory
TCGA-61-2612-01A	TCGA-61-2612	TCGA-OV	OV	36	64	mutation_count_proxy_no_callable_territory
TCGA-61-2613-01A	TCGA-61-2613	TCGA-OV	OV	76	114	mutation_count_proxy_no_callable_territory
TCGA-61-2614-01A	TCGA-61-2614	TCGA-OV	OV	52	74	mutation_count_proxy_no_callable_territory
TCGA-OY-A56P-01A	TCGA-OY-A56P	TCGA-OV	OV	33	58	mutation_count_proxy_no_callable_territory
TCGA-OY-A56Q-01A	TCGA-OY-A56Q	TCGA-OV	OV	50	91	mutation_count_proxy_no_callable_territory
TCGA-VG-A8LO-01A	TCGA-VG-A8LO	TCGA-OV	OV	72	117	mutation_count_proxy_no_callable_territory
TCGA-WR-A838-01A	TCGA-WR-A838	TCGA-OV	OV	42	82	mutation_count_proxy_no_callable_territory
TCGA-2J-AAB1-01A	TCGA-2J-AAB1	TCGA-PAAD	PAAD	61	80	mutation_count_proxy_no_callable_territory
TCGA-2J-AAB4-01A	TCGA-2J-AAB4	TCGA-PAAD	PAAD	27	42	mutation_count_proxy_no_callable_territory
TCGA-2J-AAB6-01A	TCGA-2J-AAB6	TCGA-PAAD	PAAD	59	82	mutation_count_proxy_no_callable_territory
TCGA-2J-AAB8-01A	TCGA-2J-AAB8	TCGA-PAAD	PAAD	42	65	mutation_count_proxy_no_callable_territory
TCGA-2J-AAB9-01A	TCGA-2J-AAB9	TCGA-PAAD	PAAD	13	26	mutation_count_proxy_no_callable_territory
TCGA-2J-AABA-01A	TCGA-2J-AABA	TCGA-PAAD	PAAD	31	43	mutation_count_proxy_no_callable_territory
TCGA-2J-AABE-01A	TCGA-2J-AABE	TCGA-PAAD	PAAD	29	50	mutation_count_proxy_no_callable_territory
TCGA-2J-AABF-01A	TCGA-2J-AABF	TCGA-PAAD	PAAD	45	68	mutation_count_proxy_no_callable_territory
TCGA-2J-AABH-01A	TCGA-2J-AABH	TCGA-PAAD	PAAD	36	55	mutation_count_proxy_no_callable_territory
TCGA-2J-AABI-01A	TCGA-2J-AABI	TCGA-PAAD	PAAD	30	41	mutation_count_proxy_no_callable_territory
TCGA-2J-AABK-01A	TCGA-2J-AABK	TCGA-PAAD	PAAD	34	58	mutation_count_proxy_no_callable_territory
TCGA-2J-AABO-01A	TCGA-2J-AABO	TCGA-PAAD	PAAD	65	88	mutation_count_proxy_no_callable_territory
TCGA-2J-AABP-01A	TCGA-2J-AABP	TCGA-PAAD	PAAD	93	130	mutation_count_proxy_no_callable_territory
TCGA-2J-AABR-01A	TCGA-2J-AABR	TCGA-PAAD	PAAD	7	11	mutation_count_proxy_no_callable_territory
TCGA-2J-AABT-01A	TCGA-2J-AABT	TCGA-PAAD	PAAD	29	42	mutation_count_proxy_no_callable_territory
TCGA-2J-AABU-01A	TCGA-2J-AABU	TCGA-PAAD	PAAD	24	42	mutation_count_proxy_no_callable_territory
TCGA-2J-AABV-01A	TCGA-2J-AABV	TCGA-PAAD	PAAD	10	17	mutation_count_proxy_no_callable_territory
TCGA-2L-AAQA-01A	TCGA-2L-AAQA	TCGA-PAAD	PAAD	55	83	mutation_count_proxy_no_callable_territory
TCGA-2L-AAQE-01A	TCGA-2L-AAQE	TCGA-PAAD	PAAD	34	50	mutation_count_proxy_no_callable_territory
TCGA-2L-AAQI-01A	TCGA-2L-AAQI	TCGA-PAAD	PAAD	30	46	mutation_count_proxy_no_callable_territory
TCGA-2L-AAQJ-01A	TCGA-2L-AAQJ	TCGA-PAAD	PAAD	80	114	mutation_count_proxy_no_callable_territory
TCGA-2L-AAQL-01A	TCGA-2L-AAQL	TCGA-PAAD	PAAD	50	75	mutation_count_proxy_no_callable_territory
TCGA-2L-AAQM-01A	TCGA-2L-AAQM	TCGA-PAAD	PAAD	36	50	mutation_count_proxy_no_callable_territory
TCGA-3A-A9I5-01A	TCGA-3A-A9I5	TCGA-PAAD	PAAD	30	46	mutation_count_proxy_no_callable_territory
TCGA-3A-A9I7-01A	TCGA-3A-A9I7	TCGA-PAAD	PAAD	13	24	mutation_count_proxy_no_callable_territory
TCGA-3A-A9I9-01A	TCGA-3A-A9I9	TCGA-PAAD	PAAD	92	142	mutation_count_proxy_no_callable_territory
TCGA-3A-A9IB-01A	TCGA-3A-A9IB	TCGA-PAAD	PAAD	33	50	mutation_count_proxy_no_callable_territory
TCGA-3A-A9IC-01A	TCGA-3A-A9IC	TCGA-PAAD	PAAD	31	50	mutation_count_proxy_no_callable_territory
TCGA-3A-A9IH-01A	TCGA-3A-A9IH	TCGA-PAAD	PAAD	46	67	mutation_count_proxy_no_callable_territory
TCGA-3A-A9IJ-01A	TCGA-3A-A9IJ	TCGA-PAAD	PAAD	11	20	mutation_count_proxy_no_callable_territory
TCGA-3A-A9IL-01A	TCGA-3A-A9IL	TCGA-PAAD	PAAD	5	11	mutation_count_proxy_no_callable_territory
TCGA-3A-A9IN-01A	TCGA-3A-A9IN	TCGA-PAAD	PAAD	31	40	mutation_count_proxy_no_callable_territory
TCGA-3A-A9IO-01A	TCGA-3A-A9IO	TCGA-PAAD	PAAD	7	13	mutation_count_proxy_no_callable_territory
TCGA-3A-A9IR-01A	TCGA-3A-A9IR	TCGA-PAAD	PAAD	11	25	mutation_count_proxy_no_callable_territory
TCGA-3A-A9IS-01A	TCGA-3A-A9IS	TCGA-PAAD	PAAD	34	51	mutation_count_proxy_no_callable_territory
TCGA-3A-A9IU-01A	TCGA-3A-A9IU	TCGA-PAAD	PAAD	32	44	mutation_count_proxy_no_callable_territory
TCGA-3A-A9IV-01A	TCGA-3A-A9IV	TCGA-PAAD	PAAD	41	57	mutation_count_proxy_no_callable_territory
TCGA-3A-A9IX-01A	TCGA-3A-A9IX	TCGA-PAAD	PAAD	22	24	mutation_count_proxy_no_callable_territory
TCGA-3A-A9IZ-01A	TCGA-3A-A9IZ	TCGA-PAAD	PAAD	49	75	mutation_count_proxy_no_callable_territory
TCGA-3A-A9J0-01A	TCGA-3A-A9J0	TCGA-PAAD	PAAD	76	114	mutation_count_proxy_no_callable_territory
TCGA-3E-AAAY-01A	TCGA-3E-AAAY	TCGA-PAAD	PAAD	20	39	mutation_count_proxy_no_callable_territory
TCGA-3E-AAAZ-01A	TCGA-3E-AAAZ	TCGA-PAAD	PAAD	46	67	mutation_count_proxy_no_callable_territory
TCGA-F2-6879-01A	TCGA-F2-6879	TCGA-PAAD	PAAD	33	48	mutation_count_proxy_no_callable_territory
TCGA-F2-7273-01A	TCGA-F2-7273	TCGA-PAAD	PAAD	2	5	mutation_count_proxy_no_callable_territory
TCGA-F2-A44G-01A	TCGA-F2-A44G	TCGA-PAAD	PAAD	37	56	mutation_count_proxy_no_callable_territory
TCGA-F2-A44H-01A	TCGA-F2-A44H	TCGA-PAAD	PAAD	16	27	mutation_count_proxy_no_callable_territory
TCGA-F2-A7TX-01A	TCGA-F2-A7TX	TCGA-PAAD	PAAD	41	59	mutation_count_proxy_no_callable_territory
TCGA-F2-A8YN-01A	TCGA-F2-A8YN	TCGA-PAAD	PAAD	51	80	mutation_count_proxy_no_callable_territory
TCGA-FB-A4P5-01A	TCGA-FB-A4P5	TCGA-PAAD	PAAD	8	11	mutation_count_proxy_no_callable_territory
TCGA-FB-A4P6-01A	TCGA-FB-A4P6	TCGA-PAAD	PAAD	0	1	mutation_count_proxy_no_callable_territory
TCGA-FB-A545-01A	TCGA-FB-A545	TCGA-PAAD	PAAD	37	47	mutation_count_proxy_no_callable_territory
TCGA-FB-A5VM-01A	TCGA-FB-A5VM	TCGA-PAAD	PAAD	42	72	mutation_count_proxy_no_callable_territory
TCGA-FB-A78T-01A	TCGA-FB-A78T	TCGA-PAAD	PAAD	39	60	mutation_count_proxy_no_callable_territory
TCGA-FB-A7DR-01A	TCGA-FB-A7DR	TCGA-PAAD	PAAD	33	58	mutation_count_proxy_no_callable_territory
TCGA-FB-AAPP-01A	TCGA-FB-AAPP	TCGA-PAAD	PAAD	110	158	mutation_count_proxy_no_callable_territory
TCGA-FB-AAPQ-01A	TCGA-FB-AAPQ	TCGA-PAAD	PAAD	37	59	mutation_count_proxy_no_callable_territory
TCGA-FB-AAPS-01A	TCGA-FB-AAPS	TCGA-PAAD	PAAD	30	40	mutation_count_proxy_no_callable_territory
TCGA-FB-AAPU-01A	TCGA-FB-AAPU	TCGA-PAAD	PAAD	78	109	mutation_count_proxy_no_callable_territory
TCGA-FB-AAPY-01A	TCGA-FB-AAPY	TCGA-PAAD	PAAD	31	40	mutation_count_proxy_no_callable_territory
TCGA-FB-AAPZ-01A	TCGA-FB-AAPZ	TCGA-PAAD	PAAD	34	47	mutation_count_proxy_no_callable_territory
TCGA-FB-AAQ0-01A	TCGA-FB-AAQ0	TCGA-PAAD	PAAD	43	63	mutation_count_proxy_no_callable_territory
TCGA-FB-AAQ1-01A	TCGA-FB-AAQ1	TCGA-PAAD	PAAD	31	53	mutation_count_proxy_no_callable_territory
TCGA-FB-AAQ2-01A	TCGA-FB-AAQ2	TCGA-PAAD	PAAD	35	49	mutation_count_proxy_no_callable_territory
TCGA-FB-AAQ3-01A	TCGA-FB-AAQ3	TCGA-PAAD	PAAD	32	48	mutation_count_proxy_no_callable_territory
TCGA-FB-AAQ6-01A	TCGA-FB-AAQ6	TCGA-PAAD	PAAD	56	88	mutation_count_proxy_no_callable_territory
TCGA-FZ-5919-01A	TCGA-FZ-5919	TCGA-PAAD	PAAD	37	57	mutation_count_proxy_no_callable_territory
TCGA-FZ-5920-01A	TCGA-FZ-5920	TCGA-PAAD	PAAD	52	71	mutation_count_proxy_no_callable_territory
TCGA-FZ-5921-01A	TCGA-FZ-5921	TCGA-PAAD	PAAD	70	101	mutation_count_proxy_no_callable_territory
TCGA-FZ-5922-01A	TCGA-FZ-5922	TCGA-PAAD	PAAD	36	52	mutation_count_proxy_no_callable_territory
TCGA-FZ-5923-01A	TCGA-FZ-5923	TCGA-PAAD	PAAD	66	94	mutation_count_proxy_no_callable_territory
TCGA-FZ-5924-01A	TCGA-FZ-5924	TCGA-PAAD	PAAD	30	54	mutation_count_proxy_no_callable_territory
TCGA-FZ-5926-01A	TCGA-FZ-5926	TCGA-PAAD	PAAD	35	56	mutation_count_proxy_no_callable_territory
TCGA-H6-8124-01A	TCGA-H6-8124	TCGA-PAAD	PAAD	72	98	mutation_count_proxy_no_callable_territory
TCGA-H6-A45N-01A	TCGA-H6-A45N	TCGA-PAAD	PAAD	44	57	mutation_count_proxy_no_callable_territory
TCGA-H8-A6C1-01A	TCGA-H8-A6C1	TCGA-PAAD	PAAD	22	32	mutation_count_proxy_no_callable_territory
TCGA-HV-A5A3-01A	TCGA-HV-A5A3	TCGA-PAAD	PAAD	60	89	mutation_count_proxy_no_callable_territory
TCGA-HV-A5A4-01A	TCGA-HV-A5A4	TCGA-PAAD	PAAD	37	50	mutation_count_proxy_no_callable_territory
TCGA-HV-A5A5-01A	TCGA-HV-A5A5	TCGA-PAAD	PAAD	18	28	mutation_count_proxy_no_callable_territory
TCGA-HV-A5A6-01A	TCGA-HV-A5A6	TCGA-PAAD	PAAD	40	63	mutation_count_proxy_no_callable_territory
TCGA-HV-A7OL-01A	TCGA-HV-A7OL	TCGA-PAAD	PAAD	50	67	mutation_count_proxy_no_callable_territory
TCGA-HV-A7OP-01A	TCGA-HV-A7OP	TCGA-PAAD	PAAD	75	120	mutation_count_proxy_no_callable_territory
TCGA-HV-AA8V-01A	TCGA-HV-AA8V	TCGA-PAAD	PAAD	30	44	mutation_count_proxy_no_callable_territory
TCGA-HV-AA8X-01A	TCGA-HV-AA8X	TCGA-PAAD	PAAD	46	72	mutation_count_proxy_no_callable_territory
TCGA-HZ-7289-01A	TCGA-HZ-7289	TCGA-PAAD	PAAD	67	103	mutation_count_proxy_no_callable_territory
TCGA-HZ-7918-01A	TCGA-HZ-7918	TCGA-PAAD	PAAD	115	172	mutation_count_proxy_no_callable_territory
TCGA-HZ-7919-01A	TCGA-HZ-7919	TCGA-PAAD	PAAD	48	75	mutation_count_proxy_no_callable_territory
TCGA-HZ-7920-01A	TCGA-HZ-7920	TCGA-PAAD	PAAD	1	3	mutation_count_proxy_no_callable_territory
TCGA-HZ-7922-01A	TCGA-HZ-7922	TCGA-PAAD	PAAD	42	53	mutation_count_proxy_no_callable_territory
TCGA-HZ-7924-01A	TCGA-HZ-7924	TCGA-PAAD	PAAD	1	1	mutation_count_proxy_no_callable_territory
TCGA-HZ-7925-01A	TCGA-HZ-7925	TCGA-PAAD	PAAD	21	35	mutation_count_proxy_no_callable_territory
TCGA-HZ-7926-01A	TCGA-HZ-7926	TCGA-PAAD	PAAD	34	55	mutation_count_proxy_no_callable_territory
TCGA-HZ-8001-01A	TCGA-HZ-8001	TCGA-PAAD	PAAD	43	60	mutation_count_proxy_no_callable_territory
TCGA-HZ-8002-01A	TCGA-HZ-8002	TCGA-PAAD	PAAD	13	21	mutation_count_proxy_no_callable_territory
TCGA-HZ-8003-01A	TCGA-HZ-8003	TCGA-PAAD	PAAD	10	21	mutation_count_proxy_no_callable_territory
TCGA-HZ-8005-01A	TCGA-HZ-8005	TCGA-PAAD	PAAD	56	83	mutation_count_proxy_no_callable_territory
TCGA-HZ-8315-01A	TCGA-HZ-8315	TCGA-PAAD	PAAD	53	84	mutation_count_proxy_no_callable_territory
TCGA-HZ-8317-01A	TCGA-HZ-8317	TCGA-PAAD	PAAD	8	14	mutation_count_proxy_no_callable_territory
TCGA-HZ-8636-01A	TCGA-HZ-8636	TCGA-PAAD	PAAD	48	67	mutation_count_proxy_no_callable_territory
TCGA-HZ-8637-01A	TCGA-HZ-8637	TCGA-PAAD	PAAD	27	48	mutation_count_proxy_no_callable_territory
TCGA-HZ-8638-01A	TCGA-HZ-8638	TCGA-PAAD	PAAD	1	1	mutation_count_proxy_no_callable_territory
TCGA-HZ-A49G-01A	TCGA-HZ-A49G	TCGA-PAAD	PAAD	35	48	mutation_count_proxy_no_callable_territory
TCGA-HZ-A49H-01A	TCGA-HZ-A49H	TCGA-PAAD	PAAD	8	12	mutation_count_proxy_no_callable_territory
TCGA-HZ-A49I-01A	TCGA-HZ-A49I	TCGA-PAAD	PAAD	43	65	mutation_count_proxy_no_callable_territory
TCGA-HZ-A4BH-01A	TCGA-HZ-A4BH	TCGA-PAAD	PAAD	57	83	mutation_count_proxy_no_callable_territory
TCGA-HZ-A4BK-01A	TCGA-HZ-A4BK	TCGA-PAAD	PAAD	51	69	mutation_count_proxy_no_callable_territory
TCGA-HZ-A77O-01A	TCGA-HZ-A77O	TCGA-PAAD	PAAD	22	34	mutation_count_proxy_no_callable_territory
TCGA-HZ-A77P-01A	TCGA-HZ-A77P	TCGA-PAAD	PAAD	40	62	mutation_count_proxy_no_callable_territory
TCGA-HZ-A77Q-01A	TCGA-HZ-A77Q	TCGA-PAAD	PAAD	47	68	mutation_count_proxy_no_callable_territory
TCGA-HZ-A8P0-01A	TCGA-HZ-A8P0	TCGA-PAAD	PAAD	27	54	mutation_count_proxy_no_callable_territory
TCGA-HZ-A8P1-01A	TCGA-HZ-A8P1	TCGA-PAAD	PAAD	45	77	mutation_count_proxy_no_callable_territory
TCGA-HZ-A9TJ-01A	TCGA-HZ-A9TJ	TCGA-PAAD	PAAD	75	114	mutation_count_proxy_no_callable_territory
TCGA-HZ-A9TJ-06A	TCGA-HZ-A9TJ	TCGA-PAAD	PAAD	53	82	mutation_count_proxy_no_callable_territory
TCGA-IB-7644-01A	TCGA-IB-7644	TCGA-PAAD	PAAD	24	36	mutation_count_proxy_no_callable_territory
TCGA-IB-7645-01A	TCGA-IB-7645	TCGA-PAAD	PAAD	33	50	mutation_count_proxy_no_callable_territory
TCGA-IB-7646-01A	TCGA-IB-7646	TCGA-PAAD	PAAD	57	74	mutation_count_proxy_no_callable_territory
TCGA-IB-7647-01A	TCGA-IB-7647	TCGA-PAAD	PAAD	45	70	mutation_count_proxy_no_callable_territory
TCGA-IB-7649-01A	TCGA-IB-7649	TCGA-PAAD	PAAD	38	48	mutation_count_proxy_no_callable_territory
TCGA-IB-7651-01A	TCGA-IB-7651	TCGA-PAAD	PAAD	14176	21673	mutation_count_proxy_no_callable_territory
TCGA-IB-7652-01A	TCGA-IB-7652	TCGA-PAAD	PAAD	86	120	mutation_count_proxy_no_callable_territory
TCGA-IB-7654-01A	TCGA-IB-7654	TCGA-PAAD	PAAD	32	56	mutation_count_proxy_no_callable_territory
TCGA-IB-7885-01A	TCGA-IB-7885	TCGA-PAAD	PAAD	32	54	mutation_count_proxy_no_callable_territory
TCGA-IB-7886-01A	TCGA-IB-7886	TCGA-PAAD	PAAD	40	60	mutation_count_proxy_no_callable_territory
TCGA-IB-7887-01A	TCGA-IB-7887	TCGA-PAAD	PAAD	24	34	mutation_count_proxy_no_callable_territory
TCGA-IB-7888-01A	TCGA-IB-7888	TCGA-PAAD	PAAD	31	44	mutation_count_proxy_no_callable_territory
TCGA-IB-7889-01A	TCGA-IB-7889	TCGA-PAAD	PAAD	38	59	mutation_count_proxy_no_callable_territory
TCGA-IB-7890-01A	TCGA-IB-7890	TCGA-PAAD	PAAD	59	81	mutation_count_proxy_no_callable_territory
TCGA-IB-7891-01A	TCGA-IB-7891	TCGA-PAAD	PAAD	30	53	mutation_count_proxy_no_callable_territory
TCGA-IB-7893-01A	TCGA-IB-7893	TCGA-PAAD	PAAD	32	47	mutation_count_proxy_no_callable_territory
TCGA-IB-7897-01A	TCGA-IB-7897	TCGA-PAAD	PAAD	2	7	mutation_count_proxy_no_callable_territory
TCGA-IB-8126-01A	TCGA-IB-8126	TCGA-PAAD	PAAD	12	16	mutation_count_proxy_no_callable_territory
TCGA-IB-8127-01A	TCGA-IB-8127	TCGA-PAAD	PAAD	27	58	mutation_count_proxy_no_callable_territory
TCGA-IB-A5SO-01A	TCGA-IB-A5SO	TCGA-PAAD	PAAD	28	42	mutation_count_proxy_no_callable_territory
TCGA-IB-A5SP-01A	TCGA-IB-A5SP	TCGA-PAAD	PAAD	40	60	mutation_count_proxy_no_callable_territory
TCGA-IB-A5SQ-01A	TCGA-IB-A5SQ	TCGA-PAAD	PAAD	35	51	mutation_count_proxy_no_callable_territory
TCGA-IB-A5SS-01A	TCGA-IB-A5SS	TCGA-PAAD	PAAD	36	53	mutation_count_proxy_no_callable_territory
TCGA-IB-A5ST-01A	TCGA-IB-A5ST	TCGA-PAAD	PAAD	7	11	mutation_count_proxy_no_callable_territory
TCGA-IB-A6UF-01A	TCGA-IB-A6UF	TCGA-PAAD	PAAD	47	72	mutation_count_proxy_no_callable_territory
TCGA-IB-A6UG-01A	TCGA-IB-A6UG	TCGA-PAAD	PAAD	61	94	mutation_count_proxy_no_callable_territory
TCGA-IB-A7LX-01A	TCGA-IB-A7LX	TCGA-PAAD	PAAD	39	71	mutation_count_proxy_no_callable_territory
TCGA-IB-A7M4-01A	TCGA-IB-A7M4	TCGA-PAAD	PAAD	63	90	mutation_count_proxy_no_callable_territory
TCGA-IB-AAUM-01A	TCGA-IB-AAUM	TCGA-PAAD	PAAD	20	26	mutation_count_proxy_no_callable_territory
TCGA-IB-AAUN-01A	TCGA-IB-AAUN	TCGA-PAAD	PAAD	30	42	mutation_count_proxy_no_callable_territory
TCGA-IB-AAUO-01A	TCGA-IB-AAUO	TCGA-PAAD	PAAD	40	65	mutation_count_proxy_no_callable_territory
TCGA-IB-AAUP-01A	TCGA-IB-AAUP	TCGA-PAAD	PAAD	36	53	mutation_count_proxy_no_callable_territory
TCGA-IB-AAUQ-01A	TCGA-IB-AAUQ	TCGA-PAAD	PAAD	53	73	mutation_count_proxy_no_callable_territory
TCGA-IB-AAUR-01A	TCGA-IB-AAUR	TCGA-PAAD	PAAD	4	9	mutation_count_proxy_no_callable_territory
TCGA-IB-AAUS-01A	TCGA-IB-AAUS	TCGA-PAAD	PAAD	5	7	mutation_count_proxy_no_callable_territory
TCGA-IB-AAUU-01A	TCGA-IB-AAUU	TCGA-PAAD	PAAD	40	66	mutation_count_proxy_no_callable_territory
TCGA-IB-AAUV-01A	TCGA-IB-AAUV	TCGA-PAAD	PAAD	1	2	mutation_count_proxy_no_callable_territory
TCGA-IB-AAUW-01A	TCGA-IB-AAUW	TCGA-PAAD	PAAD	0	4	mutation_count_proxy_no_callable_territory
TCGA-LB-A7SX-01A	TCGA-LB-A7SX	TCGA-PAAD	PAAD	83	146	mutation_count_proxy_no_callable_territory
TCGA-LB-A8F3-01A	TCGA-LB-A8F3	TCGA-PAAD	PAAD	38	55	mutation_count_proxy_no_callable_territory
TCGA-LB-A9Q5-01A	TCGA-LB-A9Q5	TCGA-PAAD	PAAD	22	27	mutation_count_proxy_no_callable_territory
TCGA-M8-A5N4-01A	TCGA-M8-A5N4	TCGA-PAAD	PAAD	34	55	mutation_count_proxy_no_callable_territory
TCGA-OE-A75W-01A	TCGA-OE-A75W	TCGA-PAAD	PAAD	73	107	mutation_count_proxy_no_callable_territory
TCGA-PZ-A5RE-01A	TCGA-PZ-A5RE	TCGA-PAAD	PAAD	60	71	mutation_count_proxy_no_callable_territory
TCGA-Q3-A5QY-01A	TCGA-Q3-A5QY	TCGA-PAAD	PAAD	1	2	mutation_count_proxy_no_callable_territory
TCGA-Q3-AA2A-01A	TCGA-Q3-AA2A	TCGA-PAAD	PAAD	18	28	mutation_count_proxy_no_callable_territory
TCGA-RB-A7B8-01A	TCGA-RB-A7B8	TCGA-PAAD	PAAD	36	64	mutation_count_proxy_no_callable_territory
TCGA-RB-AA9M-01A	TCGA-RB-AA9M	TCGA-PAAD	PAAD	17	29	mutation_count_proxy_no_callable_territory
TCGA-S4-A8RM-01A	TCGA-S4-A8RM	TCGA-PAAD	PAAD	30	53	mutation_count_proxy_no_callable_territory
TCGA-S4-A8RO-01A	TCGA-S4-A8RO	TCGA-PAAD	PAAD	48	82	mutation_count_proxy_no_callable_territory
TCGA-S4-A8RP-01A	TCGA-S4-A8RP	TCGA-PAAD	PAAD	28	44	mutation_count_proxy_no_callable_territory
TCGA-US-A774-01A	TCGA-US-A774	TCGA-PAAD	PAAD	15	26	mutation_count_proxy_no_callable_territory
TCGA-US-A776-01A	TCGA-US-A776	TCGA-PAAD	PAAD	82	116	mutation_count_proxy_no_callable_territory
TCGA-US-A779-01A	TCGA-US-A779	TCGA-PAAD	PAAD	27	40	mutation_count_proxy_no_callable_territory
TCGA-US-A77E-01A	TCGA-US-A77E	TCGA-PAAD	PAAD	73	96	mutation_count_proxy_no_callable_territory
TCGA-US-A77G-01A	TCGA-US-A77G	TCGA-PAAD	PAAD	27	42	mutation_count_proxy_no_callable_territory
TCGA-XD-AAUG-01A	TCGA-XD-AAUG	TCGA-PAAD	PAAD	17	26	mutation_count_proxy_no_callable_territory
TCGA-XD-AAUH-01A	TCGA-XD-AAUH	TCGA-PAAD	PAAD	15	22	mutation_count_proxy_no_callable_territory
TCGA-XD-AAUI-01A	TCGA-XD-AAUI	TCGA-PAAD	PAAD	36	52	mutation_count_proxy_no_callable_territory
TCGA-XD-AAUL-01A	TCGA-XD-AAUL	TCGA-PAAD	PAAD	26	44	mutation_count_proxy_no_callable_territory
TCGA-XN-A8T3-01A	TCGA-XN-A8T3	TCGA-PAAD	PAAD	44	63	mutation_count_proxy_no_callable_territory
TCGA-XN-A8T5-01A	TCGA-XN-A8T5	TCGA-PAAD	PAAD	9	21	mutation_count_proxy_no_callable_territory
TCGA-YB-A89D-01A	TCGA-YB-A89D	TCGA-PAAD	PAAD	35	50	mutation_count_proxy_no_callable_territory
TCGA-YH-A8SY-01A	TCGA-YH-A8SY	TCGA-PAAD	PAAD	45	76	mutation_count_proxy_no_callable_territory
TCGA-YY-A8LH-01A	TCGA-YY-A8LH	TCGA-PAAD	PAAD	56	91	mutation_count_proxy_no_callable_territory
TCGA-Z5-AAPL-01A	TCGA-Z5-AAPL	TCGA-PAAD	PAAD	7	9	mutation_count_proxy_no_callable_territory
TCGA-P7-A5NX-01A	TCGA-P7-A5NX	TCGA-PCPG	PCPG	17	20	mutation_count_proxy_no_callable_territory
TCGA-P7-A5NY-01A	TCGA-P7-A5NY	TCGA-PCPG	PCPG	6	6	mutation_count_proxy_no_callable_territory
TCGA-P7-A5NY-05A	TCGA-P7-A5NY	TCGA-PCPG	PCPG	3	5	mutation_count_proxy_no_callable_territory
TCGA-P8-A5KC-01A	TCGA-P8-A5KC	TCGA-PCPG	PCPG	22	32	mutation_count_proxy_no_callable_territory
TCGA-P8-A5KD-01A	TCGA-P8-A5KD	TCGA-PCPG	PCPG	14	22	mutation_count_proxy_no_callable_territory
TCGA-P8-A6RX-01A	TCGA-P8-A6RX	TCGA-PCPG	PCPG	20	22	mutation_count_proxy_no_callable_territory
TCGA-P8-A6RY-01A	TCGA-P8-A6RY	TCGA-PCPG	PCPG	4	9	mutation_count_proxy_no_callable_territory
TCGA-PR-A5PF-01A	TCGA-PR-A5PF	TCGA-PCPG	PCPG	16	26	mutation_count_proxy_no_callable_territory
TCGA-PR-A5PG-01A	TCGA-PR-A5PG	TCGA-PCPG	PCPG	14	22	mutation_count_proxy_no_callable_territory
TCGA-PR-A5PH-01A	TCGA-PR-A5PH	TCGA-PCPG	PCPG	8	13	mutation_count_proxy_no_callable_territory
TCGA-QR-A6GO-01A	TCGA-QR-A6GO	TCGA-PCPG	PCPG	11	13	mutation_count_proxy_no_callable_territory
TCGA-QR-A6GR-01A	TCGA-QR-A6GR	TCGA-PCPG	PCPG	12	17	mutation_count_proxy_no_callable_territory
TCGA-QR-A6GS-01A	TCGA-QR-A6GS	TCGA-PCPG	PCPG	9	14	mutation_count_proxy_no_callable_territory
TCGA-QR-A6GT-01A	TCGA-QR-A6GT	TCGA-PCPG	PCPG	24	36	mutation_count_proxy_no_callable_territory
TCGA-QR-A6GU-01A	TCGA-QR-A6GU	TCGA-PCPG	PCPG	16	22	mutation_count_proxy_no_callable_territory
TCGA-QR-A6GW-01A	TCGA-QR-A6GW	TCGA-PCPG	PCPG	16	21	mutation_count_proxy_no_callable_territory
TCGA-QR-A6GX-01A	TCGA-QR-A6GX	TCGA-PCPG	PCPG	12	15	mutation_count_proxy_no_callable_territory
TCGA-QR-A6GY-01A	TCGA-QR-A6GY	TCGA-PCPG	PCPG	16	23	mutation_count_proxy_no_callable_territory
TCGA-QR-A6GZ-01A	TCGA-QR-A6GZ	TCGA-PCPG	PCPG	4	7	mutation_count_proxy_no_callable_territory
TCGA-QR-A6GZ-05A	TCGA-QR-A6GZ	TCGA-PCPG	PCPG	4	7	mutation_count_proxy_no_callable_territory
TCGA-QR-A6H0-01A	TCGA-QR-A6H0	TCGA-PCPG	PCPG	4	8	mutation_count_proxy_no_callable_territory
TCGA-QR-A6H1-01A	TCGA-QR-A6H1	TCGA-PCPG	PCPG	14	19	mutation_count_proxy_no_callable_territory
TCGA-QR-A6H2-01A	TCGA-QR-A6H2	TCGA-PCPG	PCPG	8	12	mutation_count_proxy_no_callable_territory
TCGA-QR-A6H3-01A	TCGA-QR-A6H3	TCGA-PCPG	PCPG	3	7	mutation_count_proxy_no_callable_territory
TCGA-QR-A6H4-01A	TCGA-QR-A6H4	TCGA-PCPG	PCPG	11	19	mutation_count_proxy_no_callable_territory
TCGA-QR-A6H5-01A	TCGA-QR-A6H5	TCGA-PCPG	PCPG	7	8	mutation_count_proxy_no_callable_territory
TCGA-QR-A6H6-01A	TCGA-QR-A6H6	TCGA-PCPG	PCPG	7	10	mutation_count_proxy_no_callable_territory
TCGA-QR-A6ZZ-01A	TCGA-QR-A6ZZ	TCGA-PCPG	PCPG	13	15	mutation_count_proxy_no_callable_territory
TCGA-QR-A700-01A	TCGA-QR-A700	TCGA-PCPG	PCPG	35	46	mutation_count_proxy_no_callable_territory
TCGA-QR-A702-01A	TCGA-QR-A702	TCGA-PCPG	PCPG	7	12	mutation_count_proxy_no_callable_territory
TCGA-QR-A703-01A	TCGA-QR-A703	TCGA-PCPG	PCPG	4	5	mutation_count_proxy_no_callable_territory
TCGA-QR-A705-01A	TCGA-QR-A705	TCGA-PCPG	PCPG	8	14	mutation_count_proxy_no_callable_territory
TCGA-QR-A706-01A	TCGA-QR-A706	TCGA-PCPG	PCPG	8	11	mutation_count_proxy_no_callable_territory
TCGA-QR-A707-01A	TCGA-QR-A707	TCGA-PCPG	PCPG	9	13	mutation_count_proxy_no_callable_territory
TCGA-QR-A708-01A	TCGA-QR-A708	TCGA-PCPG	PCPG	15	22	mutation_count_proxy_no_callable_territory
TCGA-QR-A70A-01A	TCGA-QR-A70A	TCGA-PCPG	PCPG	7	13	mutation_count_proxy_no_callable_territory
TCGA-QR-A70C-01A	TCGA-QR-A70C	TCGA-PCPG	PCPG	8	15	mutation_count_proxy_no_callable_territory
TCGA-QR-A70D-01A	TCGA-QR-A70D	TCGA-PCPG	PCPG	7	12	mutation_count_proxy_no_callable_territory
TCGA-QR-A70E-01A	TCGA-QR-A70E	TCGA-PCPG	PCPG	9	13	mutation_count_proxy_no_callable_territory
TCGA-QR-A70G-01B	TCGA-QR-A70G	TCGA-PCPG	PCPG	12	20	mutation_count_proxy_no_callable_territory
TCGA-QR-A70H-01A	TCGA-QR-A70H	TCGA-PCPG	PCPG	11	14	mutation_count_proxy_no_callable_territory
TCGA-QR-A70I-01A	TCGA-QR-A70I	TCGA-PCPG	PCPG	4	6	mutation_count_proxy_no_callable_territory
TCGA-QR-A70J-01A	TCGA-QR-A70J	TCGA-PCPG	PCPG	11	19	mutation_count_proxy_no_callable_territory
TCGA-QR-A70K-01A	TCGA-QR-A70K	TCGA-PCPG	PCPG	22	33	mutation_count_proxy_no_callable_territory
TCGA-QR-A70M-01A	TCGA-QR-A70M	TCGA-PCPG	PCPG	8	11	mutation_count_proxy_no_callable_territory
TCGA-QR-A70N-01A	TCGA-QR-A70N	TCGA-PCPG	PCPG	13	18	mutation_count_proxy_no_callable_territory
TCGA-QR-A70O-01A	TCGA-QR-A70O	TCGA-PCPG	PCPG	13	18	mutation_count_proxy_no_callable_territory
TCGA-QR-A70P-01A	TCGA-QR-A70P	TCGA-PCPG	PCPG	21	34	mutation_count_proxy_no_callable_territory
TCGA-QR-A70Q-01A	TCGA-QR-A70Q	TCGA-PCPG	PCPG	9	11	mutation_count_proxy_no_callable_territory
TCGA-QR-A70R-01A	TCGA-QR-A70R	TCGA-PCPG	PCPG	8	14	mutation_count_proxy_no_callable_territory
TCGA-QR-A70T-01A	TCGA-QR-A70T	TCGA-PCPG	PCPG	10	17	mutation_count_proxy_no_callable_territory
TCGA-QR-A70U-01A	TCGA-QR-A70U	TCGA-PCPG	PCPG	18	22	mutation_count_proxy_no_callable_territory
TCGA-QR-A70V-01A	TCGA-QR-A70V	TCGA-PCPG	PCPG	13	17	mutation_count_proxy_no_callable_territory
TCGA-QR-A70W-01A	TCGA-QR-A70W	TCGA-PCPG	PCPG	5	6	mutation_count_proxy_no_callable_territory
TCGA-QR-A70X-01A	TCGA-QR-A70X	TCGA-PCPG	PCPG	5	10	mutation_count_proxy_no_callable_territory
TCGA-QR-A7IN-01A	TCGA-QR-A7IN	TCGA-PCPG	PCPG	6	14	mutation_count_proxy_no_callable_territory
TCGA-QR-A7IP-01A	TCGA-QR-A7IP	TCGA-PCPG	PCPG	11	14	mutation_count_proxy_no_callable_territory
TCGA-QT-A5XJ-01A	TCGA-QT-A5XJ	TCGA-PCPG	PCPG	21	34	mutation_count_proxy_no_callable_territory
TCGA-QT-A5XK-01A	TCGA-QT-A5XK	TCGA-PCPG	PCPG	8	12	mutation_count_proxy_no_callable_territory
TCGA-QT-A5XL-01A	TCGA-QT-A5XL	TCGA-PCPG	PCPG	4	8	mutation_count_proxy_no_callable_territory
TCGA-QT-A5XM-01A	TCGA-QT-A5XM	TCGA-PCPG	PCPG	7	11	mutation_count_proxy_no_callable_territory
TCGA-QT-A5XN-01A	TCGA-QT-A5XN	TCGA-PCPG	PCPG	9	17	mutation_count_proxy_no_callable_territory
TCGA-QT-A5XO-01A	TCGA-QT-A5XO	TCGA-PCPG	PCPG	21	28	mutation_count_proxy_no_callable_territory
TCGA-QT-A5XP-01A	TCGA-QT-A5XP	TCGA-PCPG	PCPG	14	22	mutation_count_proxy_no_callable_territory
TCGA-QT-A69Q-01A	TCGA-QT-A69Q	TCGA-PCPG	PCPG	10	13	mutation_count_proxy_no_callable_territory
TCGA-QT-A7U0-01A	TCGA-QT-A7U0	TCGA-PCPG	PCPG	3	7	mutation_count_proxy_no_callable_territory
TCGA-RM-A68T-01A	TCGA-RM-A68T	TCGA-PCPG	PCPG	9	13	mutation_count_proxy_no_callable_territory
TCGA-RM-A68W-01A	TCGA-RM-A68W	TCGA-PCPG	PCPG	6	9	mutation_count_proxy_no_callable_territory
TCGA-RT-A6Y9-01A	TCGA-RT-A6Y9	TCGA-PCPG	PCPG	4	6	mutation_count_proxy_no_callable_territory
TCGA-RT-A6YA-01A	TCGA-RT-A6YA	TCGA-PCPG	PCPG	20	24	mutation_count_proxy_no_callable_territory
TCGA-RT-A6YC-01A	TCGA-RT-A6YC	TCGA-PCPG	PCPG	3	5	mutation_count_proxy_no_callable_territory
TCGA-RW-A67V-01A	TCGA-RW-A67V	TCGA-PCPG	PCPG	11	15	mutation_count_proxy_no_callable_territory
TCGA-RW-A67W-01A	TCGA-RW-A67W	TCGA-PCPG	PCPG	8	11	mutation_count_proxy_no_callable_territory
TCGA-RW-A67X-01A	TCGA-RW-A67X	TCGA-PCPG	PCPG	10	15	mutation_count_proxy_no_callable_territory
TCGA-RW-A67Y-01A	TCGA-RW-A67Y	TCGA-PCPG	PCPG	8	16	mutation_count_proxy_no_callable_territory
TCGA-RW-A680-01A	TCGA-RW-A680	TCGA-PCPG	PCPG	21	35	mutation_count_proxy_no_callable_territory
TCGA-RW-A681-01A	TCGA-RW-A681	TCGA-PCPG	PCPG	21	27	mutation_count_proxy_no_callable_territory
TCGA-RW-A684-01A	TCGA-RW-A684	TCGA-PCPG	PCPG	10	20	mutation_count_proxy_no_callable_territory
TCGA-RW-A685-01A	TCGA-RW-A685	TCGA-PCPG	PCPG	9	13	mutation_count_proxy_no_callable_territory
TCGA-RW-A686-01A	TCGA-RW-A686	TCGA-PCPG	PCPG	10	12	mutation_count_proxy_no_callable_territory
TCGA-RW-A686-06A	TCGA-RW-A686	TCGA-PCPG	PCPG	8	15	mutation_count_proxy_no_callable_territory
TCGA-RW-A688-01A	TCGA-RW-A688	TCGA-PCPG	PCPG	12	17	mutation_count_proxy_no_callable_territory
TCGA-RW-A689-01A	TCGA-RW-A689	TCGA-PCPG	PCPG	9	16	mutation_count_proxy_no_callable_territory
TCGA-RW-A68A-01A	TCGA-RW-A68A	TCGA-PCPG	PCPG	4	9	mutation_count_proxy_no_callable_territory
TCGA-RW-A68B-01A	TCGA-RW-A68B	TCGA-PCPG	PCPG	5	7	mutation_count_proxy_no_callable_territory
TCGA-RW-A68C-01A	TCGA-RW-A68C	TCGA-PCPG	PCPG	10	13	mutation_count_proxy_no_callable_territory
TCGA-RW-A68D-01A	TCGA-RW-A68D	TCGA-PCPG	PCPG	10	15	mutation_count_proxy_no_callable_territory
TCGA-RW-A68F-01A	TCGA-RW-A68F	TCGA-PCPG	PCPG	9	17	mutation_count_proxy_no_callable_territory
TCGA-RW-A68G-01A	TCGA-RW-A68G	TCGA-PCPG	PCPG	4	4	mutation_count_proxy_no_callable_territory
TCGA-RW-A7CZ-01A	TCGA-RW-A7CZ	TCGA-PCPG	PCPG	9	18	mutation_count_proxy_no_callable_territory
TCGA-RW-A7D0-01A	TCGA-RW-A7D0	TCGA-PCPG	PCPG	9	12	mutation_count_proxy_no_callable_territory
TCGA-RW-A8AZ-01A	TCGA-RW-A8AZ	TCGA-PCPG	PCPG	23	32	mutation_count_proxy_no_callable_territory
TCGA-RX-A8JQ-01A	TCGA-RX-A8JQ	TCGA-PCPG	PCPG	10	12	mutation_count_proxy_no_callable_territory
TCGA-S7-A7WL-01A	TCGA-S7-A7WL	TCGA-PCPG	PCPG	11	18	mutation_count_proxy_no_callable_territory
TCGA-S7-A7WM-01A	TCGA-S7-A7WM	TCGA-PCPG	PCPG	13	20	mutation_count_proxy_no_callable_territory
TCGA-S7-A7WN-01A	TCGA-S7-A7WN	TCGA-PCPG	PCPG	5	8	mutation_count_proxy_no_callable_territory
TCGA-S7-A7WO-01A	TCGA-S7-A7WO	TCGA-PCPG	PCPG	3	5	mutation_count_proxy_no_callable_territory
TCGA-S7-A7WP-01A	TCGA-S7-A7WP	TCGA-PCPG	PCPG	3	4	mutation_count_proxy_no_callable_territory
TCGA-S7-A7WQ-01A	TCGA-S7-A7WQ	TCGA-PCPG	PCPG	9	14	mutation_count_proxy_no_callable_territory
TCGA-S7-A7WR-01A	TCGA-S7-A7WR	TCGA-PCPG	PCPG	3	4	mutation_count_proxy_no_callable_territory
TCGA-S7-A7WT-01A	TCGA-S7-A7WT	TCGA-PCPG	PCPG	17	23	mutation_count_proxy_no_callable_territory
TCGA-S7-A7WU-01A	TCGA-S7-A7WU	TCGA-PCPG	PCPG	2	5	mutation_count_proxy_no_callable_territory
TCGA-S7-A7WV-01A	TCGA-S7-A7WV	TCGA-PCPG	PCPG	5	6	mutation_count_proxy_no_callable_territory
TCGA-S7-A7WW-01A	TCGA-S7-A7WW	TCGA-PCPG	PCPG	8	11	mutation_count_proxy_no_callable_territory
TCGA-S7-A7WX-01A	TCGA-S7-A7WX	TCGA-PCPG	PCPG	5	9	mutation_count_proxy_no_callable_territory
TCGA-S7-A7X0-01A	TCGA-S7-A7X0	TCGA-PCPG	PCPG	15	21	mutation_count_proxy_no_callable_territory
TCGA-S7-A7X1-01A	TCGA-S7-A7X1	TCGA-PCPG	PCPG	7	8	mutation_count_proxy_no_callable_territory
TCGA-S7-A7X2-01A	TCGA-S7-A7X2	TCGA-PCPG	PCPG	13	19	mutation_count_proxy_no_callable_territory
TCGA-SA-A6C2-01A	TCGA-SA-A6C2	TCGA-PCPG	PCPG	22	30	mutation_count_proxy_no_callable_territory
TCGA-SP-A6QC-01A	TCGA-SP-A6QC	TCGA-PCPG	PCPG	8	13	mutation_count_proxy_no_callable_territory
TCGA-SP-A6QD-01A	TCGA-SP-A6QD	TCGA-PCPG	PCPG	6	7	mutation_count_proxy_no_callable_territory
TCGA-SP-A6QF-01A	TCGA-SP-A6QF	TCGA-PCPG	PCPG	13	19	mutation_count_proxy_no_callable_territory
TCGA-SP-A6QG-01A	TCGA-SP-A6QG	TCGA-PCPG	PCPG	4	8	mutation_count_proxy_no_callable_territory
TCGA-SP-A6QH-01A	TCGA-SP-A6QH	TCGA-PCPG	PCPG	7	13	mutation_count_proxy_no_callable_territory
TCGA-SP-A6QI-01A	TCGA-SP-A6QI	TCGA-PCPG	PCPG	4	7	mutation_count_proxy_no_callable_territory
TCGA-SP-A6QJ-01A	TCGA-SP-A6QJ	TCGA-PCPG	PCPG	11	14	mutation_count_proxy_no_callable_territory
TCGA-SP-A6QK-01A	TCGA-SP-A6QK	TCGA-PCPG	PCPG	8	12	mutation_count_proxy_no_callable_territory
TCGA-SQ-A6I4-01A	TCGA-SQ-A6I4	TCGA-PCPG	PCPG	10	14	mutation_count_proxy_no_callable_territory
TCGA-SQ-A6I6-01A	TCGA-SQ-A6I6	TCGA-PCPG	PCPG	14	19	mutation_count_proxy_no_callable_territory
TCGA-SR-A6MP-01A	TCGA-SR-A6MP	TCGA-PCPG	PCPG	20	27	mutation_count_proxy_no_callable_territory
TCGA-SR-A6MQ-01A	TCGA-SR-A6MQ	TCGA-PCPG	PCPG	6	14	mutation_count_proxy_no_callable_territory
TCGA-SR-A6MR-01A	TCGA-SR-A6MR	TCGA-PCPG	PCPG	9	9	mutation_count_proxy_no_callable_territory
TCGA-SR-A6MS-01A	TCGA-SR-A6MS	TCGA-PCPG	PCPG	4	9	mutation_count_proxy_no_callable_territory
TCGA-SR-A6MT-01A	TCGA-SR-A6MT	TCGA-PCPG	PCPG	7	11	mutation_count_proxy_no_callable_territory
TCGA-SR-A6MU-01A	TCGA-SR-A6MU	TCGA-PCPG	PCPG	10	14	mutation_count_proxy_no_callable_territory
TCGA-SR-A6MV-01A	TCGA-SR-A6MV	TCGA-PCPG	PCPG	9	11	mutation_count_proxy_no_callable_territory
TCGA-SR-A6MX-01A	TCGA-SR-A6MX	TCGA-PCPG	PCPG	15	31	mutation_count_proxy_no_callable_territory
TCGA-SR-A6MX-05A	TCGA-SR-A6MX	TCGA-PCPG	PCPG	18	31	mutation_count_proxy_no_callable_territory
TCGA-SR-A6MX-06A	TCGA-SR-A6MX	TCGA-PCPG	PCPG	18	28	mutation_count_proxy_no_callable_territory
TCGA-SR-A6MY-01A	TCGA-SR-A6MY	TCGA-PCPG	PCPG	6	8	mutation_count_proxy_no_callable_territory
TCGA-SR-A6MZ-01A	TCGA-SR-A6MZ	TCGA-PCPG	PCPG	4	8	mutation_count_proxy_no_callable_territory
TCGA-SR-A6N0-01A	TCGA-SR-A6N0	TCGA-PCPG	PCPG	8	10	mutation_count_proxy_no_callable_territory
TCGA-TT-A6YJ-01A	TCGA-TT-A6YJ	TCGA-PCPG	PCPG	8	10	mutation_count_proxy_no_callable_territory
TCGA-TT-A6YK-01A	TCGA-TT-A6YK	TCGA-PCPG	PCPG	8	16	mutation_count_proxy_no_callable_territory
TCGA-TT-A6YN-01A	TCGA-TT-A6YN	TCGA-PCPG	PCPG	3	6	mutation_count_proxy_no_callable_territory
TCGA-TT-A6YO-01A	TCGA-TT-A6YO	TCGA-PCPG	PCPG	1	1	mutation_count_proxy_no_callable_territory
TCGA-TT-A6YP-01A	TCGA-TT-A6YP	TCGA-PCPG	PCPG	6	11	mutation_count_proxy_no_callable_territory
TCGA-W2-A7H5-01B	TCGA-W2-A7H5	TCGA-PCPG	PCPG	3	7	mutation_count_proxy_no_callable_territory
TCGA-W2-A7H7-01A	TCGA-W2-A7H7	TCGA-PCPG	PCPG	10	15	mutation_count_proxy_no_callable_territory
TCGA-W2-A7HA-01B	TCGA-W2-A7HA	TCGA-PCPG	PCPG	16	29	mutation_count_proxy_no_callable_territory
TCGA-W2-A7HB-01A	TCGA-W2-A7HB	TCGA-PCPG	PCPG	9	12	mutation_count_proxy_no_callable_territory
TCGA-W2-A7HC-01A	TCGA-W2-A7HC	TCGA-PCPG	PCPG	16	22	mutation_count_proxy_no_callable_territory
TCGA-W2-A7HD-01A	TCGA-W2-A7HD	TCGA-PCPG	PCPG	13	19	mutation_count_proxy_no_callable_territory
TCGA-W2-A7HE-01A	TCGA-W2-A7HE	TCGA-PCPG	PCPG	3	6	mutation_count_proxy_no_callable_territory
TCGA-W2-A7HF-01A	TCGA-W2-A7HF	TCGA-PCPG	PCPG	5	6	mutation_count_proxy_no_callable_territory
TCGA-W2-A7HH-01A	TCGA-W2-A7HH	TCGA-PCPG	PCPG	9	13	mutation_count_proxy_no_callable_territory
TCGA-W2-A7UY-01A	TCGA-W2-A7UY	TCGA-PCPG	PCPG	15	26	mutation_count_proxy_no_callable_territory
TCGA-WB-A80K-01A	TCGA-WB-A80K	TCGA-PCPG	PCPG	12	17	mutation_count_proxy_no_callable_territory
TCGA-WB-A80L-01A	TCGA-WB-A80L	TCGA-PCPG	PCPG	0	2	mutation_count_proxy_no_callable_territory
TCGA-WB-A80M-01A	TCGA-WB-A80M	TCGA-PCPG	PCPG	8	11	mutation_count_proxy_no_callable_territory
TCGA-WB-A80N-01A	TCGA-WB-A80N	TCGA-PCPG	PCPG	10	14	mutation_count_proxy_no_callable_territory
TCGA-WB-A80O-01A	TCGA-WB-A80O	TCGA-PCPG	PCPG	9	12	mutation_count_proxy_no_callable_territory
TCGA-WB-A80P-01A	TCGA-WB-A80P	TCGA-PCPG	PCPG	4	6	mutation_count_proxy_no_callable_territory
TCGA-WB-A80Q-01A	TCGA-WB-A80Q	TCGA-PCPG	PCPG	13	18	mutation_count_proxy_no_callable_territory
TCGA-WB-A80V-01A	TCGA-WB-A80V	TCGA-PCPG	PCPG	17	21	mutation_count_proxy_no_callable_territory
TCGA-WB-A80Y-01A	TCGA-WB-A80Y	TCGA-PCPG	PCPG	7	9	mutation_count_proxy_no_callable_territory
TCGA-WB-A814-01A	TCGA-WB-A814	TCGA-PCPG	PCPG	9	9	mutation_count_proxy_no_callable_territory
TCGA-WB-A815-01A	TCGA-WB-A815	TCGA-PCPG	PCPG	17	23	mutation_count_proxy_no_callable_territory
TCGA-WB-A816-01A	TCGA-WB-A816	TCGA-PCPG	PCPG	11	12	mutation_count_proxy_no_callable_territory
TCGA-WB-A817-01A	TCGA-WB-A817	TCGA-PCPG	PCPG	8	11	mutation_count_proxy_no_callable_territory
TCGA-WB-A818-01A	TCGA-WB-A818	TCGA-PCPG	PCPG	9	10	mutation_count_proxy_no_callable_territory
TCGA-WB-A819-01A	TCGA-WB-A819	TCGA-PCPG	PCPG	6	9	mutation_count_proxy_no_callable_territory
TCGA-WB-A81A-01A	TCGA-WB-A81A	TCGA-PCPG	PCPG	6	10	mutation_count_proxy_no_callable_territory
TCGA-WB-A81D-01A	TCGA-WB-A81D	TCGA-PCPG	PCPG	13	19	mutation_count_proxy_no_callable_territory
TCGA-WB-A81E-01A	TCGA-WB-A81E	TCGA-PCPG	PCPG	17	21	mutation_count_proxy_no_callable_territory
TCGA-WB-A81F-01A	TCGA-WB-A81F	TCGA-PCPG	PCPG	4	6	mutation_count_proxy_no_callable_territory
TCGA-WB-A81G-01A	TCGA-WB-A81G	TCGA-PCPG	PCPG	9	14	mutation_count_proxy_no_callable_territory
TCGA-WB-A81H-01A	TCGA-WB-A81H	TCGA-PCPG	PCPG	11	17	mutation_count_proxy_no_callable_territory
TCGA-WB-A81I-01A	TCGA-WB-A81I	TCGA-PCPG	PCPG	10	14	mutation_count_proxy_no_callable_territory
TCGA-WB-A81J-01A	TCGA-WB-A81J	TCGA-PCPG	PCPG	10	11	mutation_count_proxy_no_callable_territory
TCGA-WB-A81K-01A	TCGA-WB-A81K	TCGA-PCPG	PCPG	6	11	mutation_count_proxy_no_callable_territory
TCGA-WB-A81M-01A	TCGA-WB-A81M	TCGA-PCPG	PCPG	9	15	mutation_count_proxy_no_callable_territory
TCGA-WB-A81N-01A	TCGA-WB-A81N	TCGA-PCPG	PCPG	3	8	mutation_count_proxy_no_callable_territory
TCGA-WB-A81P-01A	TCGA-WB-A81P	TCGA-PCPG	PCPG	20	25	mutation_count_proxy_no_callable_territory
TCGA-WB-A81Q-01A	TCGA-WB-A81Q	TCGA-PCPG	PCPG	18	26	mutation_count_proxy_no_callable_territory
TCGA-WB-A81R-01A	TCGA-WB-A81R	TCGA-PCPG	PCPG	7	16	mutation_count_proxy_no_callable_territory
TCGA-WB-A81S-01A	TCGA-WB-A81S	TCGA-PCPG	PCPG	10	16	mutation_count_proxy_no_callable_territory
TCGA-WB-A81T-01A	TCGA-WB-A81T	TCGA-PCPG	PCPG	15	22	mutation_count_proxy_no_callable_territory
TCGA-WB-A81V-01A	TCGA-WB-A81V	TCGA-PCPG	PCPG	9	18	mutation_count_proxy_no_callable_territory
TCGA-WB-A81W-01A	TCGA-WB-A81W	TCGA-PCPG	PCPG	14	22	mutation_count_proxy_no_callable_territory
TCGA-WB-A820-01A	TCGA-WB-A820	TCGA-PCPG	PCPG	9	17	mutation_count_proxy_no_callable_territory
TCGA-WB-A821-01A	TCGA-WB-A821	TCGA-PCPG	PCPG	24	32	mutation_count_proxy_no_callable_territory
TCGA-WB-A822-01A	TCGA-WB-A822	TCGA-PCPG	PCPG	5	8	mutation_count_proxy_no_callable_territory
TCGA-XG-A823-01A	TCGA-XG-A823	TCGA-PCPG	PCPG	6	12	mutation_count_proxy_no_callable_territory
TCGA-2A-A8VL-01A	TCGA-2A-A8VL	TCGA-PRAD	PRAD	22	36	mutation_count_proxy_no_callable_territory
TCGA-2A-A8VO-01A	TCGA-2A-A8VO	TCGA-PRAD	PRAD	27	41	mutation_count_proxy_no_callable_territory
TCGA-2A-A8VT-01A	TCGA-2A-A8VT	TCGA-PRAD	PRAD	38	55	mutation_count_proxy_no_callable_territory
TCGA-2A-A8VV-01A	TCGA-2A-A8VV	TCGA-PRAD	PRAD	24	32	mutation_count_proxy_no_callable_territory
TCGA-2A-A8VX-01A	TCGA-2A-A8VX	TCGA-PRAD	PRAD	30	38	mutation_count_proxy_no_callable_territory
TCGA-2A-A8W1-01A	TCGA-2A-A8W1	TCGA-PRAD	PRAD	23	29	mutation_count_proxy_no_callable_territory
TCGA-2A-A8W3-01A	TCGA-2A-A8W3	TCGA-PRAD	PRAD	34	53	mutation_count_proxy_no_callable_territory
TCGA-2A-AAYF-01A	TCGA-2A-AAYF	TCGA-PRAD	PRAD	14	24	mutation_count_proxy_no_callable_territory
TCGA-2A-AAYO-01A	TCGA-2A-AAYO	TCGA-PRAD	PRAD	20	24	mutation_count_proxy_no_callable_territory
TCGA-2A-AAYU-01A	TCGA-2A-AAYU	TCGA-PRAD	PRAD	21	31	mutation_count_proxy_no_callable_territory
TCGA-4L-AA1F-01A	TCGA-4L-AA1F	TCGA-PRAD	PRAD	25	35	mutation_count_proxy_no_callable_territory
TCGA-CH-5737-01A	TCGA-CH-5737	TCGA-PRAD	PRAD	46	71	mutation_count_proxy_no_callable_territory
TCGA-CH-5738-01A	TCGA-CH-5738	TCGA-PRAD	PRAD	15	26	mutation_count_proxy_no_callable_territory
TCGA-CH-5739-01A	TCGA-CH-5739	TCGA-PRAD	PRAD	34	51	mutation_count_proxy_no_callable_territory
TCGA-CH-5740-01A	TCGA-CH-5740	TCGA-PRAD	PRAD	21	28	mutation_count_proxy_no_callable_territory
TCGA-CH-5741-01A	TCGA-CH-5741	TCGA-PRAD	PRAD	21	35	mutation_count_proxy_no_callable_territory
TCGA-CH-5744-01A	TCGA-CH-5744	TCGA-PRAD	PRAD	21	38	mutation_count_proxy_no_callable_territory
TCGA-CH-5745-01A	TCGA-CH-5745	TCGA-PRAD	PRAD	24	35	mutation_count_proxy_no_callable_territory
TCGA-CH-5746-01A	TCGA-CH-5746	TCGA-PRAD	PRAD	9	14	mutation_count_proxy_no_callable_territory
TCGA-CH-5748-01A	TCGA-CH-5748	TCGA-PRAD	PRAD	33	52	mutation_count_proxy_no_callable_territory
TCGA-CH-5750-01A	TCGA-CH-5750	TCGA-PRAD	PRAD	33	54	mutation_count_proxy_no_callable_territory
TCGA-CH-5751-01A	TCGA-CH-5751	TCGA-PRAD	PRAD	29	43	mutation_count_proxy_no_callable_territory
TCGA-CH-5752-01A	TCGA-CH-5752	TCGA-PRAD	PRAD	38	60	mutation_count_proxy_no_callable_territory
TCGA-CH-5753-01A	TCGA-CH-5753	TCGA-PRAD	PRAD	47	58	mutation_count_proxy_no_callable_territory
TCGA-CH-5754-01A	TCGA-CH-5754	TCGA-PRAD	PRAD	77	122	mutation_count_proxy_no_callable_territory
TCGA-CH-5761-01A	TCGA-CH-5761	TCGA-PRAD	PRAD	46	68	mutation_count_proxy_no_callable_territory
TCGA-CH-5762-01A	TCGA-CH-5762	TCGA-PRAD	PRAD	60	87	mutation_count_proxy_no_callable_territory
TCGA-CH-5763-01A	TCGA-CH-5763	TCGA-PRAD	PRAD	16	24	mutation_count_proxy_no_callable_territory
TCGA-CH-5764-01A	TCGA-CH-5764	TCGA-PRAD	PRAD	34	40	mutation_count_proxy_no_callable_territory
TCGA-CH-5765-01A	TCGA-CH-5765	TCGA-PRAD	PRAD	27	46	mutation_count_proxy_no_callable_territory
TCGA-CH-5766-01A	TCGA-CH-5766	TCGA-PRAD	PRAD	29	42	mutation_count_proxy_no_callable_territory
TCGA-CH-5767-01A	TCGA-CH-5767	TCGA-PRAD	PRAD	35	47	mutation_count_proxy_no_callable_territory
TCGA-CH-5768-01A	TCGA-CH-5768	TCGA-PRAD	PRAD	39	60	mutation_count_proxy_no_callable_territory
TCGA-CH-5769-01A	TCGA-CH-5769	TCGA-PRAD	PRAD	105	153	mutation_count_proxy_no_callable_territory
TCGA-CH-5771-01A	TCGA-CH-5771	TCGA-PRAD	PRAD	26	35	mutation_count_proxy_no_callable_territory
TCGA-CH-5772-01A	TCGA-CH-5772	TCGA-PRAD	PRAD	44	74	mutation_count_proxy_no_callable_territory
TCGA-CH-5788-01A	TCGA-CH-5788	TCGA-PRAD	PRAD	29	53	mutation_count_proxy_no_callable_territory
TCGA-CH-5789-01A	TCGA-CH-5789	TCGA-PRAD	PRAD	3	9	mutation_count_proxy_no_callable_territory
TCGA-CH-5790-01A	TCGA-CH-5790	TCGA-PRAD	PRAD	19	30	mutation_count_proxy_no_callable_territory
TCGA-CH-5791-01A	TCGA-CH-5791	TCGA-PRAD	PRAD	36	50	mutation_count_proxy_no_callable_territory
TCGA-CH-5792-01A	TCGA-CH-5792	TCGA-PRAD	PRAD	33	49	mutation_count_proxy_no_callable_territory
TCGA-CH-5794-01A	TCGA-CH-5794	TCGA-PRAD	PRAD	23	41	mutation_count_proxy_no_callable_territory
TCGA-EJ-5494-01A	TCGA-EJ-5494	TCGA-PRAD	PRAD	27	39	mutation_count_proxy_no_callable_territory
TCGA-EJ-5495-01A	TCGA-EJ-5495	TCGA-PRAD	PRAD	68	102	mutation_count_proxy_no_callable_territory
TCGA-EJ-5496-01A	TCGA-EJ-5496	TCGA-PRAD	PRAD	32	41	mutation_count_proxy_no_callable_territory
TCGA-EJ-5497-01A	TCGA-EJ-5497	TCGA-PRAD	PRAD	17	28	mutation_count_proxy_no_callable_territory
TCGA-EJ-5498-01A	TCGA-EJ-5498	TCGA-PRAD	PRAD	27	48	mutation_count_proxy_no_callable_territory
TCGA-EJ-5499-01A	TCGA-EJ-5499	TCGA-PRAD	PRAD	30	48	mutation_count_proxy_no_callable_territory
TCGA-EJ-5501-01A	TCGA-EJ-5501	TCGA-PRAD	PRAD	17	27	mutation_count_proxy_no_callable_territory
TCGA-EJ-5502-01A	TCGA-EJ-5502	TCGA-PRAD	PRAD	11	13	mutation_count_proxy_no_callable_territory
TCGA-EJ-5503-01A	TCGA-EJ-5503	TCGA-PRAD	PRAD	7	8	mutation_count_proxy_no_callable_territory
TCGA-EJ-5504-01A	TCGA-EJ-5504	TCGA-PRAD	PRAD	39	61	mutation_count_proxy_no_callable_territory
TCGA-EJ-5505-01A	TCGA-EJ-5505	TCGA-PRAD	PRAD	27	40	mutation_count_proxy_no_callable_territory
TCGA-EJ-5506-01A	TCGA-EJ-5506	TCGA-PRAD	PRAD	8	14	mutation_count_proxy_no_callable_territory
TCGA-EJ-5507-01A	TCGA-EJ-5507	TCGA-PRAD	PRAD	29	40	mutation_count_proxy_no_callable_territory
TCGA-EJ-5508-01A	TCGA-EJ-5508	TCGA-PRAD	PRAD	20	33	mutation_count_proxy_no_callable_territory
TCGA-EJ-5509-01A	TCGA-EJ-5509	TCGA-PRAD	PRAD	19	31	mutation_count_proxy_no_callable_territory
TCGA-EJ-5510-01A	TCGA-EJ-5510	TCGA-PRAD	PRAD	19	27	mutation_count_proxy_no_callable_territory
TCGA-EJ-5511-01A	TCGA-EJ-5511	TCGA-PRAD	PRAD	36	57	mutation_count_proxy_no_callable_territory
TCGA-EJ-5512-01A	TCGA-EJ-5512	TCGA-PRAD	PRAD	13	20	mutation_count_proxy_no_callable_territory
TCGA-EJ-5514-01A	TCGA-EJ-5514	TCGA-PRAD	PRAD	27	44	mutation_count_proxy_no_callable_territory
TCGA-EJ-5515-01A	TCGA-EJ-5515	TCGA-PRAD	PRAD	13	16	mutation_count_proxy_no_callable_territory
TCGA-EJ-5516-01A	TCGA-EJ-5516	TCGA-PRAD	PRAD	22	33	mutation_count_proxy_no_callable_territory
TCGA-EJ-5517-01A	TCGA-EJ-5517	TCGA-PRAD	PRAD	19	34	mutation_count_proxy_no_callable_territory
TCGA-EJ-5518-01A	TCGA-EJ-5518	TCGA-PRAD	PRAD	31	50	mutation_count_proxy_no_callable_territory
TCGA-EJ-5519-01A	TCGA-EJ-5519	TCGA-PRAD	PRAD	71	108	mutation_count_proxy_no_callable_territory
TCGA-EJ-5521-01A	TCGA-EJ-5521	TCGA-PRAD	PRAD	40	66	mutation_count_proxy_no_callable_territory
TCGA-EJ-5522-01A	TCGA-EJ-5522	TCGA-PRAD	PRAD	15	33	mutation_count_proxy_no_callable_territory
TCGA-EJ-5524-01A	TCGA-EJ-5524	TCGA-PRAD	PRAD	36	49	mutation_count_proxy_no_callable_territory
TCGA-EJ-5525-01A	TCGA-EJ-5525	TCGA-PRAD	PRAD	58	86	mutation_count_proxy_no_callable_territory
TCGA-EJ-5526-01A	TCGA-EJ-5526	TCGA-PRAD	PRAD	29	39	mutation_count_proxy_no_callable_territory
TCGA-EJ-5527-01A	TCGA-EJ-5527	TCGA-PRAD	PRAD	27	49	mutation_count_proxy_no_callable_territory
TCGA-EJ-5530-01A	TCGA-EJ-5530	TCGA-PRAD	PRAD	46	66	mutation_count_proxy_no_callable_territory
TCGA-EJ-5531-01A	TCGA-EJ-5531	TCGA-PRAD	PRAD	29	39	mutation_count_proxy_no_callable_territory
TCGA-EJ-5532-01A	TCGA-EJ-5532	TCGA-PRAD	PRAD	18	35	mutation_count_proxy_no_callable_territory
TCGA-EJ-5542-01A	TCGA-EJ-5542	TCGA-PRAD	PRAD	22	38	mutation_count_proxy_no_callable_territory
TCGA-EJ-7115-01A	TCGA-EJ-7115	TCGA-PRAD	PRAD	59	85	mutation_count_proxy_no_callable_territory
TCGA-EJ-7123-01A	TCGA-EJ-7123	TCGA-PRAD	PRAD	103	153	mutation_count_proxy_no_callable_territory
TCGA-EJ-7125-01A	TCGA-EJ-7125	TCGA-PRAD	PRAD	156	242	mutation_count_proxy_no_callable_territory
TCGA-EJ-7218-01B	TCGA-EJ-7218	TCGA-PRAD	PRAD	24	35	mutation_count_proxy_no_callable_territory
TCGA-EJ-7312-01B	TCGA-EJ-7312	TCGA-PRAD	PRAD	20	35	mutation_count_proxy_no_callable_territory
TCGA-EJ-7314-01A	TCGA-EJ-7314	TCGA-PRAD	PRAD	58	84	mutation_count_proxy_no_callable_territory
TCGA-EJ-7315-01A	TCGA-EJ-7315	TCGA-PRAD	PRAD	43	64	mutation_count_proxy_no_callable_territory
TCGA-EJ-7317-01A	TCGA-EJ-7317	TCGA-PRAD	PRAD	63	95	mutation_count_proxy_no_callable_territory
TCGA-EJ-7318-01B	TCGA-EJ-7318	TCGA-PRAD	PRAD	31	39	mutation_count_proxy_no_callable_territory
TCGA-EJ-7321-01A	TCGA-EJ-7321	TCGA-PRAD	PRAD	29	41	mutation_count_proxy_no_callable_territory
TCGA-EJ-7325-01B	TCGA-EJ-7325	TCGA-PRAD	PRAD	17	29	mutation_count_proxy_no_callable_territory
TCGA-EJ-7327-01A	TCGA-EJ-7327	TCGA-PRAD	PRAD	56	74	mutation_count_proxy_no_callable_territory
TCGA-EJ-7328-01A	TCGA-EJ-7328	TCGA-PRAD	PRAD	50	85	mutation_count_proxy_no_callable_territory
TCGA-EJ-7330-01A	TCGA-EJ-7330	TCGA-PRAD	PRAD	74	102	mutation_count_proxy_no_callable_territory
TCGA-EJ-7331-01A	TCGA-EJ-7331	TCGA-PRAD	PRAD	44	66	mutation_count_proxy_no_callable_territory
TCGA-EJ-7781-01A	TCGA-EJ-7781	TCGA-PRAD	PRAD	108	147	mutation_count_proxy_no_callable_territory
TCGA-EJ-7782-01A	TCGA-EJ-7782	TCGA-PRAD	PRAD	626	969	mutation_count_proxy_no_callable_territory
TCGA-EJ-7783-01A	TCGA-EJ-7783	TCGA-PRAD	PRAD	70	100	mutation_count_proxy_no_callable_territory
TCGA-EJ-7784-01A	TCGA-EJ-7784	TCGA-PRAD	PRAD	72	102	mutation_count_proxy_no_callable_territory
TCGA-EJ-7785-01A	TCGA-EJ-7785	TCGA-PRAD	PRAD	34	48	mutation_count_proxy_no_callable_territory
TCGA-EJ-7786-01A	TCGA-EJ-7786	TCGA-PRAD	PRAD	60	82	mutation_count_proxy_no_callable_territory
TCGA-EJ-7788-01A	TCGA-EJ-7788	TCGA-PRAD	PRAD	27	48	mutation_count_proxy_no_callable_territory
TCGA-EJ-7789-01A	TCGA-EJ-7789	TCGA-PRAD	PRAD	56	76	mutation_count_proxy_no_callable_territory
TCGA-EJ-7791-01A	TCGA-EJ-7791	TCGA-PRAD	PRAD	17	23	mutation_count_proxy_no_callable_territory
TCGA-EJ-7792-01A	TCGA-EJ-7792	TCGA-PRAD	PRAD	34	39	mutation_count_proxy_no_callable_territory
TCGA-EJ-7793-01A	TCGA-EJ-7793	TCGA-PRAD	PRAD	11	13	mutation_count_proxy_no_callable_territory
TCGA-EJ-7794-01A	TCGA-EJ-7794	TCGA-PRAD	PRAD	25	36	mutation_count_proxy_no_callable_territory
TCGA-EJ-7797-01A	TCGA-EJ-7797	TCGA-PRAD	PRAD	25	34	mutation_count_proxy_no_callable_territory
TCGA-EJ-8468-01A	TCGA-EJ-8468	TCGA-PRAD	PRAD	44	66	mutation_count_proxy_no_callable_territory
TCGA-EJ-8469-01A	TCGA-EJ-8469	TCGA-PRAD	PRAD	26	36	mutation_count_proxy_no_callable_territory
TCGA-EJ-8470-01A	TCGA-EJ-8470	TCGA-PRAD	PRAD	21	29	mutation_count_proxy_no_callable_territory
TCGA-EJ-8472-01A	TCGA-EJ-8472	TCGA-PRAD	PRAD	84	115	mutation_count_proxy_no_callable_territory
TCGA-EJ-8474-01A	TCGA-EJ-8474	TCGA-PRAD	PRAD	83	131	mutation_count_proxy_no_callable_territory
TCGA-EJ-A46B-01A	TCGA-EJ-A46B	TCGA-PRAD	PRAD	1	2	mutation_count_proxy_no_callable_territory
TCGA-EJ-A46D-01A	TCGA-EJ-A46D	TCGA-PRAD	PRAD	11	16	mutation_count_proxy_no_callable_territory
TCGA-EJ-A46E-01A	TCGA-EJ-A46E	TCGA-PRAD	PRAD	5	7	mutation_count_proxy_no_callable_territory
TCGA-EJ-A46F-01A	TCGA-EJ-A46F	TCGA-PRAD	PRAD	30	46	mutation_count_proxy_no_callable_territory
TCGA-EJ-A46G-01A	TCGA-EJ-A46G	TCGA-PRAD	PRAD	46	72	mutation_count_proxy_no_callable_territory
TCGA-EJ-A46H-01A	TCGA-EJ-A46H	TCGA-PRAD	PRAD	2	3	mutation_count_proxy_no_callable_territory
TCGA-EJ-A46I-01A	TCGA-EJ-A46I	TCGA-PRAD	PRAD	7	9	mutation_count_proxy_no_callable_territory
TCGA-EJ-A65B-01A	TCGA-EJ-A65B	TCGA-PRAD	PRAD	34	39	mutation_count_proxy_no_callable_territory
TCGA-EJ-A65D-01A	TCGA-EJ-A65D	TCGA-PRAD	PRAD	35	49	mutation_count_proxy_no_callable_territory
TCGA-EJ-A65E-01A	TCGA-EJ-A65E	TCGA-PRAD	PRAD	30	50	mutation_count_proxy_no_callable_territory
TCGA-EJ-A65F-01A	TCGA-EJ-A65F	TCGA-PRAD	PRAD	66	94	mutation_count_proxy_no_callable_territory
TCGA-EJ-A65G-01A	TCGA-EJ-A65G	TCGA-PRAD	PRAD	19	23	mutation_count_proxy_no_callable_territory
TCGA-EJ-A65J-01A	TCGA-EJ-A65J	TCGA-PRAD	PRAD	30	48	mutation_count_proxy_no_callable_territory
TCGA-EJ-A65M-01A	TCGA-EJ-A65M	TCGA-PRAD	PRAD	31	46	mutation_count_proxy_no_callable_territory
TCGA-EJ-A6RA-01A	TCGA-EJ-A6RA	TCGA-PRAD	PRAD	10	15	mutation_count_proxy_no_callable_territory
TCGA-EJ-A6RC-01A	TCGA-EJ-A6RC	TCGA-PRAD	PRAD	21	28	mutation_count_proxy_no_callable_territory
TCGA-EJ-A7NF-01A	TCGA-EJ-A7NF	TCGA-PRAD	PRAD	14	26	mutation_count_proxy_no_callable_territory
TCGA-EJ-A7NG-01A	TCGA-EJ-A7NG	TCGA-PRAD	PRAD	2	4	mutation_count_proxy_no_callable_territory
TCGA-EJ-A7NH-01A	TCGA-EJ-A7NH	TCGA-PRAD	PRAD	19	24	mutation_count_proxy_no_callable_territory
TCGA-EJ-A7NJ-01A	TCGA-EJ-A7NJ	TCGA-PRAD	PRAD	8	9	mutation_count_proxy_no_callable_territory
TCGA-EJ-A7NK-01A	TCGA-EJ-A7NK	TCGA-PRAD	PRAD	3	7	mutation_count_proxy_no_callable_territory
TCGA-EJ-A7NM-01A	TCGA-EJ-A7NM	TCGA-PRAD	PRAD	45	67	mutation_count_proxy_no_callable_territory
TCGA-EJ-A7NN-01A	TCGA-EJ-A7NN	TCGA-PRAD	PRAD	32	46	mutation_count_proxy_no_callable_territory
TCGA-EJ-A8FN-01A	TCGA-EJ-A8FN	TCGA-PRAD	PRAD	33	46	mutation_count_proxy_no_callable_territory
TCGA-EJ-A8FO-01A	TCGA-EJ-A8FO	TCGA-PRAD	PRAD	14	20	mutation_count_proxy_no_callable_territory
TCGA-EJ-A8FP-01A	TCGA-EJ-A8FP	TCGA-PRAD	PRAD	8	9	mutation_count_proxy_no_callable_territory
TCGA-EJ-A8FS-01A	TCGA-EJ-A8FS	TCGA-PRAD	PRAD	28	41	mutation_count_proxy_no_callable_territory
TCGA-EJ-A8FU-01A	TCGA-EJ-A8FU	TCGA-PRAD	PRAD	8	12	mutation_count_proxy_no_callable_territory
TCGA-EJ-AB20-01A	TCGA-EJ-AB20	TCGA-PRAD	PRAD	13	17	mutation_count_proxy_no_callable_territory
TCGA-EJ-AB27-01A	TCGA-EJ-AB27	TCGA-PRAD	PRAD	14	30	mutation_count_proxy_no_callable_territory
TCGA-FC-7708-01A	TCGA-FC-7708	TCGA-PRAD	PRAD	26	39	mutation_count_proxy_no_callable_territory
TCGA-FC-7961-01A	TCGA-FC-7961	TCGA-PRAD	PRAD	43	65	mutation_count_proxy_no_callable_territory
TCGA-FC-A4JI-01A	TCGA-FC-A4JI	TCGA-PRAD	PRAD	24	43	mutation_count_proxy_no_callable_territory
TCGA-FC-A5OB-01A	TCGA-FC-A5OB	TCGA-PRAD	PRAD	24	37	mutation_count_proxy_no_callable_territory
TCGA-FC-A66V-01A	TCGA-FC-A66V	TCGA-PRAD	PRAD	0	2	mutation_count_proxy_no_callable_territory
TCGA-FC-A6HD-01A	TCGA-FC-A6HD	TCGA-PRAD	PRAD	26	42	mutation_count_proxy_no_callable_territory
TCGA-FC-A8O0-01A	TCGA-FC-A8O0	TCGA-PRAD	PRAD	14	18	mutation_count_proxy_no_callable_territory
TCGA-G9-6329-01A	TCGA-G9-6329	TCGA-PRAD	PRAD	24	36	mutation_count_proxy_no_callable_territory
TCGA-G9-6332-01A	TCGA-G9-6332	TCGA-PRAD	PRAD	40	65	mutation_count_proxy_no_callable_territory
TCGA-G9-6333-01A	TCGA-G9-6333	TCGA-PRAD	PRAD	56	92	mutation_count_proxy_no_callable_territory
TCGA-G9-6336-01A	TCGA-G9-6336	TCGA-PRAD	PRAD	15	23	mutation_count_proxy_no_callable_territory
TCGA-G9-6338-01A	TCGA-G9-6338	TCGA-PRAD	PRAD	39	53	mutation_count_proxy_no_callable_territory
TCGA-G9-6339-01A	TCGA-G9-6339	TCGA-PRAD	PRAD	38	53	mutation_count_proxy_no_callable_territory
TCGA-G9-6342-01A	TCGA-G9-6342	TCGA-PRAD	PRAD	91	165	mutation_count_proxy_no_callable_territory
TCGA-G9-6343-01A	TCGA-G9-6343	TCGA-PRAD	PRAD	26	44	mutation_count_proxy_no_callable_territory
TCGA-G9-6347-01A	TCGA-G9-6347	TCGA-PRAD	PRAD	15	27	mutation_count_proxy_no_callable_territory
TCGA-G9-6348-01A	TCGA-G9-6348	TCGA-PRAD	PRAD	64	102	mutation_count_proxy_no_callable_territory
TCGA-G9-6351-01A	TCGA-G9-6351	TCGA-PRAD	PRAD	126	183	mutation_count_proxy_no_callable_territory
TCGA-G9-6353-01A	TCGA-G9-6353	TCGA-PRAD	PRAD	10	15	mutation_count_proxy_no_callable_territory
TCGA-G9-6354-01A	TCGA-G9-6354	TCGA-PRAD	PRAD	21	35	mutation_count_proxy_no_callable_territory
TCGA-G9-6356-01A	TCGA-G9-6356	TCGA-PRAD	PRAD	47	61	mutation_count_proxy_no_callable_territory
TCGA-G9-6361-01A	TCGA-G9-6361	TCGA-PRAD	PRAD	32	43	mutation_count_proxy_no_callable_territory
TCGA-G9-6362-01A	TCGA-G9-6362	TCGA-PRAD	PRAD	41	78	mutation_count_proxy_no_callable_territory
TCGA-G9-6363-01A	TCGA-G9-6363	TCGA-PRAD	PRAD	60	78	mutation_count_proxy_no_callable_territory
TCGA-G9-6364-01A	TCGA-G9-6364	TCGA-PRAD	PRAD	42	62	mutation_count_proxy_no_callable_territory
TCGA-G9-6365-01A	TCGA-G9-6365	TCGA-PRAD	PRAD	49	65	mutation_count_proxy_no_callable_territory
TCGA-G9-6366-01A	TCGA-G9-6366	TCGA-PRAD	PRAD	28	39	mutation_count_proxy_no_callable_territory
TCGA-G9-6367-01A	TCGA-G9-6367	TCGA-PRAD	PRAD	3	5	mutation_count_proxy_no_callable_territory
TCGA-G9-6369-01A	TCGA-G9-6369	TCGA-PRAD	PRAD	31	42	mutation_count_proxy_no_callable_territory
TCGA-G9-6370-01A	TCGA-G9-6370	TCGA-PRAD	PRAD	0	1	mutation_count_proxy_no_callable_territory
TCGA-G9-6371-01A	TCGA-G9-6371	TCGA-PRAD	PRAD	28	39	mutation_count_proxy_no_callable_territory
TCGA-G9-6373-01A	TCGA-G9-6373	TCGA-PRAD	PRAD	40	62	mutation_count_proxy_no_callable_territory
TCGA-G9-6377-01A	TCGA-G9-6377	TCGA-PRAD	PRAD	47	78	mutation_count_proxy_no_callable_territory
TCGA-G9-6378-01A	TCGA-G9-6378	TCGA-PRAD	PRAD	22	39	mutation_count_proxy_no_callable_territory
TCGA-G9-6379-01A	TCGA-G9-6379	TCGA-PRAD	PRAD	21	34	mutation_count_proxy_no_callable_territory
TCGA-G9-6384-01A	TCGA-G9-6384	TCGA-PRAD	PRAD	41	57	mutation_count_proxy_no_callable_territory
TCGA-G9-6385-01A	TCGA-G9-6385	TCGA-PRAD	PRAD	18	32	mutation_count_proxy_no_callable_territory
TCGA-G9-6494-01A	TCGA-G9-6494	TCGA-PRAD	PRAD	58	80	mutation_count_proxy_no_callable_territory
TCGA-G9-6496-01A	TCGA-G9-6496	TCGA-PRAD	PRAD	67	104	mutation_count_proxy_no_callable_territory
TCGA-G9-6498-01A	TCGA-G9-6498	TCGA-PRAD	PRAD	19	29	mutation_count_proxy_no_callable_territory
TCGA-G9-6499-01A	TCGA-G9-6499	TCGA-PRAD	PRAD	64	109	mutation_count_proxy_no_callable_territory
TCGA-G9-7509-01A	TCGA-G9-7509	TCGA-PRAD	PRAD	20	27	mutation_count_proxy_no_callable_territory
TCGA-G9-7510-01A	TCGA-G9-7510	TCGA-PRAD	PRAD	34	46	mutation_count_proxy_no_callable_territory
TCGA-G9-7519-01A	TCGA-G9-7519	TCGA-PRAD	PRAD	32	40	mutation_count_proxy_no_callable_territory
TCGA-G9-7521-01A	TCGA-G9-7521	TCGA-PRAD	PRAD	20	34	mutation_count_proxy_no_callable_territory
TCGA-G9-7522-01A	TCGA-G9-7522	TCGA-PRAD	PRAD	8	10	mutation_count_proxy_no_callable_territory
TCGA-G9-7523-01A	TCGA-G9-7523	TCGA-PRAD	PRAD	12	20	mutation_count_proxy_no_callable_territory
TCGA-G9-7525-01A	TCGA-G9-7525	TCGA-PRAD	PRAD	33	43	mutation_count_proxy_no_callable_territory
TCGA-G9-A9S0-01A	TCGA-G9-A9S0	TCGA-PRAD	PRAD	24	29	mutation_count_proxy_no_callable_territory
TCGA-G9-A9S4-01A	TCGA-G9-A9S4	TCGA-PRAD	PRAD	32	47	mutation_count_proxy_no_callable_territory
TCGA-G9-A9S7-01A	TCGA-G9-A9S7	TCGA-PRAD	PRAD	23	33	mutation_count_proxy_no_callable_territory
TCGA-H9-7775-01A	TCGA-H9-7775	TCGA-PRAD	PRAD	26	43	mutation_count_proxy_no_callable_territory
TCGA-H9-A6BX-01A	TCGA-H9-A6BX	TCGA-PRAD	PRAD	5	7	mutation_count_proxy_no_callable_territory
TCGA-H9-A6BY-01A	TCGA-H9-A6BY	TCGA-PRAD	PRAD	26	37	mutation_count_proxy_no_callable_territory
TCGA-HC-7075-01A	TCGA-HC-7075	TCGA-PRAD	PRAD	30	39	mutation_count_proxy_no_callable_territory
TCGA-HC-7077-01A	TCGA-HC-7077	TCGA-PRAD	PRAD	48	68	mutation_count_proxy_no_callable_territory
TCGA-HC-7078-01A	TCGA-HC-7078	TCGA-PRAD	PRAD	28	40	mutation_count_proxy_no_callable_territory
TCGA-HC-7079-01A	TCGA-HC-7079	TCGA-PRAD	PRAD	0	4	mutation_count_proxy_no_callable_territory
TCGA-HC-7080-01A	TCGA-HC-7080	TCGA-PRAD	PRAD	30	53	mutation_count_proxy_no_callable_territory
TCGA-HC-7081-01A	TCGA-HC-7081	TCGA-PRAD	PRAD	80	117	mutation_count_proxy_no_callable_territory
TCGA-HC-7209-01A	TCGA-HC-7209	TCGA-PRAD	PRAD	16	27	mutation_count_proxy_no_callable_territory
TCGA-HC-7210-01A	TCGA-HC-7210	TCGA-PRAD	PRAD	28	44	mutation_count_proxy_no_callable_territory
TCGA-HC-7211-01A	TCGA-HC-7211	TCGA-PRAD	PRAD	21	28	mutation_count_proxy_no_callable_territory
TCGA-HC-7212-01A	TCGA-HC-7212	TCGA-PRAD	PRAD	30	38	mutation_count_proxy_no_callable_territory
TCGA-HC-7213-01A	TCGA-HC-7213	TCGA-PRAD	PRAD	33	54	mutation_count_proxy_no_callable_territory
TCGA-HC-7230-01A	TCGA-HC-7230	TCGA-PRAD	PRAD	20	32	mutation_count_proxy_no_callable_territory
TCGA-HC-7231-01A	TCGA-HC-7231	TCGA-PRAD	PRAD	31	51	mutation_count_proxy_no_callable_territory
TCGA-HC-7232-01A	TCGA-HC-7232	TCGA-PRAD	PRAD	23	41	mutation_count_proxy_no_callable_territory
TCGA-HC-7233-01A	TCGA-HC-7233	TCGA-PRAD	PRAD	29	44	mutation_count_proxy_no_callable_territory
TCGA-HC-7736-01A	TCGA-HC-7736	TCGA-PRAD	PRAD	19	25	mutation_count_proxy_no_callable_territory
TCGA-HC-7737-01A	TCGA-HC-7737	TCGA-PRAD	PRAD	18	24	mutation_count_proxy_no_callable_territory
TCGA-HC-7738-01A	TCGA-HC-7738	TCGA-PRAD	PRAD	67	85	mutation_count_proxy_no_callable_territory
TCGA-HC-7740-01A	TCGA-HC-7740	TCGA-PRAD	PRAD	34	55	mutation_count_proxy_no_callable_territory
TCGA-HC-7742-01A	TCGA-HC-7742	TCGA-PRAD	PRAD	55	82	mutation_count_proxy_no_callable_territory
TCGA-HC-7744-01A	TCGA-HC-7744	TCGA-PRAD	PRAD	32	37	mutation_count_proxy_no_callable_territory
TCGA-HC-7745-01A	TCGA-HC-7745	TCGA-PRAD	PRAD	48	78	mutation_count_proxy_no_callable_territory
TCGA-HC-7747-01A	TCGA-HC-7747	TCGA-PRAD	PRAD	59	90	mutation_count_proxy_no_callable_territory
TCGA-HC-7748-01A	TCGA-HC-7748	TCGA-PRAD	PRAD	23	33	mutation_count_proxy_no_callable_territory
TCGA-HC-7749-01A	TCGA-HC-7749	TCGA-PRAD	PRAD	48	60	mutation_count_proxy_no_callable_territory
TCGA-HC-7750-01A	TCGA-HC-7750	TCGA-PRAD	PRAD	16	21	mutation_count_proxy_no_callable_territory
TCGA-HC-7752-01A	TCGA-HC-7752	TCGA-PRAD	PRAD	67	81	mutation_count_proxy_no_callable_territory
TCGA-HC-7817-01B	TCGA-HC-7817	TCGA-PRAD	PRAD	17	27	mutation_count_proxy_no_callable_territory
TCGA-HC-7818-01A	TCGA-HC-7818	TCGA-PRAD	PRAD	24	31	mutation_count_proxy_no_callable_territory
TCGA-HC-7819-01A	TCGA-HC-7819	TCGA-PRAD	PRAD	47	59	mutation_count_proxy_no_callable_territory
TCGA-HC-7820-01A	TCGA-HC-7820	TCGA-PRAD	PRAD	60	78	mutation_count_proxy_no_callable_territory
TCGA-HC-7821-01A	TCGA-HC-7821	TCGA-PRAD	PRAD	23	36	mutation_count_proxy_no_callable_territory
TCGA-HC-8213-01A	TCGA-HC-8213	TCGA-PRAD	PRAD	17	22	mutation_count_proxy_no_callable_territory
TCGA-HC-8216-01A	TCGA-HC-8216	TCGA-PRAD	PRAD	98	138	mutation_count_proxy_no_callable_territory
TCGA-HC-8256-01A	TCGA-HC-8256	TCGA-PRAD	PRAD	22	36	mutation_count_proxy_no_callable_territory
TCGA-HC-8257-01A	TCGA-HC-8257	TCGA-PRAD	PRAD	38	59	mutation_count_proxy_no_callable_territory
TCGA-HC-8258-01A	TCGA-HC-8258	TCGA-PRAD	PRAD	19	20	mutation_count_proxy_no_callable_territory
TCGA-HC-8259-01A	TCGA-HC-8259	TCGA-PRAD	PRAD	44	61	mutation_count_proxy_no_callable_territory
TCGA-HC-8260-01A	TCGA-HC-8260	TCGA-PRAD	PRAD	9	13	mutation_count_proxy_no_callable_territory
TCGA-HC-8261-01A	TCGA-HC-8261	TCGA-PRAD	PRAD	20	35	mutation_count_proxy_no_callable_territory
TCGA-HC-8262-01A	TCGA-HC-8262	TCGA-PRAD	PRAD	28	46	mutation_count_proxy_no_callable_territory
TCGA-HC-8264-01B	TCGA-HC-8264	TCGA-PRAD	PRAD	35	52	mutation_count_proxy_no_callable_territory
TCGA-HC-8265-01A	TCGA-HC-8265	TCGA-PRAD	PRAD	53	77	mutation_count_proxy_no_callable_territory
TCGA-HC-8266-01A	TCGA-HC-8266	TCGA-PRAD	PRAD	22	32	mutation_count_proxy_no_callable_territory
TCGA-HC-A48F-01A	TCGA-HC-A48F	TCGA-PRAD	PRAD	18	31	mutation_count_proxy_no_callable_territory
TCGA-HC-A4ZV-01A	TCGA-HC-A4ZV	TCGA-PRAD	PRAD	106	153	mutation_count_proxy_no_callable_territory
TCGA-HC-A631-01A	TCGA-HC-A631	TCGA-PRAD	PRAD	31	53	mutation_count_proxy_no_callable_territory
TCGA-HC-A632-01A	TCGA-HC-A632	TCGA-PRAD	PRAD	31	45	mutation_count_proxy_no_callable_territory
TCGA-HC-A6AL-01A	TCGA-HC-A6AL	TCGA-PRAD	PRAD	37	63	mutation_count_proxy_no_callable_territory
TCGA-HC-A6AN-01A	TCGA-HC-A6AN	TCGA-PRAD	PRAD	30	43	mutation_count_proxy_no_callable_territory
TCGA-HC-A6AO-01A	TCGA-HC-A6AO	TCGA-PRAD	PRAD	25	49	mutation_count_proxy_no_callable_territory
TCGA-HC-A6AP-01A	TCGA-HC-A6AP	TCGA-PRAD	PRAD	29	33	mutation_count_proxy_no_callable_territory
TCGA-HC-A6AQ-01A	TCGA-HC-A6AQ	TCGA-PRAD	PRAD	20	33	mutation_count_proxy_no_callable_territory
TCGA-HC-A6AS-01A	TCGA-HC-A6AS	TCGA-PRAD	PRAD	23	30	mutation_count_proxy_no_callable_territory
TCGA-HC-A6HX-01A	TCGA-HC-A6HX	TCGA-PRAD	PRAD	21	27	mutation_count_proxy_no_callable_territory
TCGA-HC-A6HY-01A	TCGA-HC-A6HY	TCGA-PRAD	PRAD	23	29	mutation_count_proxy_no_callable_territory
TCGA-HC-A76W-01A	TCGA-HC-A76W	TCGA-PRAD	PRAD	30	48	mutation_count_proxy_no_callable_territory
TCGA-HC-A76X-01A	TCGA-HC-A76X	TCGA-PRAD	PRAD	30	36	mutation_count_proxy_no_callable_territory
TCGA-HC-A8CY-01A	TCGA-HC-A8CY	TCGA-PRAD	PRAD	23	41	mutation_count_proxy_no_callable_territory
TCGA-HC-A8D0-01A	TCGA-HC-A8D0	TCGA-PRAD	PRAD	26	38	mutation_count_proxy_no_callable_territory
TCGA-HC-A8D1-01A	TCGA-HC-A8D1	TCGA-PRAD	PRAD	21	30	mutation_count_proxy_no_callable_territory
TCGA-HC-A9TE-01A	TCGA-HC-A9TE	TCGA-PRAD	PRAD	44	65	mutation_count_proxy_no_callable_territory
TCGA-HC-A9TH-01A	TCGA-HC-A9TH	TCGA-PRAD	PRAD	46	62	mutation_count_proxy_no_callable_territory
TCGA-HI-7168-01A	TCGA-HI-7168	TCGA-PRAD	PRAD	38	65	mutation_count_proxy_no_callable_territory
TCGA-HI-7169-01A	TCGA-HI-7169	TCGA-PRAD	PRAD	27	45	mutation_count_proxy_no_callable_territory
TCGA-HI-7170-01A	TCGA-HI-7170	TCGA-PRAD	PRAD	26	37	mutation_count_proxy_no_callable_territory
TCGA-HI-7171-01A	TCGA-HI-7171	TCGA-PRAD	PRAD	28	44	mutation_count_proxy_no_callable_territory
TCGA-J4-8198-01A	TCGA-J4-8198	TCGA-PRAD	PRAD	26	37	mutation_count_proxy_no_callable_territory
TCGA-J4-8200-01A	TCGA-J4-8200	TCGA-PRAD	PRAD	18	21	mutation_count_proxy_no_callable_territory
TCGA-J4-A67K-01A	TCGA-J4-A67K	TCGA-PRAD	PRAD	26	34	mutation_count_proxy_no_callable_territory
TCGA-J4-A67L-01A	TCGA-J4-A67L	TCGA-PRAD	PRAD	25	37	mutation_count_proxy_no_callable_territory
TCGA-J4-A67M-01A	TCGA-J4-A67M	TCGA-PRAD	PRAD	28	46	mutation_count_proxy_no_callable_territory
TCGA-J4-A67N-01A	TCGA-J4-A67N	TCGA-PRAD	PRAD	21	32	mutation_count_proxy_no_callable_territory
TCGA-J4-A67O-01A	TCGA-J4-A67O	TCGA-PRAD	PRAD	14	26	mutation_count_proxy_no_callable_territory
TCGA-J4-A67Q-01A	TCGA-J4-A67Q	TCGA-PRAD	PRAD	18	27	mutation_count_proxy_no_callable_territory
TCGA-J4-A67R-01A	TCGA-J4-A67R	TCGA-PRAD	PRAD	14	22	mutation_count_proxy_no_callable_territory
TCGA-J4-A67S-01A	TCGA-J4-A67S	TCGA-PRAD	PRAD	18	21	mutation_count_proxy_no_callable_territory
TCGA-J4-A67T-01A	TCGA-J4-A67T	TCGA-PRAD	PRAD	15	26	mutation_count_proxy_no_callable_territory
TCGA-J4-A6G1-01A	TCGA-J4-A6G1	TCGA-PRAD	PRAD	13	19	mutation_count_proxy_no_callable_territory
TCGA-J4-A6G3-01A	TCGA-J4-A6G3	TCGA-PRAD	PRAD	22	31	mutation_count_proxy_no_callable_territory
TCGA-J4-A6M7-01A	TCGA-J4-A6M7	TCGA-PRAD	PRAD	12	22	mutation_count_proxy_no_callable_territory
TCGA-J4-A83I-01A	TCGA-J4-A83I	TCGA-PRAD	PRAD	21	37	mutation_count_proxy_no_callable_territory
TCGA-J4-A83J-01A	TCGA-J4-A83J	TCGA-PRAD	PRAD	39	63	mutation_count_proxy_no_callable_territory
TCGA-J4-A83K-01A	TCGA-J4-A83K	TCGA-PRAD	PRAD	23	33	mutation_count_proxy_no_callable_territory
TCGA-J4-A83L-01A	TCGA-J4-A83L	TCGA-PRAD	PRAD	15	27	mutation_count_proxy_no_callable_territory
TCGA-J4-A83M-01A	TCGA-J4-A83M	TCGA-PRAD	PRAD	30	42	mutation_count_proxy_no_callable_territory
TCGA-J4-A83N-01A	TCGA-J4-A83N	TCGA-PRAD	PRAD	15	26	mutation_count_proxy_no_callable_territory
TCGA-J4-AATV-01A	TCGA-J4-AATV	TCGA-PRAD	PRAD	3	6	mutation_count_proxy_no_callable_territory
TCGA-J4-AATZ-01A	TCGA-J4-AATZ	TCGA-PRAD	PRAD	35	48	mutation_count_proxy_no_callable_territory
TCGA-J4-AAU2-01A	TCGA-J4-AAU2	TCGA-PRAD	PRAD	26	33	mutation_count_proxy_no_callable_territory
TCGA-J9-A52B-01A	TCGA-J9-A52B	TCGA-PRAD	PRAD	31	44	mutation_count_proxy_no_callable_territory
TCGA-J9-A52C-01A	TCGA-J9-A52C	TCGA-PRAD	PRAD	480	752	mutation_count_proxy_no_callable_territory
TCGA-J9-A52D-01A	TCGA-J9-A52D	TCGA-PRAD	PRAD	35	50	mutation_count_proxy_no_callable_territory
TCGA-J9-A52E-01A	TCGA-J9-A52E	TCGA-PRAD	PRAD	22	33	mutation_count_proxy_no_callable_territory
TCGA-J9-A8CK-01A	TCGA-J9-A8CK	TCGA-PRAD	PRAD	20	28	mutation_count_proxy_no_callable_territory
TCGA-J9-A8CL-01A	TCGA-J9-A8CL	TCGA-PRAD	PRAD	42	69	mutation_count_proxy_no_callable_territory
TCGA-J9-A8CM-01A	TCGA-J9-A8CM	TCGA-PRAD	PRAD	64	97	mutation_count_proxy_no_callable_territory
TCGA-J9-A8CN-01A	TCGA-J9-A8CN	TCGA-PRAD	PRAD	18	27	mutation_count_proxy_no_callable_territory
TCGA-J9-A8CP-01A	TCGA-J9-A8CP	TCGA-PRAD	PRAD	26	38	mutation_count_proxy_no_callable_territory
TCGA-KC-A4BL-01A	TCGA-KC-A4BL	TCGA-PRAD	PRAD	15	25	mutation_count_proxy_no_callable_territory
TCGA-KC-A4BN-01A	TCGA-KC-A4BN	TCGA-PRAD	PRAD	20	27	mutation_count_proxy_no_callable_territory
TCGA-KC-A4BO-01A	TCGA-KC-A4BO	TCGA-PRAD	PRAD	2	3	mutation_count_proxy_no_callable_territory
TCGA-KC-A4BR-01A	TCGA-KC-A4BR	TCGA-PRAD	PRAD	8	10	mutation_count_proxy_no_callable_territory
TCGA-KC-A4BV-01A	TCGA-KC-A4BV	TCGA-PRAD	PRAD	34	40	mutation_count_proxy_no_callable_territory
TCGA-KC-A7F3-01A	TCGA-KC-A7F3	TCGA-PRAD	PRAD	23	37	mutation_count_proxy_no_callable_territory
TCGA-KC-A7F5-01A	TCGA-KC-A7F5	TCGA-PRAD	PRAD	29	36	mutation_count_proxy_no_callable_territory
TCGA-KC-A7F6-01A	TCGA-KC-A7F6	TCGA-PRAD	PRAD	21	31	mutation_count_proxy_no_callable_territory
TCGA-KC-A7FA-01A	TCGA-KC-A7FA	TCGA-PRAD	PRAD	37	51	mutation_count_proxy_no_callable_territory
TCGA-KC-A7FD-01A	TCGA-KC-A7FD	TCGA-PRAD	PRAD	38	57	mutation_count_proxy_no_callable_territory
TCGA-KC-A7FE-01A	TCGA-KC-A7FE	TCGA-PRAD	PRAD	7	9	mutation_count_proxy_no_callable_territory
TCGA-KK-A59V-01A	TCGA-KK-A59V	TCGA-PRAD	PRAD	757	1116	mutation_count_proxy_no_callable_territory
TCGA-KK-A59X-01A	TCGA-KK-A59X	TCGA-PRAD	PRAD	45	61	mutation_count_proxy_no_callable_territory
TCGA-KK-A59Y-01A	TCGA-KK-A59Y	TCGA-PRAD	PRAD	23	31	mutation_count_proxy_no_callable_territory
TCGA-KK-A59Z-01A	TCGA-KK-A59Z	TCGA-PRAD	PRAD	49	64	mutation_count_proxy_no_callable_territory
TCGA-KK-A5A1-01A	TCGA-KK-A5A1	TCGA-PRAD	PRAD	92	131	mutation_count_proxy_no_callable_territory
TCGA-KK-A6DY-01A	TCGA-KK-A6DY	TCGA-PRAD	PRAD	27	35	mutation_count_proxy_no_callable_territory
TCGA-KK-A6E0-01A	TCGA-KK-A6E0	TCGA-PRAD	PRAD	21	36	mutation_count_proxy_no_callable_territory
TCGA-KK-A6E1-01A	TCGA-KK-A6E1	TCGA-PRAD	PRAD	22	30	mutation_count_proxy_no_callable_territory
TCGA-KK-A6E2-01A	TCGA-KK-A6E2	TCGA-PRAD	PRAD	35	52	mutation_count_proxy_no_callable_territory
TCGA-KK-A6E3-01A	TCGA-KK-A6E3	TCGA-PRAD	PRAD	32	48	mutation_count_proxy_no_callable_territory
TCGA-KK-A6E4-01A	TCGA-KK-A6E4	TCGA-PRAD	PRAD	29	49	mutation_count_proxy_no_callable_territory
TCGA-KK-A6E5-01A	TCGA-KK-A6E5	TCGA-PRAD	PRAD	20	25	mutation_count_proxy_no_callable_territory
TCGA-KK-A6E6-01A	TCGA-KK-A6E6	TCGA-PRAD	PRAD	34	56	mutation_count_proxy_no_callable_territory
TCGA-KK-A6E7-01A	TCGA-KK-A6E7	TCGA-PRAD	PRAD	24	36	mutation_count_proxy_no_callable_territory
TCGA-KK-A6E8-01A	TCGA-KK-A6E8	TCGA-PRAD	PRAD	38	50	mutation_count_proxy_no_callable_territory
TCGA-KK-A7AP-01A	TCGA-KK-A7AP	TCGA-PRAD	PRAD	31	43	mutation_count_proxy_no_callable_territory
TCGA-KK-A7AQ-01A	TCGA-KK-A7AQ	TCGA-PRAD	PRAD	33	38	mutation_count_proxy_no_callable_territory
TCGA-KK-A7AU-01A	TCGA-KK-A7AU	TCGA-PRAD	PRAD	17	28	mutation_count_proxy_no_callable_territory
TCGA-KK-A7AV-01A	TCGA-KK-A7AV	TCGA-PRAD	PRAD	14	25	mutation_count_proxy_no_callable_territory
TCGA-KK-A7AW-01A	TCGA-KK-A7AW	TCGA-PRAD	PRAD	25	40	mutation_count_proxy_no_callable_territory
TCGA-KK-A7AY-01A	TCGA-KK-A7AY	TCGA-PRAD	PRAD	41	53	mutation_count_proxy_no_callable_territory
TCGA-KK-A7AZ-01A	TCGA-KK-A7AZ	TCGA-PRAD	PRAD	32	41	mutation_count_proxy_no_callable_territory
TCGA-KK-A7B0-01A	TCGA-KK-A7B0	TCGA-PRAD	PRAD	27	40	mutation_count_proxy_no_callable_territory
TCGA-KK-A7B1-01A	TCGA-KK-A7B1	TCGA-PRAD	PRAD	19	22	mutation_count_proxy_no_callable_territory
TCGA-KK-A7B2-01A	TCGA-KK-A7B2	TCGA-PRAD	PRAD	16	22	mutation_count_proxy_no_callable_territory
TCGA-KK-A7B3-01A	TCGA-KK-A7B3	TCGA-PRAD	PRAD	28	43	mutation_count_proxy_no_callable_territory
TCGA-KK-A7B4-01A	TCGA-KK-A7B4	TCGA-PRAD	PRAD	25	46	mutation_count_proxy_no_callable_territory
TCGA-KK-A8I4-01A	TCGA-KK-A8I4	TCGA-PRAD	PRAD	19	33	mutation_count_proxy_no_callable_territory
TCGA-KK-A8I5-01A	TCGA-KK-A8I5	TCGA-PRAD	PRAD	32	48	mutation_count_proxy_no_callable_territory
TCGA-KK-A8I6-01A	TCGA-KK-A8I6	TCGA-PRAD	PRAD	23	37	mutation_count_proxy_no_callable_territory
TCGA-KK-A8I7-01A	TCGA-KK-A8I7	TCGA-PRAD	PRAD	15	25	mutation_count_proxy_no_callable_territory
TCGA-KK-A8I8-01A	TCGA-KK-A8I8	TCGA-PRAD	PRAD	16	29	mutation_count_proxy_no_callable_territory
TCGA-KK-A8I9-01A	TCGA-KK-A8I9	TCGA-PRAD	PRAD	36	52	mutation_count_proxy_no_callable_territory
TCGA-KK-A8IA-01A	TCGA-KK-A8IA	TCGA-PRAD	PRAD	31	43	mutation_count_proxy_no_callable_territory
TCGA-KK-A8IB-01A	TCGA-KK-A8IB	TCGA-PRAD	PRAD	39	57	mutation_count_proxy_no_callable_territory
TCGA-KK-A8IC-01A	TCGA-KK-A8IC	TCGA-PRAD	PRAD	15	20	mutation_count_proxy_no_callable_territory
TCGA-KK-A8ID-01A	TCGA-KK-A8ID	TCGA-PRAD	PRAD	47	74	mutation_count_proxy_no_callable_territory
TCGA-KK-A8IF-01A	TCGA-KK-A8IF	TCGA-PRAD	PRAD	25	38	mutation_count_proxy_no_callable_territory
TCGA-KK-A8IG-01A	TCGA-KK-A8IG	TCGA-PRAD	PRAD	30	45	mutation_count_proxy_no_callable_territory
TCGA-KK-A8IH-01A	TCGA-KK-A8IH	TCGA-PRAD	PRAD	20	30	mutation_count_proxy_no_callable_territory
TCGA-KK-A8II-01A	TCGA-KK-A8II	TCGA-PRAD	PRAD	29	47	mutation_count_proxy_no_callable_territory
TCGA-KK-A8IJ-01A	TCGA-KK-A8IJ	TCGA-PRAD	PRAD	24	37	mutation_count_proxy_no_callable_territory
TCGA-KK-A8IK-01A	TCGA-KK-A8IK	TCGA-PRAD	PRAD	27	41	mutation_count_proxy_no_callable_territory
TCGA-KK-A8IL-01A	TCGA-KK-A8IL	TCGA-PRAD	PRAD	27	50	mutation_count_proxy_no_callable_territory
TCGA-KK-A8IM-01A	TCGA-KK-A8IM	TCGA-PRAD	PRAD	25	31	mutation_count_proxy_no_callable_territory
TCGA-M7-A71Y-01A	TCGA-M7-A71Y	TCGA-PRAD	PRAD	14	23	mutation_count_proxy_no_callable_territory
TCGA-M7-A71Z-01A	TCGA-M7-A71Z	TCGA-PRAD	PRAD	23	34	mutation_count_proxy_no_callable_territory
TCGA-M7-A720-01A	TCGA-M7-A720	TCGA-PRAD	PRAD	6	10	mutation_count_proxy_no_callable_territory
TCGA-M7-A721-01A	TCGA-M7-A721	TCGA-PRAD	PRAD	29	44	mutation_count_proxy_no_callable_territory
TCGA-M7-A722-01A	TCGA-M7-A722	TCGA-PRAD	PRAD	31	36	mutation_count_proxy_no_callable_territory
TCGA-M7-A723-01A	TCGA-M7-A723	TCGA-PRAD	PRAD	3	6	mutation_count_proxy_no_callable_territory
TCGA-M7-A724-01A	TCGA-M7-A724	TCGA-PRAD	PRAD	27	36	mutation_count_proxy_no_callable_territory
TCGA-M7-A725-01A	TCGA-M7-A725	TCGA-PRAD	PRAD	26	38	mutation_count_proxy_no_callable_territory
TCGA-MG-AAMC-01A	TCGA-MG-AAMC	TCGA-PRAD	PRAD	22	27	mutation_count_proxy_no_callable_territory
TCGA-QU-A6IL-01A	TCGA-QU-A6IL	TCGA-PRAD	PRAD	20	40	mutation_count_proxy_no_callable_territory
TCGA-QU-A6IM-01A	TCGA-QU-A6IM	TCGA-PRAD	PRAD	61	80	mutation_count_proxy_no_callable_territory
TCGA-QU-A6IN-01A	TCGA-QU-A6IN	TCGA-PRAD	PRAD	20	35	mutation_count_proxy_no_callable_territory
TCGA-QU-A6IO-01A	TCGA-QU-A6IO	TCGA-PRAD	PRAD	25	48	mutation_count_proxy_no_callable_territory
TCGA-QU-A6IP-01A	TCGA-QU-A6IP	TCGA-PRAD	PRAD	13	20	mutation_count_proxy_no_callable_territory
TCGA-SU-A7E7-01A	TCGA-SU-A7E7	TCGA-PRAD	PRAD	20	29	mutation_count_proxy_no_callable_territory
TCGA-TK-A8OK-01A	TCGA-TK-A8OK	TCGA-PRAD	PRAD	36	53	mutation_count_proxy_no_callable_territory
TCGA-TP-A8TT-01A	TCGA-TP-A8TT	TCGA-PRAD	PRAD	23	34	mutation_count_proxy_no_callable_territory
TCGA-TP-A8TV-01A	TCGA-TP-A8TV	TCGA-PRAD	PRAD	34	50	mutation_count_proxy_no_callable_territory
TCGA-V1-A8MF-01A	TCGA-V1-A8MF	TCGA-PRAD	PRAD	29	37	mutation_count_proxy_no_callable_territory
TCGA-V1-A8MG-01A	TCGA-V1-A8MG	TCGA-PRAD	PRAD	23	30	mutation_count_proxy_no_callable_territory
TCGA-V1-A8MJ-01A	TCGA-V1-A8MJ	TCGA-PRAD	PRAD	15	20	mutation_count_proxy_no_callable_territory
TCGA-V1-A8MK-01A	TCGA-V1-A8MK	TCGA-PRAD	PRAD	9	11	mutation_count_proxy_no_callable_territory
TCGA-V1-A8ML-01A	TCGA-V1-A8ML	TCGA-PRAD	PRAD	10	15	mutation_count_proxy_no_callable_territory
TCGA-V1-A8MM-01A	TCGA-V1-A8MM	TCGA-PRAD	PRAD	15	28	mutation_count_proxy_no_callable_territory
TCGA-V1-A8MU-01A	TCGA-V1-A8MU	TCGA-PRAD	PRAD	21	38	mutation_count_proxy_no_callable_territory
TCGA-V1-A8WL-01A	TCGA-V1-A8WL	TCGA-PRAD	PRAD	25	34	mutation_count_proxy_no_callable_territory
TCGA-V1-A8WN-01A	TCGA-V1-A8WN	TCGA-PRAD	PRAD	11	20	mutation_count_proxy_no_callable_territory
TCGA-V1-A8WS-01A	TCGA-V1-A8WS	TCGA-PRAD	PRAD	23	31	mutation_count_proxy_no_callable_territory
TCGA-V1-A8WV-01A	TCGA-V1-A8WV	TCGA-PRAD	PRAD	38	52	mutation_count_proxy_no_callable_territory
TCGA-V1-A8WW-01A	TCGA-V1-A8WW	TCGA-PRAD	PRAD	31	44	mutation_count_proxy_no_callable_territory
TCGA-V1-A8X3-01A	TCGA-V1-A8X3	TCGA-PRAD	PRAD	22	34	mutation_count_proxy_no_callable_territory
TCGA-V1-A9O5-01A	TCGA-V1-A9O5	TCGA-PRAD	PRAD	36	48	mutation_count_proxy_no_callable_territory
TCGA-V1-A9O5-06A	TCGA-V1-A9O5	TCGA-PRAD	PRAD	35	47	mutation_count_proxy_no_callable_territory
TCGA-V1-A9O7-01A	TCGA-V1-A9O7	TCGA-PRAD	PRAD	21	38	mutation_count_proxy_no_callable_territory
TCGA-V1-A9O9-01A	TCGA-V1-A9O9	TCGA-PRAD	PRAD	26	39	mutation_count_proxy_no_callable_territory
TCGA-V1-A9OA-01A	TCGA-V1-A9OA	TCGA-PRAD	PRAD	17	22	mutation_count_proxy_no_callable_territory
TCGA-V1-A9OF-01A	TCGA-V1-A9OF	TCGA-PRAD	PRAD	13	18	mutation_count_proxy_no_callable_territory
TCGA-V1-A9OH-01A	TCGA-V1-A9OH	TCGA-PRAD	PRAD	51	68	mutation_count_proxy_no_callable_territory
TCGA-V1-A9OL-01A	TCGA-V1-A9OL	TCGA-PRAD	PRAD	27	45	mutation_count_proxy_no_callable_territory
TCGA-V1-A9OQ-01A	TCGA-V1-A9OQ	TCGA-PRAD	PRAD	46	58	mutation_count_proxy_no_callable_territory
TCGA-V1-A9OT-01A	TCGA-V1-A9OT	TCGA-PRAD	PRAD	21	37	mutation_count_proxy_no_callable_territory
TCGA-V1-A9OX-01A	TCGA-V1-A9OX	TCGA-PRAD	PRAD	19	31	mutation_count_proxy_no_callable_territory
TCGA-V1-A9OY-01A	TCGA-V1-A9OY	TCGA-PRAD	PRAD	15	24	mutation_count_proxy_no_callable_territory
TCGA-V1-A9Z7-01A	TCGA-V1-A9Z7	TCGA-PRAD	PRAD	25	37	mutation_count_proxy_no_callable_territory
TCGA-V1-A9Z8-01A	TCGA-V1-A9Z8	TCGA-PRAD	PRAD	26	36	mutation_count_proxy_no_callable_territory
TCGA-V1-A9Z9-01A	TCGA-V1-A9Z9	TCGA-PRAD	PRAD	28	38	mutation_count_proxy_no_callable_territory
TCGA-V1-A9ZG-01A	TCGA-V1-A9ZG	TCGA-PRAD	PRAD	23	34	mutation_count_proxy_no_callable_territory
TCGA-V1-A9ZI-01A	TCGA-V1-A9ZI	TCGA-PRAD	PRAD	27	39	mutation_count_proxy_no_callable_territory
TCGA-V1-A9ZK-01A	TCGA-V1-A9ZK	TCGA-PRAD	PRAD	22	27	mutation_count_proxy_no_callable_territory
TCGA-V1-A9ZR-01A	TCGA-V1-A9ZR	TCGA-PRAD	PRAD	33	50	mutation_count_proxy_no_callable_territory
TCGA-VN-A88I-01A	TCGA-VN-A88I	TCGA-PRAD	PRAD	14	17	mutation_count_proxy_no_callable_territory
TCGA-VN-A88K-01A	TCGA-VN-A88K	TCGA-PRAD	PRAD	22	27	mutation_count_proxy_no_callable_territory
TCGA-VN-A88L-01A	TCGA-VN-A88L	TCGA-PRAD	PRAD	14	30	mutation_count_proxy_no_callable_territory
TCGA-VN-A88M-01A	TCGA-VN-A88M	TCGA-PRAD	PRAD	16	26	mutation_count_proxy_no_callable_territory
TCGA-VN-A88N-01A	TCGA-VN-A88N	TCGA-PRAD	PRAD	22	28	mutation_count_proxy_no_callable_territory
TCGA-VN-A88O-01A	TCGA-VN-A88O	TCGA-PRAD	PRAD	29	46	mutation_count_proxy_no_callable_territory
TCGA-VN-A88P-01A	TCGA-VN-A88P	TCGA-PRAD	PRAD	34	52	mutation_count_proxy_no_callable_territory
TCGA-VN-A88Q-01A	TCGA-VN-A88Q	TCGA-PRAD	PRAD	32	48	mutation_count_proxy_no_callable_territory
TCGA-VN-A88R-01A	TCGA-VN-A88R	TCGA-PRAD	PRAD	22	29	mutation_count_proxy_no_callable_territory
TCGA-VN-A943-01A	TCGA-VN-A943	TCGA-PRAD	PRAD	22	34	mutation_count_proxy_no_callable_territory
TCGA-VP-A872-01A	TCGA-VP-A872	TCGA-PRAD	PRAD	25	32	mutation_count_proxy_no_callable_territory
TCGA-VP-A875-01A	TCGA-VP-A875	TCGA-PRAD	PRAD	27	51	mutation_count_proxy_no_callable_territory
TCGA-VP-A876-01A	TCGA-VP-A876	TCGA-PRAD	PRAD	20	28	mutation_count_proxy_no_callable_territory
TCGA-VP-A878-01A	TCGA-VP-A878	TCGA-PRAD	PRAD	27	37	mutation_count_proxy_no_callable_territory
TCGA-VP-A879-01A	TCGA-VP-A879	TCGA-PRAD	PRAD	40	54	mutation_count_proxy_no_callable_territory
TCGA-VP-A87B-01A	TCGA-VP-A87B	TCGA-PRAD	PRAD	36	42	mutation_count_proxy_no_callable_territory
TCGA-VP-A87C-01A	TCGA-VP-A87C	TCGA-PRAD	PRAD	20	27	mutation_count_proxy_no_callable_territory
TCGA-VP-A87D-01A	TCGA-VP-A87D	TCGA-PRAD	PRAD	51	67	mutation_count_proxy_no_callable_territory
TCGA-VP-A87E-01A	TCGA-VP-A87E	TCGA-PRAD	PRAD	20	29	mutation_count_proxy_no_callable_territory
TCGA-VP-A87H-01A	TCGA-VP-A87H	TCGA-PRAD	PRAD	27	36	mutation_count_proxy_no_callable_territory
TCGA-VP-A87J-01A	TCGA-VP-A87J	TCGA-PRAD	PRAD	27	42	mutation_count_proxy_no_callable_territory
TCGA-VP-A87K-01A	TCGA-VP-A87K	TCGA-PRAD	PRAD	28	37	mutation_count_proxy_no_callable_territory
TCGA-VP-AA1N-01A	TCGA-VP-AA1N	TCGA-PRAD	PRAD	28	42	mutation_count_proxy_no_callable_territory
TCGA-WW-A8ZI-01A	TCGA-WW-A8ZI	TCGA-PRAD	PRAD	25	38	mutation_count_proxy_no_callable_territory
TCGA-X4-A8KQ-01A	TCGA-X4-A8KQ	TCGA-PRAD	PRAD	37	55	mutation_count_proxy_no_callable_territory
TCGA-X4-A8KS-01A	TCGA-X4-A8KS	TCGA-PRAD	PRAD	22	30	mutation_count_proxy_no_callable_territory
TCGA-XA-A8JR-01A	TCGA-XA-A8JR	TCGA-PRAD	PRAD	19	29	mutation_count_proxy_no_callable_territory
TCGA-XJ-A83F-01A	TCGA-XJ-A83F	TCGA-PRAD	PRAD	29	37	mutation_count_proxy_no_callable_territory
TCGA-XJ-A83G-01A	TCGA-XJ-A83G	TCGA-PRAD	PRAD	20	32	mutation_count_proxy_no_callable_territory
TCGA-XJ-A83H-01A	TCGA-XJ-A83H	TCGA-PRAD	PRAD	33	45	mutation_count_proxy_no_callable_territory
TCGA-XJ-A9DI-01A	TCGA-XJ-A9DI	TCGA-PRAD	PRAD	17	24	mutation_count_proxy_no_callable_territory
TCGA-XJ-A9DK-01A	TCGA-XJ-A9DK	TCGA-PRAD	PRAD	4	5	mutation_count_proxy_no_callable_territory
TCGA-XJ-A9DQ-01A	TCGA-XJ-A9DQ	TCGA-PRAD	PRAD	9	11	mutation_count_proxy_no_callable_territory
TCGA-XJ-A9DX-01A	TCGA-XJ-A9DX	TCGA-PRAD	PRAD	60	81	mutation_count_proxy_no_callable_territory
TCGA-XK-AAIR-01A	TCGA-XK-AAIR	TCGA-PRAD	PRAD	24	35	mutation_count_proxy_no_callable_territory
TCGA-XK-AAIV-01A	TCGA-XK-AAIV	TCGA-PRAD	PRAD	43	58	mutation_count_proxy_no_callable_territory
TCGA-XK-AAIW-01A	TCGA-XK-AAIW	TCGA-PRAD	PRAD	6168	9612	mutation_count_proxy_no_callable_territory
TCGA-XK-AAJ3-01A	TCGA-XK-AAJ3	TCGA-PRAD	PRAD	48	69	mutation_count_proxy_no_callable_territory
TCGA-XK-AAJA-01A	TCGA-XK-AAJA	TCGA-PRAD	PRAD	40	59	mutation_count_proxy_no_callable_territory
TCGA-XK-AAJP-01A	TCGA-XK-AAJP	TCGA-PRAD	PRAD	31	49	mutation_count_proxy_no_callable_territory
TCGA-XK-AAJR-01A	TCGA-XK-AAJR	TCGA-PRAD	PRAD	23	38	mutation_count_proxy_no_callable_territory
TCGA-XK-AAJT-01A	TCGA-XK-AAJT	TCGA-PRAD	PRAD	27	36	mutation_count_proxy_no_callable_territory
TCGA-XK-AAJU-01A	TCGA-XK-AAJU	TCGA-PRAD	PRAD	1	1	mutation_count_proxy_no_callable_territory
TCGA-XK-AAK1-01A	TCGA-XK-AAK1	TCGA-PRAD	PRAD	32	48	mutation_count_proxy_no_callable_territory
TCGA-XQ-A8TA-01A	TCGA-XQ-A8TA	TCGA-PRAD	PRAD	106	143	mutation_count_proxy_no_callable_territory
TCGA-XQ-A8TB-01A	TCGA-XQ-A8TB	TCGA-PRAD	PRAD	24	36	mutation_count_proxy_no_callable_territory
TCGA-Y6-A8TL-01A	TCGA-Y6-A8TL	TCGA-PRAD	PRAD	27	34	mutation_count_proxy_no_callable_territory
TCGA-Y6-A9XI-01A	TCGA-Y6-A9XI	TCGA-PRAD	PRAD	39	55	mutation_count_proxy_no_callable_territory
TCGA-YJ-A8SW-01A	TCGA-YJ-A8SW	TCGA-PRAD	PRAD	54	78	mutation_count_proxy_no_callable_territory
TCGA-YL-A8HJ-01A	TCGA-YL-A8HJ	TCGA-PRAD	PRAD	29	40	mutation_count_proxy_no_callable_territory
TCGA-YL-A8HK-01A	TCGA-YL-A8HK	TCGA-PRAD	PRAD	16	25	mutation_count_proxy_no_callable_territory
TCGA-YL-A8HL-01A	TCGA-YL-A8HL	TCGA-PRAD	PRAD	17	26	mutation_count_proxy_no_callable_territory
TCGA-YL-A8HM-01A	TCGA-YL-A8HM	TCGA-PRAD	PRAD	34	53	mutation_count_proxy_no_callable_territory
TCGA-YL-A8HO-01A	TCGA-YL-A8HO	TCGA-PRAD	PRAD	28	46	mutation_count_proxy_no_callable_territory
TCGA-YL-A8S8-01A	TCGA-YL-A8S8	TCGA-PRAD	PRAD	38	52	mutation_count_proxy_no_callable_territory
TCGA-YL-A8S9-01A	TCGA-YL-A8S9	TCGA-PRAD	PRAD	29	42	mutation_count_proxy_no_callable_territory
TCGA-YL-A8SA-01A	TCGA-YL-A8SA	TCGA-PRAD	PRAD	25	39	mutation_count_proxy_no_callable_territory
TCGA-YL-A8SB-01A	TCGA-YL-A8SB	TCGA-PRAD	PRAD	25	35	mutation_count_proxy_no_callable_territory
TCGA-YL-A8SC-01A	TCGA-YL-A8SC	TCGA-PRAD	PRAD	37	53	mutation_count_proxy_no_callable_territory
TCGA-YL-A8SF-01A	TCGA-YL-A8SF	TCGA-PRAD	PRAD	13	20	mutation_count_proxy_no_callable_territory
TCGA-YL-A8SH-01B	TCGA-YL-A8SH	TCGA-PRAD	PRAD	32	39	mutation_count_proxy_no_callable_territory
TCGA-YL-A8SI-01A	TCGA-YL-A8SI	TCGA-PRAD	PRAD	21	26	mutation_count_proxy_no_callable_territory
TCGA-YL-A8SJ-01B	TCGA-YL-A8SJ	TCGA-PRAD	PRAD	26	37	mutation_count_proxy_no_callable_territory
TCGA-YL-A8SK-01B	TCGA-YL-A8SK	TCGA-PRAD	PRAD	30	45	mutation_count_proxy_no_callable_territory
TCGA-YL-A8SL-01B	TCGA-YL-A8SL	TCGA-PRAD	PRAD	39	51	mutation_count_proxy_no_callable_territory
TCGA-YL-A8SO-01B	TCGA-YL-A8SO	TCGA-PRAD	PRAD	31	48	mutation_count_proxy_no_callable_territory
TCGA-YL-A8SP-01B	TCGA-YL-A8SP	TCGA-PRAD	PRAD	20	33	mutation_count_proxy_no_callable_territory
TCGA-YL-A8SQ-01B	TCGA-YL-A8SQ	TCGA-PRAD	PRAD	33	47	mutation_count_proxy_no_callable_territory
TCGA-YL-A8SR-01B	TCGA-YL-A8SR	TCGA-PRAD	PRAD	25	31	mutation_count_proxy_no_callable_territory
TCGA-YL-A9WH-01A	TCGA-YL-A9WH	TCGA-PRAD	PRAD	49	73	mutation_count_proxy_no_callable_territory
TCGA-YL-A9WI-01A	TCGA-YL-A9WI	TCGA-PRAD	PRAD	35	52	mutation_count_proxy_no_callable_territory
TCGA-YL-A9WJ-01A	TCGA-YL-A9WJ	TCGA-PRAD	PRAD	22	27	mutation_count_proxy_no_callable_territory
TCGA-YL-A9WK-01A	TCGA-YL-A9WK	TCGA-PRAD	PRAD	27	37	mutation_count_proxy_no_callable_territory
TCGA-YL-A9WL-01A	TCGA-YL-A9WL	TCGA-PRAD	PRAD	25	36	mutation_count_proxy_no_callable_territory
TCGA-YL-A9WX-01A	TCGA-YL-A9WX	TCGA-PRAD	PRAD	5	13	mutation_count_proxy_no_callable_territory
TCGA-YL-A9WY-01A	TCGA-YL-A9WY	TCGA-PRAD	PRAD	29	41	mutation_count_proxy_no_callable_territory
TCGA-ZG-A8QW-01A	TCGA-ZG-A8QW	TCGA-PRAD	PRAD	28	46	mutation_count_proxy_no_callable_territory
TCGA-ZG-A8QX-01A	TCGA-ZG-A8QX	TCGA-PRAD	PRAD	27	36	mutation_count_proxy_no_callable_territory
TCGA-ZG-A8QY-01A	TCGA-ZG-A8QY	TCGA-PRAD	PRAD	51	76	mutation_count_proxy_no_callable_territory
TCGA-ZG-A8QZ-01A	TCGA-ZG-A8QZ	TCGA-PRAD	PRAD	25	35	mutation_count_proxy_no_callable_territory
TCGA-ZG-A9KY-01A	TCGA-ZG-A9KY	TCGA-PRAD	PRAD	55	80	mutation_count_proxy_no_callable_territory
TCGA-ZG-A9L0-01A	TCGA-ZG-A9L0	TCGA-PRAD	PRAD	35	49	mutation_count_proxy_no_callable_territory
TCGA-ZG-A9L1-01A	TCGA-ZG-A9L1	TCGA-PRAD	PRAD	24	39	mutation_count_proxy_no_callable_territory
TCGA-ZG-A9L2-01A	TCGA-ZG-A9L2	TCGA-PRAD	PRAD	25	31	mutation_count_proxy_no_callable_territory
TCGA-ZG-A9L4-01A	TCGA-ZG-A9L4	TCGA-PRAD	PRAD	24	32	mutation_count_proxy_no_callable_territory
TCGA-ZG-A9L5-01A	TCGA-ZG-A9L5	TCGA-PRAD	PRAD	42	60	mutation_count_proxy_no_callable_territory
TCGA-ZG-A9L6-01A	TCGA-ZG-A9L6	TCGA-PRAD	PRAD	26	45	mutation_count_proxy_no_callable_territory
TCGA-ZG-A9L9-01A	TCGA-ZG-A9L9	TCGA-PRAD	PRAD	33	50	mutation_count_proxy_no_callable_territory
TCGA-ZG-A9LB-01A	TCGA-ZG-A9LB	TCGA-PRAD	PRAD	50	69	mutation_count_proxy_no_callable_territory
TCGA-ZG-A9LM-01A	TCGA-ZG-A9LM	TCGA-PRAD	PRAD	30	41	mutation_count_proxy_no_callable_territory
TCGA-ZG-A9LN-01A	TCGA-ZG-A9LN	TCGA-PRAD	PRAD	32	48	mutation_count_proxy_no_callable_territory
TCGA-ZG-A9LS-01A	TCGA-ZG-A9LS	TCGA-PRAD	PRAD	17	28	mutation_count_proxy_no_callable_territory
TCGA-ZG-A9LU-01A	TCGA-ZG-A9LU	TCGA-PRAD	PRAD	17	31	mutation_count_proxy_no_callable_territory
TCGA-ZG-A9LY-01A	TCGA-ZG-A9LY	TCGA-PRAD	PRAD	33	44	mutation_count_proxy_no_callable_territory
TCGA-ZG-A9LZ-01A	TCGA-ZG-A9LZ	TCGA-PRAD	PRAD	29	40	mutation_count_proxy_no_callable_territory
TCGA-ZG-A9M4-01A	TCGA-ZG-A9M4	TCGA-PRAD	PRAD	31	45	mutation_count_proxy_no_callable_territory
TCGA-ZG-A9MC-01A	TCGA-ZG-A9MC	TCGA-PRAD	PRAD	28	34	mutation_count_proxy_no_callable_territory
TCGA-ZG-A9N3-01A	TCGA-ZG-A9N3	TCGA-PRAD	PRAD	46	77	mutation_count_proxy_no_callable_territory
TCGA-ZG-A9ND-01A	TCGA-ZG-A9ND	TCGA-PRAD	PRAD	24	32	mutation_count_proxy_no_callable_territory
TCGA-ZG-A9NI-01A	TCGA-ZG-A9NI	TCGA-PRAD	PRAD	81	105	mutation_count_proxy_no_callable_territory
TCGA-AF-2687-01A	TCGA-AF-2687	TCGA-READ	READ	95	141	mutation_count_proxy_no_callable_territory
TCGA-AF-2689-01A	TCGA-AF-2689	TCGA-READ	READ	52	87	mutation_count_proxy_no_callable_territory
TCGA-AF-2690-01A	TCGA-AF-2690	TCGA-READ	READ	69	107	mutation_count_proxy_no_callable_territory
TCGA-AF-2691-01A	TCGA-AF-2691	TCGA-READ	READ	67	96	mutation_count_proxy_no_callable_territory
TCGA-AF-2692-01A	TCGA-AF-2692	TCGA-READ	READ	22	46	mutation_count_proxy_no_callable_territory
TCGA-AF-2693-01A	TCGA-AF-2693	TCGA-READ	READ	79	137	mutation_count_proxy_no_callable_territory
TCGA-AF-3400-01A	TCGA-AF-3400	TCGA-READ	READ	38	53	mutation_count_proxy_no_callable_territory
TCGA-AF-3911-01A	TCGA-AF-3911	TCGA-READ	READ	80	129	mutation_count_proxy_no_callable_territory
TCGA-AF-3913-01A	TCGA-AF-3913	TCGA-READ	READ	94	161	mutation_count_proxy_no_callable_territory
TCGA-AF-3914-01A	TCGA-AF-3914	TCGA-READ	READ	114	181	mutation_count_proxy_no_callable_territory
TCGA-AF-4110-01A	TCGA-AF-4110	TCGA-READ	READ	85	135	mutation_count_proxy_no_callable_territory
TCGA-AF-5654-01A	TCGA-AF-5654	TCGA-READ	READ	239	367	mutation_count_proxy_no_callable_territory
TCGA-AF-6136-01A	TCGA-AF-6136	TCGA-READ	READ	108	176	mutation_count_proxy_no_callable_territory
TCGA-AF-6655-01A	TCGA-AF-6655	TCGA-READ	READ	65	99	mutation_count_proxy_no_callable_territory
TCGA-AF-6672-01A	TCGA-AF-6672	TCGA-READ	READ	76	119	mutation_count_proxy_no_callable_territory
TCGA-AF-A56K-01A	TCGA-AF-A56K	TCGA-READ	READ	86	135	mutation_count_proxy_no_callable_territory
TCGA-AF-A56L-01A	TCGA-AF-A56L	TCGA-READ	READ	115	184	mutation_count_proxy_no_callable_territory
TCGA-AF-A56N-01A	TCGA-AF-A56N	TCGA-READ	READ	127	219	mutation_count_proxy_no_callable_territory
TCGA-AG-3574-01A	TCGA-AG-3574	TCGA-READ	READ	11	22	mutation_count_proxy_no_callable_territory
TCGA-AG-3575-01A	TCGA-AG-3575	TCGA-READ	READ	16	26	mutation_count_proxy_no_callable_territory
TCGA-AG-3580-01A	TCGA-AG-3580	TCGA-READ	READ	15	23	mutation_count_proxy_no_callable_territory
TCGA-AG-3581-01A	TCGA-AG-3581	TCGA-READ	READ	16	22	mutation_count_proxy_no_callable_territory
TCGA-AG-3583-01A	TCGA-AG-3583	TCGA-READ	READ	22	32	mutation_count_proxy_no_callable_territory
TCGA-AG-3584-01A	TCGA-AG-3584	TCGA-READ	READ	20	28	mutation_count_proxy_no_callable_territory
TCGA-AG-3591-01A	TCGA-AG-3591	TCGA-READ	READ	71	116	mutation_count_proxy_no_callable_territory
TCGA-AG-3592-01A	TCGA-AG-3592	TCGA-READ	READ	250	375	mutation_count_proxy_no_callable_territory
TCGA-AG-3594-01A	TCGA-AG-3594	TCGA-READ	READ	12	18	mutation_count_proxy_no_callable_territory
TCGA-AG-3598-01A	TCGA-AG-3598	TCGA-READ	READ	21	30	mutation_count_proxy_no_callable_territory
TCGA-AG-3599-01A	TCGA-AG-3599	TCGA-READ	READ	21	31	mutation_count_proxy_no_callable_territory
TCGA-AG-3602-01A	TCGA-AG-3602	TCGA-READ	READ	15	19	mutation_count_proxy_no_callable_territory
TCGA-AG-3605-01A	TCGA-AG-3605	TCGA-READ	READ	9	16	mutation_count_proxy_no_callable_territory
TCGA-AG-3725-01A	TCGA-AG-3725	TCGA-READ	READ	89	131	mutation_count_proxy_no_callable_territory
TCGA-AG-3726-01A	TCGA-AG-3726	TCGA-READ	READ	143	206	mutation_count_proxy_no_callable_territory
TCGA-AG-3727-01A	TCGA-AG-3727	TCGA-READ	READ	83	116	mutation_count_proxy_no_callable_territory
TCGA-AG-3731-01A	TCGA-AG-3731	TCGA-READ	READ	134	205	mutation_count_proxy_no_callable_territory
TCGA-AG-3732-01A	TCGA-AG-3732	TCGA-READ	READ	78	118	mutation_count_proxy_no_callable_territory
TCGA-AG-3742-01A	TCGA-AG-3742	TCGA-READ	READ	133	200	mutation_count_proxy_no_callable_territory
TCGA-AG-3878-01A	TCGA-AG-3878	TCGA-READ	READ	97	133	mutation_count_proxy_no_callable_territory
TCGA-AG-3881-01A	TCGA-AG-3881	TCGA-READ	READ	109	184	mutation_count_proxy_no_callable_territory
TCGA-AG-3882-01A	TCGA-AG-3882	TCGA-READ	READ	77	110	mutation_count_proxy_no_callable_territory
TCGA-AG-3883-01A	TCGA-AG-3883	TCGA-READ	READ	115	178	mutation_count_proxy_no_callable_territory
TCGA-AG-3885-01A	TCGA-AG-3885	TCGA-READ	READ	87	130	mutation_count_proxy_no_callable_territory
TCGA-AG-3887-01A	TCGA-AG-3887	TCGA-READ	READ	66	105	mutation_count_proxy_no_callable_territory
TCGA-AG-3890-01A	TCGA-AG-3890	TCGA-READ	READ	92	145	mutation_count_proxy_no_callable_territory
TCGA-AG-3891-01A	TCGA-AG-3891	TCGA-READ	READ	525	835	mutation_count_proxy_no_callable_territory
TCGA-AG-3892-01A	TCGA-AG-3892	TCGA-READ	READ	2480	3607	mutation_count_proxy_no_callable_territory
TCGA-AG-3893-01A	TCGA-AG-3893	TCGA-READ	READ	116	176	mutation_count_proxy_no_callable_territory
TCGA-AG-3894-01A	TCGA-AG-3894	TCGA-READ	READ	88	143	mutation_count_proxy_no_callable_territory
TCGA-AG-3896-01A	TCGA-AG-3896	TCGA-READ	READ	110	161	mutation_count_proxy_no_callable_territory
TCGA-AG-3898-01A	TCGA-AG-3898	TCGA-READ	READ	97	160	mutation_count_proxy_no_callable_territory
TCGA-AG-3901-01A	TCGA-AG-3901	TCGA-READ	READ	54	89	mutation_count_proxy_no_callable_territory
TCGA-AG-3902-01A	TCGA-AG-3902	TCGA-READ	READ	119	184	mutation_count_proxy_no_callable_territory
TCGA-AG-3906-01A	TCGA-AG-3906	TCGA-READ	READ	456	721	mutation_count_proxy_no_callable_territory
TCGA-AG-3909-01A	TCGA-AG-3909	TCGA-READ	READ	72	100	mutation_count_proxy_no_callable_territory
TCGA-AG-4001-01A	TCGA-AG-4001	TCGA-READ	READ	101	159	mutation_count_proxy_no_callable_territory
TCGA-AG-4008-01A	TCGA-AG-4008	TCGA-READ	READ	83	124	mutation_count_proxy_no_callable_territory
TCGA-AG-4009-01A	TCGA-AG-4009	TCGA-READ	READ	111	186	mutation_count_proxy_no_callable_territory
TCGA-AG-4015-01A	TCGA-AG-4015	TCGA-READ	READ	87	126	mutation_count_proxy_no_callable_territory
TCGA-AG-4021-01A	TCGA-AG-4021	TCGA-READ	READ	134	199	mutation_count_proxy_no_callable_territory
TCGA-AG-4022-01A	TCGA-AG-4022	TCGA-READ	READ	83	123	mutation_count_proxy_no_callable_territory
TCGA-AG-A002-01A	TCGA-AG-A002	TCGA-READ	READ	11361	17069	mutation_count_proxy_no_callable_territory
TCGA-AG-A008-01A	TCGA-AG-A008	TCGA-READ	READ	65	105	mutation_count_proxy_no_callable_territory
TCGA-AG-A00C-01A	TCGA-AG-A00C	TCGA-READ	READ	128	188	mutation_count_proxy_no_callable_territory
TCGA-AG-A00Y-01A	TCGA-AG-A00Y	TCGA-READ	READ	326	549	mutation_count_proxy_no_callable_territory
TCGA-AG-A011-01A	TCGA-AG-A011	TCGA-READ	READ	101	148	mutation_count_proxy_no_callable_territory
TCGA-AG-A014-01A	TCGA-AG-A014	TCGA-READ	READ	131	214	mutation_count_proxy_no_callable_territory
TCGA-AG-A015-01A	TCGA-AG-A015	TCGA-READ	READ	91	137	mutation_count_proxy_no_callable_territory
TCGA-AG-A016-01A	TCGA-AG-A016	TCGA-READ	READ	73	128	mutation_count_proxy_no_callable_territory
TCGA-AG-A01J-01A	TCGA-AG-A01J	TCGA-READ	READ	88	138	mutation_count_proxy_no_callable_territory
TCGA-AG-A01L-01A	TCGA-AG-A01L	TCGA-READ	READ	61	92	mutation_count_proxy_no_callable_territory
TCGA-AG-A01N-01A	TCGA-AG-A01N	TCGA-READ	READ	101	150	mutation_count_proxy_no_callable_territory
TCGA-AG-A01W-01A	TCGA-AG-A01W	TCGA-READ	READ	123	196	mutation_count_proxy_no_callable_territory
TCGA-AG-A01Y-01A	TCGA-AG-A01Y	TCGA-READ	READ	75	118	mutation_count_proxy_no_callable_territory
TCGA-AG-A020-01A	TCGA-AG-A020	TCGA-READ	READ	80	120	mutation_count_proxy_no_callable_territory
TCGA-AG-A023-01A	TCGA-AG-A023	TCGA-READ	READ	71	117	mutation_count_proxy_no_callable_territory
TCGA-AG-A026-01A	TCGA-AG-A026	TCGA-READ	READ	201	301	mutation_count_proxy_no_callable_territory
TCGA-AG-A02N-01A	TCGA-AG-A02N	TCGA-READ	READ	1076	1687	mutation_count_proxy_no_callable_territory
TCGA-AG-A02X-01A	TCGA-AG-A02X	TCGA-READ	READ	123	196	mutation_count_proxy_no_callable_territory
TCGA-AG-A032-01A	TCGA-AG-A032	TCGA-READ	READ	77	113	mutation_count_proxy_no_callable_territory
TCGA-AG-A036-01A	TCGA-AG-A036	TCGA-READ	READ	169	261	mutation_count_proxy_no_callable_territory
TCGA-AH-6544-01A	TCGA-AH-6544	TCGA-READ	READ	128	197	mutation_count_proxy_no_callable_territory
TCGA-AH-6547-01A	TCGA-AH-6547	TCGA-READ	READ	12	13	mutation_count_proxy_no_callable_territory
TCGA-AH-6549-01A	TCGA-AH-6549	TCGA-READ	READ	75	131	mutation_count_proxy_no_callable_territory
TCGA-AH-6643-01A	TCGA-AH-6643	TCGA-READ	READ	98	160	mutation_count_proxy_no_callable_territory
TCGA-AH-6644-01A	TCGA-AH-6644	TCGA-READ	READ	105	166	mutation_count_proxy_no_callable_territory
TCGA-AH-6897-01A	TCGA-AH-6897	TCGA-READ	READ	98	153	mutation_count_proxy_no_callable_territory
TCGA-AH-6903-01A	TCGA-AH-6903	TCGA-READ	READ	69	106	mutation_count_proxy_no_callable_territory
TCGA-BM-6198-01A	TCGA-BM-6198	TCGA-READ	READ	117	187	mutation_count_proxy_no_callable_territory
TCGA-CI-6619-01B	TCGA-CI-6619	TCGA-READ	READ	71	115	mutation_count_proxy_no_callable_territory
TCGA-CI-6620-01A	TCGA-CI-6620	TCGA-READ	READ	52	97	mutation_count_proxy_no_callable_territory
TCGA-CI-6621-01A	TCGA-CI-6621	TCGA-READ	READ	107	167	mutation_count_proxy_no_callable_territory
TCGA-CI-6622-01A	TCGA-CI-6622	TCGA-READ	READ	93	158	mutation_count_proxy_no_callable_territory
TCGA-CI-6623-01B	TCGA-CI-6623	TCGA-READ	READ	67	110	mutation_count_proxy_no_callable_territory
TCGA-CI-6624-01C	TCGA-CI-6624	TCGA-READ	READ	249	378	mutation_count_proxy_no_callable_territory
TCGA-CL-4957-01A	TCGA-CL-4957	TCGA-READ	READ	79	134	mutation_count_proxy_no_callable_territory
TCGA-CL-5917-01A	TCGA-CL-5917	TCGA-READ	READ	70	109	mutation_count_proxy_no_callable_territory
TCGA-CL-5918-01A	TCGA-CL-5918	TCGA-READ	READ	113	188	mutation_count_proxy_no_callable_territory
TCGA-DC-4745-01A	TCGA-DC-4745	TCGA-READ	READ	67	100	mutation_count_proxy_no_callable_territory
TCGA-DC-4749-01A	TCGA-DC-4749	TCGA-READ	READ	67	106	mutation_count_proxy_no_callable_territory
TCGA-DC-5337-01A	TCGA-DC-5337	TCGA-READ	READ	92	145	mutation_count_proxy_no_callable_territory
TCGA-DC-5869-01A	TCGA-DC-5869	TCGA-READ	READ	73	118	mutation_count_proxy_no_callable_territory
TCGA-DC-6154-01A	TCGA-DC-6154	TCGA-READ	READ	94	136	mutation_count_proxy_no_callable_territory
TCGA-DC-6155-01A	TCGA-DC-6155	TCGA-READ	READ	52	83	mutation_count_proxy_no_callable_territory
TCGA-DC-6157-01A	TCGA-DC-6157	TCGA-READ	READ	83	136	mutation_count_proxy_no_callable_territory
TCGA-DC-6158-01A	TCGA-DC-6158	TCGA-READ	READ	83	143	mutation_count_proxy_no_callable_territory
TCGA-DC-6160-01A	TCGA-DC-6160	TCGA-READ	READ	78	117	mutation_count_proxy_no_callable_territory
TCGA-DC-6681-01A	TCGA-DC-6681	TCGA-READ	READ	66	109	mutation_count_proxy_no_callable_territory
TCGA-DC-6682-01A	TCGA-DC-6682	TCGA-READ	READ	115	198	mutation_count_proxy_no_callable_territory
TCGA-DC-6683-01A	TCGA-DC-6683	TCGA-READ	READ	71	103	mutation_count_proxy_no_callable_territory
TCGA-DT-5265-01A	TCGA-DT-5265	TCGA-READ	READ	81	122	mutation_count_proxy_no_callable_territory
TCGA-DY-A0XA-01A	TCGA-DY-A0XA	TCGA-READ	READ	129	183	mutation_count_proxy_no_callable_territory
TCGA-DY-A1DC-01A	TCGA-DY-A1DC	TCGA-READ	READ	137	191	mutation_count_proxy_no_callable_territory
TCGA-DY-A1DD-01A	TCGA-DY-A1DD	TCGA-READ	READ	117	182	mutation_count_proxy_no_callable_territory
TCGA-DY-A1DF-01A	TCGA-DY-A1DF	TCGA-READ	READ	125	187	mutation_count_proxy_no_callable_territory
TCGA-DY-A1DG-01A	TCGA-DY-A1DG	TCGA-READ	READ	152	239	mutation_count_proxy_no_callable_territory
TCGA-DY-A1H8-01A	TCGA-DY-A1H8	TCGA-READ	READ	89	129	mutation_count_proxy_no_callable_territory
TCGA-EF-5830-01A	TCGA-EF-5830	TCGA-READ	READ	67	100	mutation_count_proxy_no_callable_territory
TCGA-EI-6506-01A	TCGA-EI-6506	TCGA-READ	READ	122	184	mutation_count_proxy_no_callable_territory
TCGA-EI-6507-01A	TCGA-EI-6507	TCGA-READ	READ	922	1431	mutation_count_proxy_no_callable_territory
TCGA-EI-6508-01A	TCGA-EI-6508	TCGA-READ	READ	101	147	mutation_count_proxy_no_callable_territory
TCGA-EI-6509-01A	TCGA-EI-6509	TCGA-READ	READ	51	81	mutation_count_proxy_no_callable_territory
TCGA-EI-6510-01A	TCGA-EI-6510	TCGA-READ	READ	99	165	mutation_count_proxy_no_callable_territory
TCGA-EI-6511-01A	TCGA-EI-6511	TCGA-READ	READ	77	110	mutation_count_proxy_no_callable_territory
TCGA-EI-6512-01A	TCGA-EI-6512	TCGA-READ	READ	115	184	mutation_count_proxy_no_callable_territory
TCGA-EI-6513-01A	TCGA-EI-6513	TCGA-READ	READ	138	206	mutation_count_proxy_no_callable_territory
TCGA-EI-6514-01A	TCGA-EI-6514	TCGA-READ	READ	101	155	mutation_count_proxy_no_callable_territory
TCGA-EI-6881-01A	TCGA-EI-6881	TCGA-READ	READ	101	150	mutation_count_proxy_no_callable_territory
TCGA-EI-6882-01A	TCGA-EI-6882	TCGA-READ	READ	1210	1874	mutation_count_proxy_no_callable_territory
TCGA-EI-6883-01A	TCGA-EI-6883	TCGA-READ	READ	90	127	mutation_count_proxy_no_callable_territory
TCGA-EI-6884-01A	TCGA-EI-6884	TCGA-READ	READ	104	158	mutation_count_proxy_no_callable_territory
TCGA-EI-6885-01A	TCGA-EI-6885	TCGA-READ	READ	94	141	mutation_count_proxy_no_callable_territory
TCGA-EI-6917-01A	TCGA-EI-6917	TCGA-READ	READ	4921	7320	mutation_count_proxy_no_callable_territory
TCGA-EI-7002-01A	TCGA-EI-7002	TCGA-READ	READ	155	232	mutation_count_proxy_no_callable_territory
TCGA-EI-7004-01A	TCGA-EI-7004	TCGA-READ	READ	85	142	mutation_count_proxy_no_callable_territory
TCGA-F5-6464-01A	TCGA-F5-6464	TCGA-READ	READ	82	130	mutation_count_proxy_no_callable_territory
TCGA-F5-6465-01A	TCGA-F5-6465	TCGA-READ	READ	98	139	mutation_count_proxy_no_callable_territory
TCGA-F5-6571-01A	TCGA-F5-6571	TCGA-READ	READ	81	113	mutation_count_proxy_no_callable_territory
TCGA-F5-6702-01A	TCGA-F5-6702	TCGA-READ	READ	63	100	mutation_count_proxy_no_callable_territory
TCGA-F5-6810-01A	TCGA-F5-6810	TCGA-READ	READ	111	171	mutation_count_proxy_no_callable_territory
TCGA-F5-6811-01A	TCGA-F5-6811	TCGA-READ	READ	83	130	mutation_count_proxy_no_callable_territory
TCGA-F5-6812-01A	TCGA-F5-6812	TCGA-READ	READ	87	122	mutation_count_proxy_no_callable_territory
TCGA-F5-6813-01A	TCGA-F5-6813	TCGA-READ	READ	122	183	mutation_count_proxy_no_callable_territory
TCGA-F5-6814-01A	TCGA-F5-6814	TCGA-READ	READ	9412	13465	mutation_count_proxy_no_callable_territory
TCGA-F5-6861-01A	TCGA-F5-6861	TCGA-READ	READ	94	134	mutation_count_proxy_no_callable_territory
TCGA-F5-6863-01A	TCGA-F5-6863	TCGA-READ	READ	69	105	mutation_count_proxy_no_callable_territory
TCGA-F5-6864-01A	TCGA-F5-6864	TCGA-READ	READ	133	197	mutation_count_proxy_no_callable_territory
TCGA-G5-6233-01A	TCGA-G5-6233	TCGA-READ	READ	148	219	mutation_count_proxy_no_callable_territory
TCGA-G5-6235-01A	TCGA-G5-6235	TCGA-READ	READ	121	169	mutation_count_proxy_no_callable_territory
TCGA-G5-6572-01A	TCGA-G5-6572	TCGA-READ	READ	70	108	mutation_count_proxy_no_callable_territory
TCGA-G5-6572-02A	TCGA-G5-6572	TCGA-READ	READ	54	91	mutation_count_proxy_no_callable_territory
TCGA-G5-6641-01A	TCGA-G5-6641	TCGA-READ	READ	93	135	mutation_count_proxy_no_callable_territory
TCGA-3B-A9HI-01A	TCGA-3B-A9HI	TCGA-SARC	SARC	39	60	mutation_count_proxy_no_callable_territory
TCGA-3B-A9HJ-01A	TCGA-3B-A9HJ	TCGA-SARC	SARC	18	33	mutation_count_proxy_no_callable_territory
TCGA-3B-A9HL-01A	TCGA-3B-A9HL	TCGA-SARC	SARC	48	74	mutation_count_proxy_no_callable_territory
TCGA-3B-A9HO-01A	TCGA-3B-A9HO	TCGA-SARC	SARC	56	90	mutation_count_proxy_no_callable_territory
TCGA-3B-A9HP-01A	TCGA-3B-A9HP	TCGA-SARC	SARC	53	77	mutation_count_proxy_no_callable_territory
TCGA-3B-A9HQ-01A	TCGA-3B-A9HQ	TCGA-SARC	SARC	64	107	mutation_count_proxy_no_callable_territory
TCGA-3B-A9HR-01A	TCGA-3B-A9HR	TCGA-SARC	SARC	29	59	mutation_count_proxy_no_callable_territory
TCGA-3B-A9HS-01A	TCGA-3B-A9HS	TCGA-SARC	SARC	59	95	mutation_count_proxy_no_callable_territory
TCGA-3B-A9HT-01A	TCGA-3B-A9HT	TCGA-SARC	SARC	299	504	mutation_count_proxy_no_callable_territory
TCGA-3B-A9HU-01A	TCGA-3B-A9HU	TCGA-SARC	SARC	27	54	mutation_count_proxy_no_callable_territory
TCGA-3B-A9HV-01A	TCGA-3B-A9HV	TCGA-SARC	SARC	45	81	mutation_count_proxy_no_callable_territory
TCGA-3B-A9HX-01A	TCGA-3B-A9HX	TCGA-SARC	SARC	39	66	mutation_count_proxy_no_callable_territory
TCGA-3B-A9HY-01A	TCGA-3B-A9HY	TCGA-SARC	SARC	45	84	mutation_count_proxy_no_callable_territory
TCGA-3B-A9HZ-01A	TCGA-3B-A9HZ	TCGA-SARC	SARC	26	61	mutation_count_proxy_no_callable_territory
TCGA-3B-A9I0-01A	TCGA-3B-A9I0	TCGA-SARC	SARC	29	44	mutation_count_proxy_no_callable_territory
TCGA-3B-A9I1-01A	TCGA-3B-A9I1	TCGA-SARC	SARC	29	54	mutation_count_proxy_no_callable_territory
TCGA-3B-A9I3-01A	TCGA-3B-A9I3	TCGA-SARC	SARC	43	79	mutation_count_proxy_no_callable_territory
TCGA-3R-A8YX-01A	TCGA-3R-A8YX	TCGA-SARC	SARC	65	113	mutation_count_proxy_no_callable_territory
TCGA-DX-A1KU-01A	TCGA-DX-A1KU	TCGA-SARC	SARC	46	78	mutation_count_proxy_no_callable_territory
TCGA-DX-A1KW-01A	TCGA-DX-A1KW	TCGA-SARC	SARC	33	59	mutation_count_proxy_no_callable_territory
TCGA-DX-A1KX-01A	TCGA-DX-A1KX	TCGA-SARC	SARC	69	127	mutation_count_proxy_no_callable_territory
TCGA-DX-A1L0-01A	TCGA-DX-A1L0	TCGA-SARC	SARC	70	128	mutation_count_proxy_no_callable_territory
TCGA-DX-A1L2-01A	TCGA-DX-A1L2	TCGA-SARC	SARC	115	214	mutation_count_proxy_no_callable_territory
TCGA-DX-A23V-01A	TCGA-DX-A23V	TCGA-SARC	SARC	13	24	mutation_count_proxy_no_callable_territory
TCGA-DX-A23Y-01A	TCGA-DX-A23Y	TCGA-SARC	SARC	38	64	mutation_count_proxy_no_callable_territory
TCGA-DX-A240-01A	TCGA-DX-A240	TCGA-SARC	SARC	17	36	mutation_count_proxy_no_callable_territory
TCGA-DX-A2IZ-01A	TCGA-DX-A2IZ	TCGA-SARC	SARC	37	70	mutation_count_proxy_no_callable_territory
TCGA-DX-A2J0-01A	TCGA-DX-A2J0	TCGA-SARC	SARC	34	59	mutation_count_proxy_no_callable_territory
TCGA-DX-A2J1-01A	TCGA-DX-A2J1	TCGA-SARC	SARC	23	42	mutation_count_proxy_no_callable_territory
TCGA-DX-A2J4-01A	TCGA-DX-A2J4	TCGA-SARC	SARC	21	42	mutation_count_proxy_no_callable_territory
TCGA-DX-A3LS-01A	TCGA-DX-A3LS	TCGA-SARC	SARC	41	71	mutation_count_proxy_no_callable_territory
TCGA-DX-A3LU-01A	TCGA-DX-A3LU	TCGA-SARC	SARC	28	50	mutation_count_proxy_no_callable_territory
TCGA-DX-A3LW-01A	TCGA-DX-A3LW	TCGA-SARC	SARC	25	45	mutation_count_proxy_no_callable_territory
TCGA-DX-A3LY-01B	TCGA-DX-A3LY	TCGA-SARC	SARC	43	80	mutation_count_proxy_no_callable_territory
TCGA-DX-A3M1-01A	TCGA-DX-A3M1	TCGA-SARC	SARC	64	102	mutation_count_proxy_no_callable_territory
TCGA-DX-A3M2-01A	TCGA-DX-A3M2	TCGA-SARC	SARC	90	154	mutation_count_proxy_no_callable_territory
TCGA-DX-A3U5-01A	TCGA-DX-A3U5	TCGA-SARC	SARC	26	43	mutation_count_proxy_no_callable_territory
TCGA-DX-A3U6-01A	TCGA-DX-A3U6	TCGA-SARC	SARC	2	4	mutation_count_proxy_no_callable_territory
TCGA-DX-A3U7-01A	TCGA-DX-A3U7	TCGA-SARC	SARC	31	58	mutation_count_proxy_no_callable_territory
TCGA-DX-A3U8-01A	TCGA-DX-A3U8	TCGA-SARC	SARC	25	62	mutation_count_proxy_no_callable_territory
TCGA-DX-A3U9-01A	TCGA-DX-A3U9	TCGA-SARC	SARC	52	102	mutation_count_proxy_no_callable_territory
TCGA-DX-A3UA-01A	TCGA-DX-A3UA	TCGA-SARC	SARC	26	45	mutation_count_proxy_no_callable_territory
TCGA-DX-A3UB-01A	TCGA-DX-A3UB	TCGA-SARC	SARC	11	23	mutation_count_proxy_no_callable_territory
TCGA-DX-A3UC-01A	TCGA-DX-A3UC	TCGA-SARC	SARC	28	57	mutation_count_proxy_no_callable_territory
TCGA-DX-A3UD-01A	TCGA-DX-A3UD	TCGA-SARC	SARC	25	56	mutation_count_proxy_no_callable_territory
TCGA-DX-A3UE-01A	TCGA-DX-A3UE	TCGA-SARC	SARC	54	106	mutation_count_proxy_no_callable_territory
TCGA-DX-A3UF-01A	TCGA-DX-A3UF	TCGA-SARC	SARC	48	79	mutation_count_proxy_no_callable_territory
TCGA-DX-A48J-01A	TCGA-DX-A48J	TCGA-SARC	SARC	17	29	mutation_count_proxy_no_callable_territory
TCGA-DX-A48K-01A	TCGA-DX-A48K	TCGA-SARC	SARC	23	37	mutation_count_proxy_no_callable_territory
TCGA-DX-A48L-01A	TCGA-DX-A48L	TCGA-SARC	SARC	47	96	mutation_count_proxy_no_callable_territory
TCGA-DX-A48N-01A	TCGA-DX-A48N	TCGA-SARC	SARC	32	59	mutation_count_proxy_no_callable_territory
TCGA-DX-A48O-01A	TCGA-DX-A48O	TCGA-SARC	SARC	59	101	mutation_count_proxy_no_callable_territory
TCGA-DX-A48P-01A	TCGA-DX-A48P	TCGA-SARC	SARC	39	83	mutation_count_proxy_no_callable_territory
TCGA-DX-A48R-01A	TCGA-DX-A48R	TCGA-SARC	SARC	46	76	mutation_count_proxy_no_callable_territory
TCGA-DX-A48U-01A	TCGA-DX-A48U	TCGA-SARC	SARC	23	47	mutation_count_proxy_no_callable_territory
TCGA-DX-A48V-01A	TCGA-DX-A48V	TCGA-SARC	SARC	37	71	mutation_count_proxy_no_callable_territory
TCGA-DX-A6B7-01A	TCGA-DX-A6B7	TCGA-SARC	SARC	24	60	mutation_count_proxy_no_callable_territory
TCGA-DX-A6B8-01A	TCGA-DX-A6B8	TCGA-SARC	SARC	43	80	mutation_count_proxy_no_callable_territory
TCGA-DX-A6B9-01A	TCGA-DX-A6B9	TCGA-SARC	SARC	14	24	mutation_count_proxy_no_callable_territory
TCGA-DX-A6BA-01A	TCGA-DX-A6BA	TCGA-SARC	SARC	45	73	mutation_count_proxy_no_callable_territory
TCGA-DX-A6BB-01A	TCGA-DX-A6BB	TCGA-SARC	SARC	40	67	mutation_count_proxy_no_callable_territory
TCGA-DX-A6BE-01A	TCGA-DX-A6BE	TCGA-SARC	SARC	26	42	mutation_count_proxy_no_callable_territory
TCGA-DX-A6BF-01A	TCGA-DX-A6BF	TCGA-SARC	SARC	65	121	mutation_count_proxy_no_callable_territory
TCGA-DX-A6BG-01A	TCGA-DX-A6BG	TCGA-SARC	SARC	16	30	mutation_count_proxy_no_callable_territory
TCGA-DX-A6BH-01A	TCGA-DX-A6BH	TCGA-SARC	SARC	13	25	mutation_count_proxy_no_callable_territory
TCGA-DX-A6BK-01A	TCGA-DX-A6BK	TCGA-SARC	SARC	50	91	mutation_count_proxy_no_callable_territory
TCGA-DX-A6YQ-01A	TCGA-DX-A6YQ	TCGA-SARC	SARC	78	148	mutation_count_proxy_no_callable_territory
TCGA-DX-A6YR-01A	TCGA-DX-A6YR	TCGA-SARC	SARC	62	119	mutation_count_proxy_no_callable_territory
TCGA-DX-A6YS-01A	TCGA-DX-A6YS	TCGA-SARC	SARC	384	582	mutation_count_proxy_no_callable_territory
TCGA-DX-A6YT-01A	TCGA-DX-A6YT	TCGA-SARC	SARC	570	833	mutation_count_proxy_no_callable_territory
TCGA-DX-A6YU-01A	TCGA-DX-A6YU	TCGA-SARC	SARC	36	63	mutation_count_proxy_no_callable_territory
TCGA-DX-A6YV-01A	TCGA-DX-A6YV	TCGA-SARC	SARC	1166	1669	mutation_count_proxy_no_callable_territory
TCGA-DX-A6YX-01A	TCGA-DX-A6YX	TCGA-SARC	SARC	43	89	mutation_count_proxy_no_callable_territory
TCGA-DX-A6YZ-01A	TCGA-DX-A6YZ	TCGA-SARC	SARC	68	117	mutation_count_proxy_no_callable_territory
TCGA-DX-A6Z0-01A	TCGA-DX-A6Z0	TCGA-SARC	SARC	34	78	mutation_count_proxy_no_callable_territory
TCGA-DX-A6Z2-01A	TCGA-DX-A6Z2	TCGA-SARC	SARC	60	93	mutation_count_proxy_no_callable_territory
TCGA-DX-A7EF-01A	TCGA-DX-A7EF	TCGA-SARC	SARC	39	78	mutation_count_proxy_no_callable_territory
TCGA-DX-A7EI-01A	TCGA-DX-A7EI	TCGA-SARC	SARC	33	56	mutation_count_proxy_no_callable_territory
TCGA-DX-A7EL-01A	TCGA-DX-A7EL	TCGA-SARC	SARC	39	70	mutation_count_proxy_no_callable_territory
TCGA-DX-A7EM-01A	TCGA-DX-A7EM	TCGA-SARC	SARC	50	97	mutation_count_proxy_no_callable_territory
TCGA-DX-A7EN-01A	TCGA-DX-A7EN	TCGA-SARC	SARC	25	44	mutation_count_proxy_no_callable_territory
TCGA-DX-A7EO-01A	TCGA-DX-A7EO	TCGA-SARC	SARC	16	42	mutation_count_proxy_no_callable_territory
TCGA-DX-A7EQ-01A	TCGA-DX-A7EQ	TCGA-SARC	SARC	34	59	mutation_count_proxy_no_callable_territory
TCGA-DX-A7ER-01A	TCGA-DX-A7ER	TCGA-SARC	SARC	30	49	mutation_count_proxy_no_callable_territory
TCGA-DX-A7ES-01A	TCGA-DX-A7ES	TCGA-SARC	SARC	29	63	mutation_count_proxy_no_callable_territory
TCGA-DX-A7ET-01A	TCGA-DX-A7ET	TCGA-SARC	SARC	39	68	mutation_count_proxy_no_callable_territory
TCGA-DX-A7EU-01A	TCGA-DX-A7EU	TCGA-SARC	SARC	68	118	mutation_count_proxy_no_callable_territory
TCGA-DX-A8BG-01A	TCGA-DX-A8BG	TCGA-SARC	SARC	72	141	mutation_count_proxy_no_callable_territory
TCGA-DX-A8BH-01A	TCGA-DX-A8BH	TCGA-SARC	SARC	58	104	mutation_count_proxy_no_callable_territory
TCGA-DX-A8BJ-01A	TCGA-DX-A8BJ	TCGA-SARC	SARC	68	114	mutation_count_proxy_no_callable_territory
TCGA-DX-A8BK-01A	TCGA-DX-A8BK	TCGA-SARC	SARC	23	37	mutation_count_proxy_no_callable_territory
TCGA-DX-A8BL-01A	TCGA-DX-A8BL	TCGA-SARC	SARC	73	141	mutation_count_proxy_no_callable_territory
TCGA-DX-A8BM-01A	TCGA-DX-A8BM	TCGA-SARC	SARC	68	118	mutation_count_proxy_no_callable_territory
TCGA-DX-A8BN-01A	TCGA-DX-A8BN	TCGA-SARC	SARC	37	62	mutation_count_proxy_no_callable_territory
TCGA-DX-A8BO-01A	TCGA-DX-A8BO	TCGA-SARC	SARC	28	58	mutation_count_proxy_no_callable_territory
TCGA-DX-A8BP-01A	TCGA-DX-A8BP	TCGA-SARC	SARC	559	1189	mutation_count_proxy_no_callable_territory
TCGA-DX-A8BR-01A	TCGA-DX-A8BR	TCGA-SARC	SARC	38	65	mutation_count_proxy_no_callable_territory
TCGA-DX-A8BT-01A	TCGA-DX-A8BT	TCGA-SARC	SARC	71	137	mutation_count_proxy_no_callable_territory
TCGA-DX-A8BU-01A	TCGA-DX-A8BU	TCGA-SARC	SARC	75	132	mutation_count_proxy_no_callable_territory
TCGA-DX-A8BV-01A	TCGA-DX-A8BV	TCGA-SARC	SARC	55	112	mutation_count_proxy_no_callable_territory
TCGA-DX-A8BX-01A	TCGA-DX-A8BX	TCGA-SARC	SARC	60	118	mutation_count_proxy_no_callable_territory
TCGA-DX-A8BZ-01A	TCGA-DX-A8BZ	TCGA-SARC	SARC	37	81	mutation_count_proxy_no_callable_territory
TCGA-DX-AATS-01A	TCGA-DX-AATS	TCGA-SARC	SARC	80	141	mutation_count_proxy_no_callable_territory
TCGA-DX-AB2E-01A	TCGA-DX-AB2E	TCGA-SARC	SARC	753	1613	mutation_count_proxy_no_callable_territory
TCGA-DX-AB2F-01A	TCGA-DX-AB2F	TCGA-SARC	SARC	37	65	mutation_count_proxy_no_callable_territory
TCGA-DX-AB2G-01A	TCGA-DX-AB2G	TCGA-SARC	SARC	33	49	mutation_count_proxy_no_callable_territory
TCGA-DX-AB2H-01A	TCGA-DX-AB2H	TCGA-SARC	SARC	38	69	mutation_count_proxy_no_callable_territory
TCGA-DX-AB2J-01A	TCGA-DX-AB2J	TCGA-SARC	SARC	29	57	mutation_count_proxy_no_callable_territory
TCGA-DX-AB2L-01A	TCGA-DX-AB2L	TCGA-SARC	SARC	14	23	mutation_count_proxy_no_callable_territory
TCGA-DX-AB2O-01A	TCGA-DX-AB2O	TCGA-SARC	SARC	64	113	mutation_count_proxy_no_callable_territory
TCGA-DX-AB2P-01A	TCGA-DX-AB2P	TCGA-SARC	SARC	41	74	mutation_count_proxy_no_callable_territory
TCGA-DX-AB2Q-01A	TCGA-DX-AB2Q	TCGA-SARC	SARC	74	140	mutation_count_proxy_no_callable_territory
TCGA-DX-AB2S-01A	TCGA-DX-AB2S	TCGA-SARC	SARC	13	33	mutation_count_proxy_no_callable_territory
TCGA-DX-AB2T-01A	TCGA-DX-AB2T	TCGA-SARC	SARC	58	100	mutation_count_proxy_no_callable_territory
TCGA-DX-AB2V-01A	TCGA-DX-AB2V	TCGA-SARC	SARC	75	143	mutation_count_proxy_no_callable_territory
TCGA-DX-AB2W-01A	TCGA-DX-AB2W	TCGA-SARC	SARC	131	206	mutation_count_proxy_no_callable_territory
TCGA-DX-AB2X-01A	TCGA-DX-AB2X	TCGA-SARC	SARC	42	85	mutation_count_proxy_no_callable_territory
TCGA-DX-AB2Z-01A	TCGA-DX-AB2Z	TCGA-SARC	SARC	68	121	mutation_count_proxy_no_callable_territory
TCGA-DX-AB30-01A	TCGA-DX-AB30	TCGA-SARC	SARC	14	31	mutation_count_proxy_no_callable_territory
TCGA-DX-AB32-01A	TCGA-DX-AB32	TCGA-SARC	SARC	259	472	mutation_count_proxy_no_callable_territory
TCGA-DX-AB35-01A	TCGA-DX-AB35	TCGA-SARC	SARC	45	65	mutation_count_proxy_no_callable_territory
TCGA-DX-AB36-01A	TCGA-DX-AB36	TCGA-SARC	SARC	28	49	mutation_count_proxy_no_callable_territory
TCGA-DX-AB37-01A	TCGA-DX-AB37	TCGA-SARC	SARC	48	101	mutation_count_proxy_no_callable_territory
TCGA-DX-AB3A-01A	TCGA-DX-AB3A	TCGA-SARC	SARC	39	68	mutation_count_proxy_no_callable_territory
TCGA-DX-AB3B-01A	TCGA-DX-AB3B	TCGA-SARC	SARC	28	52	mutation_count_proxy_no_callable_territory
TCGA-DX-AB3C-01A	TCGA-DX-AB3C	TCGA-SARC	SARC	20	43	mutation_count_proxy_no_callable_territory
TCGA-FX-A2QS-01A	TCGA-FX-A2QS	TCGA-SARC	SARC	105	192	mutation_count_proxy_no_callable_territory
TCGA-FX-A3NJ-01A	TCGA-FX-A3NJ	TCGA-SARC	SARC	16	33	mutation_count_proxy_no_callable_territory
TCGA-FX-A3NK-01A	TCGA-FX-A3NK	TCGA-SARC	SARC	28	48	mutation_count_proxy_no_callable_territory
TCGA-FX-A3RE-01A	TCGA-FX-A3RE	TCGA-SARC	SARC	103	189	mutation_count_proxy_no_callable_territory
TCGA-FX-A3TO-01A	TCGA-FX-A3TO	TCGA-SARC	SARC	54	118	mutation_count_proxy_no_callable_territory
TCGA-FX-A48G-01A	TCGA-FX-A48G	TCGA-SARC	SARC	55	117	mutation_count_proxy_no_callable_territory
TCGA-FX-A76Y-01A	TCGA-FX-A76Y	TCGA-SARC	SARC	29	49	mutation_count_proxy_no_callable_territory
TCGA-FX-A8OO-01A	TCGA-FX-A8OO	TCGA-SARC	SARC	31	51	mutation_count_proxy_no_callable_territory
TCGA-HB-A2OT-01A	TCGA-HB-A2OT	TCGA-SARC	SARC	62	107	mutation_count_proxy_no_callable_territory
TCGA-HB-A3L4-01A	TCGA-HB-A3L4	TCGA-SARC	SARC	28	53	mutation_count_proxy_no_callable_territory
TCGA-HB-A3YV-01A	TCGA-HB-A3YV	TCGA-SARC	SARC	49	80	mutation_count_proxy_no_callable_territory
TCGA-HB-A43Z-01A	TCGA-HB-A43Z	TCGA-SARC	SARC	56	99	mutation_count_proxy_no_callable_territory
TCGA-HB-A5W3-01A	TCGA-HB-A5W3	TCGA-SARC	SARC	26	48	mutation_count_proxy_no_callable_territory
TCGA-IE-A3OV-01A	TCGA-IE-A3OV	TCGA-SARC	SARC	33	61	mutation_count_proxy_no_callable_territory
TCGA-IE-A4EH-01A	TCGA-IE-A4EH	TCGA-SARC	SARC	23	43	mutation_count_proxy_no_callable_territory
TCGA-IE-A4EI-01A	TCGA-IE-A4EI	TCGA-SARC	SARC	23	41	mutation_count_proxy_no_callable_territory
TCGA-IE-A4EJ-01A	TCGA-IE-A4EJ	TCGA-SARC	SARC	43	89	mutation_count_proxy_no_callable_territory
TCGA-IE-A6BZ-01A	TCGA-IE-A6BZ	TCGA-SARC	SARC	39	77	mutation_count_proxy_no_callable_territory
TCGA-IF-A4AJ-01A	TCGA-IF-A4AJ	TCGA-SARC	SARC	44	73	mutation_count_proxy_no_callable_territory
TCGA-IF-A4AK-01A	TCGA-IF-A4AK	TCGA-SARC	SARC	31	43	mutation_count_proxy_no_callable_territory
TCGA-IS-A3K6-01A	TCGA-IS-A3K6	TCGA-SARC	SARC	32	51	mutation_count_proxy_no_callable_territory
TCGA-IS-A3K7-01A	TCGA-IS-A3K7	TCGA-SARC	SARC	99	168	mutation_count_proxy_no_callable_territory
TCGA-IS-A3K8-01A	TCGA-IS-A3K8	TCGA-SARC	SARC	13	22	mutation_count_proxy_no_callable_territory
TCGA-IS-A3KA-01A	TCGA-IS-A3KA	TCGA-SARC	SARC	55	101	mutation_count_proxy_no_callable_territory
TCGA-IW-A3M4-01A	TCGA-IW-A3M4	TCGA-SARC	SARC	21	33	mutation_count_proxy_no_callable_territory
TCGA-IW-A3M5-01A	TCGA-IW-A3M5	TCGA-SARC	SARC	38	70	mutation_count_proxy_no_callable_territory
TCGA-IW-A3M6-01A	TCGA-IW-A3M6	TCGA-SARC	SARC	50	96	mutation_count_proxy_no_callable_territory
TCGA-JV-A5VE-01A	TCGA-JV-A5VE	TCGA-SARC	SARC	40	76	mutation_count_proxy_no_callable_territory
TCGA-JV-A5VF-01A	TCGA-JV-A5VF	TCGA-SARC	SARC	29	47	mutation_count_proxy_no_callable_territory
TCGA-JV-A75J-01A	TCGA-JV-A75J	TCGA-SARC	SARC	24	57	mutation_count_proxy_no_callable_territory
TCGA-K1-A3PN-01A	TCGA-K1-A3PN	TCGA-SARC	SARC	33	64	mutation_count_proxy_no_callable_territory
TCGA-K1-A3PN-02A	TCGA-K1-A3PN	TCGA-SARC	SARC	40	68	mutation_count_proxy_no_callable_territory
TCGA-K1-A6RT-01A	TCGA-K1-A6RT	TCGA-SARC	SARC	52	102	mutation_count_proxy_no_callable_territory
TCGA-K1-A6RU-01A	TCGA-K1-A6RU	TCGA-SARC	SARC	26	54	mutation_count_proxy_no_callable_territory
TCGA-K1-A6RV-01A	TCGA-K1-A6RV	TCGA-SARC	SARC	67	111	mutation_count_proxy_no_callable_territory
TCGA-KD-A5QS-01A	TCGA-KD-A5QS	TCGA-SARC	SARC	70	123	mutation_count_proxy_no_callable_territory
TCGA-KD-A5QT-01A	TCGA-KD-A5QT	TCGA-SARC	SARC	31	48	mutation_count_proxy_no_callable_territory
TCGA-KD-A5QU-01A	TCGA-KD-A5QU	TCGA-SARC	SARC	63	92	mutation_count_proxy_no_callable_territory
TCGA-KF-A41W-01A	TCGA-KF-A41W	TCGA-SARC	SARC	84	164	mutation_count_proxy_no_callable_territory
TCGA-LI-A67I-01A	TCGA-LI-A67I	TCGA-SARC	SARC	45	72	mutation_count_proxy_no_callable_territory
TCGA-LI-A9QH-01A	TCGA-LI-A9QH	TCGA-SARC	SARC	87	163	mutation_count_proxy_no_callable_territory
TCGA-MB-A5Y8-01A	TCGA-MB-A5Y8	TCGA-SARC	SARC	24	35	mutation_count_proxy_no_callable_territory
TCGA-MB-A5Y9-01A	TCGA-MB-A5Y9	TCGA-SARC	SARC	29	47	mutation_count_proxy_no_callable_territory
TCGA-MB-A5YA-01A	TCGA-MB-A5YA	TCGA-SARC	SARC	27	53	mutation_count_proxy_no_callable_territory
TCGA-MB-A8JK-01A	TCGA-MB-A8JK	TCGA-SARC	SARC	30	67	mutation_count_proxy_no_callable_territory
TCGA-MB-A8JL-01A	TCGA-MB-A8JL	TCGA-SARC	SARC	34	56	mutation_count_proxy_no_callable_territory
TCGA-MJ-A68H-01A	TCGA-MJ-A68H	TCGA-SARC	SARC	42	76	mutation_count_proxy_no_callable_territory
TCGA-MJ-A68J-01A	TCGA-MJ-A68J	TCGA-SARC	SARC	9	19	mutation_count_proxy_no_callable_territory
TCGA-MJ-A850-01A	TCGA-MJ-A850	TCGA-SARC	SARC	17	36	mutation_count_proxy_no_callable_territory
TCGA-MO-A47P-01A	TCGA-MO-A47P	TCGA-SARC	SARC	12	15	mutation_count_proxy_no_callable_territory
TCGA-MO-A47R-01A	TCGA-MO-A47R	TCGA-SARC	SARC	32	53	mutation_count_proxy_no_callable_territory
TCGA-N1-A6IA-01A	TCGA-N1-A6IA	TCGA-SARC	SARC	31	58	mutation_count_proxy_no_callable_territory
TCGA-PC-A5DK-01A	TCGA-PC-A5DK	TCGA-SARC	SARC	17	23	mutation_count_proxy_no_callable_territory
TCGA-PC-A5DM-01A	TCGA-PC-A5DM	TCGA-SARC	SARC	39	63	mutation_count_proxy_no_callable_territory
TCGA-PC-A5DN-01A	TCGA-PC-A5DN	TCGA-SARC	SARC	50	77	mutation_count_proxy_no_callable_territory
TCGA-QC-A6FX-01A	TCGA-QC-A6FX	TCGA-SARC	SARC	38	77	mutation_count_proxy_no_callable_territory
TCGA-QC-A7B5-01A	TCGA-QC-A7B5	TCGA-SARC	SARC	1736	3539	mutation_count_proxy_no_callable_territory
TCGA-QC-AA9N-01A	TCGA-QC-AA9N	TCGA-SARC	SARC	36	67	mutation_count_proxy_no_callable_territory
TCGA-QQ-A5V2-01A	TCGA-QQ-A5V2	TCGA-SARC	SARC	17	28	mutation_count_proxy_no_callable_territory
TCGA-QQ-A5V9-01A	TCGA-QQ-A5V9	TCGA-SARC	SARC	60	102	mutation_count_proxy_no_callable_territory
TCGA-QQ-A5VA-01A	TCGA-QQ-A5VA	TCGA-SARC	SARC	47	85	mutation_count_proxy_no_callable_territory
TCGA-QQ-A5VB-01A	TCGA-QQ-A5VB	TCGA-SARC	SARC	51	102	mutation_count_proxy_no_callable_territory
TCGA-QQ-A5VC-01A	TCGA-QQ-A5VC	TCGA-SARC	SARC	59	99	mutation_count_proxy_no_callable_territory
TCGA-QQ-A5VD-01A	TCGA-QQ-A5VD	TCGA-SARC	SARC	330	656	mutation_count_proxy_no_callable_territory
TCGA-QQ-A8VB-01A	TCGA-QQ-A8VB	TCGA-SARC	SARC	68	104	mutation_count_proxy_no_callable_territory
TCGA-QQ-A8VD-01A	TCGA-QQ-A8VD	TCGA-SARC	SARC	12	28	mutation_count_proxy_no_callable_territory
TCGA-QQ-A8VF-01A	TCGA-QQ-A8VF	TCGA-SARC	SARC	746	1342	mutation_count_proxy_no_callable_territory
TCGA-QQ-A8VG-01A	TCGA-QQ-A8VG	TCGA-SARC	SARC	341	695	mutation_count_proxy_no_callable_territory
TCGA-QQ-A8VH-01A	TCGA-QQ-A8VH	TCGA-SARC	SARC	50	87	mutation_count_proxy_no_callable_territory
TCGA-RN-A68Q-01A	TCGA-RN-A68Q	TCGA-SARC	SARC	15	34	mutation_count_proxy_no_callable_territory
TCGA-RN-AAAQ-01A	TCGA-RN-AAAQ	TCGA-SARC	SARC	42	80	mutation_count_proxy_no_callable_territory
TCGA-SG-A6Z4-01A	TCGA-SG-A6Z4	TCGA-SARC	SARC	45	77	mutation_count_proxy_no_callable_territory
TCGA-SG-A6Z7-01A	TCGA-SG-A6Z7	TCGA-SARC	SARC	51	93	mutation_count_proxy_no_callable_territory
TCGA-SG-A849-01A	TCGA-SG-A849	TCGA-SARC	SARC	45	83	mutation_count_proxy_no_callable_territory
TCGA-SI-A71O-01A	TCGA-SI-A71O	TCGA-SARC	SARC	36	61	mutation_count_proxy_no_callable_territory
TCGA-SI-A71O-06A	TCGA-SI-A71O	TCGA-SARC	SARC	43	87	mutation_count_proxy_no_callable_territory
TCGA-SI-A71P-01A	TCGA-SI-A71P	TCGA-SARC	SARC	34	54	mutation_count_proxy_no_callable_territory
TCGA-SI-A71Q-01A	TCGA-SI-A71Q	TCGA-SARC	SARC	29	54	mutation_count_proxy_no_callable_territory
TCGA-SI-AA8B-01A	TCGA-SI-AA8B	TCGA-SARC	SARC	43	79	mutation_count_proxy_no_callable_territory
TCGA-SI-AA8C-01A	TCGA-SI-AA8C	TCGA-SARC	SARC	12	28	mutation_count_proxy_no_callable_territory
TCGA-UE-A6QT-01A	TCGA-UE-A6QT	TCGA-SARC	SARC	13	21	mutation_count_proxy_no_callable_territory
TCGA-UE-A6QU-01A	TCGA-UE-A6QU	TCGA-SARC	SARC	50	99	mutation_count_proxy_no_callable_territory
TCGA-VT-A80G-01A	TCGA-VT-A80G	TCGA-SARC	SARC	68	131	mutation_count_proxy_no_callable_territory
TCGA-VT-A80J-01A	TCGA-VT-A80J	TCGA-SARC	SARC	42	87	mutation_count_proxy_no_callable_territory
TCGA-VT-A80J-02A	TCGA-VT-A80J	TCGA-SARC	SARC	56	112	mutation_count_proxy_no_callable_territory
TCGA-VT-AB3D-01A	TCGA-VT-AB3D	TCGA-SARC	SARC	48	97	mutation_count_proxy_no_callable_territory
TCGA-WK-A8XO-01A	TCGA-WK-A8XO	TCGA-SARC	SARC	40	71	mutation_count_proxy_no_callable_territory
TCGA-WK-A8XQ-01A	TCGA-WK-A8XQ	TCGA-SARC	SARC	25	51	mutation_count_proxy_no_callable_territory
TCGA-WK-A8XS-01A	TCGA-WK-A8XS	TCGA-SARC	SARC	46	85	mutation_count_proxy_no_callable_territory
TCGA-WK-A8XT-01A	TCGA-WK-A8XT	TCGA-SARC	SARC	45	81	mutation_count_proxy_no_callable_territory
TCGA-WK-A8XX-01A	TCGA-WK-A8XX	TCGA-SARC	SARC	50	85	mutation_count_proxy_no_callable_territory
TCGA-WK-A8XY-01A	TCGA-WK-A8XY	TCGA-SARC	SARC	48	92	mutation_count_proxy_no_callable_territory
TCGA-WK-A8XZ-01A	TCGA-WK-A8XZ	TCGA-SARC	SARC	33	64	mutation_count_proxy_no_callable_territory
TCGA-WK-A8Y0-01A	TCGA-WK-A8Y0	TCGA-SARC	SARC	41	77	mutation_count_proxy_no_callable_territory
TCGA-WP-A9GB-01A	TCGA-WP-A9GB	TCGA-SARC	SARC	134	225	mutation_count_proxy_no_callable_territory
TCGA-X2-A95T-01A	TCGA-X2-A95T	TCGA-SARC	SARC	56	93	mutation_count_proxy_no_callable_territory
TCGA-X6-A7W8-01A	TCGA-X6-A7W8	TCGA-SARC	SARC	53	115	mutation_count_proxy_no_callable_territory
TCGA-X6-A7WA-01A	TCGA-X6-A7WA	TCGA-SARC	SARC	464	699	mutation_count_proxy_no_callable_territory
TCGA-X6-A7WB-01A	TCGA-X6-A7WB	TCGA-SARC	SARC	345	529	mutation_count_proxy_no_callable_territory
TCGA-X6-A7WC-01A	TCGA-X6-A7WC	TCGA-SARC	SARC	76	139	mutation_count_proxy_no_callable_territory
TCGA-X6-A7WD-01A	TCGA-X6-A7WD	TCGA-SARC	SARC	32	74	mutation_count_proxy_no_callable_territory
TCGA-X6-A8C2-01A	TCGA-X6-A8C2	TCGA-SARC	SARC	75	129	mutation_count_proxy_no_callable_territory
TCGA-X6-A8C3-01A	TCGA-X6-A8C3	TCGA-SARC	SARC	50	104	mutation_count_proxy_no_callable_territory
TCGA-X6-A8C4-01A	TCGA-X6-A8C4	TCGA-SARC	SARC	63	114	mutation_count_proxy_no_callable_territory
TCGA-X6-A8C5-01A	TCGA-X6-A8C5	TCGA-SARC	SARC	56	99	mutation_count_proxy_no_callable_territory
TCGA-X6-A8C6-01A	TCGA-X6-A8C6	TCGA-SARC	SARC	63	110	mutation_count_proxy_no_callable_territory
TCGA-X6-A8C7-01A	TCGA-X6-A8C7	TCGA-SARC	SARC	15	33	mutation_count_proxy_no_callable_territory
TCGA-X9-A971-01A	TCGA-X9-A971	TCGA-SARC	SARC	47	82	mutation_count_proxy_no_callable_territory
TCGA-X9-A973-01A	TCGA-X9-A973	TCGA-SARC	SARC	38	70	mutation_count_proxy_no_callable_territory
TCGA-Z4-A8JB-01A	TCGA-Z4-A8JB	TCGA-SARC	SARC	22	37	mutation_count_proxy_no_callable_territory
TCGA-Z4-A9VC-01A	TCGA-Z4-A9VC	TCGA-SARC	SARC	26	50	mutation_count_proxy_no_callable_territory
TCGA-Z4-AAPF-01A	TCGA-Z4-AAPF	TCGA-SARC	SARC	19	33	mutation_count_proxy_no_callable_territory
TCGA-Z4-AAPG-01A	TCGA-Z4-AAPG	TCGA-SARC	SARC	40	73	mutation_count_proxy_no_callable_territory
TCGA-3N-A9WB-06A	TCGA-3N-A9WB	TCGA-SKCM	SKCM	139	224	mutation_count_proxy_no_callable_territory
TCGA-3N-A9WC-06A	TCGA-3N-A9WC	TCGA-SKCM	SKCM	1514	2619	mutation_count_proxy_no_callable_territory
TCGA-3N-A9WD-06A	TCGA-3N-A9WD	TCGA-SKCM	SKCM	780	1273	mutation_count_proxy_no_callable_territory
TCGA-BF-A1PU-01A	TCGA-BF-A1PU	TCGA-SKCM	SKCM	1400	2026	mutation_count_proxy_no_callable_territory
TCGA-BF-A1PV-01A	TCGA-BF-A1PV	TCGA-SKCM	SKCM	252	405	mutation_count_proxy_no_callable_territory
TCGA-BF-A1PX-01A	TCGA-BF-A1PX	TCGA-SKCM	SKCM	684	1074	mutation_count_proxy_no_callable_territory
TCGA-BF-A1PZ-01A	TCGA-BF-A1PZ	TCGA-SKCM	SKCM	1594	2460	mutation_count_proxy_no_callable_territory
TCGA-BF-A1Q0-01A	TCGA-BF-A1Q0	TCGA-SKCM	SKCM	2592	3972	mutation_count_proxy_no_callable_territory
TCGA-BF-A3DJ-01A	TCGA-BF-A3DJ	TCGA-SKCM	SKCM	120	200	mutation_count_proxy_no_callable_territory
TCGA-BF-A3DL-01A	TCGA-BF-A3DL	TCGA-SKCM	SKCM	368	616	mutation_count_proxy_no_callable_territory
TCGA-BF-A3DM-01A	TCGA-BF-A3DM	TCGA-SKCM	SKCM	376	659	mutation_count_proxy_no_callable_territory
TCGA-BF-A3DN-01A	TCGA-BF-A3DN	TCGA-SKCM	SKCM	69	112	mutation_count_proxy_no_callable_territory
TCGA-BF-A5EO-01A	TCGA-BF-A5EO	TCGA-SKCM	SKCM	512	864	mutation_count_proxy_no_callable_territory
TCGA-BF-A5EP-01A	TCGA-BF-A5EP	TCGA-SKCM	SKCM	141	225	mutation_count_proxy_no_callable_territory
TCGA-BF-A5EQ-01A	TCGA-BF-A5EQ	TCGA-SKCM	SKCM	497	818	mutation_count_proxy_no_callable_territory
TCGA-BF-A5ER-01A	TCGA-BF-A5ER	TCGA-SKCM	SKCM	156	283	mutation_count_proxy_no_callable_territory
TCGA-BF-A5ES-01A	TCGA-BF-A5ES	TCGA-SKCM	SKCM	408	722	mutation_count_proxy_no_callable_territory
TCGA-BF-A9VF-01A	TCGA-BF-A9VF	TCGA-SKCM	SKCM	70	129	mutation_count_proxy_no_callable_territory
TCGA-BF-AAOU-01A	TCGA-BF-AAOU	TCGA-SKCM	SKCM	260	458	mutation_count_proxy_no_callable_territory
TCGA-BF-AAOX-01A	TCGA-BF-AAOX	TCGA-SKCM	SKCM	1033	1740	mutation_count_proxy_no_callable_territory
TCGA-BF-AAP0-06A	TCGA-BF-AAP0	TCGA-SKCM	SKCM	385	648	mutation_count_proxy_no_callable_territory
TCGA-BF-AAP1-01A	TCGA-BF-AAP1	TCGA-SKCM	SKCM	682	1228	mutation_count_proxy_no_callable_territory
TCGA-BF-AAP2-01A	TCGA-BF-AAP2	TCGA-SKCM	SKCM	1106	1847	mutation_count_proxy_no_callable_territory
TCGA-BF-AAP4-01A	TCGA-BF-AAP4	TCGA-SKCM	SKCM	668	1137	mutation_count_proxy_no_callable_territory
TCGA-BF-AAP6-01A	TCGA-BF-AAP6	TCGA-SKCM	SKCM	57	93	mutation_count_proxy_no_callable_territory
TCGA-BF-AAP7-01A	TCGA-BF-AAP7	TCGA-SKCM	SKCM	381	625	mutation_count_proxy_no_callable_territory
TCGA-BF-AAP8-01A	TCGA-BF-AAP8	TCGA-SKCM	SKCM	12	16	mutation_count_proxy_no_callable_territory
TCGA-D3-A1Q1-06A	TCGA-D3-A1Q1	TCGA-SKCM	SKCM	474	715	mutation_count_proxy_no_callable_territory
TCGA-D3-A1Q3-06A	TCGA-D3-A1Q3	TCGA-SKCM	SKCM	1427	2202	mutation_count_proxy_no_callable_territory
TCGA-D3-A1Q4-06A	TCGA-D3-A1Q4	TCGA-SKCM	SKCM	282	499	mutation_count_proxy_no_callable_territory
TCGA-D3-A1Q5-06A	TCGA-D3-A1Q5	TCGA-SKCM	SKCM	296	502	mutation_count_proxy_no_callable_territory
TCGA-D3-A1Q6-06A	TCGA-D3-A1Q6	TCGA-SKCM	SKCM	935	1635	mutation_count_proxy_no_callable_territory
TCGA-D3-A1Q7-06A	TCGA-D3-A1Q7	TCGA-SKCM	SKCM	77	135	mutation_count_proxy_no_callable_territory
TCGA-D3-A1Q8-06A	TCGA-D3-A1Q8	TCGA-SKCM	SKCM	200	331	mutation_count_proxy_no_callable_territory
TCGA-D3-A1Q9-06A	TCGA-D3-A1Q9	TCGA-SKCM	SKCM	30	44	mutation_count_proxy_no_callable_territory
TCGA-D3-A1QA-06A	TCGA-D3-A1QA	TCGA-SKCM	SKCM	1098	1802	mutation_count_proxy_no_callable_territory
TCGA-D3-A1QB-06A	TCGA-D3-A1QB	TCGA-SKCM	SKCM	345	581	mutation_count_proxy_no_callable_territory
TCGA-D3-A2J6-06A	TCGA-D3-A2J6	TCGA-SKCM	SKCM	1414	2142	mutation_count_proxy_no_callable_territory
TCGA-D3-A2J7-06A	TCGA-D3-A2J7	TCGA-SKCM	SKCM	344	553	mutation_count_proxy_no_callable_territory
TCGA-D3-A2J8-06A	TCGA-D3-A2J8	TCGA-SKCM	SKCM	933	1497	mutation_count_proxy_no_callable_territory
TCGA-D3-A2J9-06A	TCGA-D3-A2J9	TCGA-SKCM	SKCM	212	331	mutation_count_proxy_no_callable_territory
TCGA-D3-A2JA-06A	TCGA-D3-A2JA	TCGA-SKCM	SKCM	305	511	mutation_count_proxy_no_callable_territory
TCGA-D3-A2JB-06A	TCGA-D3-A2JB	TCGA-SKCM	SKCM	878	1330	mutation_count_proxy_no_callable_territory
TCGA-D3-A2JC-06A	TCGA-D3-A2JC	TCGA-SKCM	SKCM	3093	4461	mutation_count_proxy_no_callable_territory
TCGA-D3-A2JD-06A	TCGA-D3-A2JD	TCGA-SKCM	SKCM	1198	1887	mutation_count_proxy_no_callable_territory
TCGA-D3-A2JE-06A	TCGA-D3-A2JE	TCGA-SKCM	SKCM	265	479	mutation_count_proxy_no_callable_territory
TCGA-D3-A2JF-06A	TCGA-D3-A2JF	TCGA-SKCM	SKCM	1200	1987	mutation_count_proxy_no_callable_territory
TCGA-D3-A2JG-06A	TCGA-D3-A2JG	TCGA-SKCM	SKCM	569	912	mutation_count_proxy_no_callable_territory
TCGA-D3-A2JH-06A	TCGA-D3-A2JH	TCGA-SKCM	SKCM	644	1050	mutation_count_proxy_no_callable_territory
TCGA-D3-A2JK-06A	TCGA-D3-A2JK	TCGA-SKCM	SKCM	761	1189	mutation_count_proxy_no_callable_territory
TCGA-D3-A2JL-06A	TCGA-D3-A2JL	TCGA-SKCM	SKCM	1186	1879	mutation_count_proxy_no_callable_territory
TCGA-D3-A2JN-06A	TCGA-D3-A2JN	TCGA-SKCM	SKCM	722	1158	mutation_count_proxy_no_callable_territory
TCGA-D3-A2JO-06A	TCGA-D3-A2JO	TCGA-SKCM	SKCM	1277	2026	mutation_count_proxy_no_callable_territory
TCGA-D3-A2JP-06A	TCGA-D3-A2JP	TCGA-SKCM	SKCM	4092	5812	mutation_count_proxy_no_callable_territory
TCGA-D3-A3BZ-06A	TCGA-D3-A3BZ	TCGA-SKCM	SKCM	63	84	mutation_count_proxy_no_callable_territory
TCGA-D3-A3C1-06A	TCGA-D3-A3C1	TCGA-SKCM	SKCM	135	208	mutation_count_proxy_no_callable_territory
TCGA-D3-A3C3-06A	TCGA-D3-A3C3	TCGA-SKCM	SKCM	223	347	mutation_count_proxy_no_callable_territory
TCGA-D3-A3C6-06A	TCGA-D3-A3C6	TCGA-SKCM	SKCM	576	899	mutation_count_proxy_no_callable_territory
TCGA-D3-A3C7-06A	TCGA-D3-A3C7	TCGA-SKCM	SKCM	1429	2273	mutation_count_proxy_no_callable_territory
TCGA-D3-A3C8-06A	TCGA-D3-A3C8	TCGA-SKCM	SKCM	1543	2223	mutation_count_proxy_no_callable_territory
TCGA-D3-A3CB-06A	TCGA-D3-A3CB	TCGA-SKCM	SKCM	526	846	mutation_count_proxy_no_callable_territory
TCGA-D3-A3CC-06A	TCGA-D3-A3CC	TCGA-SKCM	SKCM	86	129	mutation_count_proxy_no_callable_territory
TCGA-D3-A3CE-06A	TCGA-D3-A3CE	TCGA-SKCM	SKCM	2077	3026	mutation_count_proxy_no_callable_territory
TCGA-D3-A3CF-06A	TCGA-D3-A3CF	TCGA-SKCM	SKCM	102	146	mutation_count_proxy_no_callable_territory
TCGA-D3-A3ML-06A	TCGA-D3-A3ML	TCGA-SKCM	SKCM	754	1285	mutation_count_proxy_no_callable_territory
TCGA-D3-A3MO-06A	TCGA-D3-A3MO	TCGA-SKCM	SKCM	61	89	mutation_count_proxy_no_callable_territory
TCGA-D3-A3MR-06A	TCGA-D3-A3MR	TCGA-SKCM	SKCM	704	1190	mutation_count_proxy_no_callable_territory
TCGA-D3-A3MU-06A	TCGA-D3-A3MU	TCGA-SKCM	SKCM	413	670	mutation_count_proxy_no_callable_territory
TCGA-D3-A3MV-06A	TCGA-D3-A3MV	TCGA-SKCM	SKCM	402	747	mutation_count_proxy_no_callable_territory
TCGA-D3-A51E-06A	TCGA-D3-A51E	TCGA-SKCM	SKCM	235	375	mutation_count_proxy_no_callable_territory
TCGA-D3-A51F-06A	TCGA-D3-A51F	TCGA-SKCM	SKCM	102	165	mutation_count_proxy_no_callable_territory
TCGA-D3-A51G-06A	TCGA-D3-A51G	TCGA-SKCM	SKCM	978	1707	mutation_count_proxy_no_callable_territory
TCGA-D3-A51H-06A	TCGA-D3-A51H	TCGA-SKCM	SKCM	28	40	mutation_count_proxy_no_callable_territory
TCGA-D3-A51J-06A	TCGA-D3-A51J	TCGA-SKCM	SKCM	382	613	mutation_count_proxy_no_callable_territory
TCGA-D3-A51K-06A	TCGA-D3-A51K	TCGA-SKCM	SKCM	22	32	mutation_count_proxy_no_callable_territory
TCGA-D3-A51N-06A	TCGA-D3-A51N	TCGA-SKCM	SKCM	85	122	mutation_count_proxy_no_callable_territory
TCGA-D3-A51R-06A	TCGA-D3-A51R	TCGA-SKCM	SKCM	579	977	mutation_count_proxy_no_callable_territory
TCGA-D3-A51T-06A	TCGA-D3-A51T	TCGA-SKCM	SKCM	959	1625	mutation_count_proxy_no_callable_territory
TCGA-D3-A5GL-06A	TCGA-D3-A5GL	TCGA-SKCM	SKCM	362	589	mutation_count_proxy_no_callable_territory
TCGA-D3-A5GN-06A	TCGA-D3-A5GN	TCGA-SKCM	SKCM	386	675	mutation_count_proxy_no_callable_territory
TCGA-D3-A5GO-06A	TCGA-D3-A5GO	TCGA-SKCM	SKCM	1281	2196	mutation_count_proxy_no_callable_territory
TCGA-D3-A5GR-06A	TCGA-D3-A5GR	TCGA-SKCM	SKCM	214	359	mutation_count_proxy_no_callable_territory
TCGA-D3-A5GS-06A	TCGA-D3-A5GS	TCGA-SKCM	SKCM	322	561	mutation_count_proxy_no_callable_territory
TCGA-D3-A5GT-01A	TCGA-D3-A5GT	TCGA-SKCM	SKCM	23	29	mutation_count_proxy_no_callable_territory
TCGA-D3-A5GU-06A	TCGA-D3-A5GU	TCGA-SKCM	SKCM	624	1035	mutation_count_proxy_no_callable_territory
TCGA-D3-A8GB-06A	TCGA-D3-A8GB	TCGA-SKCM	SKCM	838	1469	mutation_count_proxy_no_callable_territory
TCGA-D3-A8GC-06A	TCGA-D3-A8GC	TCGA-SKCM	SKCM	684	1178	mutation_count_proxy_no_callable_territory
TCGA-D3-A8GD-06A	TCGA-D3-A8GD	TCGA-SKCM	SKCM	98	134	mutation_count_proxy_no_callable_territory
TCGA-D3-A8GE-06A	TCGA-D3-A8GE	TCGA-SKCM	SKCM	6	8	mutation_count_proxy_no_callable_territory
TCGA-D3-A8GI-06A	TCGA-D3-A8GI	TCGA-SKCM	SKCM	4222	7291	mutation_count_proxy_no_callable_territory
TCGA-D3-A8GJ-06A	TCGA-D3-A8GJ	TCGA-SKCM	SKCM	146	274	mutation_count_proxy_no_callable_territory
TCGA-D3-A8GK-06A	TCGA-D3-A8GK	TCGA-SKCM	SKCM	470	810	mutation_count_proxy_no_callable_territory
TCGA-D3-A8GL-06A	TCGA-D3-A8GL	TCGA-SKCM	SKCM	1502	2588	mutation_count_proxy_no_callable_territory
TCGA-D3-A8GM-06A	TCGA-D3-A8GM	TCGA-SKCM	SKCM	3244	5414	mutation_count_proxy_no_callable_territory
TCGA-D3-A8GN-06A	TCGA-D3-A8GN	TCGA-SKCM	SKCM	187	343	mutation_count_proxy_no_callable_territory
TCGA-D3-A8GO-06A	TCGA-D3-A8GO	TCGA-SKCM	SKCM	462	816	mutation_count_proxy_no_callable_territory
TCGA-D3-A8GP-06A	TCGA-D3-A8GP	TCGA-SKCM	SKCM	489	798	mutation_count_proxy_no_callable_territory
TCGA-D3-A8GQ-06A	TCGA-D3-A8GQ	TCGA-SKCM	SKCM	1148	2000	mutation_count_proxy_no_callable_territory
TCGA-D3-A8GR-06A	TCGA-D3-A8GR	TCGA-SKCM	SKCM	309	526	mutation_count_proxy_no_callable_territory
TCGA-D3-A8GS-06A	TCGA-D3-A8GS	TCGA-SKCM	SKCM	172	294	mutation_count_proxy_no_callable_territory
TCGA-D3-A8GV-06A	TCGA-D3-A8GV	TCGA-SKCM	SKCM	339	569	mutation_count_proxy_no_callable_territory
TCGA-D9-A148-06A	TCGA-D9-A148	TCGA-SKCM	SKCM	830	1294	mutation_count_proxy_no_callable_territory
TCGA-D9-A149-06A	TCGA-D9-A149	TCGA-SKCM	SKCM	710	1115	mutation_count_proxy_no_callable_territory
TCGA-D9-A1JW-06A	TCGA-D9-A1JW	TCGA-SKCM	SKCM	744	1278	mutation_count_proxy_no_callable_territory
TCGA-D9-A1JX-06A	TCGA-D9-A1JX	TCGA-SKCM	SKCM	195	307	mutation_count_proxy_no_callable_territory
TCGA-D9-A1X3-06A	TCGA-D9-A1X3	TCGA-SKCM	SKCM	409	634	mutation_count_proxy_no_callable_territory
TCGA-D9-A3Z1-06A	TCGA-D9-A3Z1	TCGA-SKCM	SKCM	400	692	mutation_count_proxy_no_callable_territory
TCGA-D9-A3Z3-06A	TCGA-D9-A3Z3	TCGA-SKCM	SKCM	111	187	mutation_count_proxy_no_callable_territory
TCGA-D9-A3Z4-01A	TCGA-D9-A3Z4	TCGA-SKCM	SKCM	125	211	mutation_count_proxy_no_callable_territory
TCGA-D9-A4Z2-01A	TCGA-D9-A4Z2	TCGA-SKCM	SKCM	23	31	mutation_count_proxy_no_callable_territory
TCGA-D9-A4Z3-01A	TCGA-D9-A4Z3	TCGA-SKCM	SKCM	678	1090	mutation_count_proxy_no_callable_territory
TCGA-D9-A4Z5-01A	TCGA-D9-A4Z5	TCGA-SKCM	SKCM	65	91	mutation_count_proxy_no_callable_territory
TCGA-D9-A4Z6-06A	TCGA-D9-A4Z6	TCGA-SKCM	SKCM	241	374	mutation_count_proxy_no_callable_territory
TCGA-D9-A6E9-06A	TCGA-D9-A6E9	TCGA-SKCM	SKCM	155	249	mutation_count_proxy_no_callable_territory
TCGA-D9-A6EA-06A	TCGA-D9-A6EA	TCGA-SKCM	SKCM	540	897	mutation_count_proxy_no_callable_territory
TCGA-D9-A6EC-06A	TCGA-D9-A6EC	TCGA-SKCM	SKCM	3629	5802	mutation_count_proxy_no_callable_territory
TCGA-D9-A6EG-06A	TCGA-D9-A6EG	TCGA-SKCM	SKCM	65	108	mutation_count_proxy_no_callable_territory
TCGA-DA-A1HV-06A	TCGA-DA-A1HV	TCGA-SKCM	SKCM	1239	2087	mutation_count_proxy_no_callable_territory
TCGA-DA-A1HW-06A	TCGA-DA-A1HW	TCGA-SKCM	SKCM	362	617	mutation_count_proxy_no_callable_territory
TCGA-DA-A1HY-06A	TCGA-DA-A1HY	TCGA-SKCM	SKCM	607	1011	mutation_count_proxy_no_callable_territory
TCGA-DA-A1I0-06A	TCGA-DA-A1I0	TCGA-SKCM	SKCM	413	693	mutation_count_proxy_no_callable_territory
TCGA-DA-A1I1-06A	TCGA-DA-A1I1	TCGA-SKCM	SKCM	1510	2316	mutation_count_proxy_no_callable_territory
TCGA-DA-A1I2-06A	TCGA-DA-A1I2	TCGA-SKCM	SKCM	105	182	mutation_count_proxy_no_callable_territory
TCGA-DA-A1I4-06A	TCGA-DA-A1I4	TCGA-SKCM	SKCM	228	371	mutation_count_proxy_no_callable_territory
TCGA-DA-A1I5-06A	TCGA-DA-A1I5	TCGA-SKCM	SKCM	635	1005	mutation_count_proxy_no_callable_territory
TCGA-DA-A1I7-06A	TCGA-DA-A1I7	TCGA-SKCM	SKCM	841	1355	mutation_count_proxy_no_callable_territory
TCGA-DA-A1I8-06A	TCGA-DA-A1I8	TCGA-SKCM	SKCM	137	256	mutation_count_proxy_no_callable_territory
TCGA-DA-A1IA-06A	TCGA-DA-A1IA	TCGA-SKCM	SKCM	308	539	mutation_count_proxy_no_callable_territory
TCGA-DA-A1IB-06A	TCGA-DA-A1IB	TCGA-SKCM	SKCM	2087	3082	mutation_count_proxy_no_callable_territory
TCGA-DA-A1IC-06A	TCGA-DA-A1IC	TCGA-SKCM	SKCM	807	1389	mutation_count_proxy_no_callable_territory
TCGA-DA-A3F3-06A	TCGA-DA-A3F3	TCGA-SKCM	SKCM	256	399	mutation_count_proxy_no_callable_territory
TCGA-DA-A3F5-06A	TCGA-DA-A3F5	TCGA-SKCM	SKCM	287	465	mutation_count_proxy_no_callable_territory
TCGA-DA-A3F8-06A	TCGA-DA-A3F8	TCGA-SKCM	SKCM	980	1657	mutation_count_proxy_no_callable_territory
TCGA-DA-A95V-06A	TCGA-DA-A95V	TCGA-SKCM	SKCM	231	377	mutation_count_proxy_no_callable_territory
TCGA-DA-A95W-06A	TCGA-DA-A95W	TCGA-SKCM	SKCM	139	222	mutation_count_proxy_no_callable_territory
TCGA-DA-A95X-06A	TCGA-DA-A95X	TCGA-SKCM	SKCM	434	688	mutation_count_proxy_no_callable_territory
TCGA-DA-A95Y-06A	TCGA-DA-A95Y	TCGA-SKCM	SKCM	368	574	mutation_count_proxy_no_callable_territory
TCGA-DA-A95Z-06A	TCGA-DA-A95Z	TCGA-SKCM	SKCM	1585	2690	mutation_count_proxy_no_callable_territory
TCGA-DA-A960-01A	TCGA-DA-A960	TCGA-SKCM	SKCM	689	1201	mutation_count_proxy_no_callable_territory
TCGA-EB-A1NK-01A	TCGA-EB-A1NK	TCGA-SKCM	SKCM	295	479	mutation_count_proxy_no_callable_territory
TCGA-EB-A24C-01A	TCGA-EB-A24C	TCGA-SKCM	SKCM	305	470	mutation_count_proxy_no_callable_territory
TCGA-EB-A24D-01A	TCGA-EB-A24D	TCGA-SKCM	SKCM	689	1159	mutation_count_proxy_no_callable_territory
TCGA-EB-A299-01A	TCGA-EB-A299	TCGA-SKCM	SKCM	580	921	mutation_count_proxy_no_callable_territory
TCGA-EB-A3HV-01A	TCGA-EB-A3HV	TCGA-SKCM	SKCM	38	66	mutation_count_proxy_no_callable_territory
TCGA-EB-A3XB-01A	TCGA-EB-A3XB	TCGA-SKCM	SKCM	418	700	mutation_count_proxy_no_callable_territory
TCGA-EB-A3XC-01A	TCGA-EB-A3XC	TCGA-SKCM	SKCM	327	572	mutation_count_proxy_no_callable_territory
TCGA-EB-A3XD-01A	TCGA-EB-A3XD	TCGA-SKCM	SKCM	314	528	mutation_count_proxy_no_callable_territory
TCGA-EB-A3XE-01A	TCGA-EB-A3XE	TCGA-SKCM	SKCM	19	23	mutation_count_proxy_no_callable_territory
TCGA-EB-A3XF-01A	TCGA-EB-A3XF	TCGA-SKCM	SKCM	324	543	mutation_count_proxy_no_callable_territory
TCGA-EB-A3Y6-01A	TCGA-EB-A3Y6	TCGA-SKCM	SKCM	488	847	mutation_count_proxy_no_callable_territory
TCGA-EB-A3Y7-01A	TCGA-EB-A3Y7	TCGA-SKCM	SKCM	917	1531	mutation_count_proxy_no_callable_territory
TCGA-EB-A41A-01A	TCGA-EB-A41A	TCGA-SKCM	SKCM	1514	2652	mutation_count_proxy_no_callable_territory
TCGA-EB-A41B-01A	TCGA-EB-A41B	TCGA-SKCM	SKCM	323	566	mutation_count_proxy_no_callable_territory
TCGA-EB-A42Y-01A	TCGA-EB-A42Y	TCGA-SKCM	SKCM	65	83	mutation_count_proxy_no_callable_territory
TCGA-EB-A42Z-01A	TCGA-EB-A42Z	TCGA-SKCM	SKCM	92	159	mutation_count_proxy_no_callable_territory
TCGA-EB-A430-01A	TCGA-EB-A430	TCGA-SKCM	SKCM	340	539	mutation_count_proxy_no_callable_territory
TCGA-EB-A431-01A	TCGA-EB-A431	TCGA-SKCM	SKCM	1366	2405	mutation_count_proxy_no_callable_territory
TCGA-EB-A44N-01A	TCGA-EB-A44N	TCGA-SKCM	SKCM	123	213	mutation_count_proxy_no_callable_territory
TCGA-EB-A44O-01A	TCGA-EB-A44O	TCGA-SKCM	SKCM	407	701	mutation_count_proxy_no_callable_territory
TCGA-EB-A44P-01A	TCGA-EB-A44P	TCGA-SKCM	SKCM	272	482	mutation_count_proxy_no_callable_territory
TCGA-EB-A44Q-06A	TCGA-EB-A44Q	TCGA-SKCM	SKCM	41	60	mutation_count_proxy_no_callable_territory
TCGA-EB-A44R-06A	TCGA-EB-A44R	TCGA-SKCM	SKCM	46	72	mutation_count_proxy_no_callable_territory
TCGA-EB-A4IQ-01A	TCGA-EB-A4IQ	TCGA-SKCM	SKCM	9	22	mutation_count_proxy_no_callable_territory
TCGA-EB-A4IS-01A	TCGA-EB-A4IS	TCGA-SKCM	SKCM	439	777	mutation_count_proxy_no_callable_territory
TCGA-EB-A4OY-01A	TCGA-EB-A4OY	TCGA-SKCM	SKCM	51	72	mutation_count_proxy_no_callable_territory
TCGA-EB-A4OZ-01A	TCGA-EB-A4OZ	TCGA-SKCM	SKCM	10	16	mutation_count_proxy_no_callable_territory
TCGA-EB-A4P0-01A	TCGA-EB-A4P0	TCGA-SKCM	SKCM	151	259	mutation_count_proxy_no_callable_territory
TCGA-EB-A4XL-01A	TCGA-EB-A4XL	TCGA-SKCM	SKCM	383	668	mutation_count_proxy_no_callable_territory
TCGA-EB-A51B-01A	TCGA-EB-A51B	TCGA-SKCM	SKCM	325	573	mutation_count_proxy_no_callable_territory
TCGA-EB-A550-01A	TCGA-EB-A550	TCGA-SKCM	SKCM	128	208	mutation_count_proxy_no_callable_territory
TCGA-EB-A551-01A	TCGA-EB-A551	TCGA-SKCM	SKCM	285	479	mutation_count_proxy_no_callable_territory
TCGA-EB-A553-01A	TCGA-EB-A553	TCGA-SKCM	SKCM	276	441	mutation_count_proxy_no_callable_territory
TCGA-EB-A57M-01A	TCGA-EB-A57M	TCGA-SKCM	SKCM	54	62	mutation_count_proxy_no_callable_territory
TCGA-EB-A5FP-01A	TCGA-EB-A5FP	TCGA-SKCM	SKCM	324	561	mutation_count_proxy_no_callable_territory
TCGA-EB-A5KH-06A	TCGA-EB-A5KH	TCGA-SKCM	SKCM	35	55	mutation_count_proxy_no_callable_territory
TCGA-EB-A5SE-01A	TCGA-EB-A5SE	TCGA-SKCM	SKCM	227	399	mutation_count_proxy_no_callable_territory
TCGA-EB-A5SF-01A	TCGA-EB-A5SF	TCGA-SKCM	SKCM	26	44	mutation_count_proxy_no_callable_territory
TCGA-EB-A5SG-06A	TCGA-EB-A5SG	TCGA-SKCM	SKCM	224	369	mutation_count_proxy_no_callable_territory
TCGA-EB-A5SH-06A	TCGA-EB-A5SH	TCGA-SKCM	SKCM	88	128	mutation_count_proxy_no_callable_territory
TCGA-EB-A5UL-06A	TCGA-EB-A5UL	TCGA-SKCM	SKCM	391	636	mutation_count_proxy_no_callable_territory
TCGA-EB-A5UM-01A	TCGA-EB-A5UM	TCGA-SKCM	SKCM	470	759	mutation_count_proxy_no_callable_territory
TCGA-EB-A5UN-06A	TCGA-EB-A5UN	TCGA-SKCM	SKCM	603	1007	mutation_count_proxy_no_callable_territory
TCGA-EB-A5VU-01A	TCGA-EB-A5VU	TCGA-SKCM	SKCM	41	65	mutation_count_proxy_no_callable_territory
TCGA-EB-A6L9-06A	TCGA-EB-A6L9	TCGA-SKCM	SKCM	17	33	mutation_count_proxy_no_callable_territory
TCGA-EB-A6QY-01A	TCGA-EB-A6QY	TCGA-SKCM	SKCM	504	879	mutation_count_proxy_no_callable_territory
TCGA-EB-A6QZ-01A	TCGA-EB-A6QZ	TCGA-SKCM	SKCM	225	394	mutation_count_proxy_no_callable_territory
TCGA-EB-A6R0-01A	TCGA-EB-A6R0	TCGA-SKCM	SKCM	313	536	mutation_count_proxy_no_callable_territory
TCGA-EB-A82B-01A	TCGA-EB-A82B	TCGA-SKCM	SKCM	41	70	mutation_count_proxy_no_callable_territory
TCGA-EB-A82C-01A	TCGA-EB-A82C	TCGA-SKCM	SKCM	28	50	mutation_count_proxy_no_callable_territory
TCGA-EB-A85I-01A	TCGA-EB-A85I	TCGA-SKCM	SKCM	169	312	mutation_count_proxy_no_callable_territory
TCGA-EB-A85J-01A	TCGA-EB-A85J	TCGA-SKCM	SKCM	338	571	mutation_count_proxy_no_callable_territory
TCGA-EB-A97M-01A	TCGA-EB-A97M	TCGA-SKCM	SKCM	247	433	mutation_count_proxy_no_callable_territory
TCGA-EE-A17X-06A	TCGA-EE-A17X	TCGA-SKCM	SKCM	669	1107	mutation_count_proxy_no_callable_territory
TCGA-EE-A17Y-06A	TCGA-EE-A17Y	TCGA-SKCM	SKCM	293	493	mutation_count_proxy_no_callable_territory
TCGA-EE-A17Z-06A	TCGA-EE-A17Z	TCGA-SKCM	SKCM	1094	1506	mutation_count_proxy_no_callable_territory
TCGA-EE-A180-06A	TCGA-EE-A180	TCGA-SKCM	SKCM	439	738	mutation_count_proxy_no_callable_territory
TCGA-EE-A181-06A	TCGA-EE-A181	TCGA-SKCM	SKCM	4478	7027	mutation_count_proxy_no_callable_territory
TCGA-EE-A182-06A	TCGA-EE-A182	TCGA-SKCM	SKCM	1206	2061	mutation_count_proxy_no_callable_territory
TCGA-EE-A183-06A	TCGA-EE-A183	TCGA-SKCM	SKCM	2130	3200	mutation_count_proxy_no_callable_territory
TCGA-EE-A184-06A	TCGA-EE-A184	TCGA-SKCM	SKCM	1068	1612	mutation_count_proxy_no_callable_territory
TCGA-EE-A185-06A	TCGA-EE-A185	TCGA-SKCM	SKCM	185	302	mutation_count_proxy_no_callable_territory
TCGA-EE-A20B-06A	TCGA-EE-A20B	TCGA-SKCM	SKCM	164	278	mutation_count_proxy_no_callable_territory
TCGA-EE-A20C-06A	TCGA-EE-A20C	TCGA-SKCM	SKCM	2029	3432	mutation_count_proxy_no_callable_territory
TCGA-EE-A20F-06A	TCGA-EE-A20F	TCGA-SKCM	SKCM	1823	2770	mutation_count_proxy_no_callable_territory
TCGA-EE-A20H-06A	TCGA-EE-A20H	TCGA-SKCM	SKCM	514	843	mutation_count_proxy_no_callable_territory
TCGA-EE-A20I-06A	TCGA-EE-A20I	TCGA-SKCM	SKCM	22	40	mutation_count_proxy_no_callable_territory
TCGA-EE-A29A-06A	TCGA-EE-A29A	TCGA-SKCM	SKCM	211	365	mutation_count_proxy_no_callable_territory
TCGA-EE-A29B-06A	TCGA-EE-A29B	TCGA-SKCM	SKCM	491	785	mutation_count_proxy_no_callable_territory
TCGA-EE-A29C-06A	TCGA-EE-A29C	TCGA-SKCM	SKCM	353	584	mutation_count_proxy_no_callable_territory
TCGA-EE-A29D-06A	TCGA-EE-A29D	TCGA-SKCM	SKCM	3044	5296	mutation_count_proxy_no_callable_territory
TCGA-EE-A29E-06A	TCGA-EE-A29E	TCGA-SKCM	SKCM	3545	5977	mutation_count_proxy_no_callable_territory
TCGA-EE-A29G-06A	TCGA-EE-A29G	TCGA-SKCM	SKCM	664	1043	mutation_count_proxy_no_callable_territory
TCGA-EE-A29H-06A	TCGA-EE-A29H	TCGA-SKCM	SKCM	270	443	mutation_count_proxy_no_callable_territory
TCGA-EE-A29L-06A	TCGA-EE-A29L	TCGA-SKCM	SKCM	2167	3660	mutation_count_proxy_no_callable_territory
TCGA-EE-A29M-06A	TCGA-EE-A29M	TCGA-SKCM	SKCM	1928	3300	mutation_count_proxy_no_callable_territory
TCGA-EE-A29N-06A	TCGA-EE-A29N	TCGA-SKCM	SKCM	572	976	mutation_count_proxy_no_callable_territory
TCGA-EE-A29P-06A	TCGA-EE-A29P	TCGA-SKCM	SKCM	411	672	mutation_count_proxy_no_callable_territory
TCGA-EE-A29Q-06A	TCGA-EE-A29Q	TCGA-SKCM	SKCM	602	980	mutation_count_proxy_no_callable_territory
TCGA-EE-A29R-06A	TCGA-EE-A29R	TCGA-SKCM	SKCM	539	942	mutation_count_proxy_no_callable_territory
TCGA-EE-A29S-06A	TCGA-EE-A29S	TCGA-SKCM	SKCM	984	1714	mutation_count_proxy_no_callable_territory
TCGA-EE-A29T-06A	TCGA-EE-A29T	TCGA-SKCM	SKCM	318	529	mutation_count_proxy_no_callable_territory
TCGA-EE-A29V-06A	TCGA-EE-A29V	TCGA-SKCM	SKCM	987	1627	mutation_count_proxy_no_callable_territory
TCGA-EE-A29W-06A	TCGA-EE-A29W	TCGA-SKCM	SKCM	270	415	mutation_count_proxy_no_callable_territory
TCGA-EE-A29X-06A	TCGA-EE-A29X	TCGA-SKCM	SKCM	1011	1570	mutation_count_proxy_no_callable_territory
TCGA-EE-A2A0-06A	TCGA-EE-A2A0	TCGA-SKCM	SKCM	520	793	mutation_count_proxy_no_callable_territory
TCGA-EE-A2A1-06A	TCGA-EE-A2A1	TCGA-SKCM	SKCM	336	559	mutation_count_proxy_no_callable_territory
TCGA-EE-A2A2-06A	TCGA-EE-A2A2	TCGA-SKCM	SKCM	1284	2159	mutation_count_proxy_no_callable_territory
TCGA-EE-A2A5-06A	TCGA-EE-A2A5	TCGA-SKCM	SKCM	464	728	mutation_count_proxy_no_callable_territory
TCGA-EE-A2A6-06A	TCGA-EE-A2A6	TCGA-SKCM	SKCM	379	622	mutation_count_proxy_no_callable_territory
TCGA-EE-A2GB-06A	TCGA-EE-A2GB	TCGA-SKCM	SKCM	567	942	mutation_count_proxy_no_callable_territory
TCGA-EE-A2GC-06A	TCGA-EE-A2GC	TCGA-SKCM	SKCM	1925	3300	mutation_count_proxy_no_callable_territory
TCGA-EE-A2GD-06A	TCGA-EE-A2GD	TCGA-SKCM	SKCM	474	776	mutation_count_proxy_no_callable_territory
TCGA-EE-A2GE-06A	TCGA-EE-A2GE	TCGA-SKCM	SKCM	662	1022	mutation_count_proxy_no_callable_territory
TCGA-EE-A2GH-06A	TCGA-EE-A2GH	TCGA-SKCM	SKCM	1033	1635	mutation_count_proxy_no_callable_territory
TCGA-EE-A2GI-06A	TCGA-EE-A2GI	TCGA-SKCM	SKCM	1546	2626	mutation_count_proxy_no_callable_territory
TCGA-EE-A2GJ-06A	TCGA-EE-A2GJ	TCGA-SKCM	SKCM	946	1660	mutation_count_proxy_no_callable_territory
TCGA-EE-A2GK-06A	TCGA-EE-A2GK	TCGA-SKCM	SKCM	405	604	mutation_count_proxy_no_callable_territory
TCGA-EE-A2GL-06A	TCGA-EE-A2GL	TCGA-SKCM	SKCM	301	521	mutation_count_proxy_no_callable_territory
TCGA-EE-A2GM-06B	TCGA-EE-A2GM	TCGA-SKCM	SKCM	619	1037	mutation_count_proxy_no_callable_territory
TCGA-EE-A2GN-06A	TCGA-EE-A2GN	TCGA-SKCM	SKCM	1478	2164	mutation_count_proxy_no_callable_territory
TCGA-EE-A2GO-06A	TCGA-EE-A2GO	TCGA-SKCM	SKCM	1871	3262	mutation_count_proxy_no_callable_territory
TCGA-EE-A2GP-06A	TCGA-EE-A2GP	TCGA-SKCM	SKCM	507	875	mutation_count_proxy_no_callable_territory
TCGA-EE-A2GR-06A	TCGA-EE-A2GR	TCGA-SKCM	SKCM	1715	2864	mutation_count_proxy_no_callable_territory
TCGA-EE-A2GS-06A	TCGA-EE-A2GS	TCGA-SKCM	SKCM	296	485	mutation_count_proxy_no_callable_territory
TCGA-EE-A2GT-06A	TCGA-EE-A2GT	TCGA-SKCM	SKCM	1667	2603	mutation_count_proxy_no_callable_territory
TCGA-EE-A2GU-06A	TCGA-EE-A2GU	TCGA-SKCM	SKCM	504	847	mutation_count_proxy_no_callable_territory
TCGA-EE-A2M5-06A	TCGA-EE-A2M5	TCGA-SKCM	SKCM	1927	3252	mutation_count_proxy_no_callable_territory
TCGA-EE-A2M6-06A	TCGA-EE-A2M6	TCGA-SKCM	SKCM	572	934	mutation_count_proxy_no_callable_territory
TCGA-EE-A2M7-06A	TCGA-EE-A2M7	TCGA-SKCM	SKCM	603	953	mutation_count_proxy_no_callable_territory
TCGA-EE-A2M8-06A	TCGA-EE-A2M8	TCGA-SKCM	SKCM	769	1157	mutation_count_proxy_no_callable_territory
TCGA-EE-A2MC-06A	TCGA-EE-A2MC	TCGA-SKCM	SKCM	644	1067	mutation_count_proxy_no_callable_territory
TCGA-EE-A2MD-06A	TCGA-EE-A2MD	TCGA-SKCM	SKCM	2139	3539	mutation_count_proxy_no_callable_territory
TCGA-EE-A2ME-06A	TCGA-EE-A2ME	TCGA-SKCM	SKCM	510	806	mutation_count_proxy_no_callable_territory
TCGA-EE-A2MF-06A	TCGA-EE-A2MF	TCGA-SKCM	SKCM	616	1042	mutation_count_proxy_no_callable_territory
TCGA-EE-A2MG-06A	TCGA-EE-A2MG	TCGA-SKCM	SKCM	936	1418	mutation_count_proxy_no_callable_territory
TCGA-EE-A2MH-06A	TCGA-EE-A2MH	TCGA-SKCM	SKCM	197	352	mutation_count_proxy_no_callable_territory
TCGA-EE-A2MI-06A	TCGA-EE-A2MI	TCGA-SKCM	SKCM	890	1518	mutation_count_proxy_no_callable_territory
TCGA-EE-A2MJ-06A	TCGA-EE-A2MJ	TCGA-SKCM	SKCM	1705	2814	mutation_count_proxy_no_callable_territory
TCGA-EE-A2MK-06A	TCGA-EE-A2MK	TCGA-SKCM	SKCM	608	965	mutation_count_proxy_no_callable_territory
TCGA-EE-A2ML-06A	TCGA-EE-A2ML	TCGA-SKCM	SKCM	643	1031	mutation_count_proxy_no_callable_territory
TCGA-EE-A2MM-06A	TCGA-EE-A2MM	TCGA-SKCM	SKCM	1290	2061	mutation_count_proxy_no_callable_territory
TCGA-EE-A2MN-06A	TCGA-EE-A2MN	TCGA-SKCM	SKCM	278	454	mutation_count_proxy_no_callable_territory
TCGA-EE-A2MP-06A	TCGA-EE-A2MP	TCGA-SKCM	SKCM	389	623	mutation_count_proxy_no_callable_territory
TCGA-EE-A2MQ-06A	TCGA-EE-A2MQ	TCGA-SKCM	SKCM	615	977	mutation_count_proxy_no_callable_territory
TCGA-EE-A2MR-06A	TCGA-EE-A2MR	TCGA-SKCM	SKCM	2879	5097	mutation_count_proxy_no_callable_territory
TCGA-EE-A2MS-06A	TCGA-EE-A2MS	TCGA-SKCM	SKCM	2433	4245	mutation_count_proxy_no_callable_territory
TCGA-EE-A2MT-06A	TCGA-EE-A2MT	TCGA-SKCM	SKCM	782	1299	mutation_count_proxy_no_callable_territory
TCGA-EE-A2MU-06A	TCGA-EE-A2MU	TCGA-SKCM	SKCM	570	937	mutation_count_proxy_no_callable_territory
TCGA-EE-A3AA-06A	TCGA-EE-A3AA	TCGA-SKCM	SKCM	2701	4321	mutation_count_proxy_no_callable_territory
TCGA-EE-A3AB-06A	TCGA-EE-A3AB	TCGA-SKCM	SKCM	652	1029	mutation_count_proxy_no_callable_territory
TCGA-EE-A3AC-06A	TCGA-EE-A3AC	TCGA-SKCM	SKCM	1834	2953	mutation_count_proxy_no_callable_territory
TCGA-EE-A3AD-06A	TCGA-EE-A3AD	TCGA-SKCM	SKCM	1574	2444	mutation_count_proxy_no_callable_territory
TCGA-EE-A3AE-06A	TCGA-EE-A3AE	TCGA-SKCM	SKCM	1215	2120	mutation_count_proxy_no_callable_territory
TCGA-EE-A3AF-06A	TCGA-EE-A3AF	TCGA-SKCM	SKCM	866	1394	mutation_count_proxy_no_callable_territory
TCGA-EE-A3AG-06A	TCGA-EE-A3AG	TCGA-SKCM	SKCM	1916	3249	mutation_count_proxy_no_callable_territory
TCGA-EE-A3AH-06A	TCGA-EE-A3AH	TCGA-SKCM	SKCM	514	808	mutation_count_proxy_no_callable_territory
TCGA-EE-A3J3-06A	TCGA-EE-A3J3	TCGA-SKCM	SKCM	130	229	mutation_count_proxy_no_callable_territory
TCGA-EE-A3J4-06A	TCGA-EE-A3J4	TCGA-SKCM	SKCM	268	426	mutation_count_proxy_no_callable_territory
TCGA-EE-A3J5-06A	TCGA-EE-A3J5	TCGA-SKCM	SKCM	1778	2971	mutation_count_proxy_no_callable_territory
TCGA-EE-A3J7-06A	TCGA-EE-A3J7	TCGA-SKCM	SKCM	798	1377	mutation_count_proxy_no_callable_territory
TCGA-EE-A3J8-06A	TCGA-EE-A3J8	TCGA-SKCM	SKCM	218	373	mutation_count_proxy_no_callable_territory
TCGA-EE-A3JA-06A	TCGA-EE-A3JA	TCGA-SKCM	SKCM	815	1448	mutation_count_proxy_no_callable_territory
TCGA-EE-A3JB-06A	TCGA-EE-A3JB	TCGA-SKCM	SKCM	513	871	mutation_count_proxy_no_callable_territory
TCGA-EE-A3JD-06A	TCGA-EE-A3JD	TCGA-SKCM	SKCM	1907	3117	mutation_count_proxy_no_callable_territory
TCGA-EE-A3JE-06A	TCGA-EE-A3JE	TCGA-SKCM	SKCM	238	377	mutation_count_proxy_no_callable_territory
TCGA-EE-A3JH-06A	TCGA-EE-A3JH	TCGA-SKCM	SKCM	143	249	mutation_count_proxy_no_callable_territory
TCGA-EE-A3JI-06A	TCGA-EE-A3JI	TCGA-SKCM	SKCM	978	1633	mutation_count_proxy_no_callable_territory
TCGA-ER-A193-06A	TCGA-ER-A193	TCGA-SKCM	SKCM	1680	2717	mutation_count_proxy_no_callable_territory
TCGA-ER-A194-01A	TCGA-ER-A194	TCGA-SKCM	SKCM	1117	1877	mutation_count_proxy_no_callable_territory
TCGA-ER-A195-06A	TCGA-ER-A195	TCGA-SKCM	SKCM	630	986	mutation_count_proxy_no_callable_territory
TCGA-ER-A196-01A	TCGA-ER-A196	TCGA-SKCM	SKCM	247	392	mutation_count_proxy_no_callable_territory
TCGA-ER-A197-06A	TCGA-ER-A197	TCGA-SKCM	SKCM	45	57	mutation_count_proxy_no_callable_territory
TCGA-ER-A198-06A	TCGA-ER-A198	TCGA-SKCM	SKCM	416	681	mutation_count_proxy_no_callable_territory
TCGA-ER-A199-06A	TCGA-ER-A199	TCGA-SKCM	SKCM	246	380	mutation_count_proxy_no_callable_territory
TCGA-ER-A19A-06A	TCGA-ER-A19A	TCGA-SKCM	SKCM	153	253	mutation_count_proxy_no_callable_territory
TCGA-ER-A19B-06A	TCGA-ER-A19B	TCGA-SKCM	SKCM	1492	2290	mutation_count_proxy_no_callable_territory
TCGA-ER-A19C-06A	TCGA-ER-A19C	TCGA-SKCM	SKCM	580	961	mutation_count_proxy_no_callable_territory
TCGA-ER-A19D-06A	TCGA-ER-A19D	TCGA-SKCM	SKCM	388	676	mutation_count_proxy_no_callable_territory
TCGA-ER-A19E-06A	TCGA-ER-A19E	TCGA-SKCM	SKCM	530	849	mutation_count_proxy_no_callable_territory
TCGA-ER-A19F-06A	TCGA-ER-A19F	TCGA-SKCM	SKCM	1646	2585	mutation_count_proxy_no_callable_territory
TCGA-ER-A19G-06A	TCGA-ER-A19G	TCGA-SKCM	SKCM	931	1500	mutation_count_proxy_no_callable_territory
TCGA-ER-A19H-06A	TCGA-ER-A19H	TCGA-SKCM	SKCM	945	1502	mutation_count_proxy_no_callable_territory
TCGA-ER-A19J-06A	TCGA-ER-A19J	TCGA-SKCM	SKCM	182	303	mutation_count_proxy_no_callable_territory
TCGA-ER-A19K-01A	TCGA-ER-A19K	TCGA-SKCM	SKCM	384	605	mutation_count_proxy_no_callable_territory
TCGA-ER-A19L-06A	TCGA-ER-A19L	TCGA-SKCM	SKCM	60	94	mutation_count_proxy_no_callable_territory
TCGA-ER-A19M-06A	TCGA-ER-A19M	TCGA-SKCM	SKCM	386	686	mutation_count_proxy_no_callable_territory
TCGA-ER-A19N-06A	TCGA-ER-A19N	TCGA-SKCM	SKCM	1129	1821	mutation_count_proxy_no_callable_territory
TCGA-ER-A19O-06A	TCGA-ER-A19O	TCGA-SKCM	SKCM	213	348	mutation_count_proxy_no_callable_territory
TCGA-ER-A19P-06A	TCGA-ER-A19P	TCGA-SKCM	SKCM	2851	4401	mutation_count_proxy_no_callable_territory
TCGA-ER-A19Q-06A	TCGA-ER-A19Q	TCGA-SKCM	SKCM	478	719	mutation_count_proxy_no_callable_territory
TCGA-ER-A19S-06A	TCGA-ER-A19S	TCGA-SKCM	SKCM	195	306	mutation_count_proxy_no_callable_territory
TCGA-ER-A19T-01A	TCGA-ER-A19T	TCGA-SKCM	SKCM	212	331	mutation_count_proxy_no_callable_territory
TCGA-ER-A19T-06A	TCGA-ER-A19T	TCGA-SKCM	SKCM	419	621	mutation_count_proxy_no_callable_territory
TCGA-ER-A19W-06A	TCGA-ER-A19W	TCGA-SKCM	SKCM	275	494	mutation_count_proxy_no_callable_territory
TCGA-ER-A1A1-06A	TCGA-ER-A1A1	TCGA-SKCM	SKCM	692	1048	mutation_count_proxy_no_callable_territory
TCGA-ER-A2NB-01A	TCGA-ER-A2NB	TCGA-SKCM	SKCM	67	97	mutation_count_proxy_no_callable_territory
TCGA-ER-A2NC-06A	TCGA-ER-A2NC	TCGA-SKCM	SKCM	338	591	mutation_count_proxy_no_callable_territory
TCGA-ER-A2ND-06A	TCGA-ER-A2ND	TCGA-SKCM	SKCM	101	158	mutation_count_proxy_no_callable_territory
TCGA-ER-A2NE-06A	TCGA-ER-A2NE	TCGA-SKCM	SKCM	148	237	mutation_count_proxy_no_callable_territory
TCGA-ER-A2NF-01A	TCGA-ER-A2NF	TCGA-SKCM	SKCM	53	80	mutation_count_proxy_no_callable_territory
TCGA-ER-A2NF-06A	TCGA-ER-A2NF	TCGA-SKCM	SKCM	261	429	mutation_count_proxy_no_callable_territory
TCGA-ER-A2NG-06A	TCGA-ER-A2NG	TCGA-SKCM	SKCM	223	364	mutation_count_proxy_no_callable_territory
TCGA-ER-A2NH-06A	TCGA-ER-A2NH	TCGA-SKCM	SKCM	870	1331	mutation_count_proxy_no_callable_territory
TCGA-ER-A3ES-06A	TCGA-ER-A3ES	TCGA-SKCM	SKCM	20	30	mutation_count_proxy_no_callable_territory
TCGA-ER-A3ET-06A	TCGA-ER-A3ET	TCGA-SKCM	SKCM	87	122	mutation_count_proxy_no_callable_territory
TCGA-ER-A3EV-06A	TCGA-ER-A3EV	TCGA-SKCM	SKCM	78	104	mutation_count_proxy_no_callable_territory
TCGA-ER-A3PL-06A	TCGA-ER-A3PL	TCGA-SKCM	SKCM	290	527	mutation_count_proxy_no_callable_territory
TCGA-ER-A42H-01A	TCGA-ER-A42H	TCGA-SKCM	SKCM	54	87	mutation_count_proxy_no_callable_territory
TCGA-ER-A42K-06A	TCGA-ER-A42K	TCGA-SKCM	SKCM	163	275	mutation_count_proxy_no_callable_territory
TCGA-ER-A42L-06A	TCGA-ER-A42L	TCGA-SKCM	SKCM	757	1312	mutation_count_proxy_no_callable_territory
TCGA-FR-A2OS-01A	TCGA-FR-A2OS	TCGA-SKCM	SKCM	13	16	mutation_count_proxy_no_callable_territory
TCGA-FR-A3R1-01A	TCGA-FR-A3R1	TCGA-SKCM	SKCM	330	595	mutation_count_proxy_no_callable_territory
TCGA-FR-A3YN-06A	TCGA-FR-A3YN	TCGA-SKCM	SKCM	455	797	mutation_count_proxy_no_callable_territory
TCGA-FR-A3YO-06A	TCGA-FR-A3YO	TCGA-SKCM	SKCM	693	1199	mutation_count_proxy_no_callable_territory
TCGA-FR-A44A-06A	TCGA-FR-A44A	TCGA-SKCM	SKCM	244	427	mutation_count_proxy_no_callable_territory
TCGA-FR-A69P-06A	TCGA-FR-A69P	TCGA-SKCM	SKCM	182	308	mutation_count_proxy_no_callable_territory
TCGA-FR-A726-01A	TCGA-FR-A726	TCGA-SKCM	SKCM	5776	10224	mutation_count_proxy_no_callable_territory
TCGA-FR-A728-01A	TCGA-FR-A728	TCGA-SKCM	SKCM	332	545	mutation_count_proxy_no_callable_territory
TCGA-FR-A729-06A	TCGA-FR-A729	TCGA-SKCM	SKCM	721	1209	mutation_count_proxy_no_callable_territory
TCGA-FR-A7U8-06A	TCGA-FR-A7U8	TCGA-SKCM	SKCM	30	48	mutation_count_proxy_no_callable_territory
TCGA-FR-A7U9-06A	TCGA-FR-A7U9	TCGA-SKCM	SKCM	1486	2492	mutation_count_proxy_no_callable_territory
TCGA-FR-A7UA-06A	TCGA-FR-A7UA	TCGA-SKCM	SKCM	153	243	mutation_count_proxy_no_callable_territory
TCGA-FR-A8YC-06A	TCGA-FR-A8YC	TCGA-SKCM	SKCM	2453	4136	mutation_count_proxy_no_callable_territory
TCGA-FR-A8YD-06A	TCGA-FR-A8YD	TCGA-SKCM	SKCM	104	138	mutation_count_proxy_no_callable_territory
TCGA-FR-A8YE-06A	TCGA-FR-A8YE	TCGA-SKCM	SKCM	275	473	mutation_count_proxy_no_callable_territory
TCGA-FS-A1YW-06A	TCGA-FS-A1YW	TCGA-SKCM	SKCM	146	242	mutation_count_proxy_no_callable_territory
TCGA-FS-A1YX-06A	TCGA-FS-A1YX	TCGA-SKCM	SKCM	49	71	mutation_count_proxy_no_callable_territory
TCGA-FS-A1YY-06A	TCGA-FS-A1YY	TCGA-SKCM	SKCM	166	283	mutation_count_proxy_no_callable_territory
TCGA-FS-A1Z0-06A	TCGA-FS-A1Z0	TCGA-SKCM	SKCM	1050	1579	mutation_count_proxy_no_callable_territory
TCGA-FS-A1Z3-06A	TCGA-FS-A1Z3	TCGA-SKCM	SKCM	850	1412	mutation_count_proxy_no_callable_territory
TCGA-FS-A1Z4-06A	TCGA-FS-A1Z4	TCGA-SKCM	SKCM	602	907	mutation_count_proxy_no_callable_territory
TCGA-FS-A1Z7-06A	TCGA-FS-A1Z7	TCGA-SKCM	SKCM	152	250	mutation_count_proxy_no_callable_territory
TCGA-FS-A1ZA-06A	TCGA-FS-A1ZA	TCGA-SKCM	SKCM	1077	1757	mutation_count_proxy_no_callable_territory
TCGA-FS-A1ZB-06A	TCGA-FS-A1ZB	TCGA-SKCM	SKCM	1213	1937	mutation_count_proxy_no_callable_territory
TCGA-FS-A1ZC-06A	TCGA-FS-A1ZC	TCGA-SKCM	SKCM	735	1256	mutation_count_proxy_no_callable_territory
TCGA-FS-A1ZD-06A	TCGA-FS-A1ZD	TCGA-SKCM	SKCM	448	713	mutation_count_proxy_no_callable_territory
TCGA-FS-A1ZE-06A	TCGA-FS-A1ZE	TCGA-SKCM	SKCM	118	201	mutation_count_proxy_no_callable_territory
TCGA-FS-A1ZF-06A	TCGA-FS-A1ZF	TCGA-SKCM	SKCM	202	352	mutation_count_proxy_no_callable_territory
TCGA-FS-A1ZG-06A	TCGA-FS-A1ZG	TCGA-SKCM	SKCM	1827	2638	mutation_count_proxy_no_callable_territory
TCGA-FS-A1ZH-06A	TCGA-FS-A1ZH	TCGA-SKCM	SKCM	53	87	mutation_count_proxy_no_callable_territory
TCGA-FS-A1ZJ-06A	TCGA-FS-A1ZJ	TCGA-SKCM	SKCM	450	692	mutation_count_proxy_no_callable_territory
TCGA-FS-A1ZK-06A	TCGA-FS-A1ZK	TCGA-SKCM	SKCM	1424	2483	mutation_count_proxy_no_callable_territory
TCGA-FS-A1ZM-06A	TCGA-FS-A1ZM	TCGA-SKCM	SKCM	733	1160	mutation_count_proxy_no_callable_territory
TCGA-FS-A1ZN-01A	TCGA-FS-A1ZN	TCGA-SKCM	SKCM	654	1040	mutation_count_proxy_no_callable_territory
TCGA-FS-A1ZP-06A	TCGA-FS-A1ZP	TCGA-SKCM	SKCM	1235	2014	mutation_count_proxy_no_callable_territory
TCGA-FS-A1ZQ-06A	TCGA-FS-A1ZQ	TCGA-SKCM	SKCM	1124	1756	mutation_count_proxy_no_callable_territory
TCGA-FS-A1ZR-06A	TCGA-FS-A1ZR	TCGA-SKCM	SKCM	1017	1549	mutation_count_proxy_no_callable_territory
TCGA-FS-A1ZS-06A	TCGA-FS-A1ZS	TCGA-SKCM	SKCM	235	423	mutation_count_proxy_no_callable_territory
TCGA-FS-A1ZT-06A	TCGA-FS-A1ZT	TCGA-SKCM	SKCM	146	245	mutation_count_proxy_no_callable_territory
TCGA-FS-A1ZU-06A	TCGA-FS-A1ZU	TCGA-SKCM	SKCM	149	206	mutation_count_proxy_no_callable_territory
TCGA-FS-A1ZW-06A	TCGA-FS-A1ZW	TCGA-SKCM	SKCM	587	951	mutation_count_proxy_no_callable_territory
TCGA-FS-A1ZY-06A	TCGA-FS-A1ZY	TCGA-SKCM	SKCM	108	173	mutation_count_proxy_no_callable_territory
TCGA-FS-A1ZZ-06A	TCGA-FS-A1ZZ	TCGA-SKCM	SKCM	1504	2604	mutation_count_proxy_no_callable_territory
TCGA-FS-A4F0-06A	TCGA-FS-A4F0	TCGA-SKCM	SKCM	457	780	mutation_count_proxy_no_callable_territory
TCGA-FS-A4F4-06A	TCGA-FS-A4F4	TCGA-SKCM	SKCM	38	58	mutation_count_proxy_no_callable_territory
TCGA-FS-A4F5-06A	TCGA-FS-A4F5	TCGA-SKCM	SKCM	636	1033	mutation_count_proxy_no_callable_territory
TCGA-FS-A4F8-06A	TCGA-FS-A4F8	TCGA-SKCM	SKCM	150	237	mutation_count_proxy_no_callable_territory
TCGA-FS-A4F9-06A	TCGA-FS-A4F9	TCGA-SKCM	SKCM	372	625	mutation_count_proxy_no_callable_territory
TCGA-FS-A4FB-06A	TCGA-FS-A4FB	TCGA-SKCM	SKCM	153	256	mutation_count_proxy_no_callable_territory
TCGA-FS-A4FC-06A	TCGA-FS-A4FC	TCGA-SKCM	SKCM	598	1014	mutation_count_proxy_no_callable_territory
TCGA-FS-A4FD-06A	TCGA-FS-A4FD	TCGA-SKCM	SKCM	372	612	mutation_count_proxy_no_callable_territory
TCGA-FW-A3I3-06A	TCGA-FW-A3I3	TCGA-SKCM	SKCM	46	79	mutation_count_proxy_no_callable_territory
TCGA-FW-A3R5-06A	TCGA-FW-A3R5	TCGA-SKCM	SKCM	31097	55283	mutation_count_proxy_no_callable_territory
TCGA-FW-A3TU-06A	TCGA-FW-A3TU	TCGA-SKCM	SKCM	632	1092	mutation_count_proxy_no_callable_territory
TCGA-FW-A3TV-06A	TCGA-FW-A3TV	TCGA-SKCM	SKCM	269	460	mutation_count_proxy_no_callable_territory
TCGA-FW-A5DX-01A	TCGA-FW-A5DX	TCGA-SKCM	SKCM	154	273	mutation_count_proxy_no_callable_territory
TCGA-FW-A5DY-06A	TCGA-FW-A5DY	TCGA-SKCM	SKCM	152	243	mutation_count_proxy_no_callable_territory
TCGA-GF-A2C7-01A	TCGA-GF-A2C7	TCGA-SKCM	SKCM	386	599	mutation_count_proxy_no_callable_territory
TCGA-GF-A3OT-06A	TCGA-GF-A3OT	TCGA-SKCM	SKCM	451	791	mutation_count_proxy_no_callable_territory
TCGA-GF-A4EO-06A	TCGA-GF-A4EO	TCGA-SKCM	SKCM	208	349	mutation_count_proxy_no_callable_territory
TCGA-GF-A6C8-06A	TCGA-GF-A6C8	TCGA-SKCM	SKCM	318	531	mutation_count_proxy_no_callable_territory
TCGA-GF-A6C9-06A	TCGA-GF-A6C9	TCGA-SKCM	SKCM	2270	3886	mutation_count_proxy_no_callable_territory
TCGA-GF-A769-01A	TCGA-GF-A769	TCGA-SKCM	SKCM	118	217	mutation_count_proxy_no_callable_territory
TCGA-GN-A262-06A	TCGA-GN-A262	TCGA-SKCM	SKCM	949	1485	mutation_count_proxy_no_callable_territory
TCGA-GN-A263-01A	TCGA-GN-A263	TCGA-SKCM	SKCM	465	760	mutation_count_proxy_no_callable_territory
TCGA-GN-A264-06A	TCGA-GN-A264	TCGA-SKCM	SKCM	184	265	mutation_count_proxy_no_callable_territory
TCGA-GN-A265-06A	TCGA-GN-A265	TCGA-SKCM	SKCM	950	1499	mutation_count_proxy_no_callable_territory
TCGA-GN-A266-06A	TCGA-GN-A266	TCGA-SKCM	SKCM	3212	5486	mutation_count_proxy_no_callable_territory
TCGA-GN-A267-06A	TCGA-GN-A267	TCGA-SKCM	SKCM	372	649	mutation_count_proxy_no_callable_territory
TCGA-GN-A268-06A	TCGA-GN-A268	TCGA-SKCM	SKCM	321	518	mutation_count_proxy_no_callable_territory
TCGA-GN-A269-01A	TCGA-GN-A269	TCGA-SKCM	SKCM	579	1004	mutation_count_proxy_no_callable_territory
TCGA-GN-A26A-06A	TCGA-GN-A26A	TCGA-SKCM	SKCM	448	692	mutation_count_proxy_no_callable_territory
TCGA-GN-A26C-01A	TCGA-GN-A26C	TCGA-SKCM	SKCM	2412	4057	mutation_count_proxy_no_callable_territory
TCGA-GN-A26D-06A	TCGA-GN-A26D	TCGA-SKCM	SKCM	618	978	mutation_count_proxy_no_callable_territory
TCGA-GN-A4U3-06A	TCGA-GN-A4U3	TCGA-SKCM	SKCM	261	467	mutation_count_proxy_no_callable_territory
TCGA-GN-A4U4-06A	TCGA-GN-A4U4	TCGA-SKCM	SKCM	567	990	mutation_count_proxy_no_callable_territory
TCGA-GN-A4U5-01A	TCGA-GN-A4U5	TCGA-SKCM	SKCM	271	459	mutation_count_proxy_no_callable_territory
TCGA-GN-A4U7-06A	TCGA-GN-A4U7	TCGA-SKCM	SKCM	203	358	mutation_count_proxy_no_callable_territory
TCGA-GN-A4U8-06A	TCGA-GN-A4U8	TCGA-SKCM	SKCM	353	583	mutation_count_proxy_no_callable_territory
TCGA-GN-A4U9-06A	TCGA-GN-A4U9	TCGA-SKCM	SKCM	58	80	mutation_count_proxy_no_callable_territory
TCGA-GN-A8LK-06A	TCGA-GN-A8LK	TCGA-SKCM	SKCM	1640	2835	mutation_count_proxy_no_callable_territory
TCGA-GN-A8LL-06A	TCGA-GN-A8LL	TCGA-SKCM	SKCM	46	77	mutation_count_proxy_no_callable_territory
TCGA-GN-A8LN-01A	TCGA-GN-A8LN	TCGA-SKCM	SKCM	221	362	mutation_count_proxy_no_callable_territory
TCGA-GN-A9SD-06A	TCGA-GN-A9SD	TCGA-SKCM	SKCM	125	209	mutation_count_proxy_no_callable_territory
TCGA-HR-A2OG-06A	TCGA-HR-A2OG	TCGA-SKCM	SKCM	517	816	mutation_count_proxy_no_callable_territory
TCGA-HR-A2OH-06A	TCGA-HR-A2OH	TCGA-SKCM	SKCM	117	214	mutation_count_proxy_no_callable_territory
TCGA-HR-A5NC-01A	TCGA-HR-A5NC	TCGA-SKCM	SKCM	53	94	mutation_count_proxy_no_callable_territory
TCGA-IH-A3EA-01A	TCGA-IH-A3EA	TCGA-SKCM	SKCM	1244	2034	mutation_count_proxy_no_callable_territory
TCGA-LH-A9QB-06A	TCGA-LH-A9QB	TCGA-SKCM	SKCM	204	363	mutation_count_proxy_no_callable_territory
TCGA-OD-A75X-06A	TCGA-OD-A75X	TCGA-SKCM	SKCM	855	1469	mutation_count_proxy_no_callable_territory
TCGA-QB-A6FS-06A	TCGA-QB-A6FS	TCGA-SKCM	SKCM	948	1620	mutation_count_proxy_no_callable_territory
TCGA-QB-AA9O-06A	TCGA-QB-AA9O	TCGA-SKCM	SKCM	1238	2112	mutation_count_proxy_no_callable_territory
TCGA-RP-A690-06A	TCGA-RP-A690	TCGA-SKCM	SKCM	15	22	mutation_count_proxy_no_callable_territory
TCGA-RP-A693-06A	TCGA-RP-A693	TCGA-SKCM	SKCM	668	1104	mutation_count_proxy_no_callable_territory
TCGA-RP-A694-06A	TCGA-RP-A694	TCGA-SKCM	SKCM	580	982	mutation_count_proxy_no_callable_territory
TCGA-RP-A695-06A	TCGA-RP-A695	TCGA-SKCM	SKCM	721	1197	mutation_count_proxy_no_callable_territory
TCGA-RP-A6K9-06A	TCGA-RP-A6K9	TCGA-SKCM	SKCM	49	69	mutation_count_proxy_no_callable_territory
TCGA-W3-A824-06A	TCGA-W3-A824	TCGA-SKCM	SKCM	1211	2083	mutation_count_proxy_no_callable_territory
TCGA-W3-A825-06A	TCGA-W3-A825	TCGA-SKCM	SKCM	908	1568	mutation_count_proxy_no_callable_territory
TCGA-W3-A828-06A	TCGA-W3-A828	TCGA-SKCM	SKCM	1144	1879	mutation_count_proxy_no_callable_territory
TCGA-W3-AA1O-06A	TCGA-W3-AA1O	TCGA-SKCM	SKCM	624	1054	mutation_count_proxy_no_callable_territory
TCGA-W3-AA1Q-06A	TCGA-W3-AA1Q	TCGA-SKCM	SKCM	754	1283	mutation_count_proxy_no_callable_territory
TCGA-W3-AA1R-06A	TCGA-W3-AA1R	TCGA-SKCM	SKCM	1425	2421	mutation_count_proxy_no_callable_territory
TCGA-W3-AA1V-06B	TCGA-W3-AA1V	TCGA-SKCM	SKCM	4480	7546	mutation_count_proxy_no_callable_territory
TCGA-W3-AA1W-06A	TCGA-W3-AA1W	TCGA-SKCM	SKCM	565	971	mutation_count_proxy_no_callable_territory
TCGA-W3-AA21-06A	TCGA-W3-AA21	TCGA-SKCM	SKCM	422	713	mutation_count_proxy_no_callable_territory
TCGA-WE-A8JZ-06A	TCGA-WE-A8JZ	TCGA-SKCM	SKCM	167	285	mutation_count_proxy_no_callable_territory
TCGA-WE-A8K1-06A	TCGA-WE-A8K1	TCGA-SKCM	SKCM	279	465	mutation_count_proxy_no_callable_territory
TCGA-WE-A8K4-01A	TCGA-WE-A8K4	TCGA-SKCM	SKCM	674	1172	mutation_count_proxy_no_callable_territory
TCGA-WE-A8K5-06A	TCGA-WE-A8K5	TCGA-SKCM	SKCM	930	1599	mutation_count_proxy_no_callable_territory
TCGA-WE-A8K6-06A	TCGA-WE-A8K6	TCGA-SKCM	SKCM	209	371	mutation_count_proxy_no_callable_territory
TCGA-WE-A8ZM-06A	TCGA-WE-A8ZM	TCGA-SKCM	SKCM	72	106	mutation_count_proxy_no_callable_territory
TCGA-WE-A8ZN-06A	TCGA-WE-A8ZN	TCGA-SKCM	SKCM	135	231	mutation_count_proxy_no_callable_territory
TCGA-WE-A8ZO-06A	TCGA-WE-A8ZO	TCGA-SKCM	SKCM	300	487	mutation_count_proxy_no_callable_territory
TCGA-WE-A8ZQ-06A	TCGA-WE-A8ZQ	TCGA-SKCM	SKCM	149	253	mutation_count_proxy_no_callable_territory
TCGA-WE-A8ZR-06A	TCGA-WE-A8ZR	TCGA-SKCM	SKCM	26	37	mutation_count_proxy_no_callable_territory
TCGA-WE-A8ZT-06A	TCGA-WE-A8ZT	TCGA-SKCM	SKCM	384	633	mutation_count_proxy_no_callable_territory
TCGA-WE-A8ZX-06A	TCGA-WE-A8ZX	TCGA-SKCM	SKCM	461	805	mutation_count_proxy_no_callable_territory
TCGA-WE-A8ZY-06A	TCGA-WE-A8ZY	TCGA-SKCM	SKCM	195	349	mutation_count_proxy_no_callable_territory
TCGA-WE-AA9Y-06A	TCGA-WE-AA9Y	TCGA-SKCM	SKCM	62	104	mutation_count_proxy_no_callable_territory
TCGA-WE-AAA0-06A	TCGA-WE-AAA0	TCGA-SKCM	SKCM	1198	1994	mutation_count_proxy_no_callable_territory
TCGA-WE-AAA3-06A	TCGA-WE-AAA3	TCGA-SKCM	SKCM	296	534	mutation_count_proxy_no_callable_territory
TCGA-WE-AAA4-06A	TCGA-WE-AAA4	TCGA-SKCM	SKCM	200	312	mutation_count_proxy_no_callable_territory
TCGA-XV-A9VZ-01A	TCGA-XV-A9VZ	TCGA-SKCM	SKCM	16	19	mutation_count_proxy_no_callable_territory
TCGA-XV-A9W2-01A	TCGA-XV-A9W2	TCGA-SKCM	SKCM	36	58	mutation_count_proxy_no_callable_territory
TCGA-XV-A9W5-01A	TCGA-XV-A9W5	TCGA-SKCM	SKCM	73	137	mutation_count_proxy_no_callable_territory
TCGA-XV-AAZV-01A	TCGA-XV-AAZV	TCGA-SKCM	SKCM	93	159	mutation_count_proxy_no_callable_territory
TCGA-XV-AAZW-01A	TCGA-XV-AAZW	TCGA-SKCM	SKCM	130	217	mutation_count_proxy_no_callable_territory
TCGA-XV-AAZY-01A	TCGA-XV-AAZY	TCGA-SKCM	SKCM	144	241	mutation_count_proxy_no_callable_territory
TCGA-YD-A89C-06A	TCGA-YD-A89C	TCGA-SKCM	SKCM	1396	2432	mutation_count_proxy_no_callable_territory
TCGA-YD-A9TA-06A	TCGA-YD-A9TA	TCGA-SKCM	SKCM	2739	4679	mutation_count_proxy_no_callable_territory
TCGA-YD-A9TB-06A	TCGA-YD-A9TB	TCGA-SKCM	SKCM	272	471	mutation_count_proxy_no_callable_territory
TCGA-YG-AA3N-01A	TCGA-YG-AA3N	TCGA-SKCM	SKCM	1644	2812	mutation_count_proxy_no_callable_territory
TCGA-YG-AA3O-06A	TCGA-YG-AA3O	TCGA-SKCM	SKCM	929	1546	mutation_count_proxy_no_callable_territory
TCGA-YG-AA3P-06A	TCGA-YG-AA3P	TCGA-SKCM	SKCM	64	102	mutation_count_proxy_no_callable_territory
TCGA-Z2-A8RT-06A	TCGA-Z2-A8RT	TCGA-SKCM	SKCM	2387	4112	mutation_count_proxy_no_callable_territory
TCGA-Z2-AA3S-06A	TCGA-Z2-AA3S	TCGA-SKCM	SKCM	169	297	mutation_count_proxy_no_callable_territory
TCGA-Z2-AA3V-06A	TCGA-Z2-AA3V	TCGA-SKCM	SKCM	354	597	mutation_count_proxy_no_callable_territory
TCGA-3M-AB46-01A	TCGA-3M-AB46	TCGA-STAD	STAD	167	233	mutation_count_proxy_no_callable_territory
TCGA-3M-AB47-01A	TCGA-3M-AB47	TCGA-STAD	STAD	106	148	mutation_count_proxy_no_callable_territory
TCGA-B7-5816-01A	TCGA-B7-5816	TCGA-STAD	STAD	1195	1713	mutation_count_proxy_no_callable_territory
TCGA-B7-5818-01A	TCGA-B7-5818	TCGA-STAD	STAD	335	512	mutation_count_proxy_no_callable_territory
TCGA-B7-A5TI-01A	TCGA-B7-A5TI	TCGA-STAD	STAD	549	830	mutation_count_proxy_no_callable_territory
TCGA-B7-A5TJ-01A	TCGA-B7-A5TJ	TCGA-STAD	STAD	227	335	mutation_count_proxy_no_callable_territory
TCGA-B7-A5TK-01A	TCGA-B7-A5TK	TCGA-STAD	STAD	46	75	mutation_count_proxy_no_callable_territory
TCGA-B7-A5TN-01A	TCGA-B7-A5TN	TCGA-STAD	STAD	69	108	mutation_count_proxy_no_callable_territory
TCGA-BR-4183-01A	TCGA-BR-4183	TCGA-STAD	STAD	55	85	mutation_count_proxy_no_callable_territory
TCGA-BR-4184-01A	TCGA-BR-4184	TCGA-STAD	STAD	3104	4648	mutation_count_proxy_no_callable_territory
TCGA-BR-4187-01A	TCGA-BR-4187	TCGA-STAD	STAD	30	45	mutation_count_proxy_no_callable_territory
TCGA-BR-4188-01A	TCGA-BR-4188	TCGA-STAD	STAD	102	146	mutation_count_proxy_no_callable_territory
TCGA-BR-4191-01A	TCGA-BR-4191	TCGA-STAD	STAD	193	278	mutation_count_proxy_no_callable_territory
TCGA-BR-4201-01A	TCGA-BR-4201	TCGA-STAD	STAD	1343	1904	mutation_count_proxy_no_callable_territory
TCGA-BR-4253-01A	TCGA-BR-4253	TCGA-STAD	STAD	93	136	mutation_count_proxy_no_callable_territory
TCGA-BR-4255-01A	TCGA-BR-4255	TCGA-STAD	STAD	52	86	mutation_count_proxy_no_callable_territory
TCGA-BR-4256-01A	TCGA-BR-4256	TCGA-STAD	STAD	946	1388	mutation_count_proxy_no_callable_territory
TCGA-BR-4257-01A	TCGA-BR-4257	TCGA-STAD	STAD	972	1501	mutation_count_proxy_no_callable_territory
TCGA-BR-4267-01A	TCGA-BR-4267	TCGA-STAD	STAD	77	110	mutation_count_proxy_no_callable_territory
TCGA-BR-4279-01A	TCGA-BR-4279	TCGA-STAD	STAD	38	66	mutation_count_proxy_no_callable_territory
TCGA-BR-4280-01A	TCGA-BR-4280	TCGA-STAD	STAD	695	1002	mutation_count_proxy_no_callable_territory
TCGA-BR-4292-01A	TCGA-BR-4292	TCGA-STAD	STAD	1298	1941	mutation_count_proxy_no_callable_territory
TCGA-BR-4294-01A	TCGA-BR-4294	TCGA-STAD	STAD	28	41	mutation_count_proxy_no_callable_territory
TCGA-BR-4357-01A	TCGA-BR-4357	TCGA-STAD	STAD	222	330	mutation_count_proxy_no_callable_territory
TCGA-BR-4361-01A	TCGA-BR-4361	TCGA-STAD	STAD	2259	3428	mutation_count_proxy_no_callable_territory
TCGA-BR-4362-01A	TCGA-BR-4362	TCGA-STAD	STAD	1458	2120	mutation_count_proxy_no_callable_territory
TCGA-BR-4363-01A	TCGA-BR-4363	TCGA-STAD	STAD	540	806	mutation_count_proxy_no_callable_territory
TCGA-BR-4366-01A	TCGA-BR-4366	TCGA-STAD	STAD	120	183	mutation_count_proxy_no_callable_territory
TCGA-BR-4368-01A	TCGA-BR-4368	TCGA-STAD	STAD	1148	1740	mutation_count_proxy_no_callable_territory
TCGA-BR-4369-01A	TCGA-BR-4369	TCGA-STAD	STAD	153	236	mutation_count_proxy_no_callable_territory
TCGA-BR-4370-01A	TCGA-BR-4370	TCGA-STAD	STAD	968	1488	mutation_count_proxy_no_callable_territory
TCGA-BR-4371-01A	TCGA-BR-4371	TCGA-STAD	STAD	136	209	mutation_count_proxy_no_callable_territory
TCGA-BR-6452-01A	TCGA-BR-6452	TCGA-STAD	STAD	9779	14110	mutation_count_proxy_no_callable_territory
TCGA-BR-6453-01A	TCGA-BR-6453	TCGA-STAD	STAD	158	229	mutation_count_proxy_no_callable_territory
TCGA-BR-6454-01A	TCGA-BR-6454	TCGA-STAD	STAD	124	189	mutation_count_proxy_no_callable_territory
TCGA-BR-6455-01A	TCGA-BR-6455	TCGA-STAD	STAD	72	119	mutation_count_proxy_no_callable_territory
TCGA-BR-6456-01A	TCGA-BR-6456	TCGA-STAD	STAD	153	243	mutation_count_proxy_no_callable_territory
TCGA-BR-6457-01A	TCGA-BR-6457	TCGA-STAD	STAD	214	302	mutation_count_proxy_no_callable_territory
TCGA-BR-6458-01A	TCGA-BR-6458	TCGA-STAD	STAD	518	773	mutation_count_proxy_no_callable_territory
TCGA-BR-6563-01A	TCGA-BR-6563	TCGA-STAD	STAD	66	88	mutation_count_proxy_no_callable_territory
TCGA-BR-6564-01A	TCGA-BR-6564	TCGA-STAD	STAD	60	94	mutation_count_proxy_no_callable_territory
TCGA-BR-6565-01A	TCGA-BR-6565	TCGA-STAD	STAD	128	177	mutation_count_proxy_no_callable_territory
TCGA-BR-6566-01A	TCGA-BR-6566	TCGA-STAD	STAD	1645	2463	mutation_count_proxy_no_callable_territory
TCGA-BR-6705-01A	TCGA-BR-6705	TCGA-STAD	STAD	82	117	mutation_count_proxy_no_callable_territory
TCGA-BR-6706-01A	TCGA-BR-6706	TCGA-STAD	STAD	378	509	mutation_count_proxy_no_callable_territory
TCGA-BR-6707-01A	TCGA-BR-6707	TCGA-STAD	STAD	62	94	mutation_count_proxy_no_callable_territory
TCGA-BR-6709-01A	TCGA-BR-6709	TCGA-STAD	STAD	83	109	mutation_count_proxy_no_callable_territory
TCGA-BR-6801-01A	TCGA-BR-6801	TCGA-STAD	STAD	38	65	mutation_count_proxy_no_callable_territory
TCGA-BR-6802-01A	TCGA-BR-6802	TCGA-STAD	STAD	824	1223	mutation_count_proxy_no_callable_territory
TCGA-BR-6803-01A	TCGA-BR-6803	TCGA-STAD	STAD	22	36	mutation_count_proxy_no_callable_territory
TCGA-BR-6852-01A	TCGA-BR-6852	TCGA-STAD	STAD	1900	2752	mutation_count_proxy_no_callable_territory
TCGA-BR-7196-01A	TCGA-BR-7196	TCGA-STAD	STAD	63	89	mutation_count_proxy_no_callable_territory
TCGA-BR-7197-01A	TCGA-BR-7197	TCGA-STAD	STAD	305	463	mutation_count_proxy_no_callable_territory
TCGA-BR-7703-01A	TCGA-BR-7703	TCGA-STAD	STAD	1289	1863	mutation_count_proxy_no_callable_territory
TCGA-BR-7704-01A	TCGA-BR-7704	TCGA-STAD	STAD	661	922	mutation_count_proxy_no_callable_territory
TCGA-BR-7707-01A	TCGA-BR-7707	TCGA-STAD	STAD	1256	1797	mutation_count_proxy_no_callable_territory
TCGA-BR-7715-01A	TCGA-BR-7715	TCGA-STAD	STAD	238	340	mutation_count_proxy_no_callable_territory
TCGA-BR-7716-01A	TCGA-BR-7716	TCGA-STAD	STAD	285	395	mutation_count_proxy_no_callable_territory
TCGA-BR-7717-01A	TCGA-BR-7717	TCGA-STAD	STAD	237	370	mutation_count_proxy_no_callable_territory
TCGA-BR-7722-01A	TCGA-BR-7722	TCGA-STAD	STAD	40	60	mutation_count_proxy_no_callable_territory
TCGA-BR-7723-01A	TCGA-BR-7723	TCGA-STAD	STAD	142	213	mutation_count_proxy_no_callable_territory
TCGA-BR-7851-01A	TCGA-BR-7851	TCGA-STAD	STAD	2523	3762	mutation_count_proxy_no_callable_territory
TCGA-BR-7901-01A	TCGA-BR-7901	TCGA-STAD	STAD	157	235	mutation_count_proxy_no_callable_territory
TCGA-BR-7957-01A	TCGA-BR-7957	TCGA-STAD	STAD	94	126	mutation_count_proxy_no_callable_territory
TCGA-BR-7958-01A	TCGA-BR-7958	TCGA-STAD	STAD	144	215	mutation_count_proxy_no_callable_territory
TCGA-BR-7959-01A	TCGA-BR-7959	TCGA-STAD	STAD	90	129	mutation_count_proxy_no_callable_territory
TCGA-BR-8058-01A	TCGA-BR-8058	TCGA-STAD	STAD	46	63	mutation_count_proxy_no_callable_territory
TCGA-BR-8059-01A	TCGA-BR-8059	TCGA-STAD	STAD	655	947	mutation_count_proxy_no_callable_territory
TCGA-BR-8060-01A	TCGA-BR-8060	TCGA-STAD	STAD	181	289	mutation_count_proxy_no_callable_territory
TCGA-BR-8077-01A	TCGA-BR-8077	TCGA-STAD	STAD	107	147	mutation_count_proxy_no_callable_territory
TCGA-BR-8078-01A	TCGA-BR-8078	TCGA-STAD	STAD	1432	2128	mutation_count_proxy_no_callable_territory
TCGA-BR-8080-01A	TCGA-BR-8080	TCGA-STAD	STAD	162	226	mutation_count_proxy_no_callable_territory
TCGA-BR-8081-01A	TCGA-BR-8081	TCGA-STAD	STAD	791	1205	mutation_count_proxy_no_callable_territory
TCGA-BR-8284-01A	TCGA-BR-8284	TCGA-STAD	STAD	291	434	mutation_count_proxy_no_callable_territory
TCGA-BR-8285-01A	TCGA-BR-8285	TCGA-STAD	STAD	87	124	mutation_count_proxy_no_callable_territory
TCGA-BR-8286-01A	TCGA-BR-8286	TCGA-STAD	STAD	107	174	mutation_count_proxy_no_callable_territory
TCGA-BR-8289-01A	TCGA-BR-8289	TCGA-STAD	STAD	191	251	mutation_count_proxy_no_callable_territory
TCGA-BR-8291-01A	TCGA-BR-8291	TCGA-STAD	STAD	26	33	mutation_count_proxy_no_callable_territory
TCGA-BR-8295-01A	TCGA-BR-8295	TCGA-STAD	STAD	41	63	mutation_count_proxy_no_callable_territory
TCGA-BR-8296-01A	TCGA-BR-8296	TCGA-STAD	STAD	63	95	mutation_count_proxy_no_callable_territory
TCGA-BR-8297-01A	TCGA-BR-8297	TCGA-STAD	STAD	201	298	mutation_count_proxy_no_callable_territory
TCGA-BR-8360-01A	TCGA-BR-8360	TCGA-STAD	STAD	800	1228	mutation_count_proxy_no_callable_territory
TCGA-BR-8361-01A	TCGA-BR-8361	TCGA-STAD	STAD	1415	2149	mutation_count_proxy_no_callable_territory
TCGA-BR-8363-01A	TCGA-BR-8363	TCGA-STAD	STAD	1120	1637	mutation_count_proxy_no_callable_territory
TCGA-BR-8364-01A	TCGA-BR-8364	TCGA-STAD	STAD	17	25	mutation_count_proxy_no_callable_territory
TCGA-BR-8365-01A	TCGA-BR-8365	TCGA-STAD	STAD	21	32	mutation_count_proxy_no_callable_territory
TCGA-BR-8366-01A	TCGA-BR-8366	TCGA-STAD	STAD	153	215	mutation_count_proxy_no_callable_territory
TCGA-BR-8367-01A	TCGA-BR-8367	TCGA-STAD	STAD	55	80	mutation_count_proxy_no_callable_territory
TCGA-BR-8368-01A	TCGA-BR-8368	TCGA-STAD	STAD	881	1373	mutation_count_proxy_no_callable_territory
TCGA-BR-8369-01A	TCGA-BR-8369	TCGA-STAD	STAD	189	268	mutation_count_proxy_no_callable_territory
TCGA-BR-8370-01A	TCGA-BR-8370	TCGA-STAD	STAD	92	149	mutation_count_proxy_no_callable_territory
TCGA-BR-8371-01A	TCGA-BR-8371	TCGA-STAD	STAD	19	25	mutation_count_proxy_no_callable_territory
TCGA-BR-8372-01A	TCGA-BR-8372	TCGA-STAD	STAD	1154	1749	mutation_count_proxy_no_callable_territory
TCGA-BR-8373-01A	TCGA-BR-8373	TCGA-STAD	STAD	73	123	mutation_count_proxy_no_callable_territory
TCGA-BR-8380-01A	TCGA-BR-8380	TCGA-STAD	STAD	73	95	mutation_count_proxy_no_callable_territory
TCGA-BR-8381-01A	TCGA-BR-8381	TCGA-STAD	STAD	100	166	mutation_count_proxy_no_callable_territory
TCGA-BR-8382-01A	TCGA-BR-8382	TCGA-STAD	STAD	820	1235	mutation_count_proxy_no_callable_territory
TCGA-BR-8384-01A	TCGA-BR-8384	TCGA-STAD	STAD	44	63	mutation_count_proxy_no_callable_territory
TCGA-BR-8483-01A	TCGA-BR-8483	TCGA-STAD	STAD	108	163	mutation_count_proxy_no_callable_territory
TCGA-BR-8484-01A	TCGA-BR-8484	TCGA-STAD	STAD	57	101	mutation_count_proxy_no_callable_territory
TCGA-BR-8485-01A	TCGA-BR-8485	TCGA-STAD	STAD	274	395	mutation_count_proxy_no_callable_territory
TCGA-BR-8486-01A	TCGA-BR-8486	TCGA-STAD	STAD	53	75	mutation_count_proxy_no_callable_territory
TCGA-BR-8487-01A	TCGA-BR-8487	TCGA-STAD	STAD	2644	3910	mutation_count_proxy_no_callable_territory
TCGA-BR-8588-01A	TCGA-BR-8588	TCGA-STAD	STAD	101	159	mutation_count_proxy_no_callable_territory
TCGA-BR-8589-01A	TCGA-BR-8589	TCGA-STAD	STAD	999	1399	mutation_count_proxy_no_callable_territory
TCGA-BR-8590-01A	TCGA-BR-8590	TCGA-STAD	STAD	115	165	mutation_count_proxy_no_callable_territory
TCGA-BR-8591-01A	TCGA-BR-8591	TCGA-STAD	STAD	1349	2027	mutation_count_proxy_no_callable_territory
TCGA-BR-8592-01A	TCGA-BR-8592	TCGA-STAD	STAD	31	44	mutation_count_proxy_no_callable_territory
TCGA-BR-8676-01A	TCGA-BR-8676	TCGA-STAD	STAD	77	106	mutation_count_proxy_no_callable_territory
TCGA-BR-8677-01A	TCGA-BR-8677	TCGA-STAD	STAD	58	86	mutation_count_proxy_no_callable_territory
TCGA-BR-8678-01A	TCGA-BR-8678	TCGA-STAD	STAD	103	145	mutation_count_proxy_no_callable_territory
TCGA-BR-8679-01A	TCGA-BR-8679	TCGA-STAD	STAD	137	207	mutation_count_proxy_no_callable_territory
TCGA-BR-8680-01A	TCGA-BR-8680	TCGA-STAD	STAD	5396	7887	mutation_count_proxy_no_callable_territory
TCGA-BR-8682-01A	TCGA-BR-8682	TCGA-STAD	STAD	57	94	mutation_count_proxy_no_callable_territory
TCGA-BR-8683-01A	TCGA-BR-8683	TCGA-STAD	STAD	129	196	mutation_count_proxy_no_callable_territory
TCGA-BR-8686-01A	TCGA-BR-8686	TCGA-STAD	STAD	97	143	mutation_count_proxy_no_callable_territory
TCGA-BR-8687-01A	TCGA-BR-8687	TCGA-STAD	STAD	156	238	mutation_count_proxy_no_callable_territory
TCGA-BR-8690-01A	TCGA-BR-8690	TCGA-STAD	STAD	135	202	mutation_count_proxy_no_callable_territory
TCGA-BR-A44T-01A	TCGA-BR-A44T	TCGA-STAD	STAD	14	25	mutation_count_proxy_no_callable_territory
TCGA-BR-A44U-01A	TCGA-BR-A44U	TCGA-STAD	STAD	78	120	mutation_count_proxy_no_callable_territory
TCGA-BR-A452-01A	TCGA-BR-A452	TCGA-STAD	STAD	91	141	mutation_count_proxy_no_callable_territory
TCGA-BR-A453-01A	TCGA-BR-A453	TCGA-STAD	STAD	57	86	mutation_count_proxy_no_callable_territory
TCGA-BR-A4CQ-01A	TCGA-BR-A4CQ	TCGA-STAD	STAD	156	232	mutation_count_proxy_no_callable_territory
TCGA-BR-A4CR-01A	TCGA-BR-A4CR	TCGA-STAD	STAD	50	91	mutation_count_proxy_no_callable_territory
TCGA-BR-A4CS-01A	TCGA-BR-A4CS	TCGA-STAD	STAD	139	209	mutation_count_proxy_no_callable_territory
TCGA-BR-A4IU-01A	TCGA-BR-A4IU	TCGA-STAD	STAD	24	29	mutation_count_proxy_no_callable_territory
TCGA-BR-A4IV-01A	TCGA-BR-A4IV	TCGA-STAD	STAD	27	42	mutation_count_proxy_no_callable_territory
TCGA-BR-A4IY-01A	TCGA-BR-A4IY	TCGA-STAD	STAD	139	200	mutation_count_proxy_no_callable_territory
TCGA-BR-A4IZ-01A	TCGA-BR-A4IZ	TCGA-STAD	STAD	18	21	mutation_count_proxy_no_callable_territory
TCGA-BR-A4J1-01A	TCGA-BR-A4J1	TCGA-STAD	STAD	54	90	mutation_count_proxy_no_callable_territory
TCGA-BR-A4J2-01A	TCGA-BR-A4J2	TCGA-STAD	STAD	46	71	mutation_count_proxy_no_callable_territory
TCGA-BR-A4J4-01A	TCGA-BR-A4J4	TCGA-STAD	STAD	78	103	mutation_count_proxy_no_callable_territory
TCGA-BR-A4J5-01A	TCGA-BR-A4J5	TCGA-STAD	STAD	82	119	mutation_count_proxy_no_callable_territory
TCGA-BR-A4J6-01A	TCGA-BR-A4J6	TCGA-STAD	STAD	28	41	mutation_count_proxy_no_callable_territory
TCGA-BR-A4J7-01A	TCGA-BR-A4J7	TCGA-STAD	STAD	48	71	mutation_count_proxy_no_callable_territory
TCGA-BR-A4J8-01A	TCGA-BR-A4J8	TCGA-STAD	STAD	71	118	mutation_count_proxy_no_callable_territory
TCGA-BR-A4J9-01A	TCGA-BR-A4J9	TCGA-STAD	STAD	39	52	mutation_count_proxy_no_callable_territory
TCGA-BR-A4PD-01A	TCGA-BR-A4PD	TCGA-STAD	STAD	136	201	mutation_count_proxy_no_callable_territory
TCGA-BR-A4PE-01A	TCGA-BR-A4PE	TCGA-STAD	STAD	186	269	mutation_count_proxy_no_callable_territory
TCGA-BR-A4PF-01A	TCGA-BR-A4PF	TCGA-STAD	STAD	101	130	mutation_count_proxy_no_callable_territory
TCGA-BR-A4QI-01A	TCGA-BR-A4QI	TCGA-STAD	STAD	104	159	mutation_count_proxy_no_callable_territory
TCGA-BR-A4QL-01A	TCGA-BR-A4QL	TCGA-STAD	STAD	1698	2510	mutation_count_proxy_no_callable_territory
TCGA-BR-A4QM-01A	TCGA-BR-A4QM	TCGA-STAD	STAD	79	129	mutation_count_proxy_no_callable_territory
TCGA-CD-5798-01A	TCGA-CD-5798	TCGA-STAD	STAD	82	124	mutation_count_proxy_no_callable_territory
TCGA-CD-5799-01A	TCGA-CD-5799	TCGA-STAD	STAD	35	58	mutation_count_proxy_no_callable_territory
TCGA-CD-5800-01A	TCGA-CD-5800	TCGA-STAD	STAD	147	212	mutation_count_proxy_no_callable_territory
TCGA-CD-5801-01A	TCGA-CD-5801	TCGA-STAD	STAD	381	553	mutation_count_proxy_no_callable_territory
TCGA-CD-5802-01A	TCGA-CD-5802	TCGA-STAD	STAD	46	71	mutation_count_proxy_no_callable_territory
TCGA-CD-5803-01A	TCGA-CD-5803	TCGA-STAD	STAD	35	47	mutation_count_proxy_no_callable_territory
TCGA-CD-5804-01A	TCGA-CD-5804	TCGA-STAD	STAD	69	96	mutation_count_proxy_no_callable_territory
TCGA-CD-5813-01A	TCGA-CD-5813	TCGA-STAD	STAD	155	233	mutation_count_proxy_no_callable_territory
TCGA-CD-8524-01A	TCGA-CD-8524	TCGA-STAD	STAD	141	200	mutation_count_proxy_no_callable_territory
TCGA-CD-8525-01A	TCGA-CD-8525	TCGA-STAD	STAD	73	107	mutation_count_proxy_no_callable_territory
TCGA-CD-8526-01A	TCGA-CD-8526	TCGA-STAD	STAD	49	62	mutation_count_proxy_no_callable_territory
TCGA-CD-8527-01A	TCGA-CD-8527	TCGA-STAD	STAD	208	328	mutation_count_proxy_no_callable_territory
TCGA-CD-8528-01A	TCGA-CD-8528	TCGA-STAD	STAD	91	139	mutation_count_proxy_no_callable_territory
TCGA-CD-8529-01A	TCGA-CD-8529	TCGA-STAD	STAD	362	524	mutation_count_proxy_no_callable_territory
TCGA-CD-8530-01A	TCGA-CD-8530	TCGA-STAD	STAD	72	118	mutation_count_proxy_no_callable_territory
TCGA-CD-8531-01A	TCGA-CD-8531	TCGA-STAD	STAD	229	344	mutation_count_proxy_no_callable_territory
TCGA-CD-8532-01A	TCGA-CD-8532	TCGA-STAD	STAD	32	55	mutation_count_proxy_no_callable_territory
TCGA-CD-8533-01A	TCGA-CD-8533	TCGA-STAD	STAD	100	164	mutation_count_proxy_no_callable_territory
TCGA-CD-8534-01A	TCGA-CD-8534	TCGA-STAD	STAD	57	77	mutation_count_proxy_no_callable_territory
TCGA-CD-8535-01A	TCGA-CD-8535	TCGA-STAD	STAD	234	352	mutation_count_proxy_no_callable_territory
TCGA-CD-8536-01A	TCGA-CD-8536	TCGA-STAD	STAD	833	1190	mutation_count_proxy_no_callable_territory
TCGA-CD-A486-01A	TCGA-CD-A486	TCGA-STAD	STAD	85	119	mutation_count_proxy_no_callable_territory
TCGA-CD-A487-01A	TCGA-CD-A487	TCGA-STAD	STAD	159	218	mutation_count_proxy_no_callable_territory
TCGA-CD-A489-01A	TCGA-CD-A489	TCGA-STAD	STAD	64	98	mutation_count_proxy_no_callable_territory
TCGA-CD-A48A-01A	TCGA-CD-A48A	TCGA-STAD	STAD	207	301	mutation_count_proxy_no_callable_territory
TCGA-CD-A48C-01A	TCGA-CD-A48C	TCGA-STAD	STAD	189	280	mutation_count_proxy_no_callable_territory
TCGA-CD-A4MG-01A	TCGA-CD-A4MG	TCGA-STAD	STAD	2169	3190	mutation_count_proxy_no_callable_territory
TCGA-CD-A4MH-01A	TCGA-CD-A4MH	TCGA-STAD	STAD	66	106	mutation_count_proxy_no_callable_territory
TCGA-CD-A4MI-01A	TCGA-CD-A4MI	TCGA-STAD	STAD	909	1318	mutation_count_proxy_no_callable_territory
TCGA-CD-A4MJ-01A	TCGA-CD-A4MJ	TCGA-STAD	STAD	635	914	mutation_count_proxy_no_callable_territory
TCGA-CG-4300-01A	TCGA-CG-4300	TCGA-STAD	STAD	114	171	mutation_count_proxy_no_callable_territory
TCGA-CG-4301-01A	TCGA-CG-4301	TCGA-STAD	STAD	49	72	mutation_count_proxy_no_callable_territory
TCGA-CG-4304-01A	TCGA-CG-4304	TCGA-STAD	STAD	58	99	mutation_count_proxy_no_callable_territory
TCGA-CG-4305-01A	TCGA-CG-4305	TCGA-STAD	STAD	1081	1607	mutation_count_proxy_no_callable_territory
TCGA-CG-4306-01A	TCGA-CG-4306	TCGA-STAD	STAD	1037	1526	mutation_count_proxy_no_callable_territory
TCGA-CG-4436-01A	TCGA-CG-4436	TCGA-STAD	STAD	155	232	mutation_count_proxy_no_callable_territory
TCGA-CG-4437-01A	TCGA-CG-4437	TCGA-STAD	STAD	472	688	mutation_count_proxy_no_callable_territory
TCGA-CG-4438-01A	TCGA-CG-4438	TCGA-STAD	STAD	125	177	mutation_count_proxy_no_callable_territory
TCGA-CG-4440-01A	TCGA-CG-4440	TCGA-STAD	STAD	117	162	mutation_count_proxy_no_callable_territory
TCGA-CG-4441-01A	TCGA-CG-4441	TCGA-STAD	STAD	93	140	mutation_count_proxy_no_callable_territory
TCGA-CG-4442-01A	TCGA-CG-4442	TCGA-STAD	STAD	1348	2058	mutation_count_proxy_no_callable_territory
TCGA-CG-4443-01A	TCGA-CG-4443	TCGA-STAD	STAD	81	126	mutation_count_proxy_no_callable_territory
TCGA-CG-4444-01A	TCGA-CG-4444	TCGA-STAD	STAD	150	236	mutation_count_proxy_no_callable_territory
TCGA-CG-4449-01A	TCGA-CG-4449	TCGA-STAD	STAD	86	120	mutation_count_proxy_no_callable_territory
TCGA-CG-4455-01A	TCGA-CG-4455	TCGA-STAD	STAD	34	62	mutation_count_proxy_no_callable_territory
TCGA-CG-4460-01A	TCGA-CG-4460	TCGA-STAD	STAD	1743	2605	mutation_count_proxy_no_callable_territory
TCGA-CG-4462-01A	TCGA-CG-4462	TCGA-STAD	STAD	58	101	mutation_count_proxy_no_callable_territory
TCGA-CG-4465-01A	TCGA-CG-4465	TCGA-STAD	STAD	584	861	mutation_count_proxy_no_callable_territory
TCGA-CG-4466-01A	TCGA-CG-4466	TCGA-STAD	STAD	175	264	mutation_count_proxy_no_callable_territory
TCGA-CG-4469-01A	TCGA-CG-4469	TCGA-STAD	STAD	279	400	mutation_count_proxy_no_callable_territory
TCGA-CG-4474-01A	TCGA-CG-4474	TCGA-STAD	STAD	81	119	mutation_count_proxy_no_callable_territory
TCGA-CG-4475-01A	TCGA-CG-4475	TCGA-STAD	STAD	48	78	mutation_count_proxy_no_callable_territory
TCGA-CG-4476-01A	TCGA-CG-4476	TCGA-STAD	STAD	115	153	mutation_count_proxy_no_callable_territory
TCGA-CG-4477-01A	TCGA-CG-4477	TCGA-STAD	STAD	129	169	mutation_count_proxy_no_callable_territory
TCGA-CG-5716-01A	TCGA-CG-5716	TCGA-STAD	STAD	20	24	mutation_count_proxy_no_callable_territory
TCGA-CG-5717-01A	TCGA-CG-5717	TCGA-STAD	STAD	115	168	mutation_count_proxy_no_callable_territory
TCGA-CG-5718-01A	TCGA-CG-5718	TCGA-STAD	STAD	77	114	mutation_count_proxy_no_callable_territory
TCGA-CG-5719-01A	TCGA-CG-5719	TCGA-STAD	STAD	63	93	mutation_count_proxy_no_callable_territory
TCGA-CG-5720-01A	TCGA-CG-5720	TCGA-STAD	STAD	69	106	mutation_count_proxy_no_callable_territory
TCGA-CG-5721-01A	TCGA-CG-5721	TCGA-STAD	STAD	3685	5572	mutation_count_proxy_no_callable_territory
TCGA-CG-5722-01A	TCGA-CG-5722	TCGA-STAD	STAD	75	110	mutation_count_proxy_no_callable_territory
TCGA-CG-5723-01A	TCGA-CG-5723	TCGA-STAD	STAD	1601	2366	mutation_count_proxy_no_callable_territory
TCGA-CG-5724-01A	TCGA-CG-5724	TCGA-STAD	STAD	94	151	mutation_count_proxy_no_callable_territory
TCGA-CG-5725-01A	TCGA-CG-5725	TCGA-STAD	STAD	98	121	mutation_count_proxy_no_callable_territory
TCGA-CG-5726-01A	TCGA-CG-5726	TCGA-STAD	STAD	1188	1881	mutation_count_proxy_no_callable_territory
TCGA-CG-5727-01A	TCGA-CG-5727	TCGA-STAD	STAD	135	208	mutation_count_proxy_no_callable_territory
TCGA-CG-5728-01A	TCGA-CG-5728	TCGA-STAD	STAD	1277	1934	mutation_count_proxy_no_callable_territory
TCGA-CG-5730-01A	TCGA-CG-5730	TCGA-STAD	STAD	127	213	mutation_count_proxy_no_callable_territory
TCGA-CG-5732-01A	TCGA-CG-5732	TCGA-STAD	STAD	51	83	mutation_count_proxy_no_callable_territory
TCGA-CG-5733-01A	TCGA-CG-5733	TCGA-STAD	STAD	1032	1546	mutation_count_proxy_no_callable_territory
TCGA-CG-5734-01A	TCGA-CG-5734	TCGA-STAD	STAD	75	115	mutation_count_proxy_no_callable_territory
TCGA-D7-5577-01A	TCGA-D7-5577	TCGA-STAD	STAD	114	153	mutation_count_proxy_no_callable_territory
TCGA-D7-5578-01A	TCGA-D7-5578	TCGA-STAD	STAD	192	302	mutation_count_proxy_no_callable_territory
TCGA-D7-5579-01A	TCGA-D7-5579	TCGA-STAD	STAD	135	183	mutation_count_proxy_no_callable_territory
TCGA-D7-6518-01A	TCGA-D7-6518	TCGA-STAD	STAD	76	112	mutation_count_proxy_no_callable_territory
TCGA-D7-6519-01A	TCGA-D7-6519	TCGA-STAD	STAD	48	71	mutation_count_proxy_no_callable_territory
TCGA-D7-6520-01A	TCGA-D7-6520	TCGA-STAD	STAD	53	79	mutation_count_proxy_no_callable_territory
TCGA-D7-6521-01A	TCGA-D7-6521	TCGA-STAD	STAD	71	92	mutation_count_proxy_no_callable_territory
TCGA-D7-6522-01A	TCGA-D7-6522	TCGA-STAD	STAD	45	68	mutation_count_proxy_no_callable_territory
TCGA-D7-6524-01A	TCGA-D7-6524	TCGA-STAD	STAD	87	129	mutation_count_proxy_no_callable_territory
TCGA-D7-6525-01A	TCGA-D7-6525	TCGA-STAD	STAD	140	214	mutation_count_proxy_no_callable_territory
TCGA-D7-6526-01A	TCGA-D7-6526	TCGA-STAD	STAD	185	282	mutation_count_proxy_no_callable_territory
TCGA-D7-6527-01A	TCGA-D7-6527	TCGA-STAD	STAD	196	277	mutation_count_proxy_no_callable_territory
TCGA-D7-6528-01A	TCGA-D7-6528	TCGA-STAD	STAD	302	436	mutation_count_proxy_no_callable_territory
TCGA-D7-6815-01A	TCGA-D7-6815	TCGA-STAD	STAD	118	190	mutation_count_proxy_no_callable_territory
TCGA-D7-6817-01A	TCGA-D7-6817	TCGA-STAD	STAD	71	108	mutation_count_proxy_no_callable_territory
TCGA-D7-6818-01A	TCGA-D7-6818	TCGA-STAD	STAD	146	204	mutation_count_proxy_no_callable_territory
TCGA-D7-6820-01A	TCGA-D7-6820	TCGA-STAD	STAD	77	127	mutation_count_proxy_no_callable_territory
TCGA-D7-6822-01A	TCGA-D7-6822	TCGA-STAD	STAD	231	320	mutation_count_proxy_no_callable_territory
TCGA-D7-8570-01A	TCGA-D7-8570	TCGA-STAD	STAD	103	162	mutation_count_proxy_no_callable_territory
TCGA-D7-8572-01A	TCGA-D7-8572	TCGA-STAD	STAD	155	226	mutation_count_proxy_no_callable_territory
TCGA-D7-8573-01A	TCGA-D7-8573	TCGA-STAD	STAD	72	111	mutation_count_proxy_no_callable_territory
TCGA-D7-8574-01A	TCGA-D7-8574	TCGA-STAD	STAD	33	49	mutation_count_proxy_no_callable_territory
TCGA-D7-8575-01A	TCGA-D7-8575	TCGA-STAD	STAD	49	66	mutation_count_proxy_no_callable_territory
TCGA-D7-8576-01A	TCGA-D7-8576	TCGA-STAD	STAD	45	77	mutation_count_proxy_no_callable_territory
TCGA-D7-8578-01A	TCGA-D7-8578	TCGA-STAD	STAD	51	69	mutation_count_proxy_no_callable_territory
TCGA-D7-8579-01A	TCGA-D7-8579	TCGA-STAD	STAD	98	145	mutation_count_proxy_no_callable_territory
TCGA-D7-A4YT-01A	TCGA-D7-A4YT	TCGA-STAD	STAD	245	387	mutation_count_proxy_no_callable_territory
TCGA-D7-A4YU-01A	TCGA-D7-A4YU	TCGA-STAD	STAD	219	292	mutation_count_proxy_no_callable_territory
TCGA-D7-A4YV-01A	TCGA-D7-A4YV	TCGA-STAD	STAD	815	1208	mutation_count_proxy_no_callable_territory
TCGA-D7-A4YX-01A	TCGA-D7-A4YX	TCGA-STAD	STAD	72	108	mutation_count_proxy_no_callable_territory
TCGA-D7-A4YY-01A	TCGA-D7-A4YY	TCGA-STAD	STAD	412	680	mutation_count_proxy_no_callable_territory
TCGA-D7-A4Z0-01A	TCGA-D7-A4Z0	TCGA-STAD	STAD	275	374	mutation_count_proxy_no_callable_territory
TCGA-D7-A6ET-01A	TCGA-D7-A6ET	TCGA-STAD	STAD	21	35	mutation_count_proxy_no_callable_territory
TCGA-D7-A6EV-01A	TCGA-D7-A6EV	TCGA-STAD	STAD	144	216	mutation_count_proxy_no_callable_territory
TCGA-D7-A6EX-01A	TCGA-D7-A6EX	TCGA-STAD	STAD	111	157	mutation_count_proxy_no_callable_territory
TCGA-D7-A6EY-01A	TCGA-D7-A6EY	TCGA-STAD	STAD	1279	1860	mutation_count_proxy_no_callable_territory
TCGA-D7-A6EZ-01A	TCGA-D7-A6EZ	TCGA-STAD	STAD	247	340	mutation_count_proxy_no_callable_territory
TCGA-D7-A6F0-01A	TCGA-D7-A6F0	TCGA-STAD	STAD	106	162	mutation_count_proxy_no_callable_territory
TCGA-D7-A6F2-01A	TCGA-D7-A6F2	TCGA-STAD	STAD	65	91	mutation_count_proxy_no_callable_territory
TCGA-D7-A747-01A	TCGA-D7-A747	TCGA-STAD	STAD	97	131	mutation_count_proxy_no_callable_territory
TCGA-D7-A748-01A	TCGA-D7-A748	TCGA-STAD	STAD	37	52	mutation_count_proxy_no_callable_territory
TCGA-D7-A74A-01A	TCGA-D7-A74A	TCGA-STAD	STAD	125	201	mutation_count_proxy_no_callable_territory
TCGA-D7-A74B-01A	TCGA-D7-A74B	TCGA-STAD	STAD	32	46	mutation_count_proxy_no_callable_territory
TCGA-EQ-5647-01A	TCGA-EQ-5647	TCGA-STAD	STAD	150	220	mutation_count_proxy_no_callable_territory
TCGA-EQ-8122-01A	TCGA-EQ-8122	TCGA-STAD	STAD	162	240	mutation_count_proxy_no_callable_territory
TCGA-EQ-A4SO-01A	TCGA-EQ-A4SO	TCGA-STAD	STAD	320	455	mutation_count_proxy_no_callable_territory
TCGA-F1-6177-01A	TCGA-F1-6177	TCGA-STAD	STAD	1186	1813	mutation_count_proxy_no_callable_territory
TCGA-F1-6874-01A	TCGA-F1-6874	TCGA-STAD	STAD	847	1253	mutation_count_proxy_no_callable_territory
TCGA-F1-6875-01A	TCGA-F1-6875	TCGA-STAD	STAD	84	120	mutation_count_proxy_no_callable_territory
TCGA-F1-A448-01A	TCGA-F1-A448	TCGA-STAD	STAD	536	789	mutation_count_proxy_no_callable_territory
TCGA-F1-A72C-01A	TCGA-F1-A72C	TCGA-STAD	STAD	44	68	mutation_count_proxy_no_callable_territory
TCGA-FP-7735-01A	TCGA-FP-7735	TCGA-STAD	STAD	100	144	mutation_count_proxy_no_callable_territory
TCGA-FP-7829-01A	TCGA-FP-7829	TCGA-STAD	STAD	425	639	mutation_count_proxy_no_callable_territory
TCGA-FP-7916-01A	TCGA-FP-7916	TCGA-STAD	STAD	87	130	mutation_count_proxy_no_callable_territory
TCGA-FP-7998-01A	TCGA-FP-7998	TCGA-STAD	STAD	60	83	mutation_count_proxy_no_callable_territory
TCGA-FP-8099-01A	TCGA-FP-8099	TCGA-STAD	STAD	115	178	mutation_count_proxy_no_callable_territory
TCGA-FP-8209-01A	TCGA-FP-8209	TCGA-STAD	STAD	0	1	mutation_count_proxy_no_callable_territory
TCGA-FP-8210-01A	TCGA-FP-8210	TCGA-STAD	STAD	5	6	mutation_count_proxy_no_callable_territory
TCGA-FP-8211-01A	TCGA-FP-8211	TCGA-STAD	STAD	91	125	mutation_count_proxy_no_callable_territory
TCGA-FP-8631-01A	TCGA-FP-8631	TCGA-STAD	STAD	82	130	mutation_count_proxy_no_callable_territory
TCGA-FP-A4BE-01A	TCGA-FP-A4BE	TCGA-STAD	STAD	1330	1972	mutation_count_proxy_no_callable_territory
TCGA-FP-A4BF-01A	TCGA-FP-A4BF	TCGA-STAD	STAD	93	130	mutation_count_proxy_no_callable_territory
TCGA-FP-A8CX-01A	TCGA-FP-A8CX	TCGA-STAD	STAD	85	120	mutation_count_proxy_no_callable_territory
TCGA-FP-A9TM-01A	TCGA-FP-A9TM	TCGA-STAD	STAD	148	215	mutation_count_proxy_no_callable_territory
TCGA-HF-7131-01A	TCGA-HF-7131	TCGA-STAD	STAD	80	120	mutation_count_proxy_no_callable_territory
TCGA-HF-7132-01A	TCGA-HF-7132	TCGA-STAD	STAD	1134	1656	mutation_count_proxy_no_callable_territory
TCGA-HF-7133-01A	TCGA-HF-7133	TCGA-STAD	STAD	68	93	mutation_count_proxy_no_callable_territory
TCGA-HF-7134-01A	TCGA-HF-7134	TCGA-STAD	STAD	255	362	mutation_count_proxy_no_callable_territory
TCGA-HF-7136-01A	TCGA-HF-7136	TCGA-STAD	STAD	79	109	mutation_count_proxy_no_callable_territory
TCGA-HF-A5NB-01A	TCGA-HF-A5NB	TCGA-STAD	STAD	1299	1986	mutation_count_proxy_no_callable_territory
TCGA-HJ-7597-01A	TCGA-HJ-7597	TCGA-STAD	STAD	692	1041	mutation_count_proxy_no_callable_territory
TCGA-HU-8238-01A	TCGA-HU-8238	TCGA-STAD	STAD	147	210	mutation_count_proxy_no_callable_territory
TCGA-HU-8243-01A	TCGA-HU-8243	TCGA-STAD	STAD	113	171	mutation_count_proxy_no_callable_territory
TCGA-HU-8244-01A	TCGA-HU-8244	TCGA-STAD	STAD	106	177	mutation_count_proxy_no_callable_territory
TCGA-HU-8245-01A	TCGA-HU-8245	TCGA-STAD	STAD	60	84	mutation_count_proxy_no_callable_territory
TCGA-HU-8249-01A	TCGA-HU-8249	TCGA-STAD	STAD	124	182	mutation_count_proxy_no_callable_territory
TCGA-HU-8602-01A	TCGA-HU-8602	TCGA-STAD	STAD	2941	4436	mutation_count_proxy_no_callable_territory
TCGA-HU-8604-01A	TCGA-HU-8604	TCGA-STAD	STAD	365	534	mutation_count_proxy_no_callable_territory
TCGA-HU-8608-01A	TCGA-HU-8608	TCGA-STAD	STAD	163	220	mutation_count_proxy_no_callable_territory
TCGA-HU-8610-01A	TCGA-HU-8610	TCGA-STAD	STAD	104	144	mutation_count_proxy_no_callable_territory
TCGA-HU-A4G2-01A	TCGA-HU-A4G2	TCGA-STAD	STAD	41	69	mutation_count_proxy_no_callable_territory
TCGA-HU-A4G3-01A	TCGA-HU-A4G3	TCGA-STAD	STAD	190	281	mutation_count_proxy_no_callable_territory
TCGA-HU-A4G6-01A	TCGA-HU-A4G6	TCGA-STAD	STAD	71	104	mutation_count_proxy_no_callable_territory
TCGA-HU-A4G8-01A	TCGA-HU-A4G8	TCGA-STAD	STAD	1354	2011	mutation_count_proxy_no_callable_territory
TCGA-HU-A4G9-01A	TCGA-HU-A4G9	TCGA-STAD	STAD	1440	2168	mutation_count_proxy_no_callable_territory
TCGA-HU-A4GC-01A	TCGA-HU-A4GC	TCGA-STAD	STAD	232	350	mutation_count_proxy_no_callable_territory
TCGA-HU-A4GD-01A	TCGA-HU-A4GD	TCGA-STAD	STAD	75	113	mutation_count_proxy_no_callable_territory
TCGA-HU-A4GF-01A	TCGA-HU-A4GF	TCGA-STAD	STAD	130	182	mutation_count_proxy_no_callable_territory
TCGA-HU-A4GH-01A	TCGA-HU-A4GH	TCGA-STAD	STAD	1430	1936	mutation_count_proxy_no_callable_territory
TCGA-HU-A4GJ-01A	TCGA-HU-A4GJ	TCGA-STAD	STAD	3	6	mutation_count_proxy_no_callable_territory
TCGA-HU-A4GN-01A	TCGA-HU-A4GN	TCGA-STAD	STAD	2118	3113	mutation_count_proxy_no_callable_territory
TCGA-HU-A4GP-01A	TCGA-HU-A4GP	TCGA-STAD	STAD	340	545	mutation_count_proxy_no_callable_territory
TCGA-HU-A4GQ-01A	TCGA-HU-A4GQ	TCGA-STAD	STAD	1666	2457	mutation_count_proxy_no_callable_territory
TCGA-HU-A4GT-01A	TCGA-HU-A4GT	TCGA-STAD	STAD	1252	1872	mutation_count_proxy_no_callable_territory
TCGA-HU-A4GU-01A	TCGA-HU-A4GU	TCGA-STAD	STAD	1301	1973	mutation_count_proxy_no_callable_territory
TCGA-HU-A4GX-01A	TCGA-HU-A4GX	TCGA-STAD	STAD	2249	3312	mutation_count_proxy_no_callable_territory
TCGA-HU-A4GY-01A	TCGA-HU-A4GY	TCGA-STAD	STAD	112	170	mutation_count_proxy_no_callable_territory
TCGA-HU-A4H0-01A	TCGA-HU-A4H0	TCGA-STAD	STAD	159	224	mutation_count_proxy_no_callable_territory
TCGA-HU-A4H2-01A	TCGA-HU-A4H2	TCGA-STAD	STAD	151	233	mutation_count_proxy_no_callable_territory
TCGA-HU-A4H3-01A	TCGA-HU-A4H3	TCGA-STAD	STAD	824	1243	mutation_count_proxy_no_callable_territory
TCGA-HU-A4H4-01A	TCGA-HU-A4H4	TCGA-STAD	STAD	574	851	mutation_count_proxy_no_callable_territory
TCGA-HU-A4H5-01A	TCGA-HU-A4H5	TCGA-STAD	STAD	247	348	mutation_count_proxy_no_callable_territory
TCGA-HU-A4H6-01A	TCGA-HU-A4H6	TCGA-STAD	STAD	97	153	mutation_count_proxy_no_callable_territory
TCGA-HU-A4H8-01A	TCGA-HU-A4H8	TCGA-STAD	STAD	1057	1602	mutation_count_proxy_no_callable_territory
TCGA-HU-A4HB-01A	TCGA-HU-A4HB	TCGA-STAD	STAD	19	25	mutation_count_proxy_no_callable_territory
TCGA-HU-A4HD-01A	TCGA-HU-A4HD	TCGA-STAD	STAD	157	235	mutation_count_proxy_no_callable_territory
TCGA-IN-7806-01A	TCGA-IN-7806	TCGA-STAD	STAD	136	189	mutation_count_proxy_no_callable_territory
TCGA-IN-7808-01A	TCGA-IN-7808	TCGA-STAD	STAD	199	272	mutation_count_proxy_no_callable_territory
TCGA-IN-8462-01A	TCGA-IN-8462	TCGA-STAD	STAD	103	154	mutation_count_proxy_no_callable_territory
TCGA-IN-8663-01A	TCGA-IN-8663	TCGA-STAD	STAD	278	467	mutation_count_proxy_no_callable_territory
TCGA-IN-A6RI-01A	TCGA-IN-A6RI	TCGA-STAD	STAD	88	131	mutation_count_proxy_no_callable_territory
TCGA-IN-A6RJ-01A	TCGA-IN-A6RJ	TCGA-STAD	STAD	111	169	mutation_count_proxy_no_callable_territory
TCGA-IN-A6RL-01A	TCGA-IN-A6RL	TCGA-STAD	STAD	395	586	mutation_count_proxy_no_callable_territory
TCGA-IN-A6RN-01A	TCGA-IN-A6RN	TCGA-STAD	STAD	94	158	mutation_count_proxy_no_callable_territory
TCGA-IN-A6RO-01A	TCGA-IN-A6RO	TCGA-STAD	STAD	265	380	mutation_count_proxy_no_callable_territory
TCGA-IN-A6RP-01A	TCGA-IN-A6RP	TCGA-STAD	STAD	150	212	mutation_count_proxy_no_callable_territory
TCGA-IN-A6RR-01A	TCGA-IN-A6RR	TCGA-STAD	STAD	130	208	mutation_count_proxy_no_callable_territory
TCGA-IN-A6RS-01A	TCGA-IN-A6RS	TCGA-STAD	STAD	84	138	mutation_count_proxy_no_callable_territory
TCGA-IN-A7NR-01A	TCGA-IN-A7NR	TCGA-STAD	STAD	79	116	mutation_count_proxy_no_callable_territory
TCGA-IN-A7NT-01A	TCGA-IN-A7NT	TCGA-STAD	STAD	97	142	mutation_count_proxy_no_callable_territory
TCGA-IN-A7NU-01A	TCGA-IN-A7NU	TCGA-STAD	STAD	82	121	mutation_count_proxy_no_callable_territory
TCGA-IN-AB1V-01A	TCGA-IN-AB1V	TCGA-STAD	STAD	48	77	mutation_count_proxy_no_callable_territory
TCGA-IN-AB1X-01A	TCGA-IN-AB1X	TCGA-STAD	STAD	203	288	mutation_count_proxy_no_callable_territory
TCGA-IP-7968-01A	TCGA-IP-7968	TCGA-STAD	STAD	194	267	mutation_count_proxy_no_callable_territory
TCGA-KB-A6F5-01A	TCGA-KB-A6F5	TCGA-STAD	STAD	50	87	mutation_count_proxy_no_callable_territory
TCGA-KB-A6F7-01A	TCGA-KB-A6F7	TCGA-STAD	STAD	93	133	mutation_count_proxy_no_callable_territory
TCGA-KB-A93G-01A	TCGA-KB-A93G	TCGA-STAD	STAD	85	129	mutation_count_proxy_no_callable_territory
TCGA-KB-A93H-01A	TCGA-KB-A93H	TCGA-STAD	STAD	187	297	mutation_count_proxy_no_callable_territory
TCGA-KB-A93J-01A	TCGA-KB-A93J	TCGA-STAD	STAD	135	157	mutation_count_proxy_no_callable_territory
TCGA-MX-A5UG-01A	TCGA-MX-A5UG	TCGA-STAD	STAD	40	56	mutation_count_proxy_no_callable_territory
TCGA-MX-A5UJ-01A	TCGA-MX-A5UJ	TCGA-STAD	STAD	1280	1906	mutation_count_proxy_no_callable_territory
TCGA-MX-A663-01A	TCGA-MX-A663	TCGA-STAD	STAD	83	109	mutation_count_proxy_no_callable_territory
TCGA-MX-A666-01A	TCGA-MX-A666	TCGA-STAD	STAD	105	152	mutation_count_proxy_no_callable_territory
TCGA-R5-A7O7-01A	TCGA-R5-A7O7	TCGA-STAD	STAD	104	156	mutation_count_proxy_no_callable_territory
TCGA-R5-A7ZE-01B	TCGA-R5-A7ZE	TCGA-STAD	STAD	150	211	mutation_count_proxy_no_callable_territory
TCGA-R5-A7ZF-01A	TCGA-R5-A7ZF	TCGA-STAD	STAD	59	89	mutation_count_proxy_no_callable_territory
TCGA-R5-A7ZI-01A	TCGA-R5-A7ZI	TCGA-STAD	STAD	760	1115	mutation_count_proxy_no_callable_territory
TCGA-R5-A7ZR-01A	TCGA-R5-A7ZR	TCGA-STAD	STAD	59	95	mutation_count_proxy_no_callable_territory
TCGA-R5-A804-01A	TCGA-R5-A804	TCGA-STAD	STAD	67	97	mutation_count_proxy_no_callable_territory
TCGA-R5-A805-01A	TCGA-R5-A805	TCGA-STAD	STAD	117	160	mutation_count_proxy_no_callable_territory
TCGA-RD-A7BS-01A	TCGA-RD-A7BS	TCGA-STAD	STAD	41	72	mutation_count_proxy_no_callable_territory
TCGA-RD-A7BT-01A	TCGA-RD-A7BT	TCGA-STAD	STAD	207	292	mutation_count_proxy_no_callable_territory
TCGA-RD-A7BW-01A	TCGA-RD-A7BW	TCGA-STAD	STAD	57	92	mutation_count_proxy_no_callable_territory
TCGA-RD-A7C1-01A	TCGA-RD-A7C1	TCGA-STAD	STAD	252	352	mutation_count_proxy_no_callable_territory
TCGA-RD-A8MV-01A	TCGA-RD-A8MV	TCGA-STAD	STAD	75	92	mutation_count_proxy_no_callable_territory
TCGA-RD-A8MW-01A	TCGA-RD-A8MW	TCGA-STAD	STAD	68	99	mutation_count_proxy_no_callable_territory
TCGA-RD-A8N0-01A	TCGA-RD-A8N0	TCGA-STAD	STAD	2	2	mutation_count_proxy_no_callable_territory
TCGA-RD-A8N1-01A	TCGA-RD-A8N1	TCGA-STAD	STAD	97	133	mutation_count_proxy_no_callable_territory
TCGA-RD-A8N2-01A	TCGA-RD-A8N2	TCGA-STAD	STAD	2	2	mutation_count_proxy_no_callable_territory
TCGA-RD-A8N4-01A	TCGA-RD-A8N4	TCGA-STAD	STAD	4	9	mutation_count_proxy_no_callable_territory
TCGA-RD-A8N5-01A	TCGA-RD-A8N5	TCGA-STAD	STAD	32	45	mutation_count_proxy_no_callable_territory
TCGA-RD-A8N6-01A	TCGA-RD-A8N6	TCGA-STAD	STAD	140	210	mutation_count_proxy_no_callable_territory
TCGA-RD-A8N9-01A	TCGA-RD-A8N9	TCGA-STAD	STAD	101	165	mutation_count_proxy_no_callable_territory
TCGA-RD-A8NB-01A	TCGA-RD-A8NB	TCGA-STAD	STAD	564	836	mutation_count_proxy_no_callable_territory
TCGA-SW-A7EA-01A	TCGA-SW-A7EA	TCGA-STAD	STAD	560	847	mutation_count_proxy_no_callable_territory
TCGA-SW-A7EB-01A	TCGA-SW-A7EB	TCGA-STAD	STAD	129	183	mutation_count_proxy_no_callable_territory
TCGA-VQ-A8DL-01A	TCGA-VQ-A8DL	TCGA-STAD	STAD	145	180	mutation_count_proxy_no_callable_territory
TCGA-VQ-A8DT-01A	TCGA-VQ-A8DT	TCGA-STAD	STAD	178	239	mutation_count_proxy_no_callable_territory
TCGA-VQ-A8DU-01A	TCGA-VQ-A8DU	TCGA-STAD	STAD	136	178	mutation_count_proxy_no_callable_territory
TCGA-VQ-A8DV-01A	TCGA-VQ-A8DV	TCGA-STAD	STAD	61	88	mutation_count_proxy_no_callable_territory
TCGA-VQ-A8DZ-01A	TCGA-VQ-A8DZ	TCGA-STAD	STAD	74	111	mutation_count_proxy_no_callable_territory
TCGA-VQ-A8E0-01A	TCGA-VQ-A8E0	TCGA-STAD	STAD	90	128	mutation_count_proxy_no_callable_territory
TCGA-VQ-A8E2-01A	TCGA-VQ-A8E2	TCGA-STAD	STAD	112	153	mutation_count_proxy_no_callable_territory
TCGA-VQ-A8E3-01A	TCGA-VQ-A8E3	TCGA-STAD	STAD	674	979	mutation_count_proxy_no_callable_territory
TCGA-VQ-A8E7-01B	TCGA-VQ-A8E7	TCGA-STAD	STAD	88	144	mutation_count_proxy_no_callable_territory
TCGA-VQ-A8P2-01A	TCGA-VQ-A8P2	TCGA-STAD	STAD	6304	9525	mutation_count_proxy_no_callable_territory
TCGA-VQ-A8P3-01A	TCGA-VQ-A8P3	TCGA-STAD	STAD	261	371	mutation_count_proxy_no_callable_territory
TCGA-VQ-A8P5-01A	TCGA-VQ-A8P5	TCGA-STAD	STAD	194	269	mutation_count_proxy_no_callable_territory
TCGA-VQ-A8P8-01A	TCGA-VQ-A8P8	TCGA-STAD	STAD	93	138	mutation_count_proxy_no_callable_territory
TCGA-VQ-A8PB-01A	TCGA-VQ-A8PB	TCGA-STAD	STAD	732	1105	mutation_count_proxy_no_callable_territory
TCGA-VQ-A8PC-01A	TCGA-VQ-A8PC	TCGA-STAD	STAD	120	164	mutation_count_proxy_no_callable_territory
TCGA-VQ-A8PD-01A	TCGA-VQ-A8PD	TCGA-STAD	STAD	76	106	mutation_count_proxy_no_callable_territory
TCGA-VQ-A8PE-01A	TCGA-VQ-A8PE	TCGA-STAD	STAD	115	160	mutation_count_proxy_no_callable_territory
TCGA-VQ-A8PF-01A	TCGA-VQ-A8PF	TCGA-STAD	STAD	105	143	mutation_count_proxy_no_callable_territory
TCGA-VQ-A8PH-01A	TCGA-VQ-A8PH	TCGA-STAD	STAD	180	254	mutation_count_proxy_no_callable_territory
TCGA-VQ-A8PJ-01A	TCGA-VQ-A8PJ	TCGA-STAD	STAD	130	191	mutation_count_proxy_no_callable_territory
TCGA-VQ-A8PK-01A	TCGA-VQ-A8PK	TCGA-STAD	STAD	86	119	mutation_count_proxy_no_callable_territory
TCGA-VQ-A8PM-01A	TCGA-VQ-A8PM	TCGA-STAD	STAD	48	68	mutation_count_proxy_no_callable_territory
TCGA-VQ-A8PO-01A	TCGA-VQ-A8PO	TCGA-STAD	STAD	749	1133	mutation_count_proxy_no_callable_territory
TCGA-VQ-A8PP-01A	TCGA-VQ-A8PP	TCGA-STAD	STAD	1318	1945	mutation_count_proxy_no_callable_territory
TCGA-VQ-A8PQ-01A	TCGA-VQ-A8PQ	TCGA-STAD	STAD	11	17	mutation_count_proxy_no_callable_territory
TCGA-VQ-A8PS-01A	TCGA-VQ-A8PS	TCGA-STAD	STAD	34	62	mutation_count_proxy_no_callable_territory
TCGA-VQ-A8PT-01A	TCGA-VQ-A8PT	TCGA-STAD	STAD	1244	1853	mutation_count_proxy_no_callable_territory
TCGA-VQ-A8PU-01A	TCGA-VQ-A8PU	TCGA-STAD	STAD	104	165	mutation_count_proxy_no_callable_territory
TCGA-VQ-A8PX-01A	TCGA-VQ-A8PX	TCGA-STAD	STAD	543	828	mutation_count_proxy_no_callable_territory
TCGA-VQ-A8PY-01A	TCGA-VQ-A8PY	TCGA-STAD	STAD	77	120	mutation_count_proxy_no_callable_territory
TCGA-VQ-A8PZ-01A	TCGA-VQ-A8PZ	TCGA-STAD	STAD	72	110	mutation_count_proxy_no_callable_territory
TCGA-VQ-A91A-01A	TCGA-VQ-A91A	TCGA-STAD	STAD	119	170	mutation_count_proxy_no_callable_territory
TCGA-VQ-A91D-01A	TCGA-VQ-A91D	TCGA-STAD	STAD	2136	3159	mutation_count_proxy_no_callable_territory
TCGA-VQ-A91E-01A	TCGA-VQ-A91E	TCGA-STAD	STAD	728	1041	mutation_count_proxy_no_callable_territory
TCGA-VQ-A91K-01A	TCGA-VQ-A91K	TCGA-STAD	STAD	1199	1824	mutation_count_proxy_no_callable_territory
TCGA-VQ-A91N-01A	TCGA-VQ-A91N	TCGA-STAD	STAD	98	160	mutation_count_proxy_no_callable_territory
TCGA-VQ-A91Q-01A	TCGA-VQ-A91Q	TCGA-STAD	STAD	95	141	mutation_count_proxy_no_callable_territory
TCGA-VQ-A91S-01A	TCGA-VQ-A91S	TCGA-STAD	STAD	230	328	mutation_count_proxy_no_callable_territory
TCGA-VQ-A91U-01A	TCGA-VQ-A91U	TCGA-STAD	STAD	128	199	mutation_count_proxy_no_callable_territory
TCGA-VQ-A91V-01A	TCGA-VQ-A91V	TCGA-STAD	STAD	211	306	mutation_count_proxy_no_callable_territory
TCGA-VQ-A91W-01A	TCGA-VQ-A91W	TCGA-STAD	STAD	38	53	mutation_count_proxy_no_callable_territory
TCGA-VQ-A91X-01A	TCGA-VQ-A91X	TCGA-STAD	STAD	191	266	mutation_count_proxy_no_callable_territory
TCGA-VQ-A91Y-01A	TCGA-VQ-A91Y	TCGA-STAD	STAD	38	57	mutation_count_proxy_no_callable_territory
TCGA-VQ-A91Z-01A	TCGA-VQ-A91Z	TCGA-STAD	STAD	122	179	mutation_count_proxy_no_callable_territory
TCGA-VQ-A922-01A	TCGA-VQ-A922	TCGA-STAD	STAD	144	212	mutation_count_proxy_no_callable_territory
TCGA-VQ-A923-01A	TCGA-VQ-A923	TCGA-STAD	STAD	84	135	mutation_count_proxy_no_callable_territory
TCGA-VQ-A924-01A	TCGA-VQ-A924	TCGA-STAD	STAD	1206	1739	mutation_count_proxy_no_callable_territory
TCGA-VQ-A925-01A	TCGA-VQ-A925	TCGA-STAD	STAD	109	160	mutation_count_proxy_no_callable_territory
TCGA-VQ-A927-01A	TCGA-VQ-A927	TCGA-STAD	STAD	49	69	mutation_count_proxy_no_callable_territory
TCGA-VQ-A928-01A	TCGA-VQ-A928	TCGA-STAD	STAD	51	79	mutation_count_proxy_no_callable_territory
TCGA-VQ-A92D-01A	TCGA-VQ-A92D	TCGA-STAD	STAD	109	173	mutation_count_proxy_no_callable_territory
TCGA-VQ-A94O-01A	TCGA-VQ-A94O	TCGA-STAD	STAD	53	83	mutation_count_proxy_no_callable_territory
TCGA-VQ-A94P-01A	TCGA-VQ-A94P	TCGA-STAD	STAD	73	101	mutation_count_proxy_no_callable_territory
TCGA-VQ-A94R-01A	TCGA-VQ-A94R	TCGA-STAD	STAD	257	386	mutation_count_proxy_no_callable_territory
TCGA-VQ-A94T-01A	TCGA-VQ-A94T	TCGA-STAD	STAD	63	106	mutation_count_proxy_no_callable_territory
TCGA-VQ-A94U-01A	TCGA-VQ-A94U	TCGA-STAD	STAD	134	205	mutation_count_proxy_no_callable_territory
TCGA-VQ-AA64-01A	TCGA-VQ-AA64	TCGA-STAD	STAD	228	337	mutation_count_proxy_no_callable_territory
TCGA-VQ-AA68-01A	TCGA-VQ-AA68	TCGA-STAD	STAD	151	213	mutation_count_proxy_no_callable_territory
TCGA-VQ-AA69-01A	TCGA-VQ-AA69	TCGA-STAD	STAD	56	86	mutation_count_proxy_no_callable_territory
TCGA-VQ-AA6A-01A	TCGA-VQ-AA6A	TCGA-STAD	STAD	85	127	mutation_count_proxy_no_callable_territory
TCGA-VQ-AA6B-01A	TCGA-VQ-AA6B	TCGA-STAD	STAD	80	109	mutation_count_proxy_no_callable_territory
TCGA-VQ-AA6D-01A	TCGA-VQ-AA6D	TCGA-STAD	STAD	698	998	mutation_count_proxy_no_callable_territory
TCGA-VQ-AA6F-01A	TCGA-VQ-AA6F	TCGA-STAD	STAD	50	65	mutation_count_proxy_no_callable_territory
TCGA-VQ-AA6G-01A	TCGA-VQ-AA6G	TCGA-STAD	STAD	118	174	mutation_count_proxy_no_callable_territory
TCGA-VQ-AA6I-01A	TCGA-VQ-AA6I	TCGA-STAD	STAD	86	137	mutation_count_proxy_no_callable_territory
TCGA-VQ-AA6J-01A	TCGA-VQ-AA6J	TCGA-STAD	STAD	126	184	mutation_count_proxy_no_callable_territory
TCGA-VQ-AA6K-01A	TCGA-VQ-AA6K	TCGA-STAD	STAD	75	99	mutation_count_proxy_no_callable_territory
TCGA-ZA-A8F6-01A	TCGA-ZA-A8F6	TCGA-STAD	STAD	44	60	mutation_count_proxy_no_callable_territory
TCGA-ZQ-A9CR-01A	TCGA-ZQ-A9CR	TCGA-STAD	STAD	99	148	mutation_count_proxy_no_callable_territory
TCGA-2G-AAEW-01A	TCGA-2G-AAEW	TCGA-TGCT	TGCT	14	16	mutation_count_proxy_no_callable_territory
TCGA-2G-AAEX-01A	TCGA-2G-AAEX	TCGA-TGCT	TGCT	21	31	mutation_count_proxy_no_callable_territory
TCGA-2G-AAF1-01A	TCGA-2G-AAF1	TCGA-TGCT	TGCT	5	12	mutation_count_proxy_no_callable_territory
TCGA-2G-AAF4-01A	TCGA-2G-AAF4	TCGA-TGCT	TGCT	8	13	mutation_count_proxy_no_callable_territory
TCGA-2G-AAF6-01A	TCGA-2G-AAF6	TCGA-TGCT	TGCT	17	24	mutation_count_proxy_no_callable_territory
TCGA-2G-AAF8-01A	TCGA-2G-AAF8	TCGA-TGCT	TGCT	9	20	mutation_count_proxy_no_callable_territory
TCGA-2G-AAFE-01A	TCGA-2G-AAFE	TCGA-TGCT	TGCT	48	67	mutation_count_proxy_no_callable_territory
TCGA-2G-AAFG-01A	TCGA-2G-AAFG	TCGA-TGCT	TGCT	17	23	mutation_count_proxy_no_callable_territory
TCGA-2G-AAFG-05A	TCGA-2G-AAFG	TCGA-TGCT	TGCT	14	19	mutation_count_proxy_no_callable_territory
TCGA-2G-AAFH-01A	TCGA-2G-AAFH	TCGA-TGCT	TGCT	19	29	mutation_count_proxy_no_callable_territory
TCGA-2G-AAFI-01A	TCGA-2G-AAFI	TCGA-TGCT	TGCT	8	14	mutation_count_proxy_no_callable_territory
TCGA-2G-AAFJ-01A	TCGA-2G-AAFJ	TCGA-TGCT	TGCT	20	29	mutation_count_proxy_no_callable_territory
TCGA-2G-AAFL-01A	TCGA-2G-AAFL	TCGA-TGCT	TGCT	15	28	mutation_count_proxy_no_callable_territory
TCGA-2G-AAFM-01A	TCGA-2G-AAFM	TCGA-TGCT	TGCT	18	28	mutation_count_proxy_no_callable_territory
TCGA-2G-AAFN-01A	TCGA-2G-AAFN	TCGA-TGCT	TGCT	10	19	mutation_count_proxy_no_callable_territory
TCGA-2G-AAFO-01A	TCGA-2G-AAFO	TCGA-TGCT	TGCT	11	16	mutation_count_proxy_no_callable_territory
TCGA-2G-AAFV-01A	TCGA-2G-AAFV	TCGA-TGCT	TGCT	21	29	mutation_count_proxy_no_callable_territory
TCGA-2G-AAFY-01A	TCGA-2G-AAFY	TCGA-TGCT	TGCT	7	14	mutation_count_proxy_no_callable_territory
TCGA-2G-AAFZ-01A	TCGA-2G-AAFZ	TCGA-TGCT	TGCT	19	38	mutation_count_proxy_no_callable_territory
TCGA-2G-AAG0-01A	TCGA-2G-AAG0	TCGA-TGCT	TGCT	21	30	mutation_count_proxy_no_callable_territory
TCGA-2G-AAG3-01A	TCGA-2G-AAG3	TCGA-TGCT	TGCT	13	21	mutation_count_proxy_no_callable_territory
TCGA-2G-AAG5-01A	TCGA-2G-AAG5	TCGA-TGCT	TGCT	16	25	mutation_count_proxy_no_callable_territory
TCGA-2G-AAG6-01A	TCGA-2G-AAG6	TCGA-TGCT	TGCT	10	16	mutation_count_proxy_no_callable_territory
TCGA-2G-AAG7-01A	TCGA-2G-AAG7	TCGA-TGCT	TGCT	20	28	mutation_count_proxy_no_callable_territory
TCGA-2G-AAG8-01A	TCGA-2G-AAG8	TCGA-TGCT	TGCT	16	25	mutation_count_proxy_no_callable_territory
TCGA-2G-AAG9-01A	TCGA-2G-AAG9	TCGA-TGCT	TGCT	15	26	mutation_count_proxy_no_callable_territory
TCGA-2G-AAGA-01A	TCGA-2G-AAGA	TCGA-TGCT	TGCT	25	37	mutation_count_proxy_no_callable_territory
TCGA-2G-AAGC-01A	TCGA-2G-AAGC	TCGA-TGCT	TGCT	18	24	mutation_count_proxy_no_callable_territory
TCGA-2G-AAGE-01A	TCGA-2G-AAGE	TCGA-TGCT	TGCT	16	27	mutation_count_proxy_no_callable_territory
TCGA-2G-AAGF-01A	TCGA-2G-AAGF	TCGA-TGCT	TGCT	11	19	mutation_count_proxy_no_callable_territory
TCGA-2G-AAGG-01A	TCGA-2G-AAGG	TCGA-TGCT	TGCT	34	52	mutation_count_proxy_no_callable_territory
TCGA-2G-AAGI-01A	TCGA-2G-AAGI	TCGA-TGCT	TGCT	9	15	mutation_count_proxy_no_callable_territory
TCGA-2G-AAGI-05A	TCGA-2G-AAGI	TCGA-TGCT	TGCT	18	28	mutation_count_proxy_no_callable_territory
TCGA-2G-AAGJ-01A	TCGA-2G-AAGJ	TCGA-TGCT	TGCT	18	33	mutation_count_proxy_no_callable_territory
TCGA-2G-AAGK-01A	TCGA-2G-AAGK	TCGA-TGCT	TGCT	8	10	mutation_count_proxy_no_callable_territory
TCGA-2G-AAGM-01A	TCGA-2G-AAGM	TCGA-TGCT	TGCT	20	31	mutation_count_proxy_no_callable_territory
TCGA-2G-AAGN-01A	TCGA-2G-AAGN	TCGA-TGCT	TGCT	1	7	mutation_count_proxy_no_callable_territory
TCGA-2G-AAGO-01A	TCGA-2G-AAGO	TCGA-TGCT	TGCT	21	31	mutation_count_proxy_no_callable_territory
TCGA-2G-AAGP-01A	TCGA-2G-AAGP	TCGA-TGCT	TGCT	22	35	mutation_count_proxy_no_callable_territory
TCGA-2G-AAGS-01A	TCGA-2G-AAGS	TCGA-TGCT	TGCT	11	13	mutation_count_proxy_no_callable_territory
TCGA-2G-AAGT-01A	TCGA-2G-AAGT	TCGA-TGCT	TGCT	19	24	mutation_count_proxy_no_callable_territory
TCGA-2G-AAGV-01A	TCGA-2G-AAGV	TCGA-TGCT	TGCT	6	8	mutation_count_proxy_no_callable_territory
TCGA-2G-AAGW-01A	TCGA-2G-AAGW	TCGA-TGCT	TGCT	22	34	mutation_count_proxy_no_callable_territory
TCGA-2G-AAGX-01A	TCGA-2G-AAGX	TCGA-TGCT	TGCT	8	12	mutation_count_proxy_no_callable_territory
TCGA-2G-AAGY-01A	TCGA-2G-AAGY	TCGA-TGCT	TGCT	9	19	mutation_count_proxy_no_callable_territory
TCGA-2G-AAGY-05A	TCGA-2G-AAGY	TCGA-TGCT	TGCT	6	13	mutation_count_proxy_no_callable_territory
TCGA-2G-AAGZ-01A	TCGA-2G-AAGZ	TCGA-TGCT	TGCT	10	23	mutation_count_proxy_no_callable_territory
TCGA-2G-AAH0-01A	TCGA-2G-AAH0	TCGA-TGCT	TGCT	9	15	mutation_count_proxy_no_callable_territory
TCGA-2G-AAH2-01A	TCGA-2G-AAH2	TCGA-TGCT	TGCT	8	12	mutation_count_proxy_no_callable_territory
TCGA-2G-AAH3-01A	TCGA-2G-AAH3	TCGA-TGCT	TGCT	27	42	mutation_count_proxy_no_callable_territory
TCGA-2G-AAH4-01A	TCGA-2G-AAH4	TCGA-TGCT	TGCT	11	24	mutation_count_proxy_no_callable_territory
TCGA-2G-AAH8-01A	TCGA-2G-AAH8	TCGA-TGCT	TGCT	22	27	mutation_count_proxy_no_callable_territory
TCGA-2G-AAHA-01A	TCGA-2G-AAHA	TCGA-TGCT	TGCT	17	23	mutation_count_proxy_no_callable_territory
TCGA-2G-AAHC-01A	TCGA-2G-AAHC	TCGA-TGCT	TGCT	10	17	mutation_count_proxy_no_callable_territory
TCGA-2G-AAHG-01A	TCGA-2G-AAHG	TCGA-TGCT	TGCT	9	15	mutation_count_proxy_no_callable_territory
TCGA-2G-AAHL-01A	TCGA-2G-AAHL	TCGA-TGCT	TGCT	14	22	mutation_count_proxy_no_callable_territory
TCGA-2G-AAHN-01A	TCGA-2G-AAHN	TCGA-TGCT	TGCT	17	21	mutation_count_proxy_no_callable_territory
TCGA-2G-AAHP-01A	TCGA-2G-AAHP	TCGA-TGCT	TGCT	9	12	mutation_count_proxy_no_callable_territory
TCGA-2G-AAHP-05A	TCGA-2G-AAHP	TCGA-TGCT	TGCT	18	26	mutation_count_proxy_no_callable_territory
TCGA-2G-AAHT-01A	TCGA-2G-AAHT	TCGA-TGCT	TGCT	13	20	mutation_count_proxy_no_callable_territory
TCGA-2G-AAKD-01A	TCGA-2G-AAKD	TCGA-TGCT	TGCT	11	20	mutation_count_proxy_no_callable_territory
TCGA-2G-AAKG-01A	TCGA-2G-AAKG	TCGA-TGCT	TGCT	20	26	mutation_count_proxy_no_callable_territory
TCGA-2G-AAKG-05A	TCGA-2G-AAKG	TCGA-TGCT	TGCT	25	42	mutation_count_proxy_no_callable_territory
TCGA-2G-AAKH-01A	TCGA-2G-AAKH	TCGA-TGCT	TGCT	47	67	mutation_count_proxy_no_callable_territory
TCGA-2G-AAKL-01A	TCGA-2G-AAKL	TCGA-TGCT	TGCT	23	29	mutation_count_proxy_no_callable_territory
TCGA-2G-AAKM-01A	TCGA-2G-AAKM	TCGA-TGCT	TGCT	4	10	mutation_count_proxy_no_callable_territory
TCGA-2G-AAKO-01A	TCGA-2G-AAKO	TCGA-TGCT	TGCT	3	10	mutation_count_proxy_no_callable_territory
TCGA-2G-AAKO-05A	TCGA-2G-AAKO	TCGA-TGCT	TGCT	15	17	mutation_count_proxy_no_callable_territory
TCGA-2G-AAL5-01A	TCGA-2G-AAL5	TCGA-TGCT	TGCT	23	36	mutation_count_proxy_no_callable_territory
TCGA-2G-AAL7-01A	TCGA-2G-AAL7	TCGA-TGCT	TGCT	16	29	mutation_count_proxy_no_callable_territory
TCGA-2G-AALF-01A	TCGA-2G-AALF	TCGA-TGCT	TGCT	13	25	mutation_count_proxy_no_callable_territory
TCGA-2G-AALG-01A	TCGA-2G-AALG	TCGA-TGCT	TGCT	9	15	mutation_count_proxy_no_callable_territory
TCGA-2G-AALN-01A	TCGA-2G-AALN	TCGA-TGCT	TGCT	8	18	mutation_count_proxy_no_callable_territory
TCGA-2G-AALO-01A	TCGA-2G-AALO	TCGA-TGCT	TGCT	9	18	mutation_count_proxy_no_callable_territory
TCGA-2G-AALP-01A	TCGA-2G-AALP	TCGA-TGCT	TGCT	37	61	mutation_count_proxy_no_callable_territory
TCGA-2G-AALQ-01A	TCGA-2G-AALQ	TCGA-TGCT	TGCT	14	18	mutation_count_proxy_no_callable_territory
TCGA-2G-AALR-01A	TCGA-2G-AALR	TCGA-TGCT	TGCT	41	59	mutation_count_proxy_no_callable_territory
TCGA-2G-AALS-01A	TCGA-2G-AALS	TCGA-TGCT	TGCT	8	14	mutation_count_proxy_no_callable_territory
TCGA-2G-AALT-01A	TCGA-2G-AALT	TCGA-TGCT	TGCT	7	13	mutation_count_proxy_no_callable_territory
TCGA-2G-AALW-01A	TCGA-2G-AALW	TCGA-TGCT	TGCT	24	35	mutation_count_proxy_no_callable_territory
TCGA-2G-AALX-01A	TCGA-2G-AALX	TCGA-TGCT	TGCT	6	10	mutation_count_proxy_no_callable_territory
TCGA-2G-AALY-01A	TCGA-2G-AALY	TCGA-TGCT	TGCT	10	16	mutation_count_proxy_no_callable_territory
TCGA-2G-AALZ-01A	TCGA-2G-AALZ	TCGA-TGCT	TGCT	5	12	mutation_count_proxy_no_callable_territory
TCGA-2G-AAM2-01A	TCGA-2G-AAM2	TCGA-TGCT	TGCT	8	21	mutation_count_proxy_no_callable_territory
TCGA-2G-AAM3-01A	TCGA-2G-AAM3	TCGA-TGCT	TGCT	18	29	mutation_count_proxy_no_callable_territory
TCGA-2G-AAM4-01A	TCGA-2G-AAM4	TCGA-TGCT	TGCT	15	29	mutation_count_proxy_no_callable_territory
TCGA-2X-A9D5-01A	TCGA-2X-A9D5	TCGA-TGCT	TGCT	10	19	mutation_count_proxy_no_callable_territory
TCGA-2X-A9D6-01A	TCGA-2X-A9D6	TCGA-TGCT	TGCT	12	16	mutation_count_proxy_no_callable_territory
TCGA-4K-AA1G-01A	TCGA-4K-AA1G	TCGA-TGCT	TGCT	12	19	mutation_count_proxy_no_callable_territory
TCGA-4K-AA1H-01A	TCGA-4K-AA1H	TCGA-TGCT	TGCT	4	9	mutation_count_proxy_no_callable_territory
TCGA-4K-AA1I-01A	TCGA-4K-AA1I	TCGA-TGCT	TGCT	6	15	mutation_count_proxy_no_callable_territory
TCGA-4K-AAAL-01A	TCGA-4K-AAAL	TCGA-TGCT	TGCT	12	23	mutation_count_proxy_no_callable_territory
TCGA-S6-A8JW-01A	TCGA-S6-A8JW	TCGA-TGCT	TGCT	8	11	mutation_count_proxy_no_callable_territory
TCGA-S6-A8JX-01A	TCGA-S6-A8JX	TCGA-TGCT	TGCT	5	9	mutation_count_proxy_no_callable_territory
TCGA-S6-A8JY-01A	TCGA-S6-A8JY	TCGA-TGCT	TGCT	14	18	mutation_count_proxy_no_callable_territory
TCGA-SB-A6J6-01A	TCGA-SB-A6J6	TCGA-TGCT	TGCT	18	25	mutation_count_proxy_no_callable_territory
TCGA-SB-A76C-01A	TCGA-SB-A76C	TCGA-TGCT	TGCT	13	15	mutation_count_proxy_no_callable_territory
TCGA-SN-A6IS-01A	TCGA-SN-A6IS	TCGA-TGCT	TGCT	12	19	mutation_count_proxy_no_callable_territory
TCGA-SN-A84W-01A	TCGA-SN-A84W	TCGA-TGCT	TGCT	12	25	mutation_count_proxy_no_callable_territory
TCGA-SN-A84X-01A	TCGA-SN-A84X	TCGA-TGCT	TGCT	18	26	mutation_count_proxy_no_callable_territory
TCGA-SN-A84Y-01A	TCGA-SN-A84Y	TCGA-TGCT	TGCT	9	21	mutation_count_proxy_no_callable_territory
TCGA-SO-A8JP-01A	TCGA-SO-A8JP	TCGA-TGCT	TGCT	20	29	mutation_count_proxy_no_callable_territory
TCGA-VF-A8A8-01A	TCGA-VF-A8A8	TCGA-TGCT	TGCT	34	56	mutation_count_proxy_no_callable_territory
TCGA-VF-A8AB-01A	TCGA-VF-A8AB	TCGA-TGCT	TGCT	13	18	mutation_count_proxy_no_callable_territory
TCGA-VF-A8AC-01A	TCGA-VF-A8AC	TCGA-TGCT	TGCT	12	16	mutation_count_proxy_no_callable_territory
TCGA-VF-A8AD-01A	TCGA-VF-A8AD	TCGA-TGCT	TGCT	10	25	mutation_count_proxy_no_callable_territory
TCGA-VF-A8AE-01A	TCGA-VF-A8AE	TCGA-TGCT	TGCT	10	20	mutation_count_proxy_no_callable_territory
TCGA-W4-A7U4-01A	TCGA-W4-A7U4	TCGA-TGCT	TGCT	3	9	mutation_count_proxy_no_callable_territory
TCGA-WZ-A7V3-01A	TCGA-WZ-A7V3	TCGA-TGCT	TGCT	15	25	mutation_count_proxy_no_callable_territory
TCGA-WZ-A7V5-01A	TCGA-WZ-A7V5	TCGA-TGCT	TGCT	38	50	mutation_count_proxy_no_callable_territory
TCGA-WZ-A8D5-01A	TCGA-WZ-A8D5	TCGA-TGCT	TGCT	8	15	mutation_count_proxy_no_callable_territory
TCGA-X3-A8G4-01A	TCGA-X3-A8G4	TCGA-TGCT	TGCT	26	40	mutation_count_proxy_no_callable_territory
TCGA-XE-A8H1-01A	TCGA-XE-A8H1	TCGA-TGCT	TGCT	6	12	mutation_count_proxy_no_callable_territory
TCGA-XE-A8H4-01A	TCGA-XE-A8H4	TCGA-TGCT	TGCT	9	14	mutation_count_proxy_no_callable_territory
TCGA-XE-A8H5-01A	TCGA-XE-A8H5	TCGA-TGCT	TGCT	28	38	mutation_count_proxy_no_callable_territory
TCGA-XE-A9SE-01A	TCGA-XE-A9SE	TCGA-TGCT	TGCT	17	24	mutation_count_proxy_no_callable_territory
TCGA-XE-AANI-01A	TCGA-XE-AANI	TCGA-TGCT	TGCT	22	36	mutation_count_proxy_no_callable_territory
TCGA-XE-AANJ-01A	TCGA-XE-AANJ	TCGA-TGCT	TGCT	11	21	mutation_count_proxy_no_callable_territory
TCGA-XE-AANR-01A	TCGA-XE-AANR	TCGA-TGCT	TGCT	12	19	mutation_count_proxy_no_callable_territory
TCGA-XE-AANV-01A	TCGA-XE-AANV	TCGA-TGCT	TGCT	11	16	mutation_count_proxy_no_callable_territory
TCGA-XE-AAO3-01A	TCGA-XE-AAO3	TCGA-TGCT	TGCT	11	18	mutation_count_proxy_no_callable_territory
TCGA-XE-AAO4-01A	TCGA-XE-AAO4	TCGA-TGCT	TGCT	33	48	mutation_count_proxy_no_callable_territory
TCGA-XE-AAO6-01A	TCGA-XE-AAO6	TCGA-TGCT	TGCT	16	29	mutation_count_proxy_no_callable_territory
TCGA-XE-AAOB-01A	TCGA-XE-AAOB	TCGA-TGCT	TGCT	12	17	mutation_count_proxy_no_callable_territory
TCGA-XE-AAOC-01A	TCGA-XE-AAOC	TCGA-TGCT	TGCT	19	27	mutation_count_proxy_no_callable_territory
TCGA-XE-AAOD-01A	TCGA-XE-AAOD	TCGA-TGCT	TGCT	8	14	mutation_count_proxy_no_callable_territory
TCGA-XE-AAOF-01A	TCGA-XE-AAOF	TCGA-TGCT	TGCT	20	26	mutation_count_proxy_no_callable_territory
TCGA-XE-AAOJ-01A	TCGA-XE-AAOJ	TCGA-TGCT	TGCT	15	26	mutation_count_proxy_no_callable_territory
TCGA-XE-AAOL-01A	TCGA-XE-AAOL	TCGA-TGCT	TGCT	12	22	mutation_count_proxy_no_callable_territory
TCGA-XY-A89B-01A	TCGA-XY-A89B	TCGA-TGCT	TGCT	28	39	mutation_count_proxy_no_callable_territory
TCGA-XY-A8S2-01A	TCGA-XY-A8S2	TCGA-TGCT	TGCT	57	77	mutation_count_proxy_no_callable_territory
TCGA-XY-A8S3-01B	TCGA-XY-A8S3	TCGA-TGCT	TGCT	8	14	mutation_count_proxy_no_callable_territory
TCGA-XY-A9T9-01A	TCGA-XY-A9T9	TCGA-TGCT	TGCT	9	14	mutation_count_proxy_no_callable_territory
TCGA-YU-A90P-01A	TCGA-YU-A90P	TCGA-TGCT	TGCT	10	16	mutation_count_proxy_no_callable_territory
TCGA-YU-A90Q-01A	TCGA-YU-A90Q	TCGA-TGCT	TGCT	6	9	mutation_count_proxy_no_callable_territory
TCGA-YU-A90S-01A	TCGA-YU-A90S	TCGA-TGCT	TGCT	0	1	mutation_count_proxy_no_callable_territory
TCGA-YU-A90W-01A	TCGA-YU-A90W	TCGA-TGCT	TGCT	18	33	mutation_count_proxy_no_callable_territory
TCGA-YU-A90Y-01A	TCGA-YU-A90Y	TCGA-TGCT	TGCT	14	18	mutation_count_proxy_no_callable_territory
TCGA-YU-A912-01A	TCGA-YU-A912	TCGA-TGCT	TGCT	12	19	mutation_count_proxy_no_callable_territory
TCGA-YU-A94D-01A	TCGA-YU-A94D	TCGA-TGCT	TGCT	20	30	mutation_count_proxy_no_callable_territory
TCGA-YU-A94I-01A	TCGA-YU-A94I	TCGA-TGCT	TGCT	42	61	mutation_count_proxy_no_callable_territory
TCGA-YU-AA4L-01A	TCGA-YU-AA4L	TCGA-TGCT	TGCT	12	24	mutation_count_proxy_no_callable_territory
TCGA-YU-AA61-01A	TCGA-YU-AA61	TCGA-TGCT	TGCT	11	15	mutation_count_proxy_no_callable_territory
TCGA-ZM-AA05-01A	TCGA-ZM-AA05	TCGA-TGCT	TGCT	22	35	mutation_count_proxy_no_callable_territory
TCGA-ZM-AA06-01A	TCGA-ZM-AA06	TCGA-TGCT	TGCT	15	27	mutation_count_proxy_no_callable_territory
TCGA-ZM-AA0B-01A	TCGA-ZM-AA0B	TCGA-TGCT	TGCT	9	22	mutation_count_proxy_no_callable_territory
TCGA-ZM-AA0D-01A	TCGA-ZM-AA0D	TCGA-TGCT	TGCT	7	11	mutation_count_proxy_no_callable_territory
TCGA-ZM-AA0E-01A	TCGA-ZM-AA0E	TCGA-TGCT	TGCT	5	11	mutation_count_proxy_no_callable_territory
TCGA-ZM-AA0F-01A	TCGA-ZM-AA0F	TCGA-TGCT	TGCT	5	8	mutation_count_proxy_no_callable_territory
TCGA-ZM-AA0H-01A	TCGA-ZM-AA0H	TCGA-TGCT	TGCT	28	52	mutation_count_proxy_no_callable_territory
TCGA-ZM-AA0N-01A	TCGA-ZM-AA0N	TCGA-TGCT	TGCT	12	24	mutation_count_proxy_no_callable_territory
TCGA-4C-A93U-01A	TCGA-4C-A93U	TCGA-THCA	THCA	45	73	mutation_count_proxy_no_callable_territory
TCGA-BJ-A0YZ-01A	TCGA-BJ-A0YZ	TCGA-THCA	THCA	17	24	mutation_count_proxy_no_callable_territory
TCGA-BJ-A0Z0-01A	TCGA-BJ-A0Z0	TCGA-THCA	THCA	28	36	mutation_count_proxy_no_callable_territory
TCGA-BJ-A0Z2-01A	TCGA-BJ-A0Z2	TCGA-THCA	THCA	16	26	mutation_count_proxy_no_callable_territory
TCGA-BJ-A0Z3-01A	TCGA-BJ-A0Z3	TCGA-THCA	THCA	6	8	mutation_count_proxy_no_callable_territory
TCGA-BJ-A0Z9-01A	TCGA-BJ-A0Z9	TCGA-THCA	THCA	18	22	mutation_count_proxy_no_callable_territory
TCGA-BJ-A0ZA-01A	TCGA-BJ-A0ZA	TCGA-THCA	THCA	10	12	mutation_count_proxy_no_callable_territory
TCGA-BJ-A0ZB-01A	TCGA-BJ-A0ZB	TCGA-THCA	THCA	37	51	mutation_count_proxy_no_callable_territory
TCGA-BJ-A0ZC-01A	TCGA-BJ-A0ZC	TCGA-THCA	THCA	7	11	mutation_count_proxy_no_callable_territory
TCGA-BJ-A0ZE-01A	TCGA-BJ-A0ZE	TCGA-THCA	THCA	15	21	mutation_count_proxy_no_callable_territory
TCGA-BJ-A0ZF-01A	TCGA-BJ-A0ZF	TCGA-THCA	THCA	19	28	mutation_count_proxy_no_callable_territory
TCGA-BJ-A0ZG-01A	TCGA-BJ-A0ZG	TCGA-THCA	THCA	10	14	mutation_count_proxy_no_callable_territory
TCGA-BJ-A0ZH-01A	TCGA-BJ-A0ZH	TCGA-THCA	THCA	20	27	mutation_count_proxy_no_callable_territory
TCGA-BJ-A0ZJ-01A	TCGA-BJ-A0ZJ	TCGA-THCA	THCA	1	4	mutation_count_proxy_no_callable_territory
TCGA-BJ-A18Y-01A	TCGA-BJ-A18Y	TCGA-THCA	THCA	9	13	mutation_count_proxy_no_callable_territory
TCGA-BJ-A18Z-01A	TCGA-BJ-A18Z	TCGA-THCA	THCA	20	24	mutation_count_proxy_no_callable_territory
TCGA-BJ-A191-01A	TCGA-BJ-A191	TCGA-THCA	THCA	98	151	mutation_count_proxy_no_callable_territory
TCGA-BJ-A192-01A	TCGA-BJ-A192	TCGA-THCA	THCA	11	15	mutation_count_proxy_no_callable_territory
TCGA-BJ-A28R-01A	TCGA-BJ-A28R	TCGA-THCA	THCA	16	24	mutation_count_proxy_no_callable_territory
TCGA-BJ-A28S-01A	TCGA-BJ-A28S	TCGA-THCA	THCA	18	25	mutation_count_proxy_no_callable_territory
TCGA-BJ-A28T-01A	TCGA-BJ-A28T	TCGA-THCA	THCA	1	9	mutation_count_proxy_no_callable_territory
TCGA-BJ-A28V-01A	TCGA-BJ-A28V	TCGA-THCA	THCA	21	30	mutation_count_proxy_no_callable_territory
TCGA-BJ-A28X-01A	TCGA-BJ-A28X	TCGA-THCA	THCA	10	16	mutation_count_proxy_no_callable_territory
TCGA-BJ-A28Z-01A	TCGA-BJ-A28Z	TCGA-THCA	THCA	15	32	mutation_count_proxy_no_callable_territory
TCGA-BJ-A290-01A	TCGA-BJ-A290	TCGA-THCA	THCA	79	127	mutation_count_proxy_no_callable_territory
TCGA-BJ-A2N7-01A	TCGA-BJ-A2N7	TCGA-THCA	THCA	8	12	mutation_count_proxy_no_callable_territory
TCGA-BJ-A2N8-01A	TCGA-BJ-A2N8	TCGA-THCA	THCA	27	39	mutation_count_proxy_no_callable_territory
TCGA-BJ-A2N9-01A	TCGA-BJ-A2N9	TCGA-THCA	THCA	14	21	mutation_count_proxy_no_callable_territory
TCGA-BJ-A2NA-01A	TCGA-BJ-A2NA	TCGA-THCA	THCA	58	108	mutation_count_proxy_no_callable_territory
TCGA-BJ-A2P4-01A	TCGA-BJ-A2P4	TCGA-THCA	THCA	12	19	mutation_count_proxy_no_callable_territory
TCGA-BJ-A3EZ-01A	TCGA-BJ-A3EZ	TCGA-THCA	THCA	22	28	mutation_count_proxy_no_callable_territory
TCGA-BJ-A3F0-01A	TCGA-BJ-A3F0	TCGA-THCA	THCA	11	16	mutation_count_proxy_no_callable_territory
TCGA-BJ-A3PR-01A	TCGA-BJ-A3PR	TCGA-THCA	THCA	13	23	mutation_count_proxy_no_callable_territory
TCGA-BJ-A3PT-01A	TCGA-BJ-A3PT	TCGA-THCA	THCA	16	17	mutation_count_proxy_no_callable_territory
TCGA-BJ-A3PU-01A	TCGA-BJ-A3PU	TCGA-THCA	THCA	30	40	mutation_count_proxy_no_callable_territory
TCGA-BJ-A45D-01A	TCGA-BJ-A45D	TCGA-THCA	THCA	22	32	mutation_count_proxy_no_callable_territory
TCGA-BJ-A45E-01A	TCGA-BJ-A45E	TCGA-THCA	THCA	3	15	mutation_count_proxy_no_callable_territory
TCGA-BJ-A45F-01A	TCGA-BJ-A45F	TCGA-THCA	THCA	20	24	mutation_count_proxy_no_callable_territory
TCGA-BJ-A45G-01A	TCGA-BJ-A45G	TCGA-THCA	THCA	20	30	mutation_count_proxy_no_callable_territory
TCGA-BJ-A45H-01A	TCGA-BJ-A45H	TCGA-THCA	THCA	9	12	mutation_count_proxy_no_callable_territory
TCGA-BJ-A45I-01A	TCGA-BJ-A45I	TCGA-THCA	THCA	15	29	mutation_count_proxy_no_callable_territory
TCGA-BJ-A45J-01A	TCGA-BJ-A45J	TCGA-THCA	THCA	18	38	mutation_count_proxy_no_callable_territory
TCGA-BJ-A45K-01A	TCGA-BJ-A45K	TCGA-THCA	THCA	14	26	mutation_count_proxy_no_callable_territory
TCGA-BJ-A4O8-01A	TCGA-BJ-A4O8	TCGA-THCA	THCA	12	16	mutation_count_proxy_no_callable_territory
TCGA-BJ-A4O9-01A	TCGA-BJ-A4O9	TCGA-THCA	THCA	36	56	mutation_count_proxy_no_callable_territory
TCGA-CE-A13K-01A	TCGA-CE-A13K	TCGA-THCA	THCA	8	16	mutation_count_proxy_no_callable_territory
TCGA-CE-A27D-01A	TCGA-CE-A27D	TCGA-THCA	THCA	6	8	mutation_count_proxy_no_callable_territory
TCGA-CE-A3MD-01A	TCGA-CE-A3MD	TCGA-THCA	THCA	9	12	mutation_count_proxy_no_callable_territory
TCGA-CE-A3ME-01A	TCGA-CE-A3ME	TCGA-THCA	THCA	10	16	mutation_count_proxy_no_callable_territory
TCGA-CE-A481-01A	TCGA-CE-A481	TCGA-THCA	THCA	10	16	mutation_count_proxy_no_callable_territory
TCGA-CE-A482-01A	TCGA-CE-A482	TCGA-THCA	THCA	4	10	mutation_count_proxy_no_callable_territory
TCGA-CE-A483-01A	TCGA-CE-A483	TCGA-THCA	THCA	4	7	mutation_count_proxy_no_callable_territory
TCGA-CE-A484-01A	TCGA-CE-A484	TCGA-THCA	THCA	16	22	mutation_count_proxy_no_callable_territory
TCGA-CE-A485-01A	TCGA-CE-A485	TCGA-THCA	THCA	4	4	mutation_count_proxy_no_callable_territory
TCGA-DE-A0XZ-01A	TCGA-DE-A0XZ	TCGA-THCA	THCA	22	30	mutation_count_proxy_no_callable_territory
TCGA-DE-A0Y2-01A	TCGA-DE-A0Y2	TCGA-THCA	THCA	16	27	mutation_count_proxy_no_callable_territory
TCGA-DE-A0Y3-01B	TCGA-DE-A0Y3	TCGA-THCA	THCA	11	19	mutation_count_proxy_no_callable_territory
TCGA-DE-A2OL-01A	TCGA-DE-A2OL	TCGA-THCA	THCA	11	13	mutation_count_proxy_no_callable_territory
TCGA-DE-A3KN-01A	TCGA-DE-A3KN	TCGA-THCA	THCA	11	13	mutation_count_proxy_no_callable_territory
TCGA-DE-A4M8-01A	TCGA-DE-A4M8	TCGA-THCA	THCA	8	13	mutation_count_proxy_no_callable_territory
TCGA-DE-A4M9-01A	TCGA-DE-A4M9	TCGA-THCA	THCA	8	13	mutation_count_proxy_no_callable_territory
TCGA-DE-A4MA-01A	TCGA-DE-A4MA	TCGA-THCA	THCA	8	11	mutation_count_proxy_no_callable_territory
TCGA-DE-A4MB-01A	TCGA-DE-A4MB	TCGA-THCA	THCA	21	35	mutation_count_proxy_no_callable_territory
TCGA-DE-A4MC-01A	TCGA-DE-A4MC	TCGA-THCA	THCA	12	20	mutation_count_proxy_no_callable_territory
TCGA-DE-A4MD-01A	TCGA-DE-A4MD	TCGA-THCA	THCA	22	35	mutation_count_proxy_no_callable_territory
TCGA-DE-A4MD-06A	TCGA-DE-A4MD	TCGA-THCA	THCA	24	43	mutation_count_proxy_no_callable_territory
TCGA-DE-A69J-01A	TCGA-DE-A69J	TCGA-THCA	THCA	9	11	mutation_count_proxy_no_callable_territory
TCGA-DE-A69K-01A	TCGA-DE-A69K	TCGA-THCA	THCA	13	21	mutation_count_proxy_no_callable_territory
TCGA-DE-A7U5-01A	TCGA-DE-A7U5	TCGA-THCA	THCA	6	6	mutation_count_proxy_no_callable_territory
TCGA-DJ-A13L-01A	TCGA-DJ-A13L	TCGA-THCA	THCA	33	44	mutation_count_proxy_no_callable_territory
TCGA-DJ-A13M-01A	TCGA-DJ-A13M	TCGA-THCA	THCA	6	9	mutation_count_proxy_no_callable_territory
TCGA-DJ-A13O-01A	TCGA-DJ-A13O	TCGA-THCA	THCA	6	7	mutation_count_proxy_no_callable_territory
TCGA-DJ-A13P-01A	TCGA-DJ-A13P	TCGA-THCA	THCA	6	10	mutation_count_proxy_no_callable_territory
TCGA-DJ-A13R-01A	TCGA-DJ-A13R	TCGA-THCA	THCA	10	15	mutation_count_proxy_no_callable_territory
TCGA-DJ-A13S-01A	TCGA-DJ-A13S	TCGA-THCA	THCA	14	17	mutation_count_proxy_no_callable_territory
TCGA-DJ-A13T-01A	TCGA-DJ-A13T	TCGA-THCA	THCA	6	9	mutation_count_proxy_no_callable_territory
TCGA-DJ-A13U-01A	TCGA-DJ-A13U	TCGA-THCA	THCA	11	17	mutation_count_proxy_no_callable_territory
TCGA-DJ-A13V-01A	TCGA-DJ-A13V	TCGA-THCA	THCA	8	12	mutation_count_proxy_no_callable_territory
TCGA-DJ-A13W-01A	TCGA-DJ-A13W	TCGA-THCA	THCA	13	15	mutation_count_proxy_no_callable_territory
TCGA-DJ-A13X-01A	TCGA-DJ-A13X	TCGA-THCA	THCA	12	14	mutation_count_proxy_no_callable_territory
TCGA-DJ-A1QD-01A	TCGA-DJ-A1QD	TCGA-THCA	THCA	9	10	mutation_count_proxy_no_callable_territory
TCGA-DJ-A1QE-01A	TCGA-DJ-A1QE	TCGA-THCA	THCA	17	21	mutation_count_proxy_no_callable_territory
TCGA-DJ-A1QF-01A	TCGA-DJ-A1QF	TCGA-THCA	THCA	5	17	mutation_count_proxy_no_callable_territory
TCGA-DJ-A1QG-01A	TCGA-DJ-A1QG	TCGA-THCA	THCA	13	20	mutation_count_proxy_no_callable_territory
TCGA-DJ-A1QH-01A	TCGA-DJ-A1QH	TCGA-THCA	THCA	17	26	mutation_count_proxy_no_callable_territory
TCGA-DJ-A1QI-01A	TCGA-DJ-A1QI	TCGA-THCA	THCA	8	13	mutation_count_proxy_no_callable_territory
TCGA-DJ-A1QL-01A	TCGA-DJ-A1QL	TCGA-THCA	THCA	13	20	mutation_count_proxy_no_callable_territory
TCGA-DJ-A1QM-01A	TCGA-DJ-A1QM	TCGA-THCA	THCA	9	15	mutation_count_proxy_no_callable_territory
TCGA-DJ-A1QN-01A	TCGA-DJ-A1QN	TCGA-THCA	THCA	6	7	mutation_count_proxy_no_callable_territory
TCGA-DJ-A1QO-01A	TCGA-DJ-A1QO	TCGA-THCA	THCA	13	20	mutation_count_proxy_no_callable_territory
TCGA-DJ-A1QQ-01A	TCGA-DJ-A1QQ	TCGA-THCA	THCA	12	19	mutation_count_proxy_no_callable_territory
TCGA-DJ-A2PN-01A	TCGA-DJ-A2PN	TCGA-THCA	THCA	5	8	mutation_count_proxy_no_callable_territory
TCGA-DJ-A2PO-01A	TCGA-DJ-A2PO	TCGA-THCA	THCA	6	7	mutation_count_proxy_no_callable_territory
TCGA-DJ-A2PP-01A	TCGA-DJ-A2PP	TCGA-THCA	THCA	13	23	mutation_count_proxy_no_callable_territory
TCGA-DJ-A2PQ-01A	TCGA-DJ-A2PQ	TCGA-THCA	THCA	6	10	mutation_count_proxy_no_callable_territory
TCGA-DJ-A2PR-01A	TCGA-DJ-A2PR	TCGA-THCA	THCA	8	9	mutation_count_proxy_no_callable_territory
TCGA-DJ-A2PS-01A	TCGA-DJ-A2PS	TCGA-THCA	THCA	4	8	mutation_count_proxy_no_callable_territory
TCGA-DJ-A2PT-01A	TCGA-DJ-A2PT	TCGA-THCA	THCA	11	16	mutation_count_proxy_no_callable_territory
TCGA-DJ-A2PU-01A	TCGA-DJ-A2PU	TCGA-THCA	THCA	8	10	mutation_count_proxy_no_callable_territory
TCGA-DJ-A2PV-01A	TCGA-DJ-A2PV	TCGA-THCA	THCA	8	11	mutation_count_proxy_no_callable_territory
TCGA-DJ-A2PW-01A	TCGA-DJ-A2PW	TCGA-THCA	THCA	19	25	mutation_count_proxy_no_callable_territory
TCGA-DJ-A2PX-01A	TCGA-DJ-A2PX	TCGA-THCA	THCA	75	121	mutation_count_proxy_no_callable_territory
TCGA-DJ-A2PY-01A	TCGA-DJ-A2PY	TCGA-THCA	THCA	6	15	mutation_count_proxy_no_callable_territory
TCGA-DJ-A2PZ-01A	TCGA-DJ-A2PZ	TCGA-THCA	THCA	18	22	mutation_count_proxy_no_callable_territory
TCGA-DJ-A2Q0-01A	TCGA-DJ-A2Q0	TCGA-THCA	THCA	28	40	mutation_count_proxy_no_callable_territory
TCGA-DJ-A2Q1-01A	TCGA-DJ-A2Q1	TCGA-THCA	THCA	16	22	mutation_count_proxy_no_callable_territory
TCGA-DJ-A2Q2-01A	TCGA-DJ-A2Q2	TCGA-THCA	THCA	9	15	mutation_count_proxy_no_callable_territory
TCGA-DJ-A2Q3-01A	TCGA-DJ-A2Q3	TCGA-THCA	THCA	15	22	mutation_count_proxy_no_callable_territory
TCGA-DJ-A2Q4-01A	TCGA-DJ-A2Q4	TCGA-THCA	THCA	16	19	mutation_count_proxy_no_callable_territory
TCGA-DJ-A2Q5-01A	TCGA-DJ-A2Q5	TCGA-THCA	THCA	8	9	mutation_count_proxy_no_callable_territory
TCGA-DJ-A2Q6-01A	TCGA-DJ-A2Q6	TCGA-THCA	THCA	5	7	mutation_count_proxy_no_callable_territory
TCGA-DJ-A2Q7-01A	TCGA-DJ-A2Q7	TCGA-THCA	THCA	10	20	mutation_count_proxy_no_callable_territory
TCGA-DJ-A2Q8-01A	TCGA-DJ-A2Q8	TCGA-THCA	THCA	6	10	mutation_count_proxy_no_callable_territory
TCGA-DJ-A2Q9-01A	TCGA-DJ-A2Q9	TCGA-THCA	THCA	16	18	mutation_count_proxy_no_callable_territory
TCGA-DJ-A2QA-01A	TCGA-DJ-A2QA	TCGA-THCA	THCA	12	17	mutation_count_proxy_no_callable_territory
TCGA-DJ-A2QB-01A	TCGA-DJ-A2QB	TCGA-THCA	THCA	461	710	mutation_count_proxy_no_callable_territory
TCGA-DJ-A2QC-01A	TCGA-DJ-A2QC	TCGA-THCA	THCA	9	17	mutation_count_proxy_no_callable_territory
TCGA-DJ-A3UK-01A	TCGA-DJ-A3UK	TCGA-THCA	THCA	4	8	mutation_count_proxy_no_callable_territory
TCGA-DJ-A3UM-01A	TCGA-DJ-A3UM	TCGA-THCA	THCA	3	6	mutation_count_proxy_no_callable_territory
TCGA-DJ-A3UN-01A	TCGA-DJ-A3UN	TCGA-THCA	THCA	16	19	mutation_count_proxy_no_callable_territory
TCGA-DJ-A3UO-01A	TCGA-DJ-A3UO	TCGA-THCA	THCA	11	14	mutation_count_proxy_no_callable_territory
TCGA-DJ-A3UP-01A	TCGA-DJ-A3UP	TCGA-THCA	THCA	10	14	mutation_count_proxy_no_callable_territory
TCGA-DJ-A3UQ-01A	TCGA-DJ-A3UQ	TCGA-THCA	THCA	8	11	mutation_count_proxy_no_callable_territory
TCGA-DJ-A3UR-01A	TCGA-DJ-A3UR	TCGA-THCA	THCA	7	9	mutation_count_proxy_no_callable_territory
TCGA-DJ-A3US-01A	TCGA-DJ-A3US	TCGA-THCA	THCA	7	8	mutation_count_proxy_no_callable_territory
TCGA-DJ-A3UT-01A	TCGA-DJ-A3UT	TCGA-THCA	THCA	11	13	mutation_count_proxy_no_callable_territory
TCGA-DJ-A3UU-01A	TCGA-DJ-A3UU	TCGA-THCA	THCA	6	9	mutation_count_proxy_no_callable_territory
TCGA-DJ-A3UV-01A	TCGA-DJ-A3UV	TCGA-THCA	THCA	4	11	mutation_count_proxy_no_callable_territory
TCGA-DJ-A3UW-01A	TCGA-DJ-A3UW	TCGA-THCA	THCA	4	8	mutation_count_proxy_no_callable_territory
TCGA-DJ-A3UX-01A	TCGA-DJ-A3UX	TCGA-THCA	THCA	6	9	mutation_count_proxy_no_callable_territory
TCGA-DJ-A3UY-01A	TCGA-DJ-A3UY	TCGA-THCA	THCA	4	6	mutation_count_proxy_no_callable_territory
TCGA-DJ-A3UZ-01A	TCGA-DJ-A3UZ	TCGA-THCA	THCA	4	6	mutation_count_proxy_no_callable_territory
TCGA-DJ-A3V0-01A	TCGA-DJ-A3V0	TCGA-THCA	THCA	17	25	mutation_count_proxy_no_callable_territory
TCGA-DJ-A3V2-01A	TCGA-DJ-A3V2	TCGA-THCA	THCA	3	5	mutation_count_proxy_no_callable_territory
TCGA-DJ-A3V3-01A	TCGA-DJ-A3V3	TCGA-THCA	THCA	5	9	mutation_count_proxy_no_callable_territory
TCGA-DJ-A3V4-01A	TCGA-DJ-A3V4	TCGA-THCA	THCA	14	16	mutation_count_proxy_no_callable_territory
TCGA-DJ-A3V5-01A	TCGA-DJ-A3V5	TCGA-THCA	THCA	17	22	mutation_count_proxy_no_callable_territory
TCGA-DJ-A3V6-01A	TCGA-DJ-A3V6	TCGA-THCA	THCA	13	24	mutation_count_proxy_no_callable_territory
TCGA-DJ-A3V7-01A	TCGA-DJ-A3V7	TCGA-THCA	THCA	27	35	mutation_count_proxy_no_callable_territory
TCGA-DJ-A3V8-01A	TCGA-DJ-A3V8	TCGA-THCA	THCA	9	13	mutation_count_proxy_no_callable_territory
TCGA-DJ-A3V9-01A	TCGA-DJ-A3V9	TCGA-THCA	THCA	5	6	mutation_count_proxy_no_callable_territory
TCGA-DJ-A3VA-01A	TCGA-DJ-A3VA	TCGA-THCA	THCA	6	15	mutation_count_proxy_no_callable_territory
TCGA-DJ-A3VB-01A	TCGA-DJ-A3VB	TCGA-THCA	THCA	9	19	mutation_count_proxy_no_callable_territory
TCGA-DJ-A3VD-01A	TCGA-DJ-A3VD	TCGA-THCA	THCA	8	10	mutation_count_proxy_no_callable_territory
TCGA-DJ-A3VE-01A	TCGA-DJ-A3VE	TCGA-THCA	THCA	8	13	mutation_count_proxy_no_callable_territory
TCGA-DJ-A3VF-01A	TCGA-DJ-A3VF	TCGA-THCA	THCA	6	9	mutation_count_proxy_no_callable_territory
TCGA-DJ-A3VG-01A	TCGA-DJ-A3VG	TCGA-THCA	THCA	13	20	mutation_count_proxy_no_callable_territory
TCGA-DJ-A3VI-01A	TCGA-DJ-A3VI	TCGA-THCA	THCA	16	23	mutation_count_proxy_no_callable_territory
TCGA-DJ-A3VJ-01A	TCGA-DJ-A3VJ	TCGA-THCA	THCA	6	9	mutation_count_proxy_no_callable_territory
TCGA-DJ-A3VK-01A	TCGA-DJ-A3VK	TCGA-THCA	THCA	13	21	mutation_count_proxy_no_callable_territory
TCGA-DJ-A3VL-01A	TCGA-DJ-A3VL	TCGA-THCA	THCA	7	14	mutation_count_proxy_no_callable_territory
TCGA-DJ-A3VM-01A	TCGA-DJ-A3VM	TCGA-THCA	THCA	12	21	mutation_count_proxy_no_callable_territory
TCGA-DJ-A4UL-01A	TCGA-DJ-A4UL	TCGA-THCA	THCA	6	10	mutation_count_proxy_no_callable_territory
TCGA-DJ-A4UP-01A	TCGA-DJ-A4UP	TCGA-THCA	THCA	6	10	mutation_count_proxy_no_callable_territory
TCGA-DJ-A4UQ-01A	TCGA-DJ-A4UQ	TCGA-THCA	THCA	15	19	mutation_count_proxy_no_callable_territory
TCGA-DJ-A4UR-01A	TCGA-DJ-A4UR	TCGA-THCA	THCA	12	20	mutation_count_proxy_no_callable_territory
TCGA-DJ-A4UT-01A	TCGA-DJ-A4UT	TCGA-THCA	THCA	30	44	mutation_count_proxy_no_callable_territory
TCGA-DJ-A4UW-01A	TCGA-DJ-A4UW	TCGA-THCA	THCA	7	12	mutation_count_proxy_no_callable_territory
TCGA-DJ-A4V0-01A	TCGA-DJ-A4V0	TCGA-THCA	THCA	4	6	mutation_count_proxy_no_callable_territory
TCGA-DJ-A4V2-01A	TCGA-DJ-A4V2	TCGA-THCA	THCA	9	12	mutation_count_proxy_no_callable_territory
TCGA-DJ-A4V4-01A	TCGA-DJ-A4V4	TCGA-THCA	THCA	20	28	mutation_count_proxy_no_callable_territory
TCGA-DJ-A4V5-01A	TCGA-DJ-A4V5	TCGA-THCA	THCA	4	7	mutation_count_proxy_no_callable_territory
TCGA-DO-A1JZ-01A	TCGA-DO-A1JZ	TCGA-THCA	THCA	9	11	mutation_count_proxy_no_callable_territory
TCGA-DO-A1K0-01A	TCGA-DO-A1K0	TCGA-THCA	THCA	7	12	mutation_count_proxy_no_callable_territory
TCGA-DO-A2HM-01B	TCGA-DO-A2HM	TCGA-THCA	THCA	59	97	mutation_count_proxy_no_callable_territory
TCGA-E3-A3DY-01A	TCGA-E3-A3DY	TCGA-THCA	THCA	9	11	mutation_count_proxy_no_callable_territory
TCGA-E3-A3DZ-01A	TCGA-E3-A3DZ	TCGA-THCA	THCA	22	29	mutation_count_proxy_no_callable_territory
TCGA-E3-A3E0-01A	TCGA-E3-A3E0	TCGA-THCA	THCA	6	11	mutation_count_proxy_no_callable_territory
TCGA-E3-A3E1-01A	TCGA-E3-A3E1	TCGA-THCA	THCA	12	15	mutation_count_proxy_no_callable_territory
TCGA-E3-A3E2-01A	TCGA-E3-A3E2	TCGA-THCA	THCA	3	3	mutation_count_proxy_no_callable_territory
TCGA-E3-A3E3-01A	TCGA-E3-A3E3	TCGA-THCA	THCA	11	17	mutation_count_proxy_no_callable_territory
TCGA-E3-A3E5-01A	TCGA-E3-A3E5	TCGA-THCA	THCA	10	16	mutation_count_proxy_no_callable_territory
TCGA-E8-A242-01A	TCGA-E8-A242	TCGA-THCA	THCA	12	18	mutation_count_proxy_no_callable_territory
TCGA-E8-A2EA-01A	TCGA-E8-A2EA	TCGA-THCA	THCA	310	484	mutation_count_proxy_no_callable_territory
TCGA-E8-A2JQ-01A	TCGA-E8-A2JQ	TCGA-THCA	THCA	34	44	mutation_count_proxy_no_callable_territory
TCGA-E8-A3X7-01A	TCGA-E8-A3X7	TCGA-THCA	THCA	9	10	mutation_count_proxy_no_callable_territory
TCGA-E8-A413-01A	TCGA-E8-A413	TCGA-THCA	THCA	3	6	mutation_count_proxy_no_callable_territory
TCGA-E8-A414-01A	TCGA-E8-A414	TCGA-THCA	THCA	6	8	mutation_count_proxy_no_callable_territory
TCGA-E8-A415-01A	TCGA-E8-A415	TCGA-THCA	THCA	9	12	mutation_count_proxy_no_callable_territory
TCGA-E8-A416-01A	TCGA-E8-A416	TCGA-THCA	THCA	0	2	mutation_count_proxy_no_callable_territory
TCGA-E8-A417-01A	TCGA-E8-A417	TCGA-THCA	THCA	25	30	mutation_count_proxy_no_callable_territory
TCGA-E8-A418-01A	TCGA-E8-A418	TCGA-THCA	THCA	31	42	mutation_count_proxy_no_callable_territory
TCGA-E8-A419-01A	TCGA-E8-A419	TCGA-THCA	THCA	6	11	mutation_count_proxy_no_callable_territory
TCGA-E8-A432-01A	TCGA-E8-A432	TCGA-THCA	THCA	18	27	mutation_count_proxy_no_callable_territory
TCGA-E8-A433-01A	TCGA-E8-A433	TCGA-THCA	THCA	12	13	mutation_count_proxy_no_callable_territory
TCGA-E8-A434-01A	TCGA-E8-A434	TCGA-THCA	THCA	3	7	mutation_count_proxy_no_callable_territory
TCGA-E8-A436-01A	TCGA-E8-A436	TCGA-THCA	THCA	11	18	mutation_count_proxy_no_callable_territory
TCGA-E8-A437-01A	TCGA-E8-A437	TCGA-THCA	THCA	13	20	mutation_count_proxy_no_callable_territory
TCGA-E8-A438-01A	TCGA-E8-A438	TCGA-THCA	THCA	5	9	mutation_count_proxy_no_callable_territory
TCGA-E8-A44K-01A	TCGA-E8-A44K	TCGA-THCA	THCA	7	13	mutation_count_proxy_no_callable_territory
TCGA-E8-A44M-01A	TCGA-E8-A44M	TCGA-THCA	THCA	3	8	mutation_count_proxy_no_callable_territory
TCGA-EL-A3CL-01A	TCGA-EL-A3CL	TCGA-THCA	THCA	7	10	mutation_count_proxy_no_callable_territory
TCGA-EL-A3CM-01A	TCGA-EL-A3CM	TCGA-THCA	THCA	19	29	mutation_count_proxy_no_callable_territory
TCGA-EL-A3CN-01A	TCGA-EL-A3CN	TCGA-THCA	THCA	16	20	mutation_count_proxy_no_callable_territory
TCGA-EL-A3CO-01A	TCGA-EL-A3CO	TCGA-THCA	THCA	6	10	mutation_count_proxy_no_callable_territory
TCGA-EL-A3CP-01A	TCGA-EL-A3CP	TCGA-THCA	THCA	5	11	mutation_count_proxy_no_callable_territory
TCGA-EL-A3CR-01A	TCGA-EL-A3CR	TCGA-THCA	THCA	28	38	mutation_count_proxy_no_callable_territory
TCGA-EL-A3CS-01A	TCGA-EL-A3CS	TCGA-THCA	THCA	16	25	mutation_count_proxy_no_callable_territory
TCGA-EL-A3CT-01A	TCGA-EL-A3CT	TCGA-THCA	THCA	66	108	mutation_count_proxy_no_callable_territory
TCGA-EL-A3CU-01A	TCGA-EL-A3CU	TCGA-THCA	THCA	16	23	mutation_count_proxy_no_callable_territory
TCGA-EL-A3CV-01A	TCGA-EL-A3CV	TCGA-THCA	THCA	6	8	mutation_count_proxy_no_callable_territory
TCGA-EL-A3CW-01A	TCGA-EL-A3CW	TCGA-THCA	THCA	4	9	mutation_count_proxy_no_callable_territory
TCGA-EL-A3CX-01A	TCGA-EL-A3CX	TCGA-THCA	THCA	9	10	mutation_count_proxy_no_callable_territory
TCGA-EL-A3CY-01A	TCGA-EL-A3CY	TCGA-THCA	THCA	2	4	mutation_count_proxy_no_callable_territory
TCGA-EL-A3CZ-01A	TCGA-EL-A3CZ	TCGA-THCA	THCA	6	10	mutation_count_proxy_no_callable_territory
TCGA-EL-A3D0-01A	TCGA-EL-A3D0	TCGA-THCA	THCA	16	26	mutation_count_proxy_no_callable_territory
TCGA-EL-A3D1-01A	TCGA-EL-A3D1	TCGA-THCA	THCA	6	8	mutation_count_proxy_no_callable_territory
TCGA-EL-A3D4-01A	TCGA-EL-A3D4	TCGA-THCA	THCA	6	10	mutation_count_proxy_no_callable_territory
TCGA-EL-A3D5-01A	TCGA-EL-A3D5	TCGA-THCA	THCA	8	14	mutation_count_proxy_no_callable_territory
TCGA-EL-A3D6-01A	TCGA-EL-A3D6	TCGA-THCA	THCA	26	36	mutation_count_proxy_no_callable_territory
TCGA-EL-A3GO-01A	TCGA-EL-A3GO	TCGA-THCA	THCA	10	11	mutation_count_proxy_no_callable_territory
TCGA-EL-A3GP-01A	TCGA-EL-A3GP	TCGA-THCA	THCA	15	28	mutation_count_proxy_no_callable_territory
TCGA-EL-A3GQ-01A	TCGA-EL-A3GQ	TCGA-THCA	THCA	12	17	mutation_count_proxy_no_callable_territory
TCGA-EL-A3GR-01A	TCGA-EL-A3GR	TCGA-THCA	THCA	11	16	mutation_count_proxy_no_callable_territory
TCGA-EL-A3GS-01A	TCGA-EL-A3GS	TCGA-THCA	THCA	10	14	mutation_count_proxy_no_callable_territory
TCGA-EL-A3GU-01A	TCGA-EL-A3GU	TCGA-THCA	THCA	18	28	mutation_count_proxy_no_callable_territory
TCGA-EL-A3GV-01A	TCGA-EL-A3GV	TCGA-THCA	THCA	18	23	mutation_count_proxy_no_callable_territory
TCGA-EL-A3GW-01A	TCGA-EL-A3GW	TCGA-THCA	THCA	7	14	mutation_count_proxy_no_callable_territory
TCGA-EL-A3GX-01A	TCGA-EL-A3GX	TCGA-THCA	THCA	10	14	mutation_count_proxy_no_callable_territory
TCGA-EL-A3GY-01A	TCGA-EL-A3GY	TCGA-THCA	THCA	12	15	mutation_count_proxy_no_callable_territory
TCGA-EL-A3GZ-01A	TCGA-EL-A3GZ	TCGA-THCA	THCA	6	12	mutation_count_proxy_no_callable_territory
TCGA-EL-A3H1-01A	TCGA-EL-A3H1	TCGA-THCA	THCA	21	29	mutation_count_proxy_no_callable_territory
TCGA-EL-A3H2-01A	TCGA-EL-A3H2	TCGA-THCA	THCA	8	13	mutation_count_proxy_no_callable_territory
TCGA-EL-A3H3-01A	TCGA-EL-A3H3	TCGA-THCA	THCA	1	6	mutation_count_proxy_no_callable_territory
TCGA-EL-A3H4-01A	TCGA-EL-A3H4	TCGA-THCA	THCA	11	15	mutation_count_proxy_no_callable_territory
TCGA-EL-A3H5-01A	TCGA-EL-A3H5	TCGA-THCA	THCA	18	31	mutation_count_proxy_no_callable_territory
TCGA-EL-A3H7-01A	TCGA-EL-A3H7	TCGA-THCA	THCA	19	26	mutation_count_proxy_no_callable_territory
TCGA-EL-A3H8-01A	TCGA-EL-A3H8	TCGA-THCA	THCA	8	12	mutation_count_proxy_no_callable_territory
TCGA-EL-A3MW-01A	TCGA-EL-A3MW	TCGA-THCA	THCA	8	10	mutation_count_proxy_no_callable_territory
TCGA-EL-A3MX-01A	TCGA-EL-A3MX	TCGA-THCA	THCA	27	40	mutation_count_proxy_no_callable_territory
TCGA-EL-A3MY-01A	TCGA-EL-A3MY	TCGA-THCA	THCA	17	23	mutation_count_proxy_no_callable_territory
TCGA-EL-A3MZ-01A	TCGA-EL-A3MZ	TCGA-THCA	THCA	24	35	mutation_count_proxy_no_callable_territory
TCGA-EL-A3N2-01A	TCGA-EL-A3N2	TCGA-THCA	THCA	9	11	mutation_count_proxy_no_callable_territory
TCGA-EL-A3N3-01A	TCGA-EL-A3N3	TCGA-THCA	THCA	13	17	mutation_count_proxy_no_callable_territory
TCGA-EL-A3T0-01A	TCGA-EL-A3T0	TCGA-THCA	THCA	13	19	mutation_count_proxy_no_callable_territory
TCGA-EL-A3T1-01A	TCGA-EL-A3T1	TCGA-THCA	THCA	13	17	mutation_count_proxy_no_callable_territory
TCGA-EL-A3T2-01A	TCGA-EL-A3T2	TCGA-THCA	THCA	16	23	mutation_count_proxy_no_callable_territory
TCGA-EL-A3T3-01A	TCGA-EL-A3T3	TCGA-THCA	THCA	17	22	mutation_count_proxy_no_callable_territory
TCGA-EL-A3T6-01A	TCGA-EL-A3T6	TCGA-THCA	THCA	6	10	mutation_count_proxy_no_callable_territory
TCGA-EL-A3T7-01A	TCGA-EL-A3T7	TCGA-THCA	THCA	9	12	mutation_count_proxy_no_callable_territory
TCGA-EL-A3T8-01A	TCGA-EL-A3T8	TCGA-THCA	THCA	9	10	mutation_count_proxy_no_callable_territory
TCGA-EL-A3T9-01A	TCGA-EL-A3T9	TCGA-THCA	THCA	17	29	mutation_count_proxy_no_callable_territory
TCGA-EL-A3TA-01A	TCGA-EL-A3TA	TCGA-THCA	THCA	4	6	mutation_count_proxy_no_callable_territory
TCGA-EL-A3TB-01A	TCGA-EL-A3TB	TCGA-THCA	THCA	16	20	mutation_count_proxy_no_callable_territory
TCGA-EL-A3ZG-01A	TCGA-EL-A3ZG	TCGA-THCA	THCA	3	8	mutation_count_proxy_no_callable_territory
TCGA-EL-A3ZH-01A	TCGA-EL-A3ZH	TCGA-THCA	THCA	9	11	mutation_count_proxy_no_callable_territory
TCGA-EL-A3ZK-01A	TCGA-EL-A3ZK	TCGA-THCA	THCA	10	15	mutation_count_proxy_no_callable_territory
TCGA-EL-A3ZL-01A	TCGA-EL-A3ZL	TCGA-THCA	THCA	9	17	mutation_count_proxy_no_callable_territory
TCGA-EL-A3ZN-01A	TCGA-EL-A3ZN	TCGA-THCA	THCA	1	6	mutation_count_proxy_no_callable_territory
TCGA-EL-A3ZO-01A	TCGA-EL-A3ZO	TCGA-THCA	THCA	66	117	mutation_count_proxy_no_callable_territory
TCGA-EL-A3ZP-01A	TCGA-EL-A3ZP	TCGA-THCA	THCA	3	7	mutation_count_proxy_no_callable_territory
TCGA-EL-A3ZQ-01A	TCGA-EL-A3ZQ	TCGA-THCA	THCA	10	13	mutation_count_proxy_no_callable_territory
TCGA-EL-A3ZR-01A	TCGA-EL-A3ZR	TCGA-THCA	THCA	10	21	mutation_count_proxy_no_callable_territory
TCGA-EL-A3ZS-01A	TCGA-EL-A3ZS	TCGA-THCA	THCA	5	6	mutation_count_proxy_no_callable_territory
TCGA-EL-A3ZT-01A	TCGA-EL-A3ZT	TCGA-THCA	THCA	11	15	mutation_count_proxy_no_callable_territory
TCGA-EL-A4JV-01A	TCGA-EL-A4JV	TCGA-THCA	THCA	9	12	mutation_count_proxy_no_callable_territory
TCGA-EL-A4JW-01A	TCGA-EL-A4JW	TCGA-THCA	THCA	8	11	mutation_count_proxy_no_callable_territory
TCGA-EL-A4JX-01A	TCGA-EL-A4JX	TCGA-THCA	THCA	8	12	mutation_count_proxy_no_callable_territory
TCGA-EL-A4JZ-01A	TCGA-EL-A4JZ	TCGA-THCA	THCA	8	14	mutation_count_proxy_no_callable_territory
TCGA-EL-A4K0-01A	TCGA-EL-A4K0	TCGA-THCA	THCA	11	13	mutation_count_proxy_no_callable_territory
TCGA-EL-A4K1-01A	TCGA-EL-A4K1	TCGA-THCA	THCA	7	14	mutation_count_proxy_no_callable_territory
TCGA-EL-A4K2-01A	TCGA-EL-A4K2	TCGA-THCA	THCA	9	14	mutation_count_proxy_no_callable_territory
TCGA-EL-A4K4-01A	TCGA-EL-A4K4	TCGA-THCA	THCA	9	11	mutation_count_proxy_no_callable_territory
TCGA-EL-A4K6-01A	TCGA-EL-A4K6	TCGA-THCA	THCA	19	33	mutation_count_proxy_no_callable_territory
TCGA-EL-A4K7-01A	TCGA-EL-A4K7	TCGA-THCA	THCA	41	54	mutation_count_proxy_no_callable_territory
TCGA-EL-A4K9-01A	TCGA-EL-A4K9	TCGA-THCA	THCA	15	21	mutation_count_proxy_no_callable_territory
TCGA-EL-A4KD-01A	TCGA-EL-A4KD	TCGA-THCA	THCA	12	21	mutation_count_proxy_no_callable_territory
TCGA-EL-A4KG-01A	TCGA-EL-A4KG	TCGA-THCA	THCA	30	60	mutation_count_proxy_no_callable_territory
TCGA-EL-A4KH-01A	TCGA-EL-A4KH	TCGA-THCA	THCA	4	5	mutation_count_proxy_no_callable_territory
TCGA-EL-A4KI-01A	TCGA-EL-A4KI	TCGA-THCA	THCA	18	22	mutation_count_proxy_no_callable_territory
TCGA-EM-A1CS-01A	TCGA-EM-A1CS	TCGA-THCA	THCA	9	20	mutation_count_proxy_no_callable_territory
TCGA-EM-A1CT-01A	TCGA-EM-A1CT	TCGA-THCA	THCA	30	57	mutation_count_proxy_no_callable_territory
TCGA-EM-A1CU-01A	TCGA-EM-A1CU	TCGA-THCA	THCA	27	35	mutation_count_proxy_no_callable_territory
TCGA-EM-A1CV-01A	TCGA-EM-A1CV	TCGA-THCA	THCA	14	27	mutation_count_proxy_no_callable_territory
TCGA-EM-A1CW-01A	TCGA-EM-A1CW	TCGA-THCA	THCA	18	19	mutation_count_proxy_no_callable_territory
TCGA-EM-A1YA-01A	TCGA-EM-A1YA	TCGA-THCA	THCA	11	16	mutation_count_proxy_no_callable_territory
TCGA-EM-A1YB-01A	TCGA-EM-A1YB	TCGA-THCA	THCA	32	66	mutation_count_proxy_no_callable_territory
TCGA-EM-A1YC-01A	TCGA-EM-A1YC	TCGA-THCA	THCA	10	20	mutation_count_proxy_no_callable_territory
TCGA-EM-A1YD-01A	TCGA-EM-A1YD	TCGA-THCA	THCA	5	8	mutation_count_proxy_no_callable_territory
TCGA-EM-A1YE-01A	TCGA-EM-A1YE	TCGA-THCA	THCA	9	15	mutation_count_proxy_no_callable_territory
TCGA-EM-A22I-01A	TCGA-EM-A22I	TCGA-THCA	THCA	9	13	mutation_count_proxy_no_callable_territory
TCGA-EM-A22J-01A	TCGA-EM-A22J	TCGA-THCA	THCA	114	186	mutation_count_proxy_no_callable_territory
TCGA-EM-A22K-01A	TCGA-EM-A22K	TCGA-THCA	THCA	13	17	mutation_count_proxy_no_callable_territory
TCGA-EM-A22L-01A	TCGA-EM-A22L	TCGA-THCA	THCA	22	32	mutation_count_proxy_no_callable_territory
TCGA-EM-A22M-01A	TCGA-EM-A22M	TCGA-THCA	THCA	79	118	mutation_count_proxy_no_callable_territory
TCGA-EM-A22N-01A	TCGA-EM-A22N	TCGA-THCA	THCA	8	14	mutation_count_proxy_no_callable_territory
TCGA-EM-A22O-01A	TCGA-EM-A22O	TCGA-THCA	THCA	32	42	mutation_count_proxy_no_callable_territory
TCGA-EM-A22P-01A	TCGA-EM-A22P	TCGA-THCA	THCA	13	20	mutation_count_proxy_no_callable_territory
TCGA-EM-A22Q-01A	TCGA-EM-A22Q	TCGA-THCA	THCA	8	13	mutation_count_proxy_no_callable_territory
TCGA-EM-A2CJ-01A	TCGA-EM-A2CJ	TCGA-THCA	THCA	54	78	mutation_count_proxy_no_callable_territory
TCGA-EM-A2CK-01A	TCGA-EM-A2CK	TCGA-THCA	THCA	19	24	mutation_count_proxy_no_callable_territory
TCGA-EM-A2CL-01A	TCGA-EM-A2CL	TCGA-THCA	THCA	57	82	mutation_count_proxy_no_callable_territory
TCGA-EM-A2CM-01A	TCGA-EM-A2CM	TCGA-THCA	THCA	24	39	mutation_count_proxy_no_callable_territory
TCGA-EM-A2CN-01A	TCGA-EM-A2CN	TCGA-THCA	THCA	147	226	mutation_count_proxy_no_callable_territory
TCGA-EM-A2CO-01A	TCGA-EM-A2CO	TCGA-THCA	THCA	12	17	mutation_count_proxy_no_callable_territory
TCGA-EM-A2CP-01A	TCGA-EM-A2CP	TCGA-THCA	THCA	15	26	mutation_count_proxy_no_callable_territory
TCGA-EM-A2CQ-01A	TCGA-EM-A2CQ	TCGA-THCA	THCA	6	10	mutation_count_proxy_no_callable_territory
TCGA-EM-A2CR-01A	TCGA-EM-A2CR	TCGA-THCA	THCA	10	15	mutation_count_proxy_no_callable_territory
TCGA-EM-A2CS-01A	TCGA-EM-A2CS	TCGA-THCA	THCA	9	16	mutation_count_proxy_no_callable_territory
TCGA-EM-A2CS-06A	TCGA-EM-A2CS	TCGA-THCA	THCA	11	15	mutation_count_proxy_no_callable_territory
TCGA-EM-A2CT-01A	TCGA-EM-A2CT	TCGA-THCA	THCA	20	36	mutation_count_proxy_no_callable_territory
TCGA-EM-A2CU-01A	TCGA-EM-A2CU	TCGA-THCA	THCA	16	24	mutation_count_proxy_no_callable_territory
TCGA-EM-A2OV-01A	TCGA-EM-A2OV	TCGA-THCA	THCA	15	18	mutation_count_proxy_no_callable_territory
TCGA-EM-A2OW-01A	TCGA-EM-A2OW	TCGA-THCA	THCA	12	20	mutation_count_proxy_no_callable_territory
TCGA-EM-A2OX-01A	TCGA-EM-A2OX	TCGA-THCA	THCA	7	13	mutation_count_proxy_no_callable_territory
TCGA-EM-A2OY-01A	TCGA-EM-A2OY	TCGA-THCA	THCA	14	19	mutation_count_proxy_no_callable_territory
TCGA-EM-A2OZ-01A	TCGA-EM-A2OZ	TCGA-THCA	THCA	32	66	mutation_count_proxy_no_callable_territory
TCGA-EM-A2P0-01A	TCGA-EM-A2P0	TCGA-THCA	THCA	7	8	mutation_count_proxy_no_callable_territory
TCGA-EM-A2P1-01A	TCGA-EM-A2P1	TCGA-THCA	THCA	7	14	mutation_count_proxy_no_callable_territory
TCGA-EM-A2P1-06A	TCGA-EM-A2P1	TCGA-THCA	THCA	6	15	mutation_count_proxy_no_callable_territory
TCGA-EM-A2P2-01A	TCGA-EM-A2P2	TCGA-THCA	THCA	17	22	mutation_count_proxy_no_callable_territory
TCGA-EM-A2P3-01A	TCGA-EM-A2P3	TCGA-THCA	THCA	10	15	mutation_count_proxy_no_callable_territory
TCGA-EM-A3AI-01A	TCGA-EM-A3AI	TCGA-THCA	THCA	14	17	mutation_count_proxy_no_callable_territory
TCGA-EM-A3AJ-01A	TCGA-EM-A3AJ	TCGA-THCA	THCA	4	6	mutation_count_proxy_no_callable_territory
TCGA-EM-A3AK-01A	TCGA-EM-A3AK	TCGA-THCA	THCA	9	14	mutation_count_proxy_no_callable_territory
TCGA-EM-A3AL-01A	TCGA-EM-A3AL	TCGA-THCA	THCA	10	18	mutation_count_proxy_no_callable_territory
TCGA-EM-A3AN-01A	TCGA-EM-A3AN	TCGA-THCA	THCA	8	10	mutation_count_proxy_no_callable_territory
TCGA-EM-A3AO-01A	TCGA-EM-A3AO	TCGA-THCA	THCA	7	11	mutation_count_proxy_no_callable_territory
TCGA-EM-A3AP-01A	TCGA-EM-A3AP	TCGA-THCA	THCA	11	14	mutation_count_proxy_no_callable_territory
TCGA-EM-A3AQ-01A	TCGA-EM-A3AQ	TCGA-THCA	THCA	10	13	mutation_count_proxy_no_callable_territory
TCGA-EM-A3AR-01A	TCGA-EM-A3AR	TCGA-THCA	THCA	5	7	mutation_count_proxy_no_callable_territory
TCGA-EM-A3FJ-01A	TCGA-EM-A3FJ	TCGA-THCA	THCA	2	5	mutation_count_proxy_no_callable_territory
TCGA-EM-A3FK-01A	TCGA-EM-A3FK	TCGA-THCA	THCA	8	14	mutation_count_proxy_no_callable_territory
TCGA-EM-A3FL-01A	TCGA-EM-A3FL	TCGA-THCA	THCA	7	13	mutation_count_proxy_no_callable_territory
TCGA-EM-A3FM-01A	TCGA-EM-A3FM	TCGA-THCA	THCA	14	20	mutation_count_proxy_no_callable_territory
TCGA-EM-A3FN-01A	TCGA-EM-A3FN	TCGA-THCA	THCA	17	25	mutation_count_proxy_no_callable_territory
TCGA-EM-A3FO-01A	TCGA-EM-A3FO	TCGA-THCA	THCA	6	8	mutation_count_proxy_no_callable_territory
TCGA-EM-A3FP-01A	TCGA-EM-A3FP	TCGA-THCA	THCA	12	15	mutation_count_proxy_no_callable_territory
TCGA-EM-A3FQ-01A	TCGA-EM-A3FQ	TCGA-THCA	THCA	2	4	mutation_count_proxy_no_callable_territory
TCGA-EM-A3FQ-06A	TCGA-EM-A3FQ	TCGA-THCA	THCA	12	15	mutation_count_proxy_no_callable_territory
TCGA-EM-A3FR-01A	TCGA-EM-A3FR	TCGA-THCA	THCA	16	19	mutation_count_proxy_no_callable_territory
TCGA-EM-A3O3-01A	TCGA-EM-A3O3	TCGA-THCA	THCA	28	45	mutation_count_proxy_no_callable_territory
TCGA-EM-A3O6-01A	TCGA-EM-A3O6	TCGA-THCA	THCA	10	16	mutation_count_proxy_no_callable_territory
TCGA-EM-A3O7-01A	TCGA-EM-A3O7	TCGA-THCA	THCA	10	15	mutation_count_proxy_no_callable_territory
TCGA-EM-A3O8-01A	TCGA-EM-A3O8	TCGA-THCA	THCA	5	12	mutation_count_proxy_no_callable_territory
TCGA-EM-A3O9-01A	TCGA-EM-A3O9	TCGA-THCA	THCA	11	12	mutation_count_proxy_no_callable_territory
TCGA-EM-A3OA-01A	TCGA-EM-A3OA	TCGA-THCA	THCA	12	22	mutation_count_proxy_no_callable_territory
TCGA-EM-A3OB-01A	TCGA-EM-A3OB	TCGA-THCA	THCA	6	10	mutation_count_proxy_no_callable_territory
TCGA-EM-A3ST-01A	TCGA-EM-A3ST	TCGA-THCA	THCA	19	26	mutation_count_proxy_no_callable_territory
TCGA-EM-A3SU-01A	TCGA-EM-A3SU	TCGA-THCA	THCA	11	14	mutation_count_proxy_no_callable_territory
TCGA-EM-A3SU-06A	TCGA-EM-A3SU	TCGA-THCA	THCA	9	10	mutation_count_proxy_no_callable_territory
TCGA-EM-A3SX-01A	TCGA-EM-A3SX	TCGA-THCA	THCA	26	34	mutation_count_proxy_no_callable_territory
TCGA-EM-A3SY-01A	TCGA-EM-A3SY	TCGA-THCA	THCA	13	16	mutation_count_proxy_no_callable_territory
TCGA-EM-A3SZ-01A	TCGA-EM-A3SZ	TCGA-THCA	THCA	21	24	mutation_count_proxy_no_callable_territory
TCGA-EM-A4FF-01A	TCGA-EM-A4FF	TCGA-THCA	THCA	9	13	mutation_count_proxy_no_callable_territory
TCGA-EM-A4FH-01A	TCGA-EM-A4FH	TCGA-THCA	THCA	5	11	mutation_count_proxy_no_callable_territory
TCGA-EM-A4FK-01A	TCGA-EM-A4FK	TCGA-THCA	THCA	6	11	mutation_count_proxy_no_callable_territory
TCGA-EM-A4FM-01A	TCGA-EM-A4FM	TCGA-THCA	THCA	20	30	mutation_count_proxy_no_callable_territory
TCGA-EM-A4FN-01A	TCGA-EM-A4FN	TCGA-THCA	THCA	11	16	mutation_count_proxy_no_callable_territory
TCGA-EM-A4FO-01A	TCGA-EM-A4FO	TCGA-THCA	THCA	14	19	mutation_count_proxy_no_callable_territory
TCGA-EM-A4FQ-01A	TCGA-EM-A4FQ	TCGA-THCA	THCA	9	11	mutation_count_proxy_no_callable_territory
TCGA-EM-A4FR-01A	TCGA-EM-A4FR	TCGA-THCA	THCA	5	6	mutation_count_proxy_no_callable_territory
TCGA-EM-A4FU-01A	TCGA-EM-A4FU	TCGA-THCA	THCA	5	8	mutation_count_proxy_no_callable_territory
TCGA-EM-A4FV-01A	TCGA-EM-A4FV	TCGA-THCA	THCA	21	31	mutation_count_proxy_no_callable_territory
TCGA-EM-A4G1-01A	TCGA-EM-A4G1	TCGA-THCA	THCA	2	5	mutation_count_proxy_no_callable_territory
TCGA-ET-A25G-01A	TCGA-ET-A25G	TCGA-THCA	THCA	12	21	mutation_count_proxy_no_callable_territory
TCGA-ET-A25I-01A	TCGA-ET-A25I	TCGA-THCA	THCA	12	19	mutation_count_proxy_no_callable_territory
TCGA-ET-A25J-01A	TCGA-ET-A25J	TCGA-THCA	THCA	9	15	mutation_count_proxy_no_callable_territory
TCGA-ET-A25K-01A	TCGA-ET-A25K	TCGA-THCA	THCA	15	24	mutation_count_proxy_no_callable_territory
TCGA-ET-A25O-01A	TCGA-ET-A25O	TCGA-THCA	THCA	14	24	mutation_count_proxy_no_callable_territory
TCGA-ET-A25R-01A	TCGA-ET-A25R	TCGA-THCA	THCA	11	17	mutation_count_proxy_no_callable_territory
TCGA-ET-A2MX-01A	TCGA-ET-A2MX	TCGA-THCA	THCA	9	15	mutation_count_proxy_no_callable_territory
TCGA-ET-A2MY-01A	TCGA-ET-A2MY	TCGA-THCA	THCA	51	71	mutation_count_proxy_no_callable_territory
TCGA-ET-A2MZ-01A	TCGA-ET-A2MZ	TCGA-THCA	THCA	6	8	mutation_count_proxy_no_callable_territory
TCGA-ET-A2N0-01A	TCGA-ET-A2N0	TCGA-THCA	THCA	10	15	mutation_count_proxy_no_callable_territory
TCGA-ET-A2N1-01A	TCGA-ET-A2N1	TCGA-THCA	THCA	15	20	mutation_count_proxy_no_callable_territory
TCGA-ET-A2N3-01B	TCGA-ET-A2N3	TCGA-THCA	THCA	8	12	mutation_count_proxy_no_callable_territory
TCGA-ET-A2N4-01A	TCGA-ET-A2N4	TCGA-THCA	THCA	15	22	mutation_count_proxy_no_callable_territory
TCGA-ET-A2N5-01A	TCGA-ET-A2N5	TCGA-THCA	THCA	11	12	mutation_count_proxy_no_callable_territory
TCGA-ET-A39I-01A	TCGA-ET-A39I	TCGA-THCA	THCA	9	14	mutation_count_proxy_no_callable_territory
TCGA-ET-A39J-01A	TCGA-ET-A39J	TCGA-THCA	THCA	18	28	mutation_count_proxy_no_callable_territory
TCGA-ET-A39K-01A	TCGA-ET-A39K	TCGA-THCA	THCA	6	10	mutation_count_proxy_no_callable_territory
TCGA-ET-A39L-01A	TCGA-ET-A39L	TCGA-THCA	THCA	1	4	mutation_count_proxy_no_callable_territory
TCGA-ET-A39M-01A	TCGA-ET-A39M	TCGA-THCA	THCA	9	15	mutation_count_proxy_no_callable_territory
TCGA-ET-A39N-01A	TCGA-ET-A39N	TCGA-THCA	THCA	10	14	mutation_count_proxy_no_callable_territory
TCGA-ET-A39O-01A	TCGA-ET-A39O	TCGA-THCA	THCA	7	12	mutation_count_proxy_no_callable_territory
TCGA-ET-A39P-01A	TCGA-ET-A39P	TCGA-THCA	THCA	65	101	mutation_count_proxy_no_callable_territory
TCGA-ET-A39R-01A	TCGA-ET-A39R	TCGA-THCA	THCA	259	390	mutation_count_proxy_no_callable_territory
TCGA-ET-A39S-01A	TCGA-ET-A39S	TCGA-THCA	THCA	5	8	mutation_count_proxy_no_callable_territory
TCGA-ET-A39T-01A	TCGA-ET-A39T	TCGA-THCA	THCA	6	14	mutation_count_proxy_no_callable_territory
TCGA-ET-A3BN-01A	TCGA-ET-A3BN	TCGA-THCA	THCA	8	13	mutation_count_proxy_no_callable_territory
TCGA-ET-A3BO-01A	TCGA-ET-A3BO	TCGA-THCA	THCA	7	9	mutation_count_proxy_no_callable_territory
TCGA-ET-A3BP-01A	TCGA-ET-A3BP	TCGA-THCA	THCA	5	7	mutation_count_proxy_no_callable_territory
TCGA-ET-A3BQ-01B	TCGA-ET-A3BQ	TCGA-THCA	THCA	15	19	mutation_count_proxy_no_callable_territory
TCGA-ET-A3BS-01A	TCGA-ET-A3BS	TCGA-THCA	THCA	5	9	mutation_count_proxy_no_callable_territory
TCGA-ET-A3BT-01A	TCGA-ET-A3BT	TCGA-THCA	THCA	19	30	mutation_count_proxy_no_callable_territory
TCGA-ET-A3BU-01A	TCGA-ET-A3BU	TCGA-THCA	THCA	3	6	mutation_count_proxy_no_callable_territory
TCGA-ET-A3BV-01A	TCGA-ET-A3BV	TCGA-THCA	THCA	22	31	mutation_count_proxy_no_callable_territory
TCGA-ET-A3BW-01A	TCGA-ET-A3BW	TCGA-THCA	THCA	6	14	mutation_count_proxy_no_callable_territory
TCGA-ET-A3BX-01A	TCGA-ET-A3BX	TCGA-THCA	THCA	8	12	mutation_count_proxy_no_callable_territory
TCGA-ET-A3DO-01A	TCGA-ET-A3DO	TCGA-THCA	THCA	14	17	mutation_count_proxy_no_callable_territory
TCGA-ET-A3DP-01A	TCGA-ET-A3DP	TCGA-THCA	THCA	15	23	mutation_count_proxy_no_callable_territory
TCGA-ET-A3DQ-01A	TCGA-ET-A3DQ	TCGA-THCA	THCA	3	6	mutation_count_proxy_no_callable_territory
TCGA-ET-A3DR-01A	TCGA-ET-A3DR	TCGA-THCA	THCA	12	18	mutation_count_proxy_no_callable_territory
TCGA-ET-A3DS-01A	TCGA-ET-A3DS	TCGA-THCA	THCA	6	11	mutation_count_proxy_no_callable_territory
TCGA-ET-A3DT-01A	TCGA-ET-A3DT	TCGA-THCA	THCA	3	5	mutation_count_proxy_no_callable_territory
TCGA-ET-A3DU-01A	TCGA-ET-A3DU	TCGA-THCA	THCA	13	20	mutation_count_proxy_no_callable_territory
TCGA-ET-A3DV-01A	TCGA-ET-A3DV	TCGA-THCA	THCA	9	11	mutation_count_proxy_no_callable_territory
TCGA-ET-A3DW-01A	TCGA-ET-A3DW	TCGA-THCA	THCA	16	24	mutation_count_proxy_no_callable_territory
TCGA-ET-A40P-01A	TCGA-ET-A40P	TCGA-THCA	THCA	10	12	mutation_count_proxy_no_callable_territory
TCGA-ET-A40Q-01A	TCGA-ET-A40Q	TCGA-THCA	THCA	11	16	mutation_count_proxy_no_callable_territory
TCGA-ET-A40S-01A	TCGA-ET-A40S	TCGA-THCA	THCA	13	19	mutation_count_proxy_no_callable_territory
TCGA-ET-A40T-01A	TCGA-ET-A40T	TCGA-THCA	THCA	8	23	mutation_count_proxy_no_callable_territory
TCGA-ET-A4KN-01A	TCGA-ET-A4KN	TCGA-THCA	THCA	9	12	mutation_count_proxy_no_callable_territory
TCGA-ET-A4KQ-01A	TCGA-ET-A4KQ	TCGA-THCA	THCA	9	11	mutation_count_proxy_no_callable_territory
TCGA-FE-A22Z-01A	TCGA-FE-A22Z	TCGA-THCA	THCA	16	28	mutation_count_proxy_no_callable_territory
TCGA-FE-A230-01A	TCGA-FE-A230	TCGA-THCA	THCA	4	6	mutation_count_proxy_no_callable_territory
TCGA-FE-A231-01A	TCGA-FE-A231	TCGA-THCA	THCA	11	20	mutation_count_proxy_no_callable_territory
TCGA-FE-A232-01A	TCGA-FE-A232	TCGA-THCA	THCA	14	16	mutation_count_proxy_no_callable_territory
TCGA-FE-A233-01A	TCGA-FE-A233	TCGA-THCA	THCA	10	15	mutation_count_proxy_no_callable_territory
TCGA-FE-A234-01A	TCGA-FE-A234	TCGA-THCA	THCA	6	12	mutation_count_proxy_no_callable_territory
TCGA-FE-A235-01A	TCGA-FE-A235	TCGA-THCA	THCA	12	13	mutation_count_proxy_no_callable_territory
TCGA-FE-A236-01A	TCGA-FE-A236	TCGA-THCA	THCA	9	15	mutation_count_proxy_no_callable_territory
TCGA-FE-A237-01A	TCGA-FE-A237	TCGA-THCA	THCA	16	32	mutation_count_proxy_no_callable_territory
TCGA-FE-A23A-01A	TCGA-FE-A23A	TCGA-THCA	THCA	9	15	mutation_count_proxy_no_callable_territory
TCGA-FE-A3PA-01A	TCGA-FE-A3PA	TCGA-THCA	THCA	3	4	mutation_count_proxy_no_callable_territory
TCGA-FE-A3PB-01A	TCGA-FE-A3PB	TCGA-THCA	THCA	3	4	mutation_count_proxy_no_callable_territory
TCGA-FE-A3PC-01A	TCGA-FE-A3PC	TCGA-THCA	THCA	17	25	mutation_count_proxy_no_callable_territory
TCGA-FE-A3PD-01A	TCGA-FE-A3PD	TCGA-THCA	THCA	7	11	mutation_count_proxy_no_callable_territory
TCGA-FK-A3S3-01A	TCGA-FK-A3S3	TCGA-THCA	THCA	6	12	mutation_count_proxy_no_callable_territory
TCGA-FK-A3SB-01A	TCGA-FK-A3SB	TCGA-THCA	THCA	5	7	mutation_count_proxy_no_callable_territory
TCGA-FK-A3SD-01A	TCGA-FK-A3SD	TCGA-THCA	THCA	16	23	mutation_count_proxy_no_callable_territory
TCGA-FK-A3SE-01A	TCGA-FK-A3SE	TCGA-THCA	THCA	2	7	mutation_count_proxy_no_callable_territory
TCGA-FK-A3SG-01A	TCGA-FK-A3SG	TCGA-THCA	THCA	7	12	mutation_count_proxy_no_callable_territory
TCGA-FK-A3SH-01A	TCGA-FK-A3SH	TCGA-THCA	THCA	12	19	mutation_count_proxy_no_callable_territory
TCGA-FK-A4UB-01A	TCGA-FK-A4UB	TCGA-THCA	THCA	4	7	mutation_count_proxy_no_callable_territory
TCGA-FY-A2QD-01A	TCGA-FY-A2QD	TCGA-THCA	THCA	12	19	mutation_count_proxy_no_callable_territory
TCGA-FY-A3BL-01A	TCGA-FY-A3BL	TCGA-THCA	THCA	272	409	mutation_count_proxy_no_callable_territory
TCGA-FY-A3I4-01A	TCGA-FY-A3I4	TCGA-THCA	THCA	7	9	mutation_count_proxy_no_callable_territory
TCGA-FY-A3I5-01B	TCGA-FY-A3I5	TCGA-THCA	THCA	12	18	mutation_count_proxy_no_callable_territory
TCGA-FY-A3NM-01A	TCGA-FY-A3NM	TCGA-THCA	THCA	10	16	mutation_count_proxy_no_callable_territory
TCGA-FY-A3NN-01A	TCGA-FY-A3NN	TCGA-THCA	THCA	8	14	mutation_count_proxy_no_callable_territory
TCGA-FY-A3NP-01A	TCGA-FY-A3NP	TCGA-THCA	THCA	11	15	mutation_count_proxy_no_callable_territory
TCGA-FY-A3ON-01A	TCGA-FY-A3ON	TCGA-THCA	THCA	6	6	mutation_count_proxy_no_callable_territory
TCGA-FY-A3R6-01A	TCGA-FY-A3R6	TCGA-THCA	THCA	8	12	mutation_count_proxy_no_callable_territory
TCGA-FY-A3R7-01A	TCGA-FY-A3R7	TCGA-THCA	THCA	7	11	mutation_count_proxy_no_callable_territory
TCGA-FY-A3R8-01A	TCGA-FY-A3R8	TCGA-THCA	THCA	12	20	mutation_count_proxy_no_callable_territory
TCGA-FY-A3R9-01A	TCGA-FY-A3R9	TCGA-THCA	THCA	15	28	mutation_count_proxy_no_callable_territory
TCGA-FY-A3RA-01A	TCGA-FY-A3RA	TCGA-THCA	THCA	5	6	mutation_count_proxy_no_callable_territory
TCGA-FY-A3TY-01A	TCGA-FY-A3TY	TCGA-THCA	THCA	11	16	mutation_count_proxy_no_callable_territory
TCGA-FY-A3W9-01A	TCGA-FY-A3W9	TCGA-THCA	THCA	15	20	mutation_count_proxy_no_callable_territory
TCGA-FY-A3WA-01A	TCGA-FY-A3WA	TCGA-THCA	THCA	5	9	mutation_count_proxy_no_callable_territory
TCGA-FY-A3YR-01A	TCGA-FY-A3YR	TCGA-THCA	THCA	14	20	mutation_count_proxy_no_callable_territory
TCGA-FY-A40K-01A	TCGA-FY-A40K	TCGA-THCA	THCA	5	6	mutation_count_proxy_no_callable_territory
TCGA-FY-A40L-01A	TCGA-FY-A40L	TCGA-THCA	THCA	15	21	mutation_count_proxy_no_callable_territory
TCGA-FY-A40M-01A	TCGA-FY-A40M	TCGA-THCA	THCA	9	17	mutation_count_proxy_no_callable_territory
TCGA-FY-A40N-01A	TCGA-FY-A40N	TCGA-THCA	THCA	4	5	mutation_count_proxy_no_callable_territory
TCGA-FY-A4B3-01A	TCGA-FY-A4B3	TCGA-THCA	THCA	9	14	mutation_count_proxy_no_callable_territory
TCGA-FY-A4B4-01A	TCGA-FY-A4B4	TCGA-THCA	THCA	9	16	mutation_count_proxy_no_callable_territory
TCGA-FY-A76V-01A	TCGA-FY-A76V	TCGA-THCA	THCA	12	16	mutation_count_proxy_no_callable_territory
TCGA-GE-A2C6-01A	TCGA-GE-A2C6	TCGA-THCA	THCA	12	14	mutation_count_proxy_no_callable_territory
TCGA-H2-A26U-01A	TCGA-H2-A26U	TCGA-THCA	THCA	26	43	mutation_count_proxy_no_callable_territory
TCGA-H2-A2K9-01A	TCGA-H2-A2K9	TCGA-THCA	THCA	57	71	mutation_count_proxy_no_callable_territory
TCGA-H2-A3RH-01A	TCGA-H2-A3RH	TCGA-THCA	THCA	12	20	mutation_count_proxy_no_callable_territory
TCGA-H2-A3RI-01A	TCGA-H2-A3RI	TCGA-THCA	THCA	10	12	mutation_count_proxy_no_callable_territory
TCGA-H2-A421-01A	TCGA-H2-A421	TCGA-THCA	THCA	18	32	mutation_count_proxy_no_callable_territory
TCGA-H2-A422-01A	TCGA-H2-A422	TCGA-THCA	THCA	11	17	mutation_count_proxy_no_callable_territory
TCGA-IM-A3EB-01A	TCGA-IM-A3EB	TCGA-THCA	THCA	7	8	mutation_count_proxy_no_callable_territory
TCGA-IM-A3ED-01A	TCGA-IM-A3ED	TCGA-THCA	THCA	5	11	mutation_count_proxy_no_callable_territory
TCGA-IM-A3U2-01A	TCGA-IM-A3U2	TCGA-THCA	THCA	36	51	mutation_count_proxy_no_callable_territory
TCGA-IM-A3U3-01A	TCGA-IM-A3U3	TCGA-THCA	THCA	23	25	mutation_count_proxy_no_callable_territory
TCGA-IM-A41Y-01A	TCGA-IM-A41Y	TCGA-THCA	THCA	25	36	mutation_count_proxy_no_callable_territory
TCGA-IM-A420-01A	TCGA-IM-A420	TCGA-THCA	THCA	4	8	mutation_count_proxy_no_callable_territory
TCGA-IM-A4EB-01A	TCGA-IM-A4EB	TCGA-THCA	THCA	12	16	mutation_count_proxy_no_callable_territory
TCGA-J8-A3NZ-01A	TCGA-J8-A3NZ	TCGA-THCA	THCA	8	14	mutation_count_proxy_no_callable_territory
TCGA-J8-A3O0-01A	TCGA-J8-A3O0	TCGA-THCA	THCA	11	16	mutation_count_proxy_no_callable_territory
TCGA-J8-A3O1-01A	TCGA-J8-A3O1	TCGA-THCA	THCA	17	26	mutation_count_proxy_no_callable_territory
TCGA-J8-A3O2-01A	TCGA-J8-A3O2	TCGA-THCA	THCA	10	13	mutation_count_proxy_no_callable_territory
TCGA-J8-A3O2-06A	TCGA-J8-A3O2	TCGA-THCA	THCA	10	18	mutation_count_proxy_no_callable_territory
TCGA-J8-A3YD-01A	TCGA-J8-A3YD	TCGA-THCA	THCA	6	14	mutation_count_proxy_no_callable_territory
TCGA-J8-A3YE-01A	TCGA-J8-A3YE	TCGA-THCA	THCA	8	9	mutation_count_proxy_no_callable_territory
TCGA-J8-A3YF-01A	TCGA-J8-A3YF	TCGA-THCA	THCA	21	30	mutation_count_proxy_no_callable_territory
TCGA-J8-A3YG-01A	TCGA-J8-A3YG	TCGA-THCA	THCA	6	7	mutation_count_proxy_no_callable_territory
TCGA-J8-A3YH-01A	TCGA-J8-A3YH	TCGA-THCA	THCA	6	9	mutation_count_proxy_no_callable_territory
TCGA-J8-A3YH-06A	TCGA-J8-A3YH	TCGA-THCA	THCA	4	9	mutation_count_proxy_no_callable_territory
TCGA-J8-A42S-01A	TCGA-J8-A42S	TCGA-THCA	THCA	12	14	mutation_count_proxy_no_callable_territory
TCGA-J8-A4HW-01A	TCGA-J8-A4HW	TCGA-THCA	THCA	10	15	mutation_count_proxy_no_callable_territory
TCGA-J8-A4HW-06A	TCGA-J8-A4HW	TCGA-THCA	THCA	6	10	mutation_count_proxy_no_callable_territory
TCGA-J8-A4HY-01A	TCGA-J8-A4HY	TCGA-THCA	THCA	33	49	mutation_count_proxy_no_callable_territory
TCGA-KS-A41F-01A	TCGA-KS-A41F	TCGA-THCA	THCA	10	15	mutation_count_proxy_no_callable_territory
TCGA-KS-A41I-01A	TCGA-KS-A41I	TCGA-THCA	THCA	10	12	mutation_count_proxy_no_callable_territory
TCGA-KS-A41J-01A	TCGA-KS-A41J	TCGA-THCA	THCA	8	13	mutation_count_proxy_no_callable_territory
TCGA-KS-A41L-01A	TCGA-KS-A41L	TCGA-THCA	THCA	8	12	mutation_count_proxy_no_callable_territory
TCGA-KS-A4I1-01A	TCGA-KS-A4I1	TCGA-THCA	THCA	7	12	mutation_count_proxy_no_callable_territory
TCGA-KS-A4I3-01A	TCGA-KS-A4I3	TCGA-THCA	THCA	8	13	mutation_count_proxy_no_callable_territory
TCGA-KS-A4I5-01A	TCGA-KS-A4I5	TCGA-THCA	THCA	11	16	mutation_count_proxy_no_callable_territory
TCGA-KS-A4I7-01A	TCGA-KS-A4I7	TCGA-THCA	THCA	7	10	mutation_count_proxy_no_callable_territory
TCGA-KS-A4I9-01A	TCGA-KS-A4I9	TCGA-THCA	THCA	9	11	mutation_count_proxy_no_callable_territory
TCGA-KS-A4IB-01A	TCGA-KS-A4IB	TCGA-THCA	THCA	14	18	mutation_count_proxy_no_callable_territory
TCGA-KS-A4IC-01A	TCGA-KS-A4IC	TCGA-THCA	THCA	3	5	mutation_count_proxy_no_callable_territory
TCGA-KS-A4ID-01A	TCGA-KS-A4ID	TCGA-THCA	THCA	10	16	mutation_count_proxy_no_callable_territory
TCGA-L6-A4EP-01A	TCGA-L6-A4EP	TCGA-THCA	THCA	13	15	mutation_count_proxy_no_callable_territory
TCGA-L6-A4EQ-01A	TCGA-L6-A4EQ	TCGA-THCA	THCA	14	20	mutation_count_proxy_no_callable_territory
TCGA-L6-A4ET-01A	TCGA-L6-A4ET	TCGA-THCA	THCA	6	11	mutation_count_proxy_no_callable_territory
TCGA-L6-A4EU-01A	TCGA-L6-A4EU	TCGA-THCA	THCA	43	83	mutation_count_proxy_no_callable_territory
TCGA-MK-A4N6-01A	TCGA-MK-A4N6	TCGA-THCA	THCA	9	15	mutation_count_proxy_no_callable_territory
TCGA-MK-A4N7-01A	TCGA-MK-A4N7	TCGA-THCA	THCA	15	22	mutation_count_proxy_no_callable_territory
TCGA-MK-A4N9-01A	TCGA-MK-A4N9	TCGA-THCA	THCA	6	10	mutation_count_proxy_no_callable_territory
TCGA-MK-A84Z-01A	TCGA-MK-A84Z	TCGA-THCA	THCA	17	22	mutation_count_proxy_no_callable_territory
TCGA-QD-A8IV-01A	TCGA-QD-A8IV	TCGA-THCA	THCA	7	12	mutation_count_proxy_no_callable_territory
TCGA-3G-AB0O-01A	TCGA-3G-AB0O	TCGA-THYM	THYM	10	18	mutation_count_proxy_no_callable_territory
TCGA-3G-AB0Q-01A	TCGA-3G-AB0Q	TCGA-THYM	THYM	23	33	mutation_count_proxy_no_callable_territory
TCGA-3G-AB0T-01A	TCGA-3G-AB0T	TCGA-THYM	THYM	13	26	mutation_count_proxy_no_callable_territory
TCGA-3G-AB14-01A	TCGA-3G-AB14	TCGA-THYM	THYM	12	27	mutation_count_proxy_no_callable_territory
TCGA-3G-AB19-01A	TCGA-3G-AB19	TCGA-THYM	THYM	25	48	mutation_count_proxy_no_callable_territory
TCGA-3Q-A9WF-01A	TCGA-3Q-A9WF	TCGA-THYM	THYM	5	14	mutation_count_proxy_no_callable_territory
TCGA-3S-A8YW-01A	TCGA-3S-A8YW	TCGA-THYM	THYM	30	61	mutation_count_proxy_no_callable_territory
TCGA-3S-AAYX-01A	TCGA-3S-AAYX	TCGA-THYM	THYM	17	24	mutation_count_proxy_no_callable_territory
TCGA-3T-AA9L-01A	TCGA-3T-AA9L	TCGA-THYM	THYM	6	10	mutation_count_proxy_no_callable_territory
TCGA-4V-A9QI-01A	TCGA-4V-A9QI	TCGA-THYM	THYM	6	15	mutation_count_proxy_no_callable_territory
TCGA-4V-A9QJ-01A	TCGA-4V-A9QJ	TCGA-THYM	THYM	25	44	mutation_count_proxy_no_callable_territory
TCGA-4V-A9QL-01A	TCGA-4V-A9QL	TCGA-THYM	THYM	12	28	mutation_count_proxy_no_callable_territory
TCGA-4V-A9QM-01A	TCGA-4V-A9QM	TCGA-THYM	THYM	12	23	mutation_count_proxy_no_callable_territory
TCGA-4V-A9QN-01A	TCGA-4V-A9QN	TCGA-THYM	THYM	10	23	mutation_count_proxy_no_callable_territory
TCGA-4V-A9QQ-01A	TCGA-4V-A9QQ	TCGA-THYM	THYM	19	39	mutation_count_proxy_no_callable_territory
TCGA-4V-A9QR-01A	TCGA-4V-A9QR	TCGA-THYM	THYM	30	45	mutation_count_proxy_no_callable_territory
TCGA-4V-A9QS-01A	TCGA-4V-A9QS	TCGA-THYM	THYM	10	20	mutation_count_proxy_no_callable_territory
TCGA-4V-A9QT-01A	TCGA-4V-A9QT	TCGA-THYM	THYM	6	11	mutation_count_proxy_no_callable_territory
TCGA-4V-A9QU-01A	TCGA-4V-A9QU	TCGA-THYM	THYM	8	18	mutation_count_proxy_no_callable_territory
TCGA-4V-A9QW-01A	TCGA-4V-A9QW	TCGA-THYM	THYM	13	21	mutation_count_proxy_no_callable_territory
TCGA-4V-A9QX-01A	TCGA-4V-A9QX	TCGA-THYM	THYM	13	36	mutation_count_proxy_no_callable_territory
TCGA-4X-A9F9-01A	TCGA-4X-A9F9	TCGA-THYM	THYM	12	17	mutation_count_proxy_no_callable_territory
TCGA-4X-A9FA-01A	TCGA-4X-A9FA	TCGA-THYM	THYM	14	20	mutation_count_proxy_no_callable_territory
TCGA-4X-A9FB-01A	TCGA-4X-A9FB	TCGA-THYM	THYM	6	15	mutation_count_proxy_no_callable_territory
TCGA-4X-A9FC-01A	TCGA-4X-A9FC	TCGA-THYM	THYM	12	25	mutation_count_proxy_no_callable_territory
TCGA-4X-A9FD-01A	TCGA-4X-A9FD	TCGA-THYM	THYM	24	43	mutation_count_proxy_no_callable_territory
TCGA-5G-A9ZZ-01A	TCGA-5G-A9ZZ	TCGA-THYM	THYM	9	24	mutation_count_proxy_no_callable_territory
TCGA-5K-AAAP-01A	TCGA-5K-AAAP	TCGA-THYM	THYM	20	35	mutation_count_proxy_no_callable_territory
TCGA-5U-AB0D-01A	TCGA-5U-AB0D	TCGA-THYM	THYM	60	103	mutation_count_proxy_no_callable_territory
TCGA-5U-AB0E-01A	TCGA-5U-AB0E	TCGA-THYM	THYM	22	35	mutation_count_proxy_no_callable_territory
TCGA-5U-AB0F-01A	TCGA-5U-AB0F	TCGA-THYM	THYM	15	30	mutation_count_proxy_no_callable_territory
TCGA-5V-A9RR-01A	TCGA-5V-A9RR	TCGA-THYM	THYM	11	26	mutation_count_proxy_no_callable_territory
TCGA-X7-A8D6-01A	TCGA-X7-A8D6	TCGA-THYM	THYM	21	31	mutation_count_proxy_no_callable_territory
TCGA-X7-A8D7-01A	TCGA-X7-A8D7	TCGA-THYM	THYM	5	17	mutation_count_proxy_no_callable_territory
TCGA-X7-A8D8-01A	TCGA-X7-A8D8	TCGA-THYM	THYM	32	60	mutation_count_proxy_no_callable_territory
TCGA-X7-A8D9-01A	TCGA-X7-A8D9	TCGA-THYM	THYM	15	29	mutation_count_proxy_no_callable_territory
TCGA-X7-A8DB-01A	TCGA-X7-A8DB	TCGA-THYM	THYM	6	9	mutation_count_proxy_no_callable_territory
TCGA-X7-A8DC-01A	TCGA-X7-A8DC	TCGA-THYM	THYM	11	26	mutation_count_proxy_no_callable_territory
TCGA-X7-A8DD-01A	TCGA-X7-A8DD	TCGA-THYM	THYM	13	21	mutation_count_proxy_no_callable_territory
TCGA-X7-A8DE-01A	TCGA-X7-A8DE	TCGA-THYM	THYM	12	26	mutation_count_proxy_no_callable_territory
TCGA-X7-A8DF-01A	TCGA-X7-A8DF	TCGA-THYM	THYM	5	19	mutation_count_proxy_no_callable_territory
TCGA-X7-A8DG-01A	TCGA-X7-A8DG	TCGA-THYM	THYM	4	5	mutation_count_proxy_no_callable_territory
TCGA-X7-A8DI-01A	TCGA-X7-A8DI	TCGA-THYM	THYM	10	19	mutation_count_proxy_no_callable_territory
TCGA-X7-A8DJ-01A	TCGA-X7-A8DJ	TCGA-THYM	THYM	13	18	mutation_count_proxy_no_callable_territory
TCGA-X7-A8M0-01A	TCGA-X7-A8M0	TCGA-THYM	THYM	14	31	mutation_count_proxy_no_callable_territory
TCGA-X7-A8M1-01A	TCGA-X7-A8M1	TCGA-THYM	THYM	16	29	mutation_count_proxy_no_callable_territory
TCGA-X7-A8M3-01A	TCGA-X7-A8M3	TCGA-THYM	THYM	29	57	mutation_count_proxy_no_callable_territory
TCGA-X7-A8M4-01A	TCGA-X7-A8M4	TCGA-THYM	THYM	9	16	mutation_count_proxy_no_callable_territory
TCGA-X7-A8M5-01A	TCGA-X7-A8M5	TCGA-THYM	THYM	25	49	mutation_count_proxy_no_callable_territory
TCGA-X7-A8M6-01A	TCGA-X7-A8M6	TCGA-THYM	THYM	11	16	mutation_count_proxy_no_callable_territory
TCGA-X7-A8M7-01A	TCGA-X7-A8M7	TCGA-THYM	THYM	1	3	mutation_count_proxy_no_callable_territory
TCGA-X7-A8M8-01A	TCGA-X7-A8M8	TCGA-THYM	THYM	5	9	mutation_count_proxy_no_callable_territory
TCGA-XH-A853-01A	TCGA-XH-A853	TCGA-THYM	THYM	9	20	mutation_count_proxy_no_callable_territory
TCGA-XM-A8R8-01A	TCGA-XM-A8R8	TCGA-THYM	THYM	8	19	mutation_count_proxy_no_callable_territory
TCGA-XM-A8R9-01A	TCGA-XM-A8R9	TCGA-THYM	THYM	11	23	mutation_count_proxy_no_callable_territory
TCGA-XM-A8RB-01A	TCGA-XM-A8RB	TCGA-THYM	THYM	4	14	mutation_count_proxy_no_callable_territory
TCGA-XM-A8RC-01A	TCGA-XM-A8RC	TCGA-THYM	THYM	24	41	mutation_count_proxy_no_callable_territory
TCGA-XM-A8RD-01A	TCGA-XM-A8RD	TCGA-THYM	THYM	11	17	mutation_count_proxy_no_callable_territory
TCGA-XM-A8RE-01A	TCGA-XM-A8RE	TCGA-THYM	THYM	7	15	mutation_count_proxy_no_callable_territory
TCGA-XM-A8RF-01A	TCGA-XM-A8RF	TCGA-THYM	THYM	32	54	mutation_count_proxy_no_callable_territory
TCGA-XM-A8RG-01A	TCGA-XM-A8RG	TCGA-THYM	THYM	23	36	mutation_count_proxy_no_callable_territory
TCGA-XM-A8RH-01A	TCGA-XM-A8RH	TCGA-THYM	THYM	6	12	mutation_count_proxy_no_callable_territory
TCGA-XM-A8RI-01A	TCGA-XM-A8RI	TCGA-THYM	THYM	14	33	mutation_count_proxy_no_callable_territory
TCGA-XM-A8RL-01A	TCGA-XM-A8RL	TCGA-THYM	THYM	1	8	mutation_count_proxy_no_callable_territory
TCGA-XM-AAZ1-01A	TCGA-XM-AAZ1	TCGA-THYM	THYM	13	21	mutation_count_proxy_no_callable_territory
TCGA-XM-AAZ2-01A	TCGA-XM-AAZ2	TCGA-THYM	THYM	17	30	mutation_count_proxy_no_callable_territory
TCGA-XM-AAZ3-01A	TCGA-XM-AAZ3	TCGA-THYM	THYM	24	41	mutation_count_proxy_no_callable_territory
TCGA-XU-A92O-01A	TCGA-XU-A92O	TCGA-THYM	THYM	25	44	mutation_count_proxy_no_callable_territory
TCGA-XU-A92Q-01A	TCGA-XU-A92Q	TCGA-THYM	THYM	22	32	mutation_count_proxy_no_callable_territory
TCGA-XU-A92R-01A	TCGA-XU-A92R	TCGA-THYM	THYM	20	34	mutation_count_proxy_no_callable_territory
TCGA-XU-A92T-01A	TCGA-XU-A92T	TCGA-THYM	THYM	29	48	mutation_count_proxy_no_callable_territory
TCGA-XU-A92U-01A	TCGA-XU-A92U	TCGA-THYM	THYM	15	33	mutation_count_proxy_no_callable_territory
TCGA-XU-A92V-01A	TCGA-XU-A92V	TCGA-THYM	THYM	37	53	mutation_count_proxy_no_callable_territory
TCGA-XU-A92W-01A	TCGA-XU-A92W	TCGA-THYM	THYM	14	26	mutation_count_proxy_no_callable_territory
TCGA-XU-A92X-01A	TCGA-XU-A92X	TCGA-THYM	THYM	7	19	mutation_count_proxy_no_callable_territory
TCGA-XU-A92Y-01A	TCGA-XU-A92Y	TCGA-THYM	THYM	11	22	mutation_count_proxy_no_callable_territory
TCGA-XU-A92Z-01A	TCGA-XU-A92Z	TCGA-THYM	THYM	24	47	mutation_count_proxy_no_callable_territory
TCGA-XU-A930-01A	TCGA-XU-A930	TCGA-THYM	THYM	25	48	mutation_count_proxy_no_callable_territory
TCGA-XU-A931-01A	TCGA-XU-A931	TCGA-THYM	THYM	11	28	mutation_count_proxy_no_callable_territory
TCGA-XU-A932-01A	TCGA-XU-A932	TCGA-THYM	THYM	11	22	mutation_count_proxy_no_callable_territory
TCGA-XU-A933-01A	TCGA-XU-A933	TCGA-THYM	THYM	36	65	mutation_count_proxy_no_callable_territory
TCGA-XU-A936-01A	TCGA-XU-A936	TCGA-THYM	THYM	25	45	mutation_count_proxy_no_callable_territory
TCGA-XU-AAXW-01A	TCGA-XU-AAXW	TCGA-THYM	THYM	6	12	mutation_count_proxy_no_callable_territory
TCGA-XU-AAXX-01A	TCGA-XU-AAXX	TCGA-THYM	THYM	10	20	mutation_count_proxy_no_callable_territory
TCGA-XU-AAXY-01A	TCGA-XU-AAXY	TCGA-THYM	THYM	3	10	mutation_count_proxy_no_callable_territory
TCGA-XU-AAXZ-01A	TCGA-XU-AAXZ	TCGA-THYM	THYM	9	20	mutation_count_proxy_no_callable_territory
TCGA-XU-AAY0-01A	TCGA-XU-AAY0	TCGA-THYM	THYM	14	29	mutation_count_proxy_no_callable_territory
TCGA-XU-AAY1-01A	TCGA-XU-AAY1	TCGA-THYM	THYM	10	19	mutation_count_proxy_no_callable_territory
TCGA-YT-A95D-01A	TCGA-YT-A95D	TCGA-THYM	THYM	21	33	mutation_count_proxy_no_callable_territory
TCGA-YT-A95E-01A	TCGA-YT-A95E	TCGA-THYM	THYM	13	24	mutation_count_proxy_no_callable_territory
TCGA-YT-A95F-01A	TCGA-YT-A95F	TCGA-THYM	THYM	35	54	mutation_count_proxy_no_callable_territory
TCGA-YT-A95G-01A	TCGA-YT-A95G	TCGA-THYM	THYM	15	23	mutation_count_proxy_no_callable_territory
TCGA-YT-A95H-01A	TCGA-YT-A95H	TCGA-THYM	THYM	16	32	mutation_count_proxy_no_callable_territory
TCGA-ZB-A961-01A	TCGA-ZB-A961	TCGA-THYM	THYM	29	47	mutation_count_proxy_no_callable_territory
TCGA-ZB-A962-01A	TCGA-ZB-A962	TCGA-THYM	THYM	26	42	mutation_count_proxy_no_callable_territory
TCGA-ZB-A963-01A	TCGA-ZB-A963	TCGA-THYM	THYM	13	29	mutation_count_proxy_no_callable_territory
TCGA-ZB-A964-01A	TCGA-ZB-A964	TCGA-THYM	THYM	24	37	mutation_count_proxy_no_callable_territory
TCGA-ZB-A965-01A	TCGA-ZB-A965	TCGA-THYM	THYM	30	57	mutation_count_proxy_no_callable_territory
TCGA-ZB-A966-01A	TCGA-ZB-A966	TCGA-THYM	THYM	622	1098	mutation_count_proxy_no_callable_territory
TCGA-ZB-A969-01A	TCGA-ZB-A969	TCGA-THYM	THYM	30	52	mutation_count_proxy_no_callable_territory
TCGA-ZB-A96A-01A	TCGA-ZB-A96A	TCGA-THYM	THYM	20	39	mutation_count_proxy_no_callable_territory
TCGA-ZB-A96B-01A	TCGA-ZB-A96B	TCGA-THYM	THYM	7	13	mutation_count_proxy_no_callable_territory
TCGA-ZB-A96C-01A	TCGA-ZB-A96C	TCGA-THYM	THYM	26	48	mutation_count_proxy_no_callable_territory
TCGA-ZB-A96D-01A	TCGA-ZB-A96D	TCGA-THYM	THYM	21	27	mutation_count_proxy_no_callable_territory
TCGA-ZB-A96E-01A	TCGA-ZB-A96E	TCGA-THYM	THYM	29	44	mutation_count_proxy_no_callable_territory
TCGA-ZB-A96F-01A	TCGA-ZB-A96F	TCGA-THYM	THYM	22	34	mutation_count_proxy_no_callable_territory
TCGA-ZB-A96G-01A	TCGA-ZB-A96G	TCGA-THYM	THYM	12	15	mutation_count_proxy_no_callable_territory
TCGA-ZB-A96H-01A	TCGA-ZB-A96H	TCGA-THYM	THYM	23	34	mutation_count_proxy_no_callable_territory
TCGA-ZB-A96I-01A	TCGA-ZB-A96I	TCGA-THYM	THYM	33	50	mutation_count_proxy_no_callable_territory
TCGA-ZB-A96K-01A	TCGA-ZB-A96K	TCGA-THYM	THYM	15	30	mutation_count_proxy_no_callable_territory
TCGA-ZB-A96L-01A	TCGA-ZB-A96L	TCGA-THYM	THYM	29	53	mutation_count_proxy_no_callable_territory
TCGA-ZB-A96M-01A	TCGA-ZB-A96M	TCGA-THYM	THYM	27	39	mutation_count_proxy_no_callable_territory
TCGA-ZB-A96O-01A	TCGA-ZB-A96O	TCGA-THYM	THYM	7	14	mutation_count_proxy_no_callable_territory
TCGA-ZB-A96P-01A	TCGA-ZB-A96P	TCGA-THYM	THYM	8	17	mutation_count_proxy_no_callable_territory
TCGA-ZB-A96Q-01A	TCGA-ZB-A96Q	TCGA-THYM	THYM	23	33	mutation_count_proxy_no_callable_territory
TCGA-ZB-A96R-01A	TCGA-ZB-A96R	TCGA-THYM	THYM	9	20	mutation_count_proxy_no_callable_territory
TCGA-ZB-A96V-01A	TCGA-ZB-A96V	TCGA-THYM	THYM	53	99	mutation_count_proxy_no_callable_territory
TCGA-ZC-AAA7-01A	TCGA-ZC-AAA7	TCGA-THYM	THYM	66	110	mutation_count_proxy_no_callable_territory
TCGA-ZC-AAAA-01A	TCGA-ZC-AAAA	TCGA-THYM	THYM	16	26	mutation_count_proxy_no_callable_territory
TCGA-ZC-AAAF-01A	TCGA-ZC-AAAF	TCGA-THYM	THYM	19	42	mutation_count_proxy_no_callable_territory
TCGA-ZC-AAAH-01A	TCGA-ZC-AAAH	TCGA-THYM	THYM	10	17	mutation_count_proxy_no_callable_territory
TCGA-ZL-A9V6-01A	TCGA-ZL-A9V6	TCGA-THYM	THYM	24	41	mutation_count_proxy_no_callable_territory
TCGA-ZT-A8OM-01A	TCGA-ZT-A8OM	TCGA-THYM	THYM	21	39	mutation_count_proxy_no_callable_territory
TCGA-2E-A9G8-01A	TCGA-2E-A9G8	TCGA-UCEC	UCEC	65	116	mutation_count_proxy_no_callable_territory
TCGA-4E-A92E-01A	TCGA-4E-A92E	TCGA-UCEC	UCEC	143	271	mutation_count_proxy_no_callable_territory
TCGA-5B-A90C-01A	TCGA-5B-A90C	TCGA-UCEC	UCEC	47	81	mutation_count_proxy_no_callable_territory
TCGA-5S-A9Q8-01A	TCGA-5S-A9Q8	TCGA-UCEC	UCEC	50	92	mutation_count_proxy_no_callable_territory
TCGA-A5-A0G1-01A	TCGA-A5-A0G1	TCGA-UCEC	UCEC	10747	16563	mutation_count_proxy_no_callable_territory
TCGA-A5-A0G2-01A	TCGA-A5-A0G2	TCGA-UCEC	UCEC	25514	40047	mutation_count_proxy_no_callable_territory
TCGA-A5-A0G3-01A	TCGA-A5-A0G3	TCGA-UCEC	UCEC	36	58	mutation_count_proxy_no_callable_territory
TCGA-A5-A0G5-01A	TCGA-A5-A0G5	TCGA-UCEC	UCEC	124	189	mutation_count_proxy_no_callable_territory
TCGA-A5-A0G9-01A	TCGA-A5-A0G9	TCGA-UCEC	UCEC	436	609	mutation_count_proxy_no_callable_territory
TCGA-A5-A0GA-01A	TCGA-A5-A0GA	TCGA-UCEC	UCEC	295	462	mutation_count_proxy_no_callable_territory
TCGA-A5-A0GB-01A	TCGA-A5-A0GB	TCGA-UCEC	UCEC	669	1061	mutation_count_proxy_no_callable_territory
TCGA-A5-A0GE-01A	TCGA-A5-A0GE	TCGA-UCEC	UCEC	33	41	mutation_count_proxy_no_callable_territory
TCGA-A5-A0GH-01A	TCGA-A5-A0GH	TCGA-UCEC	UCEC	428	675	mutation_count_proxy_no_callable_territory
TCGA-A5-A0GI-01A	TCGA-A5-A0GI	TCGA-UCEC	UCEC	339	508	mutation_count_proxy_no_callable_territory
TCGA-A5-A0GJ-01A	TCGA-A5-A0GJ	TCGA-UCEC	UCEC	61	91	mutation_count_proxy_no_callable_territory
TCGA-A5-A0GM-01A	TCGA-A5-A0GM	TCGA-UCEC	UCEC	42	56	mutation_count_proxy_no_callable_territory
TCGA-A5-A0GN-01A	TCGA-A5-A0GN	TCGA-UCEC	UCEC	56	79	mutation_count_proxy_no_callable_territory
TCGA-A5-A0GP-01A	TCGA-A5-A0GP	TCGA-UCEC	UCEC	1454	2238	mutation_count_proxy_no_callable_territory
TCGA-A5-A0GQ-01A	TCGA-A5-A0GQ	TCGA-UCEC	UCEC	56	91	mutation_count_proxy_no_callable_territory
TCGA-A5-A0GU-01A	TCGA-A5-A0GU	TCGA-UCEC	UCEC	42	65	mutation_count_proxy_no_callable_territory
TCGA-A5-A0GV-01A	TCGA-A5-A0GV	TCGA-UCEC	UCEC	46	69	mutation_count_proxy_no_callable_territory
TCGA-A5-A0GW-01A	TCGA-A5-A0GW	TCGA-UCEC	UCEC	304	490	mutation_count_proxy_no_callable_territory
TCGA-A5-A0GX-01A	TCGA-A5-A0GX	TCGA-UCEC	UCEC	32	47	mutation_count_proxy_no_callable_territory
TCGA-A5-A0R6-01A	TCGA-A5-A0R6	TCGA-UCEC	UCEC	46	72	mutation_count_proxy_no_callable_territory
TCGA-A5-A0R7-01A	TCGA-A5-A0R7	TCGA-UCEC	UCEC	69	105	mutation_count_proxy_no_callable_territory
TCGA-A5-A0R8-01A	TCGA-A5-A0R8	TCGA-UCEC	UCEC	77	101	mutation_count_proxy_no_callable_territory
TCGA-A5-A0R9-01A	TCGA-A5-A0R9	TCGA-UCEC	UCEC	44	63	mutation_count_proxy_no_callable_territory
TCGA-A5-A0RA-01A	TCGA-A5-A0RA	TCGA-UCEC	UCEC	76	98	mutation_count_proxy_no_callable_territory
TCGA-A5-A0VO-01A	TCGA-A5-A0VO	TCGA-UCEC	UCEC	63	101	mutation_count_proxy_no_callable_territory
TCGA-A5-A0VP-01A	TCGA-A5-A0VP	TCGA-UCEC	UCEC	1457	2275	mutation_count_proxy_no_callable_territory
TCGA-A5-A0VQ-01A	TCGA-A5-A0VQ	TCGA-UCEC	UCEC	367	557	mutation_count_proxy_no_callable_territory
TCGA-A5-A1OF-01A	TCGA-A5-A1OF	TCGA-UCEC	UCEC	10414	18761	mutation_count_proxy_no_callable_territory
TCGA-A5-A1OG-01A	TCGA-A5-A1OG	TCGA-UCEC	UCEC	36	47	mutation_count_proxy_no_callable_territory
TCGA-A5-A1OH-01A	TCGA-A5-A1OH	TCGA-UCEC	UCEC	112	209	mutation_count_proxy_no_callable_territory
TCGA-A5-A1OJ-01A	TCGA-A5-A1OJ	TCGA-UCEC	UCEC	62	93	mutation_count_proxy_no_callable_territory
TCGA-A5-A1OK-01A	TCGA-A5-A1OK	TCGA-UCEC	UCEC	64	94	mutation_count_proxy_no_callable_territory
TCGA-A5-A2K2-01A	TCGA-A5-A2K2	TCGA-UCEC	UCEC	122	204	mutation_count_proxy_no_callable_territory
TCGA-A5-A2K3-01A	TCGA-A5-A2K3	TCGA-UCEC	UCEC	1218	2216	mutation_count_proxy_no_callable_territory
TCGA-A5-A2K4-01A	TCGA-A5-A2K4	TCGA-UCEC	UCEC	29	53	mutation_count_proxy_no_callable_territory
TCGA-A5-A2K5-01A	TCGA-A5-A2K5	TCGA-UCEC	UCEC	8478	15201	mutation_count_proxy_no_callable_territory
TCGA-A5-A2K7-01A	TCGA-A5-A2K7	TCGA-UCEC	UCEC	612	1256	mutation_count_proxy_no_callable_territory
TCGA-A5-A3LO-01A	TCGA-A5-A3LO	TCGA-UCEC	UCEC	30	52	mutation_count_proxy_no_callable_territory
TCGA-A5-A3LP-01A	TCGA-A5-A3LP	TCGA-UCEC	UCEC	48	84	mutation_count_proxy_no_callable_territory
TCGA-A5-A7WK-01A	TCGA-A5-A7WK	TCGA-UCEC	UCEC	64	129	mutation_count_proxy_no_callable_territory
TCGA-A5-AB3J-01A	TCGA-A5-AB3J	TCGA-UCEC	UCEC	43	67	mutation_count_proxy_no_callable_territory
TCGA-AJ-A23M-01A	TCGA-AJ-A23M	TCGA-UCEC	UCEC	105	162	mutation_count_proxy_no_callable_territory
TCGA-AJ-A23N-01A	TCGA-AJ-A23N	TCGA-UCEC	UCEC	45	70	mutation_count_proxy_no_callable_territory
TCGA-AJ-A23O-01A	TCGA-AJ-A23O	TCGA-UCEC	UCEC	856	1588	mutation_count_proxy_no_callable_territory
TCGA-AJ-A2QK-01A	TCGA-AJ-A2QK	TCGA-UCEC	UCEC	70	120	mutation_count_proxy_no_callable_territory
TCGA-AJ-A2QL-01A	TCGA-AJ-A2QL	TCGA-UCEC	UCEC	82	133	mutation_count_proxy_no_callable_territory
TCGA-AJ-A2QM-01A	TCGA-AJ-A2QM	TCGA-UCEC	UCEC	178	304	mutation_count_proxy_no_callable_territory
TCGA-AJ-A2QN-01A	TCGA-AJ-A2QN	TCGA-UCEC	UCEC	52	106	mutation_count_proxy_no_callable_territory
TCGA-AJ-A2QO-01A	TCGA-AJ-A2QO	TCGA-UCEC	UCEC	1123	2186	mutation_count_proxy_no_callable_territory
TCGA-AJ-A3BD-01A	TCGA-AJ-A3BD	TCGA-UCEC	UCEC	76	121	mutation_count_proxy_no_callable_territory
TCGA-AJ-A3BF-01A	TCGA-AJ-A3BF	TCGA-UCEC	UCEC	26	53	mutation_count_proxy_no_callable_territory
TCGA-AJ-A3BG-01A	TCGA-AJ-A3BG	TCGA-UCEC	UCEC	1275	2352	mutation_count_proxy_no_callable_territory
TCGA-AJ-A3BH-01A	TCGA-AJ-A3BH	TCGA-UCEC	UCEC	2668	4878	mutation_count_proxy_no_callable_territory
TCGA-AJ-A3BI-01A	TCGA-AJ-A3BI	TCGA-UCEC	UCEC	40	59	mutation_count_proxy_no_callable_territory
TCGA-AJ-A3BK-01A	TCGA-AJ-A3BK	TCGA-UCEC	UCEC	58	100	mutation_count_proxy_no_callable_territory
TCGA-AJ-A3EJ-01A	TCGA-AJ-A3EJ	TCGA-UCEC	UCEC	54	96	mutation_count_proxy_no_callable_territory
TCGA-AJ-A3EK-01A	TCGA-AJ-A3EK	TCGA-UCEC	UCEC	5688	10506	mutation_count_proxy_no_callable_territory
TCGA-AJ-A3EL-01A	TCGA-AJ-A3EL	TCGA-UCEC	UCEC	7359	13392	mutation_count_proxy_no_callable_territory
TCGA-AJ-A3EM-01A	TCGA-AJ-A3EM	TCGA-UCEC	UCEC	51	90	mutation_count_proxy_no_callable_territory
TCGA-AJ-A3I9-01A	TCGA-AJ-A3I9	TCGA-UCEC	UCEC	27	52	mutation_count_proxy_no_callable_territory
TCGA-AJ-A3IA-01A	TCGA-AJ-A3IA	TCGA-UCEC	UCEC	229	401	mutation_count_proxy_no_callable_territory
TCGA-AJ-A3NF-01A	TCGA-AJ-A3NF	TCGA-UCEC	UCEC	54	86	mutation_count_proxy_no_callable_territory
TCGA-AJ-A3NG-01A	TCGA-AJ-A3NG	TCGA-UCEC	UCEC	73	131	mutation_count_proxy_no_callable_territory
TCGA-AJ-A3OJ-01A	TCGA-AJ-A3OJ	TCGA-UCEC	UCEC	891	1733	mutation_count_proxy_no_callable_territory
TCGA-AJ-A3OK-01A	TCGA-AJ-A3OK	TCGA-UCEC	UCEC	652	1150	mutation_count_proxy_no_callable_territory
TCGA-AJ-A3OL-01A	TCGA-AJ-A3OL	TCGA-UCEC	UCEC	295	555	mutation_count_proxy_no_callable_territory
TCGA-AJ-A3QS-01A	TCGA-AJ-A3QS	TCGA-UCEC	UCEC	228	402	mutation_count_proxy_no_callable_territory
TCGA-AJ-A3TW-01A	TCGA-AJ-A3TW	TCGA-UCEC	UCEC	112	193	mutation_count_proxy_no_callable_territory
TCGA-AJ-A5DV-01A	TCGA-AJ-A5DV	TCGA-UCEC	UCEC	80	124	mutation_count_proxy_no_callable_territory
TCGA-AJ-A5DW-01A	TCGA-AJ-A5DW	TCGA-UCEC	UCEC	3183	5650	mutation_count_proxy_no_callable_territory
TCGA-AJ-A6NU-01A	TCGA-AJ-A6NU	TCGA-UCEC	UCEC	42	73	mutation_count_proxy_no_callable_territory
TCGA-AJ-A8CT-01A	TCGA-AJ-A8CT	TCGA-UCEC	UCEC	629	1071	mutation_count_proxy_no_callable_territory
TCGA-AJ-A8CV-01A	TCGA-AJ-A8CV	TCGA-UCEC	UCEC	216	389	mutation_count_proxy_no_callable_territory
TCGA-AJ-A8CW-01A	TCGA-AJ-A8CW	TCGA-UCEC	UCEC	658	1216	mutation_count_proxy_no_callable_territory
TCGA-AP-A051-01A	TCGA-AP-A051	TCGA-UCEC	UCEC	8230	12545	mutation_count_proxy_no_callable_territory
TCGA-AP-A052-01A	TCGA-AP-A052	TCGA-UCEC	UCEC	42	56	mutation_count_proxy_no_callable_territory
TCGA-AP-A053-01A	TCGA-AP-A053	TCGA-UCEC	UCEC	45	59	mutation_count_proxy_no_callable_territory
TCGA-AP-A054-01A	TCGA-AP-A054	TCGA-UCEC	UCEC	1068	1730	mutation_count_proxy_no_callable_territory
TCGA-AP-A056-01A	TCGA-AP-A056	TCGA-UCEC	UCEC	8193	12531	mutation_count_proxy_no_callable_territory
TCGA-AP-A059-01A	TCGA-AP-A059	TCGA-UCEC	UCEC	10834	16497	mutation_count_proxy_no_callable_territory
TCGA-AP-A05A-01A	TCGA-AP-A05A	TCGA-UCEC	UCEC	68	96	mutation_count_proxy_no_callable_territory
TCGA-AP-A05D-01A	TCGA-AP-A05D	TCGA-UCEC	UCEC	33	42	mutation_count_proxy_no_callable_territory
TCGA-AP-A05H-01A	TCGA-AP-A05H	TCGA-UCEC	UCEC	64	87	mutation_count_proxy_no_callable_territory
TCGA-AP-A05J-01A	TCGA-AP-A05J	TCGA-UCEC	UCEC	44	61	mutation_count_proxy_no_callable_territory
TCGA-AP-A05N-01A	TCGA-AP-A05N	TCGA-UCEC	UCEC	257	384	mutation_count_proxy_no_callable_territory
TCGA-AP-A05P-01A	TCGA-AP-A05P	TCGA-UCEC	UCEC	50	74	mutation_count_proxy_no_callable_territory
TCGA-AP-A0L8-01A	TCGA-AP-A0L8	TCGA-UCEC	UCEC	59	88	mutation_count_proxy_no_callable_territory
TCGA-AP-A0L9-01A	TCGA-AP-A0L9	TCGA-UCEC	UCEC	64	98	mutation_count_proxy_no_callable_territory
TCGA-AP-A0LD-01A	TCGA-AP-A0LD	TCGA-UCEC	UCEC	445	726	mutation_count_proxy_no_callable_territory
TCGA-AP-A0LE-01A	TCGA-AP-A0LE	TCGA-UCEC	UCEC	538	801	mutation_count_proxy_no_callable_territory
TCGA-AP-A0LF-01A	TCGA-AP-A0LF	TCGA-UCEC	UCEC	237	332	mutation_count_proxy_no_callable_territory
TCGA-AP-A0LG-01A	TCGA-AP-A0LG	TCGA-UCEC	UCEC	408	639	mutation_count_proxy_no_callable_territory
TCGA-AP-A0LH-01A	TCGA-AP-A0LH	TCGA-UCEC	UCEC	29	44	mutation_count_proxy_no_callable_territory
TCGA-AP-A0LI-01A	TCGA-AP-A0LI	TCGA-UCEC	UCEC	105	163	mutation_count_proxy_no_callable_territory
TCGA-AP-A0LJ-01A	TCGA-AP-A0LJ	TCGA-UCEC	UCEC	37	56	mutation_count_proxy_no_callable_territory
TCGA-AP-A0LL-01A	TCGA-AP-A0LL	TCGA-UCEC	UCEC	45	62	mutation_count_proxy_no_callable_territory
TCGA-AP-A0LM-01A	TCGA-AP-A0LM	TCGA-UCEC	UCEC	13101	20062	mutation_count_proxy_no_callable_territory
TCGA-AP-A0LN-01A	TCGA-AP-A0LN	TCGA-UCEC	UCEC	60	83	mutation_count_proxy_no_callable_territory
TCGA-AP-A0LO-01A	TCGA-AP-A0LO	TCGA-UCEC	UCEC	28	41	mutation_count_proxy_no_callable_territory
TCGA-AP-A0LP-01A	TCGA-AP-A0LP	TCGA-UCEC	UCEC	293	439	mutation_count_proxy_no_callable_territory
TCGA-AP-A0LQ-01A	TCGA-AP-A0LQ	TCGA-UCEC	UCEC	52	79	mutation_count_proxy_no_callable_territory
TCGA-AP-A0LS-01A	TCGA-AP-A0LS	TCGA-UCEC	UCEC	414	847	mutation_count_proxy_no_callable_territory
TCGA-AP-A0LT-01A	TCGA-AP-A0LT	TCGA-UCEC	UCEC	627	1004	mutation_count_proxy_no_callable_territory
TCGA-AP-A0LV-01A	TCGA-AP-A0LV	TCGA-UCEC	UCEC	20	33	mutation_count_proxy_no_callable_territory
TCGA-AP-A1DH-01A	TCGA-AP-A1DH	TCGA-UCEC	UCEC	572	1074	mutation_count_proxy_no_callable_territory
TCGA-AP-A1DK-01A	TCGA-AP-A1DK	TCGA-UCEC	UCEC	10161	19151	mutation_count_proxy_no_callable_territory
TCGA-AP-A1DM-01A	TCGA-AP-A1DM	TCGA-UCEC	UCEC	353	681	mutation_count_proxy_no_callable_territory
TCGA-AP-A1DO-01A	TCGA-AP-A1DO	TCGA-UCEC	UCEC	551	1173	mutation_count_proxy_no_callable_territory
TCGA-AP-A1DP-01A	TCGA-AP-A1DP	TCGA-UCEC	UCEC	444	915	mutation_count_proxy_no_callable_territory
TCGA-AP-A1DQ-01A	TCGA-AP-A1DQ	TCGA-UCEC	UCEC	29	43	mutation_count_proxy_no_callable_territory
TCGA-AP-A1DR-01A	TCGA-AP-A1DR	TCGA-UCEC	UCEC	733	1560	mutation_count_proxy_no_callable_territory
TCGA-AP-A1DV-01A	TCGA-AP-A1DV	TCGA-UCEC	UCEC	11997	21536	mutation_count_proxy_no_callable_territory
TCGA-AP-A1E0-01A	TCGA-AP-A1E0	TCGA-UCEC	UCEC	4834	8442	mutation_count_proxy_no_callable_territory
TCGA-AP-A1E1-01A	TCGA-AP-A1E1	TCGA-UCEC	UCEC	550	992	mutation_count_proxy_no_callable_territory
TCGA-AP-A1E3-01A	TCGA-AP-A1E3	TCGA-UCEC	UCEC	40	67	mutation_count_proxy_no_callable_territory
TCGA-AP-A1E4-01A	TCGA-AP-A1E4	TCGA-UCEC	UCEC	20	43	mutation_count_proxy_no_callable_territory
TCGA-AP-A5FX-01A	TCGA-AP-A5FX	TCGA-UCEC	UCEC	38	62	mutation_count_proxy_no_callable_territory
TCGA-AW-A1PO-01A	TCGA-AW-A1PO	TCGA-UCEC	UCEC	65	117	mutation_count_proxy_no_callable_territory
TCGA-AX-A05S-01A	TCGA-AX-A05S	TCGA-UCEC	UCEC	491	781	mutation_count_proxy_no_callable_territory
TCGA-AX-A05T-01A	TCGA-AX-A05T	TCGA-UCEC	UCEC	45	77	mutation_count_proxy_no_callable_territory
TCGA-AX-A05U-01A	TCGA-AX-A05U	TCGA-UCEC	UCEC	27	39	mutation_count_proxy_no_callable_territory
TCGA-AX-A05W-01A	TCGA-AX-A05W	TCGA-UCEC	UCEC	66	100	mutation_count_proxy_no_callable_territory
TCGA-AX-A05Y-01A	TCGA-AX-A05Y	TCGA-UCEC	UCEC	182	287	mutation_count_proxy_no_callable_territory
TCGA-AX-A05Z-01A	TCGA-AX-A05Z	TCGA-UCEC	UCEC	7324	10672	mutation_count_proxy_no_callable_territory
TCGA-AX-A060-01A	TCGA-AX-A060	TCGA-UCEC	UCEC	733	1142	mutation_count_proxy_no_callable_territory
TCGA-AX-A062-01A	TCGA-AX-A062	TCGA-UCEC	UCEC	24	36	mutation_count_proxy_no_callable_territory
TCGA-AX-A063-01A	TCGA-AX-A063	TCGA-UCEC	UCEC	992	1504	mutation_count_proxy_no_callable_territory
TCGA-AX-A064-01A	TCGA-AX-A064	TCGA-UCEC	UCEC	257	417	mutation_count_proxy_no_callable_territory
TCGA-AX-A06B-01A	TCGA-AX-A06B	TCGA-UCEC	UCEC	40	58	mutation_count_proxy_no_callable_territory
TCGA-AX-A06F-01A	TCGA-AX-A06F	TCGA-UCEC	UCEC	7221	11258	mutation_count_proxy_no_callable_territory
TCGA-AX-A06H-01A	TCGA-AX-A06H	TCGA-UCEC	UCEC	406	635	mutation_count_proxy_no_callable_territory
TCGA-AX-A06J-01A	TCGA-AX-A06J	TCGA-UCEC	UCEC	58	88	mutation_count_proxy_no_callable_territory
TCGA-AX-A06L-01A	TCGA-AX-A06L	TCGA-UCEC	UCEC	40	60	mutation_count_proxy_no_callable_territory
TCGA-AX-A0IS-01A	TCGA-AX-A0IS	TCGA-UCEC	UCEC	48	69	mutation_count_proxy_no_callable_territory
TCGA-AX-A0IU-01A	TCGA-AX-A0IU	TCGA-UCEC	UCEC	53	85	mutation_count_proxy_no_callable_territory
TCGA-AX-A0IW-01A	TCGA-AX-A0IW	TCGA-UCEC	UCEC	53	77	mutation_count_proxy_no_callable_territory
TCGA-AX-A0J0-01A	TCGA-AX-A0J0	TCGA-UCEC	UCEC	15380	22388	mutation_count_proxy_no_callable_territory
TCGA-AX-A0J1-01A	TCGA-AX-A0J1	TCGA-UCEC	UCEC	5068	8041	mutation_count_proxy_no_callable_territory
TCGA-AX-A1C4-01A	TCGA-AX-A1C4	TCGA-UCEC	UCEC	849	1766	mutation_count_proxy_no_callable_territory
TCGA-AX-A1C5-01A	TCGA-AX-A1C5	TCGA-UCEC	UCEC	832	1635	mutation_count_proxy_no_callable_territory
TCGA-AX-A1C7-01A	TCGA-AX-A1C7	TCGA-UCEC	UCEC	42	62	mutation_count_proxy_no_callable_territory
TCGA-AX-A1C8-01A	TCGA-AX-A1C8	TCGA-UCEC	UCEC	70	101	mutation_count_proxy_no_callable_territory
TCGA-AX-A1C9-01A	TCGA-AX-A1C9	TCGA-UCEC	UCEC	961	1703	mutation_count_proxy_no_callable_territory
TCGA-AX-A1CA-01A	TCGA-AX-A1CA	TCGA-UCEC	UCEC	107	168	mutation_count_proxy_no_callable_territory
TCGA-AX-A1CC-01A	TCGA-AX-A1CC	TCGA-UCEC	UCEC	19	30	mutation_count_proxy_no_callable_territory
TCGA-AX-A1CE-01A	TCGA-AX-A1CE	TCGA-UCEC	UCEC	11382	20384	mutation_count_proxy_no_callable_territory
TCGA-AX-A1CF-01A	TCGA-AX-A1CF	TCGA-UCEC	UCEC	93	162	mutation_count_proxy_no_callable_territory
TCGA-AX-A1CI-01A	TCGA-AX-A1CI	TCGA-UCEC	UCEC	59	109	mutation_count_proxy_no_callable_territory
TCGA-AX-A1CJ-01A	TCGA-AX-A1CJ	TCGA-UCEC	UCEC	50	92	mutation_count_proxy_no_callable_territory
TCGA-AX-A1CK-01A	TCGA-AX-A1CK	TCGA-UCEC	UCEC	59	91	mutation_count_proxy_no_callable_territory
TCGA-AX-A1CN-01A	TCGA-AX-A1CN	TCGA-UCEC	UCEC	34	52	mutation_count_proxy_no_callable_territory
TCGA-AX-A1CP-01A	TCGA-AX-A1CP	TCGA-UCEC	UCEC	25	39	mutation_count_proxy_no_callable_territory
TCGA-AX-A1CR-01A	TCGA-AX-A1CR	TCGA-UCEC	UCEC	48	79	mutation_count_proxy_no_callable_territory
TCGA-AX-A2H2-01A	TCGA-AX-A2H2	TCGA-UCEC	UCEC	184	324	mutation_count_proxy_no_callable_territory
TCGA-AX-A2H4-01A	TCGA-AX-A2H4	TCGA-UCEC	UCEC	163	294	mutation_count_proxy_no_callable_territory
TCGA-AX-A2H5-01A	TCGA-AX-A2H5	TCGA-UCEC	UCEC	47	63	mutation_count_proxy_no_callable_territory
TCGA-AX-A2H7-01A	TCGA-AX-A2H7	TCGA-UCEC	UCEC	166	287	mutation_count_proxy_no_callable_territory
TCGA-AX-A2H8-01A	TCGA-AX-A2H8	TCGA-UCEC	UCEC	48	79	mutation_count_proxy_no_callable_territory
TCGA-AX-A2HA-01A	TCGA-AX-A2HA	TCGA-UCEC	UCEC	1499	2963	mutation_count_proxy_no_callable_territory
TCGA-AX-A2HC-01A	TCGA-AX-A2HC	TCGA-UCEC	UCEC	12910	23246	mutation_count_proxy_no_callable_territory
TCGA-AX-A2HD-01A	TCGA-AX-A2HD	TCGA-UCEC	UCEC	7788	14948	mutation_count_proxy_no_callable_territory
TCGA-AX-A2HF-01A	TCGA-AX-A2HF	TCGA-UCEC	UCEC	25	33	mutation_count_proxy_no_callable_territory
TCGA-AX-A2HG-01A	TCGA-AX-A2HG	TCGA-UCEC	UCEC	849	1644	mutation_count_proxy_no_callable_territory
TCGA-AX-A2HH-01A	TCGA-AX-A2HH	TCGA-UCEC	UCEC	38	74	mutation_count_proxy_no_callable_territory
TCGA-AX-A2HJ-01A	TCGA-AX-A2HJ	TCGA-UCEC	UCEC	1565	3080	mutation_count_proxy_no_callable_territory
TCGA-AX-A2HK-01A	TCGA-AX-A2HK	TCGA-UCEC	UCEC	62	104	mutation_count_proxy_no_callable_territory
TCGA-AX-A2IN-01A	TCGA-AX-A2IN	TCGA-UCEC	UCEC	513	1002	mutation_count_proxy_no_callable_territory
TCGA-AX-A2IO-01A	TCGA-AX-A2IO	TCGA-UCEC	UCEC	334	638	mutation_count_proxy_no_callable_territory
TCGA-AX-A3FS-01A	TCGA-AX-A3FS	TCGA-UCEC	UCEC	749	1552	mutation_count_proxy_no_callable_territory
TCGA-AX-A3FT-01A	TCGA-AX-A3FT	TCGA-UCEC	UCEC	1275	2349	mutation_count_proxy_no_callable_territory
TCGA-AX-A3FV-01A	TCGA-AX-A3FV	TCGA-UCEC	UCEC	81	153	mutation_count_proxy_no_callable_territory
TCGA-AX-A3FW-01A	TCGA-AX-A3FW	TCGA-UCEC	UCEC	42	79	mutation_count_proxy_no_callable_territory
TCGA-AX-A3FX-01A	TCGA-AX-A3FX	TCGA-UCEC	UCEC	56	101	mutation_count_proxy_no_callable_territory
TCGA-AX-A3FZ-01A	TCGA-AX-A3FZ	TCGA-UCEC	UCEC	39	61	mutation_count_proxy_no_callable_territory
TCGA-AX-A3G1-01A	TCGA-AX-A3G1	TCGA-UCEC	UCEC	56	89	mutation_count_proxy_no_callable_territory
TCGA-AX-A3G3-01A	TCGA-AX-A3G3	TCGA-UCEC	UCEC	136	243	mutation_count_proxy_no_callable_territory
TCGA-AX-A3G4-01A	TCGA-AX-A3G4	TCGA-UCEC	UCEC	36	67	mutation_count_proxy_no_callable_territory
TCGA-AX-A3G6-01A	TCGA-AX-A3G6	TCGA-UCEC	UCEC	55	83	mutation_count_proxy_no_callable_territory
TCGA-AX-A3G7-01A	TCGA-AX-A3G7	TCGA-UCEC	UCEC	28	48	mutation_count_proxy_no_callable_territory
TCGA-AX-A3G8-01A	TCGA-AX-A3G8	TCGA-UCEC	UCEC	787	1495	mutation_count_proxy_no_callable_territory
TCGA-AX-A3G9-01A	TCGA-AX-A3G9	TCGA-UCEC	UCEC	654	1331	mutation_count_proxy_no_callable_territory
TCGA-AX-A3GB-01A	TCGA-AX-A3GB	TCGA-UCEC	UCEC	78	142	mutation_count_proxy_no_callable_territory
TCGA-AX-A3GI-01A	TCGA-AX-A3GI	TCGA-UCEC	UCEC	40	77	mutation_count_proxy_no_callable_territory
TCGA-B5-A0JN-01A	TCGA-B5-A0JN	TCGA-UCEC	UCEC	138	203	mutation_count_proxy_no_callable_territory
TCGA-B5-A0JR-01A	TCGA-B5-A0JR	TCGA-UCEC	UCEC	566	951	mutation_count_proxy_no_callable_territory
TCGA-B5-A0JS-01A	TCGA-B5-A0JS	TCGA-UCEC	UCEC	28	39	mutation_count_proxy_no_callable_territory
TCGA-B5-A0JT-01A	TCGA-B5-A0JT	TCGA-UCEC	UCEC	66	87	mutation_count_proxy_no_callable_territory
TCGA-B5-A0JU-01B	TCGA-B5-A0JU	TCGA-UCEC	UCEC	403	905	mutation_count_proxy_no_callable_territory
TCGA-B5-A0JV-01A	TCGA-B5-A0JV	TCGA-UCEC	UCEC	343	524	mutation_count_proxy_no_callable_territory
TCGA-B5-A0JX-01A	TCGA-B5-A0JX	TCGA-UCEC	UCEC	63	111	mutation_count_proxy_no_callable_territory
TCGA-B5-A0JY-01A	TCGA-B5-A0JY	TCGA-UCEC	UCEC	9636	14307	mutation_count_proxy_no_callable_territory
TCGA-B5-A0JZ-01A	TCGA-B5-A0JZ	TCGA-UCEC	UCEC	494	760	mutation_count_proxy_no_callable_territory
TCGA-B5-A0K0-01A	TCGA-B5-A0K0	TCGA-UCEC	UCEC	20	25	mutation_count_proxy_no_callable_territory
TCGA-B5-A0K1-01A	TCGA-B5-A0K1	TCGA-UCEC	UCEC	42	72	mutation_count_proxy_no_callable_territory
TCGA-B5-A0K2-01A	TCGA-B5-A0K2	TCGA-UCEC	UCEC	296	453	mutation_count_proxy_no_callable_territory
TCGA-B5-A0K3-01A	TCGA-B5-A0K3	TCGA-UCEC	UCEC	54	79	mutation_count_proxy_no_callable_territory
TCGA-B5-A0K4-01A	TCGA-B5-A0K4	TCGA-UCEC	UCEC	50	65	mutation_count_proxy_no_callable_territory
TCGA-B5-A0K6-01A	TCGA-B5-A0K6	TCGA-UCEC	UCEC	345	520	mutation_count_proxy_no_callable_territory
TCGA-B5-A0K7-01A	TCGA-B5-A0K7	TCGA-UCEC	UCEC	43	71	mutation_count_proxy_no_callable_territory
TCGA-B5-A0K8-01A	TCGA-B5-A0K8	TCGA-UCEC	UCEC	40	71	mutation_count_proxy_no_callable_territory
TCGA-B5-A0K9-01A	TCGA-B5-A0K9	TCGA-UCEC	UCEC	759	1176	mutation_count_proxy_no_callable_territory
TCGA-B5-A0KB-01B	TCGA-B5-A0KB	TCGA-UCEC	UCEC	36	63	mutation_count_proxy_no_callable_territory
TCGA-B5-A11E-01A	TCGA-B5-A11E	TCGA-UCEC	UCEC	8976	13740	mutation_count_proxy_no_callable_territory
TCGA-B5-A11F-01A	TCGA-B5-A11F	TCGA-UCEC	UCEC	39	60	mutation_count_proxy_no_callable_territory
TCGA-B5-A11G-01A	TCGA-B5-A11G	TCGA-UCEC	UCEC	541	871	mutation_count_proxy_no_callable_territory
TCGA-B5-A11H-01A	TCGA-B5-A11H	TCGA-UCEC	UCEC	1014	1569	mutation_count_proxy_no_callable_territory
TCGA-B5-A11I-01A	TCGA-B5-A11I	TCGA-UCEC	UCEC	49	74	mutation_count_proxy_no_callable_territory
TCGA-B5-A11J-01A	TCGA-B5-A11J	TCGA-UCEC	UCEC	432	677	mutation_count_proxy_no_callable_territory
TCGA-B5-A11L-01B	TCGA-B5-A11L	TCGA-UCEC	UCEC	112	172	mutation_count_proxy_no_callable_territory
TCGA-B5-A11M-01A	TCGA-B5-A11M	TCGA-UCEC	UCEC	33	43	mutation_count_proxy_no_callable_territory
TCGA-B5-A11N-01A	TCGA-B5-A11N	TCGA-UCEC	UCEC	1893	2744	mutation_count_proxy_no_callable_territory
TCGA-B5-A11O-01A	TCGA-B5-A11O	TCGA-UCEC	UCEC	97	142	mutation_count_proxy_no_callable_territory
TCGA-B5-A11P-01B	TCGA-B5-A11P	TCGA-UCEC	UCEC	44	82	mutation_count_proxy_no_callable_territory
TCGA-B5-A11Q-01A	TCGA-B5-A11Q	TCGA-UCEC	UCEC	42	54	mutation_count_proxy_no_callable_territory
TCGA-B5-A11R-01A	TCGA-B5-A11R	TCGA-UCEC	UCEC	587	969	mutation_count_proxy_no_callable_territory
TCGA-B5-A11S-01A	TCGA-B5-A11S	TCGA-UCEC	UCEC	51	67	mutation_count_proxy_no_callable_territory
TCGA-B5-A11U-01A	TCGA-B5-A11U	TCGA-UCEC	UCEC	366	573	mutation_count_proxy_no_callable_territory
TCGA-B5-A11V-01A	TCGA-B5-A11V	TCGA-UCEC	UCEC	56	79	mutation_count_proxy_no_callable_territory
TCGA-B5-A11W-01A	TCGA-B5-A11W	TCGA-UCEC	UCEC	72	95	mutation_count_proxy_no_callable_territory
TCGA-B5-A11X-01A	TCGA-B5-A11X	TCGA-UCEC	UCEC	58	85	mutation_count_proxy_no_callable_territory
TCGA-B5-A11Y-01A	TCGA-B5-A11Y	TCGA-UCEC	UCEC	934	1506	mutation_count_proxy_no_callable_territory
TCGA-B5-A11Z-01A	TCGA-B5-A11Z	TCGA-UCEC	UCEC	52	82	mutation_count_proxy_no_callable_territory
TCGA-B5-A121-01A	TCGA-B5-A121	TCGA-UCEC	UCEC	31	47	mutation_count_proxy_no_callable_territory
TCGA-B5-A1MR-01A	TCGA-B5-A1MR	TCGA-UCEC	UCEC	7277	12310	mutation_count_proxy_no_callable_territory
TCGA-B5-A1MS-01B	TCGA-B5-A1MS	TCGA-UCEC	UCEC	45	71	mutation_count_proxy_no_callable_territory
TCGA-B5-A1MU-01A	TCGA-B5-A1MU	TCGA-UCEC	UCEC	33	44	mutation_count_proxy_no_callable_territory
TCGA-B5-A1MV-01A	TCGA-B5-A1MV	TCGA-UCEC	UCEC	61	107	mutation_count_proxy_no_callable_territory
TCGA-B5-A1MW-01A	TCGA-B5-A1MW	TCGA-UCEC	UCEC	533	1175	mutation_count_proxy_no_callable_territory
TCGA-B5-A1MX-01A	TCGA-B5-A1MX	TCGA-UCEC	UCEC	5630	10510	mutation_count_proxy_no_callable_territory
TCGA-B5-A1MY-01A	TCGA-B5-A1MY	TCGA-UCEC	UCEC	49	66	mutation_count_proxy_no_callable_territory
TCGA-B5-A1MZ-01A	TCGA-B5-A1MZ	TCGA-UCEC	UCEC	51	83	mutation_count_proxy_no_callable_territory
TCGA-B5-A1N2-01A	TCGA-B5-A1N2	TCGA-UCEC	UCEC	141	206	mutation_count_proxy_no_callable_territory
TCGA-B5-A3F9-01A	TCGA-B5-A3F9	TCGA-UCEC	UCEC	58	111	mutation_count_proxy_no_callable_territory
TCGA-B5-A3FA-01A	TCGA-B5-A3FA	TCGA-UCEC	UCEC	9545	18087	mutation_count_proxy_no_callable_territory
TCGA-B5-A3FB-01A	TCGA-B5-A3FB	TCGA-UCEC	UCEC	43	83	mutation_count_proxy_no_callable_territory
TCGA-B5-A3FC-01A	TCGA-B5-A3FC	TCGA-UCEC	UCEC	12087	22937	mutation_count_proxy_no_callable_territory
TCGA-B5-A3FD-01A	TCGA-B5-A3FD	TCGA-UCEC	UCEC	40	79	mutation_count_proxy_no_callable_territory
TCGA-B5-A3FH-01A	TCGA-B5-A3FH	TCGA-UCEC	UCEC	37	68	mutation_count_proxy_no_callable_territory
TCGA-B5-A3S1-01A	TCGA-B5-A3S1	TCGA-UCEC	UCEC	86	152	mutation_count_proxy_no_callable_territory
TCGA-B5-A5OC-01A	TCGA-B5-A5OC	TCGA-UCEC	UCEC	967	1919	mutation_count_proxy_no_callable_territory
TCGA-B5-A5OD-01A	TCGA-B5-A5OD	TCGA-UCEC	UCEC	49	72	mutation_count_proxy_no_callable_territory
TCGA-B5-A5OE-01A	TCGA-B5-A5OE	TCGA-UCEC	UCEC	70	122	mutation_count_proxy_no_callable_territory
TCGA-BG-A0LW-01A	TCGA-BG-A0LW	TCGA-UCEC	UCEC	29	44	mutation_count_proxy_no_callable_territory
TCGA-BG-A0LX-01A	TCGA-BG-A0LX	TCGA-UCEC	UCEC	448	724	mutation_count_proxy_no_callable_territory
TCGA-BG-A0M0-01A	TCGA-BG-A0M0	TCGA-UCEC	UCEC	138	214	mutation_count_proxy_no_callable_territory
TCGA-BG-A0M2-01A	TCGA-BG-A0M2	TCGA-UCEC	UCEC	28	44	mutation_count_proxy_no_callable_territory
TCGA-BG-A0M3-01A	TCGA-BG-A0M3	TCGA-UCEC	UCEC	57	82	mutation_count_proxy_no_callable_territory
TCGA-BG-A0M4-01A	TCGA-BG-A0M4	TCGA-UCEC	UCEC	578	877	mutation_count_proxy_no_callable_territory
TCGA-BG-A0M6-01A	TCGA-BG-A0M6	TCGA-UCEC	UCEC	43	57	mutation_count_proxy_no_callable_territory
TCGA-BG-A0M7-01A	TCGA-BG-A0M7	TCGA-UCEC	UCEC	62	90	mutation_count_proxy_no_callable_territory
TCGA-BG-A0M8-01A	TCGA-BG-A0M8	TCGA-UCEC	UCEC	66	108	mutation_count_proxy_no_callable_territory
TCGA-BG-A0M9-01A	TCGA-BG-A0M9	TCGA-UCEC	UCEC	58	83	mutation_count_proxy_no_callable_territory
TCGA-BG-A0MA-01A	TCGA-BG-A0MA	TCGA-UCEC	UCEC	44	68	mutation_count_proxy_no_callable_territory
TCGA-BG-A0MC-01A	TCGA-BG-A0MC	TCGA-UCEC	UCEC	51	76	mutation_count_proxy_no_callable_territory
TCGA-BG-A0MG-01A	TCGA-BG-A0MG	TCGA-UCEC	UCEC	99	163	mutation_count_proxy_no_callable_territory
TCGA-BG-A0MI-01A	TCGA-BG-A0MI	TCGA-UCEC	UCEC	52	78	mutation_count_proxy_no_callable_territory
TCGA-BG-A0MK-01A	TCGA-BG-A0MK	TCGA-UCEC	UCEC	81	151	mutation_count_proxy_no_callable_territory
TCGA-BG-A0MO-01A	TCGA-BG-A0MO	TCGA-UCEC	UCEC	40	64	mutation_count_proxy_no_callable_territory
TCGA-BG-A0MQ-01A	TCGA-BG-A0MQ	TCGA-UCEC	UCEC	599	926	mutation_count_proxy_no_callable_territory
TCGA-BG-A0MS-01A	TCGA-BG-A0MS	TCGA-UCEC	UCEC	43	65	mutation_count_proxy_no_callable_territory
TCGA-BG-A0MT-01A	TCGA-BG-A0MT	TCGA-UCEC	UCEC	33	46	mutation_count_proxy_no_callable_territory
TCGA-BG-A0MU-01A	TCGA-BG-A0MU	TCGA-UCEC	UCEC	54	90	mutation_count_proxy_no_callable_territory
TCGA-BG-A0RY-01A	TCGA-BG-A0RY	TCGA-UCEC	UCEC	46	74	mutation_count_proxy_no_callable_territory
TCGA-BG-A0VT-01A	TCGA-BG-A0VT	TCGA-UCEC	UCEC	32	47	mutation_count_proxy_no_callable_territory
TCGA-BG-A0VV-01A	TCGA-BG-A0VV	TCGA-UCEC	UCEC	42	64	mutation_count_proxy_no_callable_territory
TCGA-BG-A0VW-01A	TCGA-BG-A0VW	TCGA-UCEC	UCEC	430	683	mutation_count_proxy_no_callable_territory
TCGA-BG-A0VX-01A	TCGA-BG-A0VX	TCGA-UCEC	UCEC	175	282	mutation_count_proxy_no_callable_territory
TCGA-BG-A0VZ-01A	TCGA-BG-A0VZ	TCGA-UCEC	UCEC	327	521	mutation_count_proxy_no_callable_territory
TCGA-BG-A0W1-01A	TCGA-BG-A0W1	TCGA-UCEC	UCEC	65	94	mutation_count_proxy_no_callable_territory
TCGA-BG-A0W2-01A	TCGA-BG-A0W2	TCGA-UCEC	UCEC	31	51	mutation_count_proxy_no_callable_territory
TCGA-BG-A0YU-01A	TCGA-BG-A0YU	TCGA-UCEC	UCEC	18	31	mutation_count_proxy_no_callable_territory
TCGA-BG-A0YV-01A	TCGA-BG-A0YV	TCGA-UCEC	UCEC	72	106	mutation_count_proxy_no_callable_territory
TCGA-BG-A186-01A	TCGA-BG-A186	TCGA-UCEC	UCEC	31	47	mutation_count_proxy_no_callable_territory
TCGA-BG-A187-01A	TCGA-BG-A187	TCGA-UCEC	UCEC	80	117	mutation_count_proxy_no_callable_territory
TCGA-BG-A18A-01A	TCGA-BG-A18A	TCGA-UCEC	UCEC	53	87	mutation_count_proxy_no_callable_territory
TCGA-BG-A18B-01A	TCGA-BG-A18B	TCGA-UCEC	UCEC	370	553	mutation_count_proxy_no_callable_territory
TCGA-BG-A18C-01A	TCGA-BG-A18C	TCGA-UCEC	UCEC	48	70	mutation_count_proxy_no_callable_territory
TCGA-BG-A220-01A	TCGA-BG-A220	TCGA-UCEC	UCEC	767	1512	mutation_count_proxy_no_callable_territory
TCGA-BG-A221-01A	TCGA-BG-A221	TCGA-UCEC	UCEC	1153	2115	mutation_count_proxy_no_callable_territory
TCGA-BG-A222-01A	TCGA-BG-A222	TCGA-UCEC	UCEC	4216	7999	mutation_count_proxy_no_callable_territory
TCGA-BG-A2AE-01A	TCGA-BG-A2AE	TCGA-UCEC	UCEC	108	173	mutation_count_proxy_no_callable_territory
TCGA-BG-A2L7-01A	TCGA-BG-A2L7	TCGA-UCEC	UCEC	1185	2394	mutation_count_proxy_no_callable_territory
TCGA-BG-A3EW-01A	TCGA-BG-A3EW	TCGA-UCEC	UCEC	449	930	mutation_count_proxy_no_callable_territory
TCGA-BG-A3PP-01A	TCGA-BG-A3PP	TCGA-UCEC	UCEC	89	172	mutation_count_proxy_no_callable_territory
TCGA-BK-A0C9-01A	TCGA-BK-A0C9	TCGA-UCEC	UCEC	578	882	mutation_count_proxy_no_callable_territory
TCGA-BK-A0CA-01A	TCGA-BK-A0CA	TCGA-UCEC	UCEC	47	80	mutation_count_proxy_no_callable_territory
TCGA-BK-A0CB-01A	TCGA-BK-A0CB	TCGA-UCEC	UCEC	50	82	mutation_count_proxy_no_callable_territory
TCGA-BK-A0CC-01A	TCGA-BK-A0CC	TCGA-UCEC	UCEC	53	90	mutation_count_proxy_no_callable_territory
TCGA-BK-A139-01A	TCGA-BK-A139	TCGA-UCEC	UCEC	120	224	mutation_count_proxy_no_callable_territory
TCGA-BK-A139-02A	TCGA-BK-A139	TCGA-UCEC	UCEC	137	253	mutation_count_proxy_no_callable_territory
TCGA-BK-A13B-01A	TCGA-BK-A13B	TCGA-UCEC	UCEC	636	1225	mutation_count_proxy_no_callable_territory
TCGA-BK-A13C-01A	TCGA-BK-A13C	TCGA-UCEC	UCEC	88	120	mutation_count_proxy_no_callable_territory
TCGA-BK-A26L-01A	TCGA-BK-A26L	TCGA-UCEC	UCEC	74	127	mutation_count_proxy_no_callable_territory
TCGA-BK-A4ZD-01A	TCGA-BK-A4ZD	TCGA-UCEC	UCEC	138	246	mutation_count_proxy_no_callable_territory
TCGA-BK-A56F-01A	TCGA-BK-A56F	TCGA-UCEC	UCEC	55	89	mutation_count_proxy_no_callable_territory
TCGA-BK-A6W3-01A	TCGA-BK-A6W3	TCGA-UCEC	UCEC	3928	7218	mutation_count_proxy_no_callable_territory
TCGA-BK-A6W4-01A	TCGA-BK-A6W4	TCGA-UCEC	UCEC	24	42	mutation_count_proxy_no_callable_territory
TCGA-BS-A0T9-01A	TCGA-BS-A0T9	TCGA-UCEC	UCEC	56	79	mutation_count_proxy_no_callable_territory
TCGA-BS-A0TA-01A	TCGA-BS-A0TA	TCGA-UCEC	UCEC	473	685	mutation_count_proxy_no_callable_territory
TCGA-BS-A0TC-01A	TCGA-BS-A0TC	TCGA-UCEC	UCEC	1306	1894	mutation_count_proxy_no_callable_territory
TCGA-BS-A0TD-01A	TCGA-BS-A0TD	TCGA-UCEC	UCEC	35	55	mutation_count_proxy_no_callable_territory
TCGA-BS-A0TE-01A	TCGA-BS-A0TE	TCGA-UCEC	UCEC	297	472	mutation_count_proxy_no_callable_territory
TCGA-BS-A0TG-01A	TCGA-BS-A0TG	TCGA-UCEC	UCEC	37	61	mutation_count_proxy_no_callable_territory
TCGA-BS-A0TI-01A	TCGA-BS-A0TI	TCGA-UCEC	UCEC	84	116	mutation_count_proxy_no_callable_territory
TCGA-BS-A0TJ-01A	TCGA-BS-A0TJ	TCGA-UCEC	UCEC	692	1077	mutation_count_proxy_no_callable_territory
TCGA-BS-A0U5-01A	TCGA-BS-A0U5	TCGA-UCEC	UCEC	58	78	mutation_count_proxy_no_callable_territory
TCGA-BS-A0U7-01A	TCGA-BS-A0U7	TCGA-UCEC	UCEC	182	300	mutation_count_proxy_no_callable_territory
TCGA-BS-A0U8-01A	TCGA-BS-A0U8	TCGA-UCEC	UCEC	422	671	mutation_count_proxy_no_callable_territory
TCGA-BS-A0U9-01B	TCGA-BS-A0U9	TCGA-UCEC	UCEC	36	43	mutation_count_proxy_no_callable_territory
TCGA-BS-A0UA-01A	TCGA-BS-A0UA	TCGA-UCEC	UCEC	312	500	mutation_count_proxy_no_callable_territory
TCGA-BS-A0UF-01A	TCGA-BS-A0UF	TCGA-UCEC	UCEC	8352	11954	mutation_count_proxy_no_callable_territory
TCGA-BS-A0UJ-01A	TCGA-BS-A0UJ	TCGA-UCEC	UCEC	1552	2455	mutation_count_proxy_no_callable_territory
TCGA-BS-A0UL-01A	TCGA-BS-A0UL	TCGA-UCEC	UCEC	384	572	mutation_count_proxy_no_callable_territory
TCGA-BS-A0UM-01A	TCGA-BS-A0UM	TCGA-UCEC	UCEC	466	691	mutation_count_proxy_no_callable_territory
TCGA-BS-A0UT-01A	TCGA-BS-A0UT	TCGA-UCEC	UCEC	37	48	mutation_count_proxy_no_callable_territory
TCGA-BS-A0UV-01A	TCGA-BS-A0UV	TCGA-UCEC	UCEC	8937	13365	mutation_count_proxy_no_callable_territory
TCGA-BS-A0V4-01A	TCGA-BS-A0V4	TCGA-UCEC	UCEC	321	637	mutation_count_proxy_no_callable_territory
TCGA-BS-A0V6-01A	TCGA-BS-A0V6	TCGA-UCEC	UCEC	53	77	mutation_count_proxy_no_callable_territory
TCGA-BS-A0V7-01A	TCGA-BS-A0V7	TCGA-UCEC	UCEC	60	77	mutation_count_proxy_no_callable_territory
TCGA-BS-A0V8-01A	TCGA-BS-A0V8	TCGA-UCEC	UCEC	76	115	mutation_count_proxy_no_callable_territory
TCGA-BS-A0VI-01A	TCGA-BS-A0VI	TCGA-UCEC	UCEC	303	591	mutation_count_proxy_no_callable_territory
TCGA-BS-A0WQ-01A	TCGA-BS-A0WQ	TCGA-UCEC	UCEC	43	67	mutation_count_proxy_no_callable_territory
TCGA-D1-A0ZN-01A	TCGA-D1-A0ZN	TCGA-UCEC	UCEC	40	63	mutation_count_proxy_no_callable_territory
TCGA-D1-A0ZO-01A	TCGA-D1-A0ZO	TCGA-UCEC	UCEC	622	908	mutation_count_proxy_no_callable_territory
TCGA-D1-A0ZP-01A	TCGA-D1-A0ZP	TCGA-UCEC	UCEC	32	48	mutation_count_proxy_no_callable_territory
TCGA-D1-A0ZQ-01A	TCGA-D1-A0ZQ	TCGA-UCEC	UCEC	75	117	mutation_count_proxy_no_callable_territory
TCGA-D1-A0ZR-01A	TCGA-D1-A0ZR	TCGA-UCEC	UCEC	51	76	mutation_count_proxy_no_callable_territory
TCGA-D1-A0ZS-01A	TCGA-D1-A0ZS	TCGA-UCEC	UCEC	390	618	mutation_count_proxy_no_callable_territory
TCGA-D1-A0ZU-01A	TCGA-D1-A0ZU	TCGA-UCEC	UCEC	32	47	mutation_count_proxy_no_callable_territory
TCGA-D1-A0ZV-01A	TCGA-D1-A0ZV	TCGA-UCEC	UCEC	39	56	mutation_count_proxy_no_callable_territory
TCGA-D1-A0ZZ-01A	TCGA-D1-A0ZZ	TCGA-UCEC	UCEC	63	88	mutation_count_proxy_no_callable_territory
TCGA-D1-A101-01A	TCGA-D1-A101	TCGA-UCEC	UCEC	434	684	mutation_count_proxy_no_callable_territory
TCGA-D1-A102-01A	TCGA-D1-A102	TCGA-UCEC	UCEC	43	68	mutation_count_proxy_no_callable_territory
TCGA-D1-A103-01A	TCGA-D1-A103	TCGA-UCEC	UCEC	6792	10694	mutation_count_proxy_no_callable_territory
TCGA-D1-A15V-01A	TCGA-D1-A15V	TCGA-UCEC	UCEC	42	63	mutation_count_proxy_no_callable_territory
TCGA-D1-A15W-01A	TCGA-D1-A15W	TCGA-UCEC	UCEC	68	96	mutation_count_proxy_no_callable_territory
TCGA-D1-A15X-01A	TCGA-D1-A15X	TCGA-UCEC	UCEC	1487	2409	mutation_count_proxy_no_callable_territory
TCGA-D1-A15Z-01A	TCGA-D1-A15Z	TCGA-UCEC	UCEC	67	101	mutation_count_proxy_no_callable_territory
TCGA-D1-A160-01A	TCGA-D1-A160	TCGA-UCEC	UCEC	495	750	mutation_count_proxy_no_callable_territory
TCGA-D1-A161-01A	TCGA-D1-A161	TCGA-UCEC	UCEC	79	122	mutation_count_proxy_no_callable_territory
TCGA-D1-A163-01A	TCGA-D1-A163	TCGA-UCEC	UCEC	559	886	mutation_count_proxy_no_callable_territory
TCGA-D1-A165-01A	TCGA-D1-A165	TCGA-UCEC	UCEC	62	92	mutation_count_proxy_no_callable_territory
TCGA-D1-A167-01A	TCGA-D1-A167	TCGA-UCEC	UCEC	1540	2450	mutation_count_proxy_no_callable_territory
TCGA-D1-A168-01A	TCGA-D1-A168	TCGA-UCEC	UCEC	51	72	mutation_count_proxy_no_callable_territory
TCGA-D1-A169-01A	TCGA-D1-A169	TCGA-UCEC	UCEC	53	80	mutation_count_proxy_no_callable_territory
TCGA-D1-A16B-01A	TCGA-D1-A16B	TCGA-UCEC	UCEC	48	66	mutation_count_proxy_no_callable_territory
TCGA-D1-A16D-01A	TCGA-D1-A16D	TCGA-UCEC	UCEC	41	54	mutation_count_proxy_no_callable_territory
TCGA-D1-A16E-01A	TCGA-D1-A16E	TCGA-UCEC	UCEC	53	81	mutation_count_proxy_no_callable_territory
TCGA-D1-A16F-01A	TCGA-D1-A16F	TCGA-UCEC	UCEC	489	754	mutation_count_proxy_no_callable_territory
TCGA-D1-A16G-01A	TCGA-D1-A16G	TCGA-UCEC	UCEC	38	57	mutation_count_proxy_no_callable_territory
TCGA-D1-A16I-01A	TCGA-D1-A16I	TCGA-UCEC	UCEC	37	58	mutation_count_proxy_no_callable_territory
TCGA-D1-A16J-01A	TCGA-D1-A16J	TCGA-UCEC	UCEC	220	331	mutation_count_proxy_no_callable_territory
TCGA-D1-A16N-01A	TCGA-D1-A16N	TCGA-UCEC	UCEC	131	196	mutation_count_proxy_no_callable_territory
TCGA-D1-A16O-01A	TCGA-D1-A16O	TCGA-UCEC	UCEC	32	47	mutation_count_proxy_no_callable_territory
TCGA-D1-A16Q-01A	TCGA-D1-A16Q	TCGA-UCEC	UCEC	30	43	mutation_count_proxy_no_callable_territory
TCGA-D1-A16R-01A	TCGA-D1-A16R	TCGA-UCEC	UCEC	44	61	mutation_count_proxy_no_callable_territory
TCGA-D1-A16S-01A	TCGA-D1-A16S	TCGA-UCEC	UCEC	54	75	mutation_count_proxy_no_callable_territory
TCGA-D1-A16V-01A	TCGA-D1-A16V	TCGA-UCEC	UCEC	40	60	mutation_count_proxy_no_callable_territory
TCGA-D1-A16X-01A	TCGA-D1-A16X	TCGA-UCEC	UCEC	2708	3845	mutation_count_proxy_no_callable_territory
TCGA-D1-A16Y-01A	TCGA-D1-A16Y	TCGA-UCEC	UCEC	1063	1551	mutation_count_proxy_no_callable_territory
TCGA-D1-A174-01A	TCGA-D1-A174	TCGA-UCEC	UCEC	802	1221	mutation_count_proxy_no_callable_territory
TCGA-D1-A176-01A	TCGA-D1-A176	TCGA-UCEC	UCEC	433	650	mutation_count_proxy_no_callable_territory
TCGA-D1-A177-01A	TCGA-D1-A177	TCGA-UCEC	UCEC	796	1199	mutation_count_proxy_no_callable_territory
TCGA-D1-A17A-01A	TCGA-D1-A17A	TCGA-UCEC	UCEC	242	374	mutation_count_proxy_no_callable_territory
TCGA-D1-A17B-01A	TCGA-D1-A17B	TCGA-UCEC	UCEC	283	418	mutation_count_proxy_no_callable_territory
TCGA-D1-A17C-01A	TCGA-D1-A17C	TCGA-UCEC	UCEC	50	74	mutation_count_proxy_no_callable_territory
TCGA-D1-A17D-01A	TCGA-D1-A17D	TCGA-UCEC	UCEC	472	723	mutation_count_proxy_no_callable_territory
TCGA-D1-A17F-01A	TCGA-D1-A17F	TCGA-UCEC	UCEC	219	357	mutation_count_proxy_no_callable_territory
TCGA-D1-A17H-01A	TCGA-D1-A17H	TCGA-UCEC	UCEC	658	1019	mutation_count_proxy_no_callable_territory
TCGA-D1-A17K-01A	TCGA-D1-A17K	TCGA-UCEC	UCEC	57	90	mutation_count_proxy_no_callable_territory
TCGA-D1-A17L-01A	TCGA-D1-A17L	TCGA-UCEC	UCEC	64	87	mutation_count_proxy_no_callable_territory
TCGA-D1-A17M-01A	TCGA-D1-A17M	TCGA-UCEC	UCEC	431	640	mutation_count_proxy_no_callable_territory
TCGA-D1-A17N-01A	TCGA-D1-A17N	TCGA-UCEC	UCEC	29	41	mutation_count_proxy_no_callable_territory
TCGA-D1-A17Q-01A	TCGA-D1-A17Q	TCGA-UCEC	UCEC	5899	8639	mutation_count_proxy_no_callable_territory
TCGA-D1-A17R-01A	TCGA-D1-A17R	TCGA-UCEC	UCEC	249	374	mutation_count_proxy_no_callable_territory
TCGA-D1-A17S-01A	TCGA-D1-A17S	TCGA-UCEC	UCEC	46	62	mutation_count_proxy_no_callable_territory
TCGA-D1-A17T-01A	TCGA-D1-A17T	TCGA-UCEC	UCEC	63	102	mutation_count_proxy_no_callable_territory
TCGA-D1-A17U-01A	TCGA-D1-A17U	TCGA-UCEC	UCEC	419	621	mutation_count_proxy_no_callable_territory
TCGA-D1-A1NS-01A	TCGA-D1-A1NS	TCGA-UCEC	UCEC	288	554	mutation_count_proxy_no_callable_territory
TCGA-D1-A1NU-01A	TCGA-D1-A1NU	TCGA-UCEC	UCEC	78	113	mutation_count_proxy_no_callable_territory
TCGA-D1-A1NW-01A	TCGA-D1-A1NW	TCGA-UCEC	UCEC	54	74	mutation_count_proxy_no_callable_territory
TCGA-D1-A1NX-01A	TCGA-D1-A1NX	TCGA-UCEC	UCEC	41	54	mutation_count_proxy_no_callable_territory
TCGA-D1-A1NY-01A	TCGA-D1-A1NY	TCGA-UCEC	UCEC	569	1096	mutation_count_proxy_no_callable_territory
TCGA-D1-A1NZ-01A	TCGA-D1-A1NZ	TCGA-UCEC	UCEC	718	1413	mutation_count_proxy_no_callable_territory
TCGA-D1-A1O0-01A	TCGA-D1-A1O0	TCGA-UCEC	UCEC	49	97	mutation_count_proxy_no_callable_territory
TCGA-D1-A1O5-01A	TCGA-D1-A1O5	TCGA-UCEC	UCEC	63	109	mutation_count_proxy_no_callable_territory
TCGA-D1-A1O7-01A	TCGA-D1-A1O7	TCGA-UCEC	UCEC	323	628	mutation_count_proxy_no_callable_territory
TCGA-D1-A1O8-01A	TCGA-D1-A1O8	TCGA-UCEC	UCEC	61	108	mutation_count_proxy_no_callable_territory
TCGA-D1-A2G0-01A	TCGA-D1-A2G0	TCGA-UCEC	UCEC	809	1592	mutation_count_proxy_no_callable_territory
TCGA-D1-A2G5-01A	TCGA-D1-A2G5	TCGA-UCEC	UCEC	213	387	mutation_count_proxy_no_callable_territory
TCGA-D1-A2G6-01A	TCGA-D1-A2G6	TCGA-UCEC	UCEC	70	141	mutation_count_proxy_no_callable_territory
TCGA-D1-A2G7-01A	TCGA-D1-A2G7	TCGA-UCEC	UCEC	41	82	mutation_count_proxy_no_callable_territory
TCGA-D1-A3DA-01A	TCGA-D1-A3DA	TCGA-UCEC	UCEC	74	129	mutation_count_proxy_no_callable_territory
TCGA-D1-A3DG-01A	TCGA-D1-A3DG	TCGA-UCEC	UCEC	97	187	mutation_count_proxy_no_callable_territory
TCGA-D1-A3DH-01A	TCGA-D1-A3DH	TCGA-UCEC	UCEC	90	160	mutation_count_proxy_no_callable_territory
TCGA-D1-A3JP-01A	TCGA-D1-A3JP	TCGA-UCEC	UCEC	39	74	mutation_count_proxy_no_callable_territory
TCGA-D1-A3JQ-01A	TCGA-D1-A3JQ	TCGA-UCEC	UCEC	29	54	mutation_count_proxy_no_callable_territory
TCGA-DF-A2KN-01A	TCGA-DF-A2KN	TCGA-UCEC	UCEC	4285	7942	mutation_count_proxy_no_callable_territory
TCGA-DF-A2KR-01A	TCGA-DF-A2KR	TCGA-UCEC	UCEC	90	156	mutation_count_proxy_no_callable_territory
TCGA-DF-A2KS-01A	TCGA-DF-A2KS	TCGA-UCEC	UCEC	116	189	mutation_count_proxy_no_callable_territory
TCGA-DF-A2KU-01A	TCGA-DF-A2KU	TCGA-UCEC	UCEC	9998	18251	mutation_count_proxy_no_callable_territory
TCGA-DF-A2KV-01A	TCGA-DF-A2KV	TCGA-UCEC	UCEC	1321	2397	mutation_count_proxy_no_callable_territory
TCGA-DF-A2KZ-01A	TCGA-DF-A2KZ	TCGA-UCEC	UCEC	593	1154	mutation_count_proxy_no_callable_territory
TCGA-DF-A2L0-01A	TCGA-DF-A2L0	TCGA-UCEC	UCEC	44	77	mutation_count_proxy_no_callable_territory
TCGA-DI-A0WH-01A	TCGA-DI-A0WH	TCGA-UCEC	UCEC	576	920	mutation_count_proxy_no_callable_territory
TCGA-DI-A1BU-01A	TCGA-DI-A1BU	TCGA-UCEC	UCEC	7514	14485	mutation_count_proxy_no_callable_territory
TCGA-DI-A1BY-01A	TCGA-DI-A1BY	TCGA-UCEC	UCEC	57	98	mutation_count_proxy_no_callable_territory
TCGA-DI-A1C3-01A	TCGA-DI-A1C3	TCGA-UCEC	UCEC	41	60	mutation_count_proxy_no_callable_territory
TCGA-DI-A1NN-01A	TCGA-DI-A1NN	TCGA-UCEC	UCEC	46	76	mutation_count_proxy_no_callable_territory
TCGA-DI-A1NO-01A	TCGA-DI-A1NO	TCGA-UCEC	UCEC	228	391	mutation_count_proxy_no_callable_territory
TCGA-DI-A2QT-01A	TCGA-DI-A2QT	TCGA-UCEC	UCEC	22	38	mutation_count_proxy_no_callable_territory
TCGA-DI-A2QU-01A	TCGA-DI-A2QU	TCGA-UCEC	UCEC	63	104	mutation_count_proxy_no_callable_territory
TCGA-DI-A2QY-01A	TCGA-DI-A2QY	TCGA-UCEC	UCEC	109	161	mutation_count_proxy_no_callable_territory
TCGA-E6-A1LX-01A	TCGA-E6-A1LX	TCGA-UCEC	UCEC	12618	22203	mutation_count_proxy_no_callable_territory
TCGA-E6-A1LZ-01A	TCGA-E6-A1LZ	TCGA-UCEC	UCEC	232	356	mutation_count_proxy_no_callable_territory
TCGA-E6-A1M0-01A	TCGA-E6-A1M0	TCGA-UCEC	UCEC	3442	6301	mutation_count_proxy_no_callable_territory
TCGA-E6-A2P8-01A	TCGA-E6-A2P8	TCGA-UCEC	UCEC	559	1127	mutation_count_proxy_no_callable_territory
TCGA-E6-A2P9-01A	TCGA-E6-A2P9	TCGA-UCEC	UCEC	865	1789	mutation_count_proxy_no_callable_territory
TCGA-E6-A8L9-01A	TCGA-E6-A8L9	TCGA-UCEC	UCEC	50	84	mutation_count_proxy_no_callable_territory
TCGA-EC-A1NJ-01A	TCGA-EC-A1NJ	TCGA-UCEC	UCEC	255	513	mutation_count_proxy_no_callable_territory
TCGA-EC-A1QX-01A	TCGA-EC-A1QX	TCGA-UCEC	UCEC	641	1218	mutation_count_proxy_no_callable_territory
TCGA-EC-A24G-01A	TCGA-EC-A24G	TCGA-UCEC	UCEC	1013	1905	mutation_count_proxy_no_callable_territory
TCGA-EO-A1Y5-01A	TCGA-EO-A1Y5	TCGA-UCEC	UCEC	70	111	mutation_count_proxy_no_callable_territory
TCGA-EO-A1Y7-01A	TCGA-EO-A1Y7	TCGA-UCEC	UCEC	41	80	mutation_count_proxy_no_callable_territory
TCGA-EO-A1Y8-01A	TCGA-EO-A1Y8	TCGA-UCEC	UCEC	49	77	mutation_count_proxy_no_callable_territory
TCGA-EO-A22R-01A	TCGA-EO-A22R	TCGA-UCEC	UCEC	12728	23013	mutation_count_proxy_no_callable_territory
TCGA-EO-A22S-01A	TCGA-EO-A22S	TCGA-UCEC	UCEC	631	1344	mutation_count_proxy_no_callable_territory
TCGA-EO-A22T-01A	TCGA-EO-A22T	TCGA-UCEC	UCEC	974	1841	mutation_count_proxy_no_callable_territory
TCGA-EO-A22U-01A	TCGA-EO-A22U	TCGA-UCEC	UCEC	13734	25776	mutation_count_proxy_no_callable_territory
TCGA-EO-A22X-01A	TCGA-EO-A22X	TCGA-UCEC	UCEC	9423	16873	mutation_count_proxy_no_callable_territory
TCGA-EO-A22Y-01A	TCGA-EO-A22Y	TCGA-UCEC	UCEC	48	85	mutation_count_proxy_no_callable_territory
TCGA-EO-A2CG-01A	TCGA-EO-A2CG	TCGA-UCEC	UCEC	35	55	mutation_count_proxy_no_callable_territory
TCGA-EO-A2CH-01A	TCGA-EO-A2CH	TCGA-UCEC	UCEC	41	68	mutation_count_proxy_no_callable_territory
TCGA-EO-A3AS-01A	TCGA-EO-A3AS	TCGA-UCEC	UCEC	155	255	mutation_count_proxy_no_callable_territory
TCGA-EO-A3AU-01A	TCGA-EO-A3AU	TCGA-UCEC	UCEC	663	1326	mutation_count_proxy_no_callable_territory
TCGA-EO-A3AV-01A	TCGA-EO-A3AV	TCGA-UCEC	UCEC	4078	7351	mutation_count_proxy_no_callable_territory
TCGA-EO-A3AY-01A	TCGA-EO-A3AY	TCGA-UCEC	UCEC	3380	6351	mutation_count_proxy_no_callable_territory
TCGA-EO-A3AZ-01A	TCGA-EO-A3AZ	TCGA-UCEC	UCEC	987	1835	mutation_count_proxy_no_callable_territory
TCGA-EO-A3B0-01A	TCGA-EO-A3B0	TCGA-UCEC	UCEC	10884	19510	mutation_count_proxy_no_callable_territory
TCGA-EO-A3B1-01A	TCGA-EO-A3B1	TCGA-UCEC	UCEC	39	65	mutation_count_proxy_no_callable_territory
TCGA-EO-A3KU-01A	TCGA-EO-A3KU	TCGA-UCEC	UCEC	55	88	mutation_count_proxy_no_callable_territory
TCGA-EO-A3KW-01A	TCGA-EO-A3KW	TCGA-UCEC	UCEC	41	69	mutation_count_proxy_no_callable_territory
TCGA-EO-A3KX-01A	TCGA-EO-A3KX	TCGA-UCEC	UCEC	3163	6088	mutation_count_proxy_no_callable_territory
TCGA-EO-A3L0-01A	TCGA-EO-A3L0	TCGA-UCEC	UCEC	72	132	mutation_count_proxy_no_callable_territory
TCGA-EY-A1G7-01A	TCGA-EY-A1G7	TCGA-UCEC	UCEC	86	149	mutation_count_proxy_no_callable_territory
TCGA-EY-A1G8-01A	TCGA-EY-A1G8	TCGA-UCEC	UCEC	2500	4500	mutation_count_proxy_no_callable_territory
TCGA-EY-A1GC-01A	TCGA-EY-A1GC	TCGA-UCEC	UCEC	34	70	mutation_count_proxy_no_callable_territory
TCGA-EY-A1GD-01A	TCGA-EY-A1GD	TCGA-UCEC	UCEC	1071	1911	mutation_count_proxy_no_callable_territory
TCGA-EY-A1GE-01A	TCGA-EY-A1GE	TCGA-UCEC	UCEC	41	64	mutation_count_proxy_no_callable_territory
TCGA-EY-A1GF-01A	TCGA-EY-A1GF	TCGA-UCEC	UCEC	333	693	mutation_count_proxy_no_callable_territory
TCGA-EY-A1GH-01A	TCGA-EY-A1GH	TCGA-UCEC	UCEC	55	100	mutation_count_proxy_no_callable_territory
TCGA-EY-A1GI-01A	TCGA-EY-A1GI	TCGA-UCEC	UCEC	4476	7914	mutation_count_proxy_no_callable_territory
TCGA-EY-A1GJ-01A	TCGA-EY-A1GJ	TCGA-UCEC	UCEC	44	69	mutation_count_proxy_no_callable_territory
TCGA-EY-A1GK-01A	TCGA-EY-A1GK	TCGA-UCEC	UCEC	838	1625	mutation_count_proxy_no_callable_territory
TCGA-EY-A1GL-01A	TCGA-EY-A1GL	TCGA-UCEC	UCEC	43	74	mutation_count_proxy_no_callable_territory
TCGA-EY-A1GM-01A	TCGA-EY-A1GM	TCGA-UCEC	UCEC	33	63	mutation_count_proxy_no_callable_territory
TCGA-EY-A1GO-01A	TCGA-EY-A1GO	TCGA-UCEC	UCEC	289	557	mutation_count_proxy_no_callable_territory
TCGA-EY-A1GP-01A	TCGA-EY-A1GP	TCGA-UCEC	UCEC	29	57	mutation_count_proxy_no_callable_territory
TCGA-EY-A1GQ-01A	TCGA-EY-A1GQ	TCGA-UCEC	UCEC	454	924	mutation_count_proxy_no_callable_territory
TCGA-EY-A1GR-01A	TCGA-EY-A1GR	TCGA-UCEC	UCEC	42	86	mutation_count_proxy_no_callable_territory
TCGA-EY-A1GS-01A	TCGA-EY-A1GS	TCGA-UCEC	UCEC	352	508	mutation_count_proxy_no_callable_territory
TCGA-EY-A1GT-01A	TCGA-EY-A1GT	TCGA-UCEC	UCEC	75	121	mutation_count_proxy_no_callable_territory
TCGA-EY-A1GU-01A	TCGA-EY-A1GU	TCGA-UCEC	UCEC	1183	2407	mutation_count_proxy_no_callable_territory
TCGA-EY-A1GV-01A	TCGA-EY-A1GV	TCGA-UCEC	UCEC	35	54	mutation_count_proxy_no_callable_territory
TCGA-EY-A1GW-01A	TCGA-EY-A1GW	TCGA-UCEC	UCEC	54	82	mutation_count_proxy_no_callable_territory
TCGA-EY-A1GX-01A	TCGA-EY-A1GX	TCGA-UCEC	UCEC	73	133	mutation_count_proxy_no_callable_territory
TCGA-EY-A1H0-01A	TCGA-EY-A1H0	TCGA-UCEC	UCEC	335	712	mutation_count_proxy_no_callable_territory
TCGA-EY-A210-01A	TCGA-EY-A210	TCGA-UCEC	UCEC	32	63	mutation_count_proxy_no_callable_territory
TCGA-EY-A212-01A	TCGA-EY-A212	TCGA-UCEC	UCEC	65	87	mutation_count_proxy_no_callable_territory
TCGA-EY-A214-01A	TCGA-EY-A214	TCGA-UCEC	UCEC	51	91	mutation_count_proxy_no_callable_territory
TCGA-EY-A215-01A	TCGA-EY-A215	TCGA-UCEC	UCEC	4605	8405	mutation_count_proxy_no_callable_territory
TCGA-EY-A2OM-01A	TCGA-EY-A2OM	TCGA-UCEC	UCEC	621	1284	mutation_count_proxy_no_callable_territory
TCGA-EY-A2ON-01A	TCGA-EY-A2ON	TCGA-UCEC	UCEC	71	117	mutation_count_proxy_no_callable_territory
TCGA-EY-A2OO-01A	TCGA-EY-A2OO	TCGA-UCEC	UCEC	65	95	mutation_count_proxy_no_callable_territory
TCGA-EY-A2OP-01A	TCGA-EY-A2OP	TCGA-UCEC	UCEC	456	899	mutation_count_proxy_no_callable_territory
TCGA-EY-A2OQ-01A	TCGA-EY-A2OQ	TCGA-UCEC	UCEC	45	74	mutation_count_proxy_no_callable_territory
TCGA-EY-A3L3-01A	TCGA-EY-A3L3	TCGA-UCEC	UCEC	53	93	mutation_count_proxy_no_callable_territory
TCGA-EY-A3QX-01A	TCGA-EY-A3QX	TCGA-UCEC	UCEC	49	87	mutation_count_proxy_no_callable_territory
TCGA-EY-A4KR-01A	TCGA-EY-A4KR	TCGA-UCEC	UCEC	72	145	mutation_count_proxy_no_callable_territory
TCGA-EY-A547-01A	TCGA-EY-A547	TCGA-UCEC	UCEC	145	306	mutation_count_proxy_no_callable_territory
TCGA-EY-A548-01A	TCGA-EY-A548	TCGA-UCEC	UCEC	591	1107	mutation_count_proxy_no_callable_territory
TCGA-EY-A549-01A	TCGA-EY-A549	TCGA-UCEC	UCEC	1315	2314	mutation_count_proxy_no_callable_territory
TCGA-EY-A54A-01A	TCGA-EY-A54A	TCGA-UCEC	UCEC	100	164	mutation_count_proxy_no_callable_territory
TCGA-EY-A5W2-01A	TCGA-EY-A5W2	TCGA-UCEC	UCEC	775	1472	mutation_count_proxy_no_callable_territory
TCGA-EY-A72D-01A	TCGA-EY-A72D	TCGA-UCEC	UCEC	48	79	mutation_count_proxy_no_callable_territory
TCGA-FI-A2CX-01A	TCGA-FI-A2CX	TCGA-UCEC	UCEC	20	34	mutation_count_proxy_no_callable_territory
TCGA-FI-A2CY-01A	TCGA-FI-A2CY	TCGA-UCEC	UCEC	34	61	mutation_count_proxy_no_callable_territory
TCGA-FI-A2D0-01A	TCGA-FI-A2D0	TCGA-UCEC	UCEC	6401	11861	mutation_count_proxy_no_callable_territory
TCGA-FI-A2D2-01A	TCGA-FI-A2D2	TCGA-UCEC	UCEC	39	54	mutation_count_proxy_no_callable_territory
TCGA-FI-A2D4-01A	TCGA-FI-A2D4	TCGA-UCEC	UCEC	323	704	mutation_count_proxy_no_callable_territory
TCGA-FI-A2D5-01A	TCGA-FI-A2D5	TCGA-UCEC	UCEC	13785	24377	mutation_count_proxy_no_callable_territory
TCGA-FI-A2D6-01A	TCGA-FI-A2D6	TCGA-UCEC	UCEC	628	1246	mutation_count_proxy_no_callable_territory
TCGA-FI-A2EU-01A	TCGA-FI-A2EU	TCGA-UCEC	UCEC	55	76	mutation_count_proxy_no_callable_territory
TCGA-FI-A2EW-01A	TCGA-FI-A2EW	TCGA-UCEC	UCEC	95	144	mutation_count_proxy_no_callable_territory
TCGA-FI-A2EX-01A	TCGA-FI-A2EX	TCGA-UCEC	UCEC	63	83	mutation_count_proxy_no_callable_territory
TCGA-FI-A2EY-01A	TCGA-FI-A2EY	TCGA-UCEC	UCEC	96	157	mutation_count_proxy_no_callable_territory
TCGA-FI-A2F4-01A	TCGA-FI-A2F4	TCGA-UCEC	UCEC	1881	3618	mutation_count_proxy_no_callable_territory
TCGA-FI-A2F8-01A	TCGA-FI-A2F8	TCGA-UCEC	UCEC	65	111	mutation_count_proxy_no_callable_territory
TCGA-FI-A2F9-01A	TCGA-FI-A2F9	TCGA-UCEC	UCEC	44	69	mutation_count_proxy_no_callable_territory
TCGA-FI-A3PV-01A	TCGA-FI-A3PV	TCGA-UCEC	UCEC	61	107	mutation_count_proxy_no_callable_territory
TCGA-FI-A3PX-01A	TCGA-FI-A3PX	TCGA-UCEC	UCEC	85	135	mutation_count_proxy_no_callable_territory
TCGA-H5-A2HR-01A	TCGA-H5-A2HR	TCGA-UCEC	UCEC	46	76	mutation_count_proxy_no_callable_territory
TCGA-JU-AAVI-01A	TCGA-JU-AAVI	TCGA-UCEC	UCEC	49	84	mutation_count_proxy_no_callable_territory
TCGA-K6-A3WQ-01A	TCGA-K6-A3WQ	TCGA-UCEC	UCEC	34	55	mutation_count_proxy_no_callable_territory
TCGA-KJ-A3U4-01A	TCGA-KJ-A3U4	TCGA-UCEC	UCEC	47	76	mutation_count_proxy_no_callable_territory
TCGA-KP-A3VZ-01A	TCGA-KP-A3VZ	TCGA-UCEC	UCEC	75	153	mutation_count_proxy_no_callable_territory
TCGA-KP-A3W0-01A	TCGA-KP-A3W0	TCGA-UCEC	UCEC	39	49	mutation_count_proxy_no_callable_territory
TCGA-KP-A3W1-01A	TCGA-KP-A3W1	TCGA-UCEC	UCEC	42	76	mutation_count_proxy_no_callable_territory
TCGA-KP-A3W3-01A	TCGA-KP-A3W3	TCGA-UCEC	UCEC	32	65	mutation_count_proxy_no_callable_territory
TCGA-KP-A3W4-01A	TCGA-KP-A3W4	TCGA-UCEC	UCEC	47	77	mutation_count_proxy_no_callable_territory
TCGA-PG-A5BC-01A	TCGA-PG-A5BC	TCGA-UCEC	UCEC	42	75	mutation_count_proxy_no_callable_territory
TCGA-PG-A6IB-01A	TCGA-PG-A6IB	TCGA-UCEC	UCEC	433	812	mutation_count_proxy_no_callable_territory
TCGA-PG-A7D5-01A	TCGA-PG-A7D5	TCGA-UCEC	UCEC	30	65	mutation_count_proxy_no_callable_territory
TCGA-PG-A914-01A	TCGA-PG-A914	TCGA-UCEC	UCEC	137	231	mutation_count_proxy_no_callable_territory
TCGA-PG-A915-01A	TCGA-PG-A915	TCGA-UCEC	UCEC	73	123	mutation_count_proxy_no_callable_territory
TCGA-PG-A916-01A	TCGA-PG-A916	TCGA-UCEC	UCEC	41	67	mutation_count_proxy_no_callable_territory
TCGA-PG-A917-01A	TCGA-PG-A917	TCGA-UCEC	UCEC	719	1373	mutation_count_proxy_no_callable_territory
TCGA-QF-A5YS-01A	TCGA-QF-A5YS	TCGA-UCEC	UCEC	1555	2808	mutation_count_proxy_no_callable_territory
TCGA-QF-A5YT-01A	TCGA-QF-A5YT	TCGA-UCEC	UCEC	7	12	mutation_count_proxy_no_callable_territory
TCGA-QS-A5YQ-01A	TCGA-QS-A5YQ	TCGA-UCEC	UCEC	928	1677	mutation_count_proxy_no_callable_territory
TCGA-QS-A5YR-01A	TCGA-QS-A5YR	TCGA-UCEC	UCEC	244	455	mutation_count_proxy_no_callable_territory
TCGA-QS-A744-01A	TCGA-QS-A744	TCGA-UCEC	UCEC	59	107	mutation_count_proxy_no_callable_territory
TCGA-QS-A8F1-01A	TCGA-QS-A8F1	TCGA-UCEC	UCEC	60	110	mutation_count_proxy_no_callable_territory
TCGA-SJ-A6ZI-01A	TCGA-SJ-A6ZI	TCGA-UCEC	UCEC	1299	2462	mutation_count_proxy_no_callable_territory
TCGA-SJ-A6ZJ-01A	TCGA-SJ-A6ZJ	TCGA-UCEC	UCEC	53	109	mutation_count_proxy_no_callable_territory
TCGA-SL-A6J9-01A	TCGA-SL-A6J9	TCGA-UCEC	UCEC	49	81	mutation_count_proxy_no_callable_territory
TCGA-SL-A6JA-01A	TCGA-SL-A6JA	TCGA-UCEC	UCEC	739	1360	mutation_count_proxy_no_callable_territory
TCGA-N5-A4R8-01A	TCGA-N5-A4R8	TCGA-UCS	UCS	51	68	mutation_count_proxy_no_callable_territory
TCGA-N5-A4RA-01A	TCGA-N5-A4RA	TCGA-UCS	UCS	38	58	mutation_count_proxy_no_callable_territory
TCGA-N5-A4RD-01A	TCGA-N5-A4RD	TCGA-UCS	UCS	55	74	mutation_count_proxy_no_callable_territory
TCGA-N5-A4RF-01A	TCGA-N5-A4RF	TCGA-UCS	UCS	68	99	mutation_count_proxy_no_callable_territory
TCGA-N5-A4RJ-01A	TCGA-N5-A4RJ	TCGA-UCS	UCS	50	62	mutation_count_proxy_no_callable_territory
TCGA-N5-A4RM-01A	TCGA-N5-A4RM	TCGA-UCS	UCS	38	64	mutation_count_proxy_no_callable_territory
TCGA-N5-A4RN-01A	TCGA-N5-A4RN	TCGA-UCS	UCS	66	97	mutation_count_proxy_no_callable_territory
TCGA-N5-A4RO-01A	TCGA-N5-A4RO	TCGA-UCS	UCS	47	69	mutation_count_proxy_no_callable_territory
TCGA-N5-A4RS-01A	TCGA-N5-A4RS	TCGA-UCS	UCS	28	41	mutation_count_proxy_no_callable_territory
TCGA-N5-A4RT-01A	TCGA-N5-A4RT	TCGA-UCS	UCS	81	119	mutation_count_proxy_no_callable_territory
TCGA-N5-A4RU-01A	TCGA-N5-A4RU	TCGA-UCS	UCS	59	84	mutation_count_proxy_no_callable_territory
TCGA-N5-A4RV-01A	TCGA-N5-A4RV	TCGA-UCS	UCS	47	68	mutation_count_proxy_no_callable_territory
TCGA-N5-A59E-01A	TCGA-N5-A59E	TCGA-UCS	UCS	53	78	mutation_count_proxy_no_callable_territory
TCGA-N5-A59F-01A	TCGA-N5-A59F	TCGA-UCS	UCS	47	63	mutation_count_proxy_no_callable_territory
TCGA-N6-A4V9-01A	TCGA-N6-A4V9	TCGA-UCS	UCS	33	49	mutation_count_proxy_no_callable_territory
TCGA-N6-A4VC-01A	TCGA-N6-A4VC	TCGA-UCS	UCS	39	57	mutation_count_proxy_no_callable_territory
TCGA-N6-A4VD-01A	TCGA-N6-A4VD	TCGA-UCS	UCS	79	122	mutation_count_proxy_no_callable_territory
TCGA-N6-A4VE-01A	TCGA-N6-A4VE	TCGA-UCS	UCS	59	85	mutation_count_proxy_no_callable_territory
TCGA-N6-A4VF-01A	TCGA-N6-A4VF	TCGA-UCS	UCS	40	60	mutation_count_proxy_no_callable_territory
TCGA-N6-A4VG-01A	TCGA-N6-A4VG	TCGA-UCS	UCS	40	59	mutation_count_proxy_no_callable_territory
TCGA-N7-A4Y0-01A	TCGA-N7-A4Y0	TCGA-UCS	UCS	698	1044	mutation_count_proxy_no_callable_territory
TCGA-N7-A4Y5-01A	TCGA-N7-A4Y5	TCGA-UCS	UCS	48	78	mutation_count_proxy_no_callable_territory
TCGA-N7-A4Y8-01A	TCGA-N7-A4Y8	TCGA-UCS	UCS	46	61	mutation_count_proxy_no_callable_territory
TCGA-N7-A59B-01A	TCGA-N7-A59B	TCGA-UCS	UCS	41	52	mutation_count_proxy_no_callable_territory
TCGA-N8-A4PI-01A	TCGA-N8-A4PI	TCGA-UCS	UCS	41	63	mutation_count_proxy_no_callable_territory
TCGA-N8-A4PL-01A	TCGA-N8-A4PL	TCGA-UCS	UCS	41	63	mutation_count_proxy_no_callable_territory
TCGA-N8-A4PM-01A	TCGA-N8-A4PM	TCGA-UCS	UCS	44	66	mutation_count_proxy_no_callable_territory
TCGA-N8-A4PN-01A	TCGA-N8-A4PN	TCGA-UCS	UCS	47	60	mutation_count_proxy_no_callable_territory
TCGA-N8-A4PO-01A	TCGA-N8-A4PO	TCGA-UCS	UCS	53	84	mutation_count_proxy_no_callable_territory
TCGA-N8-A4PP-01A	TCGA-N8-A4PP	TCGA-UCS	UCS	88	130	mutation_count_proxy_no_callable_territory
TCGA-N8-A4PQ-01A	TCGA-N8-A4PQ	TCGA-UCS	UCS	49	73	mutation_count_proxy_no_callable_territory
TCGA-N8-A56S-01A	TCGA-N8-A56S	TCGA-UCS	UCS	41	66	mutation_count_proxy_no_callable_territory
TCGA-N9-A4PZ-01A	TCGA-N9-A4PZ	TCGA-UCS	UCS	42	66	mutation_count_proxy_no_callable_territory
TCGA-N9-A4Q1-01A	TCGA-N9-A4Q1	TCGA-UCS	UCS	43	51	mutation_count_proxy_no_callable_territory
TCGA-N9-A4Q3-01A	TCGA-N9-A4Q3	TCGA-UCS	UCS	38	51	mutation_count_proxy_no_callable_territory
TCGA-N9-A4Q4-01A	TCGA-N9-A4Q4	TCGA-UCS	UCS	31	56	mutation_count_proxy_no_callable_territory
TCGA-N9-A4Q7-01A	TCGA-N9-A4Q7	TCGA-UCS	UCS	241	337	mutation_count_proxy_no_callable_territory
TCGA-N9-A4Q8-01A	TCGA-N9-A4Q8	TCGA-UCS	UCS	46	62	mutation_count_proxy_no_callable_territory
TCGA-NA-A4QV-01A	TCGA-NA-A4QV	TCGA-UCS	UCS	39	57	mutation_count_proxy_no_callable_territory
TCGA-NA-A4QW-01A	TCGA-NA-A4QW	TCGA-UCS	UCS	50	68	mutation_count_proxy_no_callable_territory
TCGA-NA-A4QX-01A	TCGA-NA-A4QX	TCGA-UCS	UCS	26	42	mutation_count_proxy_no_callable_territory
TCGA-NA-A4QY-01A	TCGA-NA-A4QY	TCGA-UCS	UCS	41	56	mutation_count_proxy_no_callable_territory
TCGA-NA-A4R0-01A	TCGA-NA-A4R0	TCGA-UCS	UCS	40	69	mutation_count_proxy_no_callable_territory
TCGA-NA-A4R1-01A	TCGA-NA-A4R1	TCGA-UCS	UCS	105	161	mutation_count_proxy_no_callable_territory
TCGA-NA-A5I1-01A	TCGA-NA-A5I1	TCGA-UCS	UCS	39	57	mutation_count_proxy_no_callable_territory
TCGA-ND-A4W6-01A	TCGA-ND-A4W6	TCGA-UCS	UCS	74	107	mutation_count_proxy_no_callable_territory
TCGA-ND-A4WA-01A	TCGA-ND-A4WA	TCGA-UCS	UCS	48	67	mutation_count_proxy_no_callable_territory
TCGA-ND-A4WC-01A	TCGA-ND-A4WC	TCGA-UCS	UCS	3647	5148	mutation_count_proxy_no_callable_territory
TCGA-ND-A4WF-01A	TCGA-ND-A4WF	TCGA-UCS	UCS	59	84	mutation_count_proxy_no_callable_territory
TCGA-NF-A4WU-01A	TCGA-NF-A4WU	TCGA-UCS	UCS	29	43	mutation_count_proxy_no_callable_territory
TCGA-NF-A4WX-01A	TCGA-NF-A4WX	TCGA-UCS	UCS	32	49	mutation_count_proxy_no_callable_territory
TCGA-NF-A4X2-01A	TCGA-NF-A4X2	TCGA-UCS	UCS	89	121	mutation_count_proxy_no_callable_territory
TCGA-NF-A5CP-01A	TCGA-NF-A5CP	TCGA-UCS	UCS	56	83	mutation_count_proxy_no_callable_territory
TCGA-NG-A4VU-01A	TCGA-NG-A4VU	TCGA-UCS	UCS	32	47	mutation_count_proxy_no_callable_territory
TCGA-NG-A4VW-01A	TCGA-NG-A4VW	TCGA-UCS	UCS	41	61	mutation_count_proxy_no_callable_territory
TCGA-QM-A5NM-01A	TCGA-QM-A5NM	TCGA-UCS	UCS	47	67	mutation_count_proxy_no_callable_territory
TCGA-QN-A5NN-01A	TCGA-QN-A5NN	TCGA-UCS	UCS	60	83	mutation_count_proxy_no_callable_territory
TCGA-RZ-AB0B-01A	TCGA-RZ-AB0B	TCGA-UVM	UVM	13	18	mutation_count_proxy_no_callable_territory
TCGA-V3-A9ZX-01A	TCGA-V3-A9ZX	TCGA-UVM	UVM	5	11	mutation_count_proxy_no_callable_territory
TCGA-V3-A9ZY-01A	TCGA-V3-A9ZY	TCGA-UVM	UVM	14	18	mutation_count_proxy_no_callable_territory
TCGA-V4-A9E5-01A	TCGA-V4-A9E5	TCGA-UVM	UVM	12	17	mutation_count_proxy_no_callable_territory
TCGA-V4-A9E7-01A	TCGA-V4-A9E7	TCGA-UVM	UVM	16	21	mutation_count_proxy_no_callable_territory
TCGA-V4-A9E8-01A	TCGA-V4-A9E8	TCGA-UVM	UVM	10	16	mutation_count_proxy_no_callable_territory
TCGA-V4-A9E9-01A	TCGA-V4-A9E9	TCGA-UVM	UVM	11	15	mutation_count_proxy_no_callable_territory
TCGA-V4-A9EA-01A	TCGA-V4-A9EA	TCGA-UVM	UVM	11	15	mutation_count_proxy_no_callable_territory
TCGA-V4-A9EC-01A	TCGA-V4-A9EC	TCGA-UVM	UVM	19	24	mutation_count_proxy_no_callable_territory
TCGA-V4-A9ED-01A	TCGA-V4-A9ED	TCGA-UVM	UVM	6	14	mutation_count_proxy_no_callable_territory
TCGA-V4-A9EE-01A	TCGA-V4-A9EE	TCGA-UVM	UVM	13	23	mutation_count_proxy_no_callable_territory
TCGA-V4-A9EF-01A	TCGA-V4-A9EF	TCGA-UVM	UVM	8	9	mutation_count_proxy_no_callable_territory
TCGA-V4-A9EH-01A	TCGA-V4-A9EH	TCGA-UVM	UVM	9	13	mutation_count_proxy_no_callable_territory
TCGA-V4-A9EI-01A	TCGA-V4-A9EI	TCGA-UVM	UVM	20	27	mutation_count_proxy_no_callable_territory
TCGA-V4-A9EJ-01A	TCGA-V4-A9EJ	TCGA-UVM	UVM	21	29	mutation_count_proxy_no_callable_territory
TCGA-V4-A9EK-01A	TCGA-V4-A9EK	TCGA-UVM	UVM	14	19	mutation_count_proxy_no_callable_territory
TCGA-V4-A9EL-01A	TCGA-V4-A9EL	TCGA-UVM	UVM	6	9	mutation_count_proxy_no_callable_territory
TCGA-V4-A9EM-01A	TCGA-V4-A9EM	TCGA-UVM	UVM	18	22	mutation_count_proxy_no_callable_territory
TCGA-V4-A9EO-01A	TCGA-V4-A9EO	TCGA-UVM	UVM	13	21	mutation_count_proxy_no_callable_territory
TCGA-V4-A9EQ-01A	TCGA-V4-A9EQ	TCGA-UVM	UVM	9	13	mutation_count_proxy_no_callable_territory
TCGA-V4-A9ES-01A	TCGA-V4-A9ES	TCGA-UVM	UVM	12	12	mutation_count_proxy_no_callable_territory
TCGA-V4-A9ET-01A	TCGA-V4-A9ET	TCGA-UVM	UVM	7	14	mutation_count_proxy_no_callable_territory
TCGA-V4-A9EU-01A	TCGA-V4-A9EU	TCGA-UVM	UVM	9	12	mutation_count_proxy_no_callable_territory
TCGA-V4-A9EV-01A	TCGA-V4-A9EV	TCGA-UVM	UVM	7	12	mutation_count_proxy_no_callable_territory
TCGA-V4-A9EW-01A	TCGA-V4-A9EW	TCGA-UVM	UVM	9	14	mutation_count_proxy_no_callable_territory
TCGA-V4-A9EX-01A	TCGA-V4-A9EX	TCGA-UVM	UVM	7	16	mutation_count_proxy_no_callable_territory
TCGA-V4-A9EY-01A	TCGA-V4-A9EY	TCGA-UVM	UVM	16	19	mutation_count_proxy_no_callable_territory
TCGA-V4-A9EZ-01A	TCGA-V4-A9EZ	TCGA-UVM	UVM	16	27	mutation_count_proxy_no_callable_territory
TCGA-V4-A9F0-01A	TCGA-V4-A9F0	TCGA-UVM	UVM	9	12	mutation_count_proxy_no_callable_territory
TCGA-V4-A9F1-01A	TCGA-V4-A9F1	TCGA-UVM	UVM	8	11	mutation_count_proxy_no_callable_territory
TCGA-V4-A9F2-01A	TCGA-V4-A9F2	TCGA-UVM	UVM	5	9	mutation_count_proxy_no_callable_territory
TCGA-V4-A9F3-01A	TCGA-V4-A9F3	TCGA-UVM	UVM	8	12	mutation_count_proxy_no_callable_territory
TCGA-V4-A9F4-01A	TCGA-V4-A9F4	TCGA-UVM	UVM	18	22	mutation_count_proxy_no_callable_territory
TCGA-V4-A9F5-01A	TCGA-V4-A9F5	TCGA-UVM	UVM	7	11	mutation_count_proxy_no_callable_territory
TCGA-V4-A9F7-01A	TCGA-V4-A9F7	TCGA-UVM	UVM	13	18	mutation_count_proxy_no_callable_territory
TCGA-V4-A9F8-01A	TCGA-V4-A9F8	TCGA-UVM	UVM	19	27	mutation_count_proxy_no_callable_territory
TCGA-VD-A8K7-01B	TCGA-VD-A8K7	TCGA-UVM	UVM	4	7	mutation_count_proxy_no_callable_territory
TCGA-VD-A8K8-01A	TCGA-VD-A8K8	TCGA-UVM	UVM	13	15	mutation_count_proxy_no_callable_territory
TCGA-VD-A8K9-01A	TCGA-VD-A8K9	TCGA-UVM	UVM	7	13	mutation_count_proxy_no_callable_territory
TCGA-VD-A8KA-01B	TCGA-VD-A8KA	TCGA-UVM	UVM	14	16	mutation_count_proxy_no_callable_territory
TCGA-VD-A8KB-01A	TCGA-VD-A8KB	TCGA-UVM	UVM	15	23	mutation_count_proxy_no_callable_territory
TCGA-VD-A8KD-01A	TCGA-VD-A8KD	TCGA-UVM	UVM	17	26	mutation_count_proxy_no_callable_territory
TCGA-VD-A8KE-01A	TCGA-VD-A8KE	TCGA-UVM	UVM	14	23	mutation_count_proxy_no_callable_territory
TCGA-VD-A8KF-01A	TCGA-VD-A8KF	TCGA-UVM	UVM	6	9	mutation_count_proxy_no_callable_territory
TCGA-VD-A8KG-01A	TCGA-VD-A8KG	TCGA-UVM	UVM	16	21	mutation_count_proxy_no_callable_territory
TCGA-VD-A8KH-01A	TCGA-VD-A8KH	TCGA-UVM	UVM	14	21	mutation_count_proxy_no_callable_territory
TCGA-VD-A8KI-01A	TCGA-VD-A8KI	TCGA-UVM	UVM	20	27	mutation_count_proxy_no_callable_territory
TCGA-VD-A8KJ-01A	TCGA-VD-A8KJ	TCGA-UVM	UVM	11	13	mutation_count_proxy_no_callable_territory
TCGA-VD-A8KK-01A	TCGA-VD-A8KK	TCGA-UVM	UVM	14	17	mutation_count_proxy_no_callable_territory
TCGA-VD-A8KL-01A	TCGA-VD-A8KL	TCGA-UVM	UVM	20	24	mutation_count_proxy_no_callable_territory
TCGA-VD-A8KM-01A	TCGA-VD-A8KM	TCGA-UVM	UVM	10	19	mutation_count_proxy_no_callable_territory
TCGA-VD-A8KN-01A	TCGA-VD-A8KN	TCGA-UVM	UVM	10	14	mutation_count_proxy_no_callable_territory
TCGA-VD-A8KO-01A	TCGA-VD-A8KO	TCGA-UVM	UVM	8	13	mutation_count_proxy_no_callable_territory
TCGA-VD-AA8M-01A	TCGA-VD-AA8M	TCGA-UVM	UVM	21	26	mutation_count_proxy_no_callable_territory
TCGA-VD-AA8N-01A	TCGA-VD-AA8N	TCGA-UVM	UVM	7	10	mutation_count_proxy_no_callable_territory
TCGA-VD-AA8O-01A	TCGA-VD-AA8O	TCGA-UVM	UVM	14	19	mutation_count_proxy_no_callable_territory
TCGA-VD-AA8P-01A	TCGA-VD-AA8P	TCGA-UVM	UVM	15	19	mutation_count_proxy_no_callable_territory
TCGA-VD-AA8Q-01A	TCGA-VD-AA8Q	TCGA-UVM	UVM	16	22	mutation_count_proxy_no_callable_territory
TCGA-VD-AA8R-01A	TCGA-VD-AA8R	TCGA-UVM	UVM	11	15	mutation_count_proxy_no_callable_territory
TCGA-VD-AA8S-01B	TCGA-VD-AA8S	TCGA-UVM	UVM	8	9	mutation_count_proxy_no_callable_territory
TCGA-VD-AA8T-01A	TCGA-VD-AA8T	TCGA-UVM	UVM	9	19	mutation_count_proxy_no_callable_territory
TCGA-WC-A87T-01A	TCGA-WC-A87T	TCGA-UVM	UVM	12	13	mutation_count_proxy_no_callable_territory
TCGA-WC-A87U-01A	TCGA-WC-A87U	TCGA-UVM	UVM	13	19	mutation_count_proxy_no_callable_territory
TCGA-WC-A87W-01A	TCGA-WC-A87W	TCGA-UVM	UVM	8	13	mutation_count_proxy_no_callable_territory
TCGA-WC-A87Y-01A	TCGA-WC-A87Y	TCGA-UVM	UVM	9	12	mutation_count_proxy_no_callable_territory
TCGA-WC-A880-01A	TCGA-WC-A880	TCGA-UVM	UVM	9	13	mutation_count_proxy_no_callable_territory
TCGA-WC-A881-01A	TCGA-WC-A881	TCGA-UVM	UVM	12	16	mutation_count_proxy_no_callable_territory
TCGA-WC-A882-01A	TCGA-WC-A882	TCGA-UVM	UVM	11	16	mutation_count_proxy_no_callable_territory
TCGA-WC-A883-01A	TCGA-WC-A883	TCGA-UVM	UVM	10	14	mutation_count_proxy_no_callable_territory
TCGA-WC-A884-01A	TCGA-WC-A884	TCGA-UVM	UVM	9	13	mutation_count_proxy_no_callable_territory
TCGA-WC-A885-01A	TCGA-WC-A885	TCGA-UVM	UVM	16	24	mutation_count_proxy_no_callable_territory
TCGA-WC-A888-01A	TCGA-WC-A888	TCGA-UVM	UVM	13	17	mutation_count_proxy_no_callable_territory
TCGA-WC-A88A-01A	TCGA-WC-A88A	TCGA-UVM	UVM	15	17	mutation_count_proxy_no_callable_territory
TCGA-WC-AA9A-01A	TCGA-WC-AA9A	TCGA-UVM	UVM	11	14	mutation_count_proxy_no_callable_territory
TCGA-WC-AA9E-01A	TCGA-WC-AA9E	TCGA-UVM	UVM	15	24	mutation_count_proxy_no_callable_territory
TCGA-YZ-A980-01A	TCGA-YZ-A980	TCGA-UVM	UVM	8	15	mutation_count_proxy_no_callable_territory
TCGA-YZ-A982-01A	TCGA-YZ-A982	TCGA-UVM	UVM	21	25	mutation_count_proxy_no_callable_territory
TCGA-YZ-A983-01A	TCGA-YZ-A983	TCGA-UVM	UVM	17	22	mutation_count_proxy_no_callable_territory
TCGA-YZ-A984-01A	TCGA-YZ-A984	TCGA-UVM	UVM	8	10	mutation_count_proxy_no_callable_territory
TCGA-YZ-A985-01A	TCGA-YZ-A985	TCGA-UVM	UVM	388	596	mutation_count_proxy_no_callable_territory
