GDC_Aliquot	Chromosome	Start	End	Num_Probes	Segment_Mean
c7823372-b451-4159-9cb8-d4de8479bda8	1	3301765	6183275	1984	-0.1562
c7823372-b451-4159-9cb8-d4de8479bda8	1	6190279	7334758	630	-0.0521
c7823372-b451-4159-9cb8-d4de8479bda8	1	7334776	8333158	594	-0.1677
c7823372-b451-4159-9cb8-d4de8479bda8	1	8334176	17052470	4137	-0.0548
c7823372-b451-4159-9cb8-d4de8479bda8	1	17052534	17340770	223	-0.1237
c7823372-b451-4159-9cb8-d4de8479bda8	1	17343416	19057752	1227	-0.2172
c7823372-b451-4159-9cb8-d4de8479bda8	1	19064614	19070242	8	-0.7484
c7823372-b451-4159-9cb8-d4de8479bda8	1	19070496	20533537	966	-0.1088
c7823372-b451-4159-9cb8-d4de8479bda8	1	20538827	21605696	528	-0.0267
c7823372-b451-4159-9cb8-d4de8479bda8	1	21605919	22952017	769	-0.1059
c7823372-b451-4159-9cb8-d4de8479bda8	1	22952139	29235558	2688	-0.0319
c7823372-b451-4159-9cb8-d4de8479bda8	1	29241271	30246554	724	-0.1417
c7823372-b451-4159-9cb8-d4de8479bda8	1	30246569	33710362	1716	-0.0605
c7823372-b451-4159-9cb8-d4de8479bda8	1	33710816	33932540	197	-0.128
c7823372-b451-4159-9cb8-d4de8479bda8	1	33932645	34294621	277	-0.214
c7823372-b451-4159-9cb8-d4de8479bda8	1	34294975	35259781	532	-0.0979
c7823372-b451-4159-9cb8-d4de8479bda8	1	35261188	36512402	545	-0.011
c7823372-b451-4159-9cb8-d4de8479bda8	1	36515022	37487375	620	-0.0994
c7823372-b451-4159-9cb8-d4de8479bda8	1	37490265	42163434	2591	-0.0158
c7823372-b451-4159-9cb8-d4de8479bda8	1	42163567	44443791	1291	-0.0743
c7823372-b451-4159-9cb8-d4de8479bda8	1	44446401	46802369	1066	-0.0111
c7823372-b451-4159-9cb8-d4de8479bda8	1	46802384	48293602	935	-0.097
c7823372-b451-4159-9cb8-d4de8479bda8	1	48294959	49405305	662	0.0585
c7823372-b451-4159-9cb8-d4de8479bda8	1	49405650	50373486	395	-0.0952
c7823372-b451-4159-9cb8-d4de8479bda8	1	50377874	54160183	1875	-0.0343
c7823372-b451-4159-9cb8-d4de8479bda8	1	54167870	55063514	558	-0.1239
c7823372-b451-4159-9cb8-d4de8479bda8	1	55064198	56947440	1471	-0.0325
c7823372-b451-4159-9cb8-d4de8479bda8	1	56949128	58464009	1277	-0.1169
c7823372-b451-4159-9cb8-d4de8479bda8	1	58464262	59489641	750	0.0644
c7823372-b451-4159-9cb8-d4de8479bda8	1	59492315	60354604	510	-0.0387
c7823372-b451-4159-9cb8-d4de8479bda8	1	60354932	62325377	1415	-0.1357
c7823372-b451-4159-9cb8-d4de8479bda8	1	62325628	64394703	1390	-0.0653
c7823372-b451-4159-9cb8-d4de8479bda8	1	64395633	65687420	926	0.0299
c7823372-b451-4159-9cb8-d4de8479bda8	1	65690794	65708267	27	-0.2103
c7823372-b451-4159-9cb8-d4de8479bda8	1	65708375	65974150	215	0.0035
c7823372-b451-4159-9cb8-d4de8479bda8	1	65976959	66596008	503	0.1386
c7823372-b451-4159-9cb8-d4de8479bda8	1	66597512	67255184	442	0.0437
c7823372-b451-4159-9cb8-d4de8479bda8	1	67255921	67614371	270	-0.0424
c7823372-b451-4159-9cb8-d4de8479bda8	1	67619417	67881798	215	0.0512
c7823372-b451-4159-9cb8-d4de8479bda8	1	67885698	69545262	987	-0.0658
c7823372-b451-4159-9cb8-d4de8479bda8	1	69546871	70948151	769	0.0403
c7823372-b451-4159-9cb8-d4de8479bda8	1	70948625	73872928	1527	-0.0769
c7823372-b451-4159-9cb8-d4de8479bda8	1	73873292	75272536	723	0.0581
c7823372-b451-4159-9cb8-d4de8479bda8	1	75273250	77104052	1225	-0.0501
c7823372-b451-4159-9cb8-d4de8479bda8	1	77104895	80832725	2040	0.0115
c7823372-b451-4159-9cb8-d4de8479bda8	1	80833685	83115380	1505	-0.0977
c7823372-b451-4159-9cb8-d4de8479bda8	1	83116351	83771438	343	-0.0286
c7823372-b451-4159-9cb8-d4de8479bda8	1	83772091	84838904	746	0.0275
c7823372-b451-4159-9cb8-d4de8479bda8	1	84839514	86256675	980	-0.0318
c7823372-b451-4159-9cb8-d4de8479bda8	1	86257138	87979530	1122	0.0655
c7823372-b451-4159-9cb8-d4de8479bda8	1	87980017	89503798	907	-0.0055
c7823372-b451-4159-9cb8-d4de8479bda8	1	89504130	90454887	612	0.0514
c7823372-b451-4159-9cb8-d4de8479bda8	1	90457614	91078322	380	-0.0325
c7823372-b451-4159-9cb8-d4de8479bda8	1	91079409	91088611	2	-2.4792
c7823372-b451-4159-9cb8-d4de8479bda8	1	91088625	91233288	105	-0.0686
c7823372-b451-4159-9cb8-d4de8479bda8	1	91233594	94069385	1522	0.0301
c7823372-b451-4159-9cb8-d4de8479bda8	1	94071488	96038520	1364	-0.0352
c7823372-b451-4159-9cb8-d4de8479bda8	1	96038709	99463563	2007	-0.0985
c7823372-b451-4159-9cb8-d4de8479bda8	1	99463702	100773448	835	-0.0164
c7823372-b451-4159-9cb8-d4de8479bda8	1	100773820	102003475	860	0.0628
c7823372-b451-4159-9cb8-d4de8479bda8	1	102003524	103379278	641	-0.0682
c7823372-b451-4159-9cb8-d4de8479bda8	1	103386883	104755989	523	0.0218
c7823372-b451-4159-9cb8-d4de8479bda8	1	104760101	106549354	928	-0.0358
c7823372-b451-4159-9cb8-d4de8479bda8	1	106549869	108330131	1155	0.0837
c7823372-b451-4159-9cb8-d4de8479bda8	1	108330251	110533032	1143	-0.0346
c7823372-b451-4159-9cb8-d4de8479bda8	1	110534159	111852810	896	0.0866
c7823372-b451-4159-9cb8-d4de8479bda8	1	111852970	114457438	1652	-0.002
c7823372-b451-4159-9cb8-d4de8479bda8	1	114457539	114789878	160	-0.0948
c7823372-b451-4159-9cb8-d4de8479bda8	1	114793492	114907867	72	0.0355
c7823372-b451-4159-9cb8-d4de8479bda8	1	114908280	115869248	715	-0.0996
c7823372-b451-4159-9cb8-d4de8479bda8	1	115870227	117368060	1001	0.0111
c7823372-b451-4159-9cb8-d4de8479bda8	1	117370397	118114753	411	0.0743
c7823372-b451-4159-9cb8-d4de8479bda8	1	118117777	119373360	705	-0.0259
c7823372-b451-4159-9cb8-d4de8479bda8	1	119376582	149907993	410	0.0443
c7823372-b451-4159-9cb8-d4de8479bda8	1	149909846	152381528	1024	-0.0221
c7823372-b451-4159-9cb8-d4de8479bda8	1	152382758	153398609	667	-0.1045
c7823372-b451-4159-9cb8-d4de8479bda8	1	153399125	157519020	1953	-0.0164
c7823372-b451-4159-9cb8-d4de8479bda8	1	157519056	158945555	990	0.0744
c7823372-b451-4159-9cb8-d4de8479bda8	1	158948474	160498439	999	-0.0233
c7823372-b451-4159-9cb8-d4de8479bda8	1	160500468	160698623	139	0.101
c7823372-b451-4159-9cb8-d4de8479bda8	1	160698884	161401195	382	-0.0043
c7823372-b451-4159-9cb8-d4de8479bda8	1	161402248	161972701	233	0.0976
c7823372-b451-4159-9cb8-d4de8479bda8	1	161972719	162274751	293	-0.0246
c7823372-b451-4159-9cb8-d4de8479bda8	1	162275545	163522468	1022	-0.0498
c7823372-b451-4159-9cb8-d4de8479bda8	1	163523181	165004385	1041	-0.1139
c7823372-b451-4159-9cb8-d4de8479bda8	1	165004406	165405803	367	-0.0568
c7823372-b451-4159-9cb8-d4de8479bda8	1	165406598	169246873	2935	0.0034
c7823372-b451-4159-9cb8-d4de8479bda8	1	169247699	170228337	716	0.0794
c7823372-b451-4159-9cb8-d4de8479bda8	1	170231975	170917134	422	-0.0097
c7823372-b451-4159-9cb8-d4de8479bda8	1	170917449	171353382	285	0.0961
c7823372-b451-4159-9cb8-d4de8479bda8	1	171356936	175033554	2140	0.0105
c7823372-b451-4159-9cb8-d4de8479bda8	1	175044029	175442683	295	0.0958
c7823372-b451-4159-9cb8-d4de8479bda8	1	175444297	177259651	880	-0.0032
c7823372-b451-4159-9cb8-d4de8479bda8	1	177261025	178109221	577	-0.0642
c7823372-b451-4159-9cb8-d4de8479bda8	1	178113190	178955113	446	0.0812
c7823372-b451-4159-9cb8-d4de8479bda8	1	178956457	181576458	1784	0.0032
c7823372-b451-4159-9cb8-d4de8479bda8	1	181581329	182301602	528	-0.079
c7823372-b451-4159-9cb8-d4de8479bda8	1	182301668	182434966	94	-0.0279
c7823372-b451-4159-9cb8-d4de8479bda8	1	182435134	182770679	247	0.0536
c7823372-b451-4159-9cb8-d4de8479bda8	1	182774714	182776357	2	-0.7033
c7823372-b451-4159-9cb8-d4de8479bda8	1	182777096	183017926	133	0.0599
c7823372-b451-4159-9cb8-d4de8479bda8	1	183018672	183304787	197	-0.0278
c7823372-b451-4159-9cb8-d4de8479bda8	1	183307946	183315168	7	-0.3807
c7823372-b451-4159-9cb8-d4de8479bda8	1	183316114	183404530	58	-0.0189
c7823372-b451-4159-9cb8-d4de8479bda8	1	183406176	183406466	3	-0.7943
c7823372-b451-4159-9cb8-d4de8479bda8	1	183407132	183491979	71	-0.0186
c7823372-b451-4159-9cb8-d4de8479bda8	1	183496721	184020163	398	0.0692
c7823372-b451-4159-9cb8-d4de8479bda8	1	184020181	185364235	765	-0.0249
c7823372-b451-4159-9cb8-d4de8479bda8	1	185364344	187133744	1113	0.0817
c7823372-b451-4159-9cb8-d4de8479bda8	1	187136911	188359853	811	-0.0117
c7823372-b451-4159-9cb8-d4de8479bda8	1	188362389	188748791	243	0.0955
c7823372-b451-4159-9cb8-d4de8479bda8	1	188750007	192107237	1760	-0.0251
c7823372-b451-4159-9cb8-d4de8479bda8	1	192107405	194547523	1674	0.0608
c7823372-b451-4159-9cb8-d4de8479bda8	1	194548636	194549268	2	-1.1026
c7823372-b451-4159-9cb8-d4de8479bda8	1	194549641	194915965	206	0.0603
c7823372-b451-4159-9cb8-d4de8479bda8	1	194920272	197472111	1243	-0.0356
c7823372-b451-4159-9cb8-d4de8479bda8	1	197473738	198322805	477	0.0932
c7823372-b451-4159-9cb8-d4de8479bda8	1	198323071	199234774	575	0.1732
c7823372-b451-4159-9cb8-d4de8479bda8	1	199242229	199856276	384	0.1065
c7823372-b451-4159-9cb8-d4de8479bda8	1	199856657	200796185	632	0.0464
c7823372-b451-4159-9cb8-d4de8479bda8	1	200796573	203055293	1437	-0.0423
c7823372-b451-4159-9cb8-d4de8479bda8	1	203055639	203959284	559	0.031
c7823372-b451-4159-9cb8-d4de8479bda8	1	203959967	205543150	1184	-0.0335
c7823372-b451-4159-9cb8-d4de8479bda8	1	205543789	207685486	1153	0.0502
c7823372-b451-4159-9cb8-d4de8479bda8	1	207686231	212123034	3202	-0.0431
c7823372-b451-4159-9cb8-d4de8479bda8	1	212124708	212149105	19	0.3771
c7823372-b451-4159-9cb8-d4de8479bda8	1	212156750	213370406	730	0.0334
c7823372-b451-4159-9cb8-d4de8479bda8	1	213371141	218321706	3518	-0.0566
c7823372-b451-4159-9cb8-d4de8479bda8	1	218321816	218812310	307	0.0369
c7823372-b451-4159-9cb8-d4de8479bda8	1	218813447	218924983	100	-0.0291
c7823372-b451-4159-9cb8-d4de8479bda8	1	218929705	219716955	568	0.1109
c7823372-b451-4159-9cb8-d4de8479bda8	1	219717161	221325712	1004	-0.034
c7823372-b451-4159-9cb8-d4de8479bda8	1	221331511	222103928	593	0.0251
c7823372-b451-4159-9cb8-d4de8479bda8	1	222106844	223991344	1007	-0.0597
c7823372-b451-4159-9cb8-d4de8479bda8	1	223996572	226422937	1334	0.0272
c7823372-b451-4159-9cb8-d4de8479bda8	1	226423075	232306623	3632	-0.0409
c7823372-b451-4159-9cb8-d4de8479bda8	1	232307305	232468205	160	0.0369
c7823372-b451-4159-9cb8-d4de8479bda8	1	232468384	233203574	517	0.093
c7823372-b451-4159-9cb8-d4de8479bda8	1	233203681	235525507	1653	0.0185
c7823372-b451-4159-9cb8-d4de8479bda8	1	235525738	237381200	1355	-0.0782
c7823372-b451-4159-9cb8-d4de8479bda8	1	237381798	238105126	579	0.0398
c7823372-b451-4159-9cb8-d4de8479bda8	1	238105392	238105905	2	0.9088
c7823372-b451-4159-9cb8-d4de8479bda8	1	238108687	238121211	13	0.048
c7823372-b451-4159-9cb8-d4de8479bda8	1	238122007	239065230	762	-0.0439
c7823372-b451-4159-9cb8-d4de8479bda8	1	239065333	240821505	1318	-0.137
c7823372-b451-4159-9cb8-d4de8479bda8	1	240821771	241876891	813	-0.0275
c7823372-b451-4159-9cb8-d4de8479bda8	1	241877275	242722445	580	-0.1039
c7823372-b451-4159-9cb8-d4de8479bda8	1	242722891	247223523	2033	-0.0194
c7823372-b451-4159-9cb8-d4de8479bda8	1	247226873	247650984	270	-0.1067
c7823372-b451-4159-9cb8-d4de8479bda8	2	480597	2895406	922	-0.1213
c7823372-b451-4159-9cb8-d4de8479bda8	2	2895753	4464555	1029	0.0126
c7823372-b451-4159-9cb8-d4de8479bda8	2	4464679	5804856	987	-0.0842
c7823372-b451-4159-9cb8-d4de8479bda8	2	5808174	6019995	198	-0.0362
c7823372-b451-4159-9cb8-d4de8479bda8	2	6020075	6751581	617	0.0445
c7823372-b451-4159-9cb8-d4de8479bda8	2	6751824	7288964	435	-0.0813
c7823372-b451-4159-9cb8-d4de8479bda8	2	7291228	9051203	1079	0.039
c7823372-b451-4159-9cb8-d4de8479bda8	2	9054227	11209395	1503	-0.0492
c7823372-b451-4159-9cb8-d4de8479bda8	2	11210357	13179680	1385	0.0707
c7823372-b451-4159-9cb8-d4de8479bda8	2	13180831	14262016	604	-0.0402
c7823372-b451-4159-9cb8-d4de8479bda8	2	14264849	15750796	1031	-0.0727
c7823372-b451-4159-9cb8-d4de8479bda8	2	15752052	16025785	203	-0.1973
c7823372-b451-4159-9cb8-d4de8479bda8	2	16028640	16472302	291	-0.0609
c7823372-b451-4159-9cb8-d4de8479bda8	2	16473089	16883274	344	0.0538
c7823372-b451-4159-9cb8-d4de8479bda8	2	16883293	17848677	621	0.1489
c7823372-b451-4159-9cb8-d4de8479bda8	2	17851783	18271080	317	0.0781
c7823372-b451-4159-9cb8-d4de8479bda8	2	18271210	18680893	311	0.0178
c7823372-b451-4159-9cb8-d4de8479bda8	2	18682490	23336054	3046	-0.0729
c7823372-b451-4159-9cb8-d4de8479bda8	2	23338536	25874738	1261	0.002
c7823372-b451-4159-9cb8-d4de8479bda8	2	25875185	29668423	1988	-0.0689
c7823372-b451-4159-9cb8-d4de8479bda8	2	29669423	29874613	179	-0.0003
c7823372-b451-4159-9cb8-d4de8479bda8	2	29874899	30668912	510	0.0766
c7823372-b451-4159-9cb8-d4de8479bda8	2	30674904	33716649	1434	0.0208
c7823372-b451-4159-9cb8-d4de8479bda8	2	33716859	36621154	1630	-0.0491
c7823372-b451-4159-9cb8-d4de8479bda8	2	36621170	36808071	191	0.0791
c7823372-b451-4159-9cb8-d4de8479bda8	2	36808802	37306032	275	-0.9502
c7823372-b451-4159-9cb8-d4de8479bda8	2	37306230	39797503	1118	0.0048
c7823372-b451-4159-9cb8-d4de8479bda8	2	39798015	41029986	802	-0.0735
c7823372-b451-4159-9cb8-d4de8479bda8	2	41030574	43600682	1552	0.0158
c7823372-b451-4159-9cb8-d4de8479bda8	2	43602488	45341749	1123	-0.0565
c7823372-b451-4159-9cb8-d4de8479bda8	2	45341964	45829378	380	0.0891
c7823372-b451-4159-9cb8-d4de8479bda8	2	45831795	46388926	486	-0.0108
c7823372-b451-4159-9cb8-d4de8479bda8	2	46392779	46485541	88	0.1017
c7823372-b451-4159-9cb8-d4de8479bda8	2	46485620	46493444	12	-0.2279
c7823372-b451-4159-9cb8-d4de8479bda8	2	46493603	46794767	193	0.0893
c7823372-b451-4159-9cb8-d4de8479bda8	2	46794857	48679702	1057	-0.0446
c7823372-b451-4159-9cb8-d4de8479bda8	2	48681602	49419205	454	0.065
c7823372-b451-4159-9cb8-d4de8479bda8	2	49419647	49782082	210	-0.0099
c7823372-b451-4159-9cb8-d4de8479bda8	2	49782485	53125409	1714	-0.0682
c7823372-b451-4159-9cb8-d4de8479bda8	2	53125492	53539274	265	-0.0065
c7823372-b451-4159-9cb8-d4de8479bda8	2	53542653	53542948	3	-0.7396
c7823372-b451-4159-9cb8-d4de8479bda8	2	53543805	54606050	350	-0.0004
c7823372-b451-4159-9cb8-d4de8479bda8	2	54606129	55473802	554	0.0923
c7823372-b451-4159-9cb8-d4de8479bda8	2	55475918	57324344	1033	-0.0254
c7823372-b451-4159-9cb8-d4de8479bda8	2	57324941	57325277	2	-1.1168
c7823372-b451-4159-9cb8-d4de8479bda8	2	57327514	57602765	157	0.0334
c7823372-b451-4159-9cb8-d4de8479bda8	2	57603964	58083763	253	0.1343
c7823372-b451-4159-9cb8-d4de8479bda8	2	58087318	59132743	640	0.0343
c7823372-b451-4159-9cb8-d4de8479bda8	2	59133280	61011835	1237	0.1028
c7823372-b451-4159-9cb8-d4de8479bda8	2	61017528	63712283	1260	-0.0198
c7823372-b451-4159-9cb8-d4de8479bda8	2	63717067	66041701	1417	0.0458
c7823372-b451-4159-9cb8-d4de8479bda8	2	66042329	67570060	1074	-0.0677
c7823372-b451-4159-9cb8-d4de8479bda8	2	67573100	67750865	145	-0.0072
c7823372-b451-4159-9cb8-d4de8479bda8	2	67751155	69145794	834	0.0702
c7823372-b451-4159-9cb8-d4de8479bda8	2	69147318	70658660	953	-0.0163
c7823372-b451-4159-9cb8-d4de8479bda8	2	70658866	71443426	509	-0.075
c7823372-b451-4159-9cb8-d4de8479bda8	2	71444329	73246083	866	-0.1569
c7823372-b451-4159-9cb8-d4de8479bda8	2	73248940	75425695	1178	0.014
c7823372-b451-4159-9cb8-d4de8479bda8	2	75426437	79674646	2017	-0.0826
c7823372-b451-4159-9cb8-d4de8479bda8	2	79675774	80688643	841	-0.136
c7823372-b451-4159-9cb8-d4de8479bda8	2	80693009	84328282	1913	-0.082
c7823372-b451-4159-9cb8-d4de8479bda8	2	84330539	88663805	1607	-0.0043
c7823372-b451-4159-9cb8-d4de8479bda8	2	88665983	88686875	15	0.1706
c7823372-b451-4159-9cb8-d4de8479bda8	2	88690748	88773440	34	0.0447
c7823372-b451-4159-9cb8-d4de8479bda8	2	88776068	88829551	42	0.2097
c7823372-b451-4159-9cb8-d4de8479bda8	2	88830496	95248731	183	-0.0265
c7823372-b451-4159-9cb8-d4de8479bda8	2	95260123	95848571	75	-0.181
c7823372-b451-4159-9cb8-d4de8479bda8	2	95850334	97761202	467	-0.0102
c7823372-b451-4159-9cb8-d4de8479bda8	2	97761413	98102611	161	0.079
c7823372-b451-4159-9cb8-d4de8479bda8	2	98102782	98114352	5	0.5781
c7823372-b451-4159-9cb8-d4de8479bda8	2	98114722	98358831	181	0.0535
c7823372-b451-4159-9cb8-d4de8479bda8	2	98361291	99801091	711	-0.0084
c7823372-b451-4159-9cb8-d4de8479bda8	2	99802986	100497696	488	0.1022
c7823372-b451-4159-9cb8-d4de8479bda8	2	100498224	101430327	603	-0.0538
c7823372-b451-4159-9cb8-d4de8479bda8	2	101430743	102813095	899	0.0612
c7823372-b451-4159-9cb8-d4de8479bda8	2	102814945	103749598	510	-0.0434
c7823372-b451-4159-9cb8-d4de8479bda8	2	103751128	105365121	1000	0.0241
c7823372-b451-4159-9cb8-d4de8479bda8	2	105365511	108749109	2074	-0.0409
c7823372-b451-4159-9cb8-d4de8479bda8	2	108756680	108807574	17	-0.9301
c7823372-b451-4159-9cb8-d4de8479bda8	2	108811566	114361348	2401	0.0195
c7823372-b451-4159-9cb8-d4de8479bda8	2	114361716	117198048	1260	-0.0746
c7823372-b451-4159-9cb8-d4de8479bda8	2	117199130	118530169	752	0.0245
c7823372-b451-4159-9cb8-d4de8479bda8	2	118531237	118903755	268	-0.0669
c7823372-b451-4159-9cb8-d4de8479bda8	2	118903872	119246218	266	-0.1492
c7823372-b451-4159-9cb8-d4de8479bda8	2	119246502	120483967	632	-0.0328
c7823372-b451-4159-9cb8-d4de8479bda8	2	120484331	120942425	292	-0.1703
c7823372-b451-4159-9cb8-d4de8479bda8	2	120943713	120945200	3	-1.3013
c7823372-b451-4159-9cb8-d4de8479bda8	2	120945343	120974459	26	-0.3035
c7823372-b451-4159-9cb8-d4de8479bda8	2	120974996	121139598	127	-0.1102
c7823372-b451-4159-9cb8-d4de8479bda8	2	121140076	121157488	18	-0.2886
c7823372-b451-4159-9cb8-d4de8479bda8	2	121159472	122340844	670	-0.038
c7823372-b451-4159-9cb8-d4de8479bda8	2	122340845	123416786	702	0.0511
c7823372-b451-4159-9cb8-d4de8479bda8	2	123416927	127164656	1482	-0.0972
c7823372-b451-4159-9cb8-d4de8479bda8	2	127164716	128043332	432	0.0323
c7823372-b451-4159-9cb8-d4de8479bda8	2	128055397	131027261	1483	-0.1017
c7823372-b451-4159-9cb8-d4de8479bda8	2	131028815	131029400	2	-1.305
c7823372-b451-4159-9cb8-d4de8479bda8	2	131032914	133030389	575	-0.047
c7823372-b451-4159-9cb8-d4de8479bda8	2	133030422	135527207	1511	-0.0128
c7823372-b451-4159-9cb8-d4de8479bda8	2	135527722	136899513	917	0.0736
c7823372-b451-4159-9cb8-d4de8479bda8	2	136899714	137173294	200	-0.0147
c7823372-b451-4159-9cb8-d4de8479bda8	2	137175515	142477995	2824	-0.0682
c7823372-b451-4159-9cb8-d4de8479bda8	2	142480538	142941681	269	0.0399
c7823372-b451-4159-9cb8-d4de8479bda8	2	142942555	145332749	1312	0.1249
c7823372-b451-4159-9cb8-d4de8479bda8	2	145334839	146179747	480	0.2285
c7823372-b451-4159-9cb8-d4de8479bda8	2	146179758	147468787	606	0.1003
c7823372-b451-4159-9cb8-d4de8479bda8	2	147474617	148745458	638	-0.0148
c7823372-b451-4159-9cb8-d4de8479bda8	2	148749293	151052434	1552	-0.0832
c7823372-b451-4159-9cb8-d4de8479bda8	2	151052707	153041917	1296	0.0126
c7823372-b451-4159-9cb8-d4de8479bda8	2	153041958	155090147	1132	-0.0573
c7823372-b451-4159-9cb8-d4de8479bda8	2	155092558	156046671	532	-0.0162
c7823372-b451-4159-9cb8-d4de8479bda8	2	156047028	157731948	839	0.0437
c7823372-b451-4159-9cb8-d4de8479bda8	2	157732487	158194800	288	-0.0375
c7823372-b451-4159-9cb8-d4de8479bda8	2	158198412	159380082	774	-0.147
c7823372-b451-4159-9cb8-d4de8479bda8	2	159380479	160812872	847	-0.0268
c7823372-b451-4159-9cb8-d4de8479bda8	2	160814249	161473949	453	0.092
c7823372-b451-4159-9cb8-d4de8479bda8	2	161474749	162963415	730	-0.0041
c7823372-b451-4159-9cb8-d4de8479bda8	2	162991837	163990470	565	-0.0747
c7823372-b451-4159-9cb8-d4de8479bda8	2	163993901	164370062	212	-0.0014
c7823372-b451-4159-9cb8-d4de8479bda8	2	164373023	165263539	471	0.0882
c7823372-b451-4159-9cb8-d4de8479bda8	2	165265124	167662894	1402	-0.0511
c7823372-b451-4159-9cb8-d4de8479bda8	2	167668968	171802929	2682	0.0414
c7823372-b451-4159-9cb8-d4de8479bda8	2	171803935	172439273	376	-0.0632
c7823372-b451-4159-9cb8-d4de8479bda8	2	172439308	172673819	150	0.0045
c7823372-b451-4159-9cb8-d4de8479bda8	2	172674216	174219259	1139	0.1011
c7823372-b451-4159-9cb8-d4de8479bda8	2	174220313	174962508	401	0.0104
c7823372-b451-4159-9cb8-d4de8479bda8	2	174963370	176569349	961	-0.0552
c7823372-b451-4159-9cb8-d4de8479bda8	2	176571593	177765704	798	0.0485
c7823372-b451-4159-9cb8-d4de8479bda8	2	177766414	178456390	414	-0.0387
c7823372-b451-4159-9cb8-d4de8479bda8	2	178459917	179709135	734	0.1003
c7823372-b451-4159-9cb8-d4de8479bda8	2	179709929	180076075	263	-0.0089
c7823372-b451-4159-9cb8-d4de8479bda8	2	180076759	181997402	1185	0.0948
c7823372-b451-4159-9cb8-d4de8479bda8	2	181998662	183482094	822	-0.0097
c7823372-b451-4159-9cb8-d4de8479bda8	2	183485596	185433497	901	0.1288
c7823372-b451-4159-9cb8-d4de8479bda8	2	185433729	189693384	1785	-0.0412
c7823372-b451-4159-9cb8-d4de8479bda8	2	189694091	194851060	2517	0.0544
c7823372-b451-4159-9cb8-d4de8479bda8	2	194854741	196558897	747	0.1204
c7823372-b451-4159-9cb8-d4de8479bda8	2	196559256	197410907	427	0.0567
c7823372-b451-4159-9cb8-d4de8479bda8	2	197415558	200002305	1464	-0.0633
c7823372-b451-4159-9cb8-d4de8479bda8	2	200002474	203700151	1835	0.0022
c7823372-b451-4159-9cb8-d4de8479bda8	2	203702455	204243952	351	0.0745
c7823372-b451-4159-9cb8-d4de8479bda8	2	204244291	204349008	108	0.0129
c7823372-b451-4159-9cb8-d4de8479bda8	2	204355635	207045284	1747	-0.0463
c7823372-b451-4159-9cb8-d4de8479bda8	2	207045865	209193181	1296	0.0107
c7823372-b451-4159-9cb8-d4de8479bda8	2	209193344	212802809	2136	-0.0794
c7823372-b451-4159-9cb8-d4de8479bda8	2	212810625	215612804	1682	-0.0311
c7823372-b451-4159-9cb8-d4de8479bda8	2	215613000	216598984	698	0.0262
c7823372-b451-4159-9cb8-d4de8479bda8	2	216599132	220677962	2519	-0.0516
c7823372-b451-4159-9cb8-d4de8479bda8	2	220678255	224779114	2730	0.0287
c7823372-b451-4159-9cb8-d4de8479bda8	2	224779783	225528416	525	0.0976
c7823372-b451-4159-9cb8-d4de8479bda8	2	225528858	226783619	762	0.0326
c7823372-b451-4159-9cb8-d4de8479bda8	2	226786407	230146885	1965	-0.0442
c7823372-b451-4159-9cb8-d4de8479bda8	2	230148229	230843026	415	0.0738
c7823372-b451-4159-9cb8-d4de8479bda8	2	230844887	233779390	1429	-0.0111
c7823372-b451-4159-9cb8-d4de8479bda8	2	233779681	234751269	796	-0.0762
c7823372-b451-4159-9cb8-d4de8479bda8	2	234751708	236017156	827	-0.1672
c7823372-b451-4159-9cb8-d4de8479bda8	2	236023910	236025406	2	-1.2388
c7823372-b451-4159-9cb8-d4de8479bda8	2	236027733	236129438	58	-0.2323
c7823372-b451-4159-9cb8-d4de8479bda8	2	236133046	238836220	1757	-0.0548
c7823372-b451-4159-9cb8-d4de8479bda8	2	238838364	240334525	826	-0.1481
c7823372-b451-4159-9cb8-d4de8479bda8	2	240334735	241537572	575	-0.0509
c7823372-b451-4159-9cb8-d4de8479bda8	3	2170634	2249550	61	-0.0836
c7823372-b451-4159-9cb8-d4de8479bda8	3	2250105	3057744	327	0.0771
c7823372-b451-4159-9cb8-d4de8479bda8	3	3057776	3752747	623	-0.0187
c7823372-b451-4159-9cb8-d4de8479bda8	3	3752907	5451112	859	0.0437
c7823372-b451-4159-9cb8-d4de8479bda8	3	5451274	9162110	2256	-0.0817
c7823372-b451-4159-9cb8-d4de8479bda8	3	9164220	10490348	679	0.0008
c7823372-b451-4159-9cb8-d4de8479bda8	3	10490505	15038539	3089	-0.0662
c7823372-b451-4159-9cb8-d4de8479bda8	3	15040689	15158404	63	0.0587
c7823372-b451-4159-9cb8-d4de8479bda8	3	15158999	15186008	16	0.3275
c7823372-b451-4159-9cb8-d4de8479bda8	3	15195373	15256320	40	0.0983
c7823372-b451-4159-9cb8-d4de8479bda8	3	15256447	16407776	801	0.012
c7823372-b451-4159-9cb8-d4de8479bda8	3	16409365	18079351	926	0.0697
c7823372-b451-4159-9cb8-d4de8479bda8	3	18079549	22931621	2344	-0.0543
c7823372-b451-4159-9cb8-d4de8479bda8	3	22931783	24891784	1250	0.0225
c7823372-b451-4159-9cb8-d4de8479bda8	3	24892398	30142166	3341	-0.0613
c7823372-b451-4159-9cb8-d4de8479bda8	3	30147256	32559033	1678	0.0797
c7823372-b451-4159-9cb8-d4de8479bda8	3	32559883	34293633	912	0.0089
c7823372-b451-4159-9cb8-d4de8479bda8	3	34296678	36148044	1120	-0.0645
c7823372-b451-4159-9cb8-d4de8479bda8	3	36149159	36556409	285	0.0015
c7823372-b451-4159-9cb8-d4de8479bda8	3	36556491	37158314	338	0.0829
c7823372-b451-4159-9cb8-d4de8479bda8	3	37158698	38743875	1002	-0.0412
c7823372-b451-4159-9cb8-d4de8479bda8	3	38745153	39662697	623	0.0391
c7823372-b451-4159-9cb8-d4de8479bda8	3	39663083	41355550	1177	-0.0557
c7823372-b451-4159-9cb8-d4de8479bda8	3	41355965	42508802	471	0.028
c7823372-b451-4159-9cb8-d4de8479bda8	3	42508831	42549584	27	-0.1144
c7823372-b451-4159-9cb8-d4de8479bda8	3	42553623	54330966	5692	-1.0511
c7823372-b451-4159-9cb8-d4de8479bda8	3	54332744	55343828	843	-0.0608
c7823372-b451-4159-9cb8-d4de8479bda8	3	55344495	57320210	1348	0.0184
c7823372-b451-4159-9cb8-d4de8479bda8	3	57321000	61276475	1606	-0.0478
c7823372-b451-4159-9cb8-d4de8479bda8	3	61279789	62181514	629	0.0504
c7823372-b451-4159-9cb8-d4de8479bda8	3	62188858	62712819	390	-0.022
c7823372-b451-4159-9cb8-d4de8479bda8	3	62712884	63831754	851	-0.0774
c7823372-b451-4159-9cb8-d4de8479bda8	3	63833403	64574337	625	-0.1538
c7823372-b451-4159-9cb8-d4de8479bda8	3	64575369	66480672	1475	-0.0856
c7823372-b451-4159-9cb8-d4de8479bda8	3	66481365	66670080	119	-0.02
c7823372-b451-4159-9cb8-d4de8479bda8	3	66672823	67671857	722	0.055
c7823372-b451-4159-9cb8-d4de8479bda8	3	67672008	69828008	1517	-0.0805
c7823372-b451-4159-9cb8-d4de8479bda8	3	69828061	72800612	2076	0.0296
c7823372-b451-4159-9cb8-d4de8479bda8	3	72807975	74074574	959	-0.0215
c7823372-b451-4159-9cb8-d4de8479bda8	3	74074712	76069394	809	-0.0894
c7823372-b451-4159-9cb8-d4de8479bda8	3	76070360	76660907	332	-0.0362
c7823372-b451-4159-9cb8-d4de8479bda8	3	76660984	78611354	1116	0.0438
c7823372-b451-4159-9cb8-d4de8479bda8	3	78613433	80606221	1102	-0.0683
c7823372-b451-4159-9cb8-d4de8479bda8	3	80613268	82516916	1025	-0.136
c7823372-b451-4159-9cb8-d4de8479bda8	3	82518300	86553639	1890	-0.0779
c7823372-b451-4159-9cb8-d4de8479bda8	3	86553721	88847098	1080	-0.0211
c7823372-b451-4159-9cb8-d4de8479bda8	3	88847521	99499665	3542	-0.0739
c7823372-b451-4159-9cb8-d4de8479bda8	3	99500653	101085965	833	-0.0102
c7823372-b451-4159-9cb8-d4de8479bda8	3	101086220	102574050	770	0.084
c7823372-b451-4159-9cb8-d4de8479bda8	3	102574307	105123950	1559	-0.0058
c7823372-b451-4159-9cb8-d4de8479bda8	3	105124130	106288957	610	0.0765
c7823372-b451-4159-9cb8-d4de8479bda8	3	106290150	107632609	781	-0.022
c7823372-b451-4159-9cb8-d4de8479bda8	3	107635283	108634429	679	0.1061
c7823372-b451-4159-9cb8-d4de8479bda8	3	108641466	108870823	146	0.0085
c7823372-b451-4159-9cb8-d4de8479bda8	3	108873066	110650337	737	-0.1015
c7823372-b451-4159-9cb8-d4de8479bda8	3	110651686	112160108	925	0.0323
c7823372-b451-4159-9cb8-d4de8479bda8	3	112160160	112999505	512	0.1306
c7823372-b451-4159-9cb8-d4de8479bda8	3	113000103	114708001	967	0.0362
c7823372-b451-4159-9cb8-d4de8479bda8	3	114710658	116826538	1404	-0.0363
c7823372-b451-4159-9cb8-d4de8479bda8	3	116829116	117397740	423	0.038
c7823372-b451-4159-9cb8-d4de8479bda8	3	117399835	117778359	274	0.1473
c7823372-b451-4159-9cb8-d4de8479bda8	3	117784336	119135829	789	0.0229
c7823372-b451-4159-9cb8-d4de8479bda8	3	119140641	119717265	364	0.1217
c7823372-b451-4159-9cb8-d4de8479bda8	3	119717998	121561047	903	0.0071
c7823372-b451-4159-9cb8-d4de8479bda8	3	121561944	122215314	254	0.1134
c7823372-b451-4159-9cb8-d4de8479bda8	3	122215330	123300704	704	0.0295
c7823372-b451-4159-9cb8-d4de8479bda8	3	123300916	126583533	2065	-0.0706
c7823372-b451-4159-9cb8-d4de8479bda8	3	126584370	128303313	1012	0.0032
c7823372-b451-4159-9cb8-d4de8479bda8	3	128311163	131689196	1659	-0.0571
c7823372-b451-4159-9cb8-d4de8479bda8	3	131689267	133945016	1547	0.0399
c7823372-b451-4159-9cb8-d4de8479bda8	3	133945653	136914240	1591	-0.0488
c7823372-b451-4159-9cb8-d4de8479bda8	3	136914675	136914729	2	-1.1998
c7823372-b451-4159-9cb8-d4de8479bda8	3	136921107	139440935	1224	-0.0622
c7823372-b451-4159-9cb8-d4de8479bda8	3	139441833	140573694	934	-0.1352
c7823372-b451-4159-9cb8-d4de8479bda8	3	140575644	141179386	323	-0.0532
c7823372-b451-4159-9cb8-d4de8479bda8	3	141180521	141656868	273	0.0387
c7823372-b451-4159-9cb8-d4de8479bda8	3	141656995	142776505	426	-0.0616
c7823372-b451-4159-9cb8-d4de8479bda8	3	142777884	143493218	281	0.1068
c7823372-b451-4159-9cb8-d4de8479bda8	3	143493507	143525642	31	0.3203
c7823372-b451-4159-9cb8-d4de8479bda8	3	143530420	144611383	642	0.0891
c7823372-b451-4159-9cb8-d4de8479bda8	3	144612705	145162287	310	-0.0031
c7823372-b451-4159-9cb8-d4de8479bda8	3	145163057	146552544	775	-0.0601
c7823372-b451-4159-9cb8-d4de8479bda8	3	146552981	149285095	1119	-0.0011
c7823372-b451-4159-9cb8-d4de8479bda8	3	149288715	150153372	533	-0.0844
c7823372-b451-4159-9cb8-d4de8479bda8	3	150153672	151906841	1051	0.0095
c7823372-b451-4159-9cb8-d4de8479bda8	3	151907246	152462540	339	0.1588
c7823372-b451-4159-9cb8-d4de8479bda8	3	152463251	153024048	330	0.021
c7823372-b451-4159-9cb8-d4de8479bda8	3	153025152	154503667	879	-0.0946
c7823372-b451-4159-9cb8-d4de8479bda8	3	154509098	156317638	751	-0.0266
c7823372-b451-4159-9cb8-d4de8479bda8	3	156318403	157607679	852	0.0785
c7823372-b451-4159-9cb8-d4de8479bda8	3	157611837	159488804	1017	-0.0547
c7823372-b451-4159-9cb8-d4de8479bda8	3	159489412	160762186	710	0.0354
c7823372-b451-4159-9cb8-d4de8479bda8	3	160763505	166767867	2587	-0.0669
c7823372-b451-4159-9cb8-d4de8479bda8	3	166770108	166797236	13	-0.409
c7823372-b451-4159-9cb8-d4de8479bda8	3	166805059	166855437	24	0.4799
c7823372-b451-4159-9cb8-d4de8479bda8	3	166858045	169047266	1089	-0.0377
c7823372-b451-4159-9cb8-d4de8479bda8	3	169052672	170631092	997	0.0592
c7823372-b451-4159-9cb8-d4de8479bda8	3	170639645	175086598	2350	-0.0522
c7823372-b451-4159-9cb8-d4de8479bda8	3	175087178	177361679	828	0.064
c7823372-b451-4159-9cb8-d4de8479bda8	3	177363731	178049676	466	0.1292
c7823372-b451-4159-9cb8-d4de8479bda8	3	178049781	178471648	193	0.0639
c7823372-b451-4159-9cb8-d4de8479bda8	3	178478702	181404435	1666	-0.0375
c7823372-b451-4159-9cb8-d4de8479bda8	3	181405382	182309852	460	0.0857
c7823372-b451-4159-9cb8-d4de8479bda8	3	182311048	182456744	69	-0.0401
c7823372-b451-4159-9cb8-d4de8479bda8	3	182480596	182651829	122	0.1019
c7823372-b451-4159-9cb8-d4de8479bda8	3	182652125	182835777	111	-0.0241
c7823372-b451-4159-9cb8-d4de8479bda8	3	182837123	183065296	125	0.0917
c7823372-b451-4159-9cb8-d4de8479bda8	3	183065313	183409000	211	0.0055
c7823372-b451-4159-9cb8-d4de8479bda8	3	184179380	184794690	255	-0.1075
c7823372-b451-4159-9cb8-d4de8479bda8	3	184795208	186102964	767	-0.0185
c7823372-b451-4159-9cb8-d4de8479bda8	3	186102980	186492059	306	0.0855
c7823372-b451-4159-9cb8-d4de8479bda8	3	186492116	187132608	435	-0.0034
c7823372-b451-4159-9cb8-d4de8479bda8	3	187135895	190077786	2089	0.1174
c7823372-b451-4159-9cb8-d4de8479bda8	3	190078331	190739070	444	-0.0296
c7823372-b451-4159-9cb8-d4de8479bda8	3	190739509	192318877	921	0.136
c7823372-b451-4159-9cb8-d4de8479bda8	3	192324394	194677604	1399	-0.0125
c7823372-b451-4159-9cb8-d4de8479bda8	3	194679448	194680083	2	-1.3846
c7823372-b451-4159-9cb8-d4de8479bda8	3	194681645	197812401	840	0.0043
c7823372-b451-4159-9cb8-d4de8479bda8	4	1059384	4811595	1601	-0.0335
c7823372-b451-4159-9cb8-d4de8479bda8	4	4811686	6617598	1418	-0.1342
c7823372-b451-4159-9cb8-d4de8479bda8	4	6617651	7221876	381	-0.0203
c7823372-b451-4159-9cb8-d4de8479bda8	4	7222210	9765556	991	-0.144
c7823372-b451-4159-9cb8-d4de8479bda8	4	9765746	10190484	377	-0.0283
c7823372-b451-4159-9cb8-d4de8479bda8	4	10190726	11770339	1328	0.0741
c7823372-b451-4159-9cb8-d4de8479bda8	4	11770437	13891923	1423	-0.0531
c7823372-b451-4159-9cb8-d4de8479bda8	4	13892033	14524099	530	0.0302
c7823372-b451-4159-9cb8-d4de8479bda8	4	14527248	14652339	115	-0.0499
c7823372-b451-4159-9cb8-d4de8479bda8	4	14652928	15155663	365	-0.1073
c7823372-b451-4159-9cb8-d4de8479bda8	4	15158972	16089627	680	0.0207
c7823372-b451-4159-9cb8-d4de8479bda8	4	16089722	17772933	1234	-0.0447
c7823372-b451-4159-9cb8-d4de8479bda8	4	17773425	18818479	612	0.0147
c7823372-b451-4159-9cb8-d4de8479bda8	4	18829319	24692812	3764	-0.1102
c7823372-b451-4159-9cb8-d4de8479bda8	4	24693055	24989418	214	-0.0482
c7823372-b451-4159-9cb8-d4de8479bda8	4	24989432	25698965	454	0.0047
c7823372-b451-4159-9cb8-d4de8479bda8	4	25699023	27053433	822	0.0771
c7823372-b451-4159-9cb8-d4de8479bda8	4	27054735	27782291	522	0.0211
c7823372-b451-4159-9cb8-d4de8479bda8	4	27783095	33297413	3294	-0.0712
c7823372-b451-4159-9cb8-d4de8479bda8	4	33298341	33302391	3	-1.0915
c7823372-b451-4159-9cb8-d4de8479bda8	4	33302519	35629058	1267	-0.0467
c7823372-b451-4159-9cb8-d4de8479bda8	4	35631641	36056312	243	0.0559
c7823372-b451-4159-9cb8-d4de8479bda8	4	36056346	36562481	355	0.1339
c7823372-b451-4159-9cb8-d4de8479bda8	4	36563120	36909023	191	0.0681
c7823372-b451-4159-9cb8-d4de8479bda8	4	36942276	37309183	300	0.0044
c7823372-b451-4159-9cb8-d4de8479bda8	4	37309975	37652573	270	-0.0695
c7823372-b451-4159-9cb8-d4de8479bda8	4	37653492	40214965	1488	0.0233
c7823372-b451-4159-9cb8-d4de8479bda8	4	40215378	40608617	246	0.0641
c7823372-b451-4159-9cb8-d4de8479bda8	4	40608681	41974841	856	-0.082
c7823372-b451-4159-9cb8-d4de8479bda8	4	41976090	42774780	500	0.0361
c7823372-b451-4159-9cb8-d4de8479bda8	4	42775125	47606931	2262	-0.0805
c7823372-b451-4159-9cb8-d4de8479bda8	4	47607610	53660310	1319	-0.0198
c7823372-b451-4159-9cb8-d4de8479bda8	4	53660378	55005588	1151	-0.1085
c7823372-b451-4159-9cb8-d4de8479bda8	4	55005647	56044932	566	-0.0014
c7823372-b451-4159-9cb8-d4de8479bda8	4	56045819	66906601	6073	-0.0821
c7823372-b451-4159-9cb8-d4de8479bda8	4	66914503	70075580	1158	0.0105
c7823372-b451-4159-9cb8-d4de8479bda8	4	70079397	70813525	409	0.1156
c7823372-b451-4159-9cb8-d4de8479bda8	4	70815320	70925785	48	-0.0638
c7823372-b451-4159-9cb8-d4de8479bda8	4	70927977	71297162	205	0.0696
c7823372-b451-4159-9cb8-d4de8479bda8	4	71299771	73083714	984	-0.0285
c7823372-b451-4159-9cb8-d4de8479bda8	4	73084085	74609564	864	0.0675
c7823372-b451-4159-9cb8-d4de8479bda8	4	74609707	75248022	404	0.1602
c7823372-b451-4159-9cb8-d4de8479bda8	4	75248131	75372303	95	0.071
c7823372-b451-4159-9cb8-d4de8479bda8	4	75373048	75902072	284	0.0031
c7823372-b451-4159-9cb8-d4de8479bda8	4	75905030	76268739	260	0.1097
c7823372-b451-4159-9cb8-d4de8479bda8	4	76268916	77595806	912	-0.0207
c7823372-b451-4159-9cb8-d4de8479bda8	4	77599532	79471219	1123	0.1077
c7823372-b451-4159-9cb8-d4de8479bda8	4	79471734	81582055	1173	-0.004
c7823372-b451-4159-9cb8-d4de8479bda8	4	81582093	82174163	438	-0.0689
c7823372-b451-4159-9cb8-d4de8479bda8	4	82181683	85018507	1657	0.0181
c7823372-b451-4159-9cb8-d4de8479bda8	4	85020154	85695828	433	0.1744
c7823372-b451-4159-9cb8-d4de8479bda8	4	85697289	86906444	700	0.0536
c7823372-b451-4159-9cb8-d4de8479bda8	4	86912323	89833262	1818	-0.065
c7823372-b451-4159-9cb8-d4de8479bda8	4	89833804	91174645	740	-0.007
c7823372-b451-4159-9cb8-d4de8479bda8	4	91174782	91645736	208	0.101
c7823372-b451-4159-9cb8-d4de8479bda8	4	91646140	95079306	1684	-0.0318
c7823372-b451-4159-9cb8-d4de8479bda8	4	95082700	97402202	1484	-0.0841
c7823372-b451-4159-9cb8-d4de8479bda8	4	97404601	98838822	710	0.0377
c7823372-b451-4159-9cb8-d4de8479bda8	4	98840275	99307788	230	-0.0984
c7823372-b451-4159-9cb8-d4de8479bda8	4	99307844	105903686	3688	0.036
c7823372-b451-4159-9cb8-d4de8479bda8	4	105905816	108153359	1282	-0.0412
c7823372-b451-4159-9cb8-d4de8479bda8	4	108153909	108550929	224	0.0672
c7823372-b451-4159-9cb8-d4de8479bda8	4	108551145	110043116	843	-0.023
c7823372-b451-4159-9cb8-d4de8479bda8	4	110043206	110483341	294	-0.1203
c7823372-b451-4159-9cb8-d4de8479bda8	4	110486711	111374512	527	-0.0286
c7823372-b451-4159-9cb8-d4de8479bda8	4	111374542	111615920	107	0.0291
c7823372-b451-4159-9cb8-d4de8479bda8	4	111615987	112484899	509	0.1021
c7823372-b451-4159-9cb8-d4de8479bda8	4	112485100	113972181	953	0.0196
c7823372-b451-4159-9cb8-d4de8479bda8	4	113972574	115007036	590	-0.0214
c7823372-b451-4159-9cb8-d4de8479bda8	4	115007139	115025824	10	-0.3401
c7823372-b451-4159-9cb8-d4de8479bda8	4	115026983	115341446	185	-0.0177
c7823372-b451-4159-9cb8-d4de8479bda8	4	115341563	119096631	2008	-0.069
c7823372-b451-4159-9cb8-d4de8479bda8	4	119096927	120282419	743	-0.0296
c7823372-b451-4159-9cb8-d4de8479bda8	4	120282437	120886846	385	0.0665
c7823372-b451-4159-9cb8-d4de8479bda8	4	120890272	121053520	91	0.1653
c7823372-b451-4159-9cb8-d4de8479bda8	4	121059316	121059483	2	-0.9782
c7823372-b451-4159-9cb8-d4de8479bda8	4	121060967	121479390	227	0.1453
c7823372-b451-4159-9cb8-d4de8479bda8	4	121479407	123036773	820	0.0458
c7823372-b451-4159-9cb8-d4de8479bda8	4	123037287	125434944	1360	-0.0223
c7823372-b451-4159-9cb8-d4de8479bda8	4	125435471	127145630	953	-0.0866
c7823372-b451-4159-9cb8-d4de8479bda8	4	127145649	128301483	503	-0.0037
c7823372-b451-4159-9cb8-d4de8479bda8	4	128302150	129234160	406	-0.0791
c7823372-b451-4159-9cb8-d4de8479bda8	4	129235119	130401168	716	0.0413
c7823372-b451-4159-9cb8-d4de8479bda8	4	130401277	138561181	3952	-0.0497
c7823372-b451-4159-9cb8-d4de8479bda8	4	138561219	140833764	1475	0.0175
c7823372-b451-4159-9cb8-d4de8479bda8	4	140838185	141084979	202	0.1315
c7823372-b451-4159-9cb8-d4de8479bda8	4	141087109	141681977	322	0.0198
c7823372-b451-4159-9cb8-d4de8479bda8	4	141684469	142807594	732	-0.0611
c7823372-b451-4159-9cb8-d4de8479bda8	4	142811243	145841048	1442	0.0263
c7823372-b451-4159-9cb8-d4de8479bda8	4	145843567	146117316	166	0.098
c7823372-b451-4159-9cb8-d4de8479bda8	4	146118508	146143611	15	0.4023
c7823372-b451-4159-9cb8-d4de8479bda8	4	146144050	146468017	200	0.1224
c7823372-b451-4159-9cb8-d4de8479bda8	4	146470112	146952095	233	0.0156
c7823372-b451-4159-9cb8-d4de8479bda8	4	146958156	151722820	2522	-0.0421
c7823372-b451-4159-9cb8-d4de8479bda8	4	151723586	154890426	1934	0.0563
c7823372-b451-4159-9cb8-d4de8479bda8	4	154898344	158812217	2353	-0.0813
c7823372-b451-4159-9cb8-d4de8479bda8	4	158812728	163201222	2603	-0.0116
c7823372-b451-4159-9cb8-d4de8479bda8	4	163204312	164231151	582	0.1407
c7823372-b451-4159-9cb8-d4de8479bda8	4	164232498	164548255	200	0.0074
c7823372-b451-4159-9cb8-d4de8479bda8	4	164549777	165145454	112	-0.1407
c7823372-b451-4159-9cb8-d4de8479bda8	4	165147836	166286600	672	-0.0278
c7823372-b451-4159-9cb8-d4de8479bda8	4	166286628	167248416	508	0.0612
c7823372-b451-4159-9cb8-d4de8479bda8	4	167248482	169932874	1487	-0.0352
c7823372-b451-4159-9cb8-d4de8479bda8	4	169934386	171398788	823	-0.0957
c7823372-b451-4159-9cb8-d4de8479bda8	4	171401902	174582619	1679	-0.0344
c7823372-b451-4159-9cb8-d4de8479bda8	4	174587730	175730184	582	0.1168
c7823372-b451-4159-9cb8-d4de8479bda8	4	175730208	175836857	71	0.239
c7823372-b451-4159-9cb8-d4de8479bda8	4	175837335	175840746	2	1.01
c7823372-b451-4159-9cb8-d4de8479bda8	4	175840866	176185138	208	0.1988
c7823372-b451-4159-9cb8-d4de8479bda8	4	176186184	176625906	317	0.1188
c7823372-b451-4159-9cb8-d4de8479bda8	4	176627300	177245958	361	0.0146
c7823372-b451-4159-9cb8-d4de8479bda8	4	177246067	183629292	3202	-0.1012
c7823372-b451-4159-9cb8-d4de8479bda8	4	183629556	185915475	759	0.0533
c7823372-b451-4159-9cb8-d4de8479bda8	4	185916457	186124059	142	-0.0588
c7823372-b451-4159-9cb8-d4de8479bda8	4	186172834	186176244	2	-1.5018
c7823372-b451-4159-9cb8-d4de8479bda8	4	186185716	187842528	986	-0.0988
c7823372-b451-4159-9cb8-d4de8479bda8	5	913983	3018134	1092	-0.0934
c7823372-b451-4159-9cb8-d4de8479bda8	5	3021030	4194086	998	-0.1732
c7823372-b451-4159-9cb8-d4de8479bda8	5	4198432	5051671	660	-0.095
c7823372-b451-4159-9cb8-d4de8479bda8	5	5052840	5581435	491	-0.0551
c7823372-b451-4159-9cb8-d4de8479bda8	5	5581746	6082373	421	0.037
c7823372-b451-4159-9cb8-d4de8479bda8	5	6082861	7073247	824	-0.0544
c7823372-b451-4159-9cb8-d4de8479bda8	5	7073496	9595432	1849	-0.1082
c7823372-b451-4159-9cb8-d4de8479bda8	5	9598904	10459410	673	0.009
c7823372-b451-4159-9cb8-d4de8479bda8	5	10459597	10460104	2	-1.3587
c7823372-b451-4159-9cb8-d4de8479bda8	5	10460261	13540643	1629	-0.0261
c7823372-b451-4159-9cb8-d4de8479bda8	5	13548527	14737674	988	0.0563
c7823372-b451-4159-9cb8-d4de8479bda8	5	14737993	16334530	564	-0.0188
c7823372-b451-4159-9cb8-d4de8479bda8	5	16334848	16969283	443	-0.0929
c7823372-b451-4159-9cb8-d4de8479bda8	5	16969318	18992718	966	-0.0134
c7823372-b451-4159-9cb8-d4de8479bda8	5	19017511	31075648	6368	-0.0761
c7823372-b451-4159-9cb8-d4de8479bda8	5	31078067	31980567	753	-0.0262
c7823372-b451-4159-9cb8-d4de8479bda8	5	31981204	32872651	575	0.0513
c7823372-b451-4159-9cb8-d4de8479bda8	5	32872874	36533852	1947	-0.0457
c7823372-b451-4159-9cb8-d4de8479bda8	5	36535765	37178489	347	0.0511
c7823372-b451-4159-9cb8-d4de8479bda8	5	37179239	38272054	577	-0.0374
c7823372-b451-4159-9cb8-d4de8479bda8	5	38272572	39744750	1056	-0.0972
c7823372-b451-4159-9cb8-d4de8479bda8	5	39750042	40149775	250	0.0473
c7823372-b451-4159-9cb8-d4de8479bda8	5	40150941	40517229	235	0.1429
c7823372-b451-4159-9cb8-d4de8479bda8	5	40517260	40985502	278	0.044
c7823372-b451-4159-9cb8-d4de8479bda8	5	40991242	45248353	2106	-0.0164
c7823372-b451-4159-9cb8-d4de8479bda8	5	45251839	45378354	40	0.0466
c7823372-b451-4159-9cb8-d4de8479bda8	5	45383300	51201784	227	0.1384
c7823372-b451-4159-9cb8-d4de8479bda8	5	51202114	54584850	2090	0.0215
c7823372-b451-4159-9cb8-d4de8479bda8	5	54590900	54989492	333	0.1078
c7823372-b451-4159-9cb8-d4de8479bda8	5	54991465	56278364	661	-0.016
c7823372-b451-4159-9cb8-d4de8479bda8	5	56280735	57111652	638	0.0461
c7823372-b451-4159-9cb8-d4de8479bda8	5	57116424	57589036	278	-0.0275
c7823372-b451-4159-9cb8-d4de8479bda8	5	57589077	59859618	1606	-0.0996
c7823372-b451-4159-9cb8-d4de8479bda8	5	59859734	62535868	1437	0.058
c7823372-b451-4159-9cb8-d4de8479bda8	5	62536532	64635306	846	-0.0428
c7823372-b451-4159-9cb8-d4de8479bda8	5	64635749	68390675	2463	0.0705
c7823372-b451-4159-9cb8-d4de8479bda8	5	68390934	72659266	1406	-0.019
c7823372-b451-4159-9cb8-d4de8479bda8	5	72667411	73352224	400	0.0929
c7823372-b451-4159-9cb8-d4de8479bda8	5	73353517	75212941	1284	-0.0334
c7823372-b451-4159-9cb8-d4de8479bda8	5	75213249	76064509	446	0.0546
c7823372-b451-4159-9cb8-d4de8479bda8	5	76065615	76216832	104	-0.0085
c7823372-b451-4159-9cb8-d4de8479bda8	5	76217926	77190762	615	-0.0858
c7823372-b451-4159-9cb8-d4de8479bda8	5	77192420	79093115	1187	0.003
c7823372-b451-4159-9cb8-d4de8479bda8	5	79105623	80671216	857	-0.1041
c7823372-b451-4159-9cb8-d4de8479bda8	5	80671261	81535426	532	0.0165
c7823372-b451-4159-9cb8-d4de8479bda8	5	81538066	82842498	736	-0.0679
c7823372-b451-4159-9cb8-d4de8479bda8	5	82846685	83728046	539	0.0384
c7823372-b451-4159-9cb8-d4de8479bda8	5	83733016	86088740	1162	-0.056
c7823372-b451-4159-9cb8-d4de8479bda8	5	86093029	88632915	1316	0.0139
c7823372-b451-4159-9cb8-d4de8479bda8	5	88636064	89997851	684	0.1638
c7823372-b451-4159-9cb8-d4de8479bda8	5	89998763	94821646	2415	-0.0415
c7823372-b451-4159-9cb8-d4de8479bda8	5	94830738	95384582	341	0.0236
c7823372-b451-4159-9cb8-d4de8479bda8	5	95384609	97416706	1234	0.1065
c7823372-b451-4159-9cb8-d4de8479bda8	5	97417129	101474479	1398	0.016
c7823372-b451-4159-9cb8-d4de8479bda8	5	101475252	101499831	16	0.7252
c7823372-b451-4159-9cb8-d4de8479bda8	5	101510491	101537541	18	0.0543
c7823372-b451-4159-9cb8-d4de8479bda8	5	101537794	109054770	3934	-0.0534
c7823372-b451-4159-9cb8-d4de8479bda8	5	109062641	109062689	3	-0.8727
c7823372-b451-4159-9cb8-d4de8479bda8	5	109063904	109667397	334	-0.0335
c7823372-b451-4159-9cb8-d4de8479bda8	5	109668200	110737662	584	0.028
c7823372-b451-4159-9cb8-d4de8479bda8	5	110741315	112831078	1508	0.1077
c7823372-b451-4159-9cb8-d4de8479bda8	5	112831412	113376709	421	0.0632
c7823372-b451-4159-9cb8-d4de8479bda8	5	113377108	115106992	1050	-0.0441
c7823372-b451-4159-9cb8-d4de8479bda8	5	115107322	116546902	859	0.1021
c7823372-b451-4159-9cb8-d4de8479bda8	5	116549129	118654643	1272	0.0001
c7823372-b451-4159-9cb8-d4de8479bda8	5	118655126	120300430	924	0.0966
c7823372-b451-4159-9cb8-d4de8479bda8	5	120300869	123106627	1521	-0.0631
c7823372-b451-4159-9cb8-d4de8479bda8	5	123108057	123699953	407	0.0347
c7823372-b451-4159-9cb8-d4de8479bda8	5	123700002	125331092	1060	0.1167
c7823372-b451-4159-9cb8-d4de8479bda8	5	125332755	125999972	379	0.0191
c7823372-b451-4159-9cb8-d4de8479bda8	5	126000699	130795035	2694	-0.032
c7823372-b451-4159-9cb8-d4de8479bda8	5	130795810	131603918	385	0.0563
c7823372-b451-4159-9cb8-d4de8479bda8	5	131609293	135297967	2233	-0.0269
c7823372-b451-4159-9cb8-d4de8479bda8	5	135302015	137398049	1514	-0.1001
c7823372-b451-4159-9cb8-d4de8479bda8	5	137398259	141056380	1612	-0.0152
c7823372-b451-4159-9cb8-d4de8479bda8	5	141056478	141458055	145	0.0835
c7823372-b451-4159-9cb8-d4de8479bda8	5	141466980	142644651	785	-0.0643
c7823372-b451-4159-9cb8-d4de8479bda8	5	142644691	144021103	993	0.0399
c7823372-b451-4159-9cb8-d4de8479bda8	5	144023847	145595558	933	-0.055
c7823372-b451-4159-9cb8-d4de8479bda8	5	145595595	146603718	611	0.0198
c7823372-b451-4159-9cb8-d4de8479bda8	5	146606212	147157467	400	-0.0589
c7823372-b451-4159-9cb8-d4de8479bda8	5	147159601	147801536	415	-0.1376
c7823372-b451-4159-9cb8-d4de8479bda8	5	147801915	147997215	149	-0.0777
c7823372-b451-4159-9cb8-d4de8479bda8	5	148002342	149060076	707	0.012
c7823372-b451-4159-9cb8-d4de8479bda8	5	149060265	150717916	1100	-0.0809
c7823372-b451-4159-9cb8-d4de8479bda8	5	150720121	152128639	979	0.0312
c7823372-b451-4159-9cb8-d4de8479bda8	5	152131496	156265248	2649	-0.0569
c7823372-b451-4159-9cb8-d4de8479bda8	5	156267247	158324129	1409	0.0274
c7823372-b451-4159-9cb8-d4de8479bda8	5	158324812	159303843	644	0.086
c7823372-b451-4159-9cb8-d4de8479bda8	5	159305764	161529708	1519	0.0094
c7823372-b451-4159-9cb8-d4de8479bda8	5	161532810	164446296	1675	-0.0499
c7823372-b451-4159-9cb8-d4de8479bda8	5	164446490	167473642	1934	-0.1074
c7823372-b451-4159-9cb8-d4de8479bda8	5	167473666	170033502	1971	-0.0253
c7823372-b451-4159-9cb8-d4de8479bda8	5	170033783	170978463	701	-0.1284
c7823372-b451-4159-9cb8-d4de8479bda8	5	170980996	173473651	1361	-0.0518
c7823372-b451-4159-9cb8-d4de8479bda8	5	173475356	174042228	479	0.0607
c7823372-b451-4159-9cb8-d4de8479bda8	5	174043047	174496673	384	-0.0217
c7823372-b451-4159-9cb8-d4de8479bda8	5	174496887	175910383	1022	-0.1098
c7823372-b451-4159-9cb8-d4de8479bda8	5	175916541	180934240	2059	-0.0429
c7823372-b451-4159-9cb8-d4de8479bda8	6	1011760	1309683	306	-0.0374
c7823372-b451-4159-9cb8-d4de8479bda8	6	1314428	1315074	2	-2.2455
c7823372-b451-4159-9cb8-d4de8479bda8	6	1315711	2038140	499	0.0214
c7823372-b451-4159-9cb8-d4de8479bda8	6	2038200	7683470	4117	-0.0295
c7823372-b451-4159-9cb8-d4de8479bda8	6	7684391	8210958	427	0.0487
c7823372-b451-4159-9cb8-d4de8479bda8	6	8211421	8211723	2	-1.7427
c7823372-b451-4159-9cb8-d4de8479bda8	6	8213639	10133752	1294	-0.0327
c7823372-b451-4159-9cb8-d4de8479bda8	6	10139084	14620611	3197	0.0399
c7823372-b451-4159-9cb8-d4de8479bda8	6	14623907	17147207	1682	-0.0233
c7823372-b451-4159-9cb8-d4de8479bda8	6	17148300	17865580	368	-0.1191
c7823372-b451-4159-9cb8-d4de8479bda8	6	17866985	18032963	90	-0.0464
c7823372-b451-4159-9cb8-d4de8479bda8	6	18037956	19053111	816	0.0946
c7823372-b451-4159-9cb8-d4de8479bda8	6	19053125	21039720	1393	-0.0753
c7823372-b451-4159-9cb8-d4de8479bda8	6	21040030	21474503	293	0.0183
c7823372-b451-4159-9cb8-d4de8479bda8	6	21474542	22233720	522	-0.0569
c7823372-b451-4159-9cb8-d4de8479bda8	6	22235945	22753008	467	0.0595
c7823372-b451-4159-9cb8-d4de8479bda8	6	22755090	24556812	1253	-0.0541
c7823372-b451-4159-9cb8-d4de8479bda8	6	24558447	25743488	624	0.0307
c7823372-b451-4159-9cb8-d4de8479bda8	6	25743955	26001046	183	-0.0337
c7823372-b451-4159-9cb8-d4de8479bda8	6	26004387	27935820	615	-0.1321
c7823372-b451-4159-9cb8-d4de8479bda8	6	27938196	38987075	4752	-0.0279
c7823372-b451-4159-9cb8-d4de8479bda8	6	38990349	42172138	2272	-0.0664
c7823372-b451-4159-9cb8-d4de8479bda8	6	42179882	42442560	151	-0.0179
c7823372-b451-4159-9cb8-d4de8479bda8	6	42447404	42640203	105	0.0935
c7823372-b451-4159-9cb8-d4de8479bda8	6	42642212	44576039	1044	-0.0129
c7823372-b451-4159-9cb8-d4de8479bda8	6	44576168	45939624	761	-0.0713
c7823372-b451-4159-9cb8-d4de8479bda8	6	45940454	46952223	606	-0.0053
c7823372-b451-4159-9cb8-d4de8479bda8	6	46953253	47865865	684	0.0683
c7823372-b451-4159-9cb8-d4de8479bda8	6	47877415	51754784	2083	-0.0583
c7823372-b451-4159-9cb8-d4de8479bda8	6	51755010	54480801	1883	0.0464
c7823372-b451-4159-9cb8-d4de8479bda8	6	54482387	55175951	409	-0.0465
c7823372-b451-4159-9cb8-d4de8479bda8	6	55176225	55476809	197	0.0308
c7823372-b451-4159-9cb8-d4de8479bda8	6	55476897	55990748	308	0.1516
c7823372-b451-4159-9cb8-d4de8479bda8	6	55990848	56123867	73	0.0466
c7823372-b451-4159-9cb8-d4de8479bda8	6	56129439	61639807	685	-0.0573
c7823372-b451-4159-9cb8-d4de8479bda8	6	61639968	63954851	1081	0.0153
c7823372-b451-4159-9cb8-d4de8479bda8	6	63959596	69166178	2976	-0.0526
c7823372-b451-4159-9cb8-d4de8479bda8	6	69169290	70295810	699	0.0426
c7823372-b451-4159-9cb8-d4de8479bda8	6	70298267	71667481	680	-0.045
c7823372-b451-4159-9cb8-d4de8479bda8	6	71673104	72197753	360	0.0038
c7823372-b451-4159-9cb8-d4de8479bda8	6	72197981	72969930	504	0.0832
c7823372-b451-4159-9cb8-d4de8479bda8	6	72972060	75214843	1348	0.0113
c7823372-b451-4159-9cb8-d4de8479bda8	6	75219732	78848626	1945	-0.0671
c7823372-b451-4159-9cb8-d4de8479bda8	6	78849688	82082031	1740	-0.0101
c7823372-b451-4159-9cb8-d4de8479bda8	6	82082692	82306993	102	-0.0909
c7823372-b451-4159-9cb8-d4de8479bda8	6	82311450	82311645	2	-0.9847
c7823372-b451-4159-9cb8-d4de8479bda8	6	82316898	86738254	2484	-0.0496
c7823372-b451-4159-9cb8-d4de8479bda8	6	86738456	87299662	310	0.0814
c7823372-b451-4159-9cb8-d4de8479bda8	6	87306933	89965199	1646	0.0039
c7823372-b451-4159-9cb8-d4de8479bda8	6	89965845	90999838	743	0.0915
c7823372-b451-4159-9cb8-d4de8479bda8	6	91000508	94569525	1697	-0.0636
c7823372-b451-4159-9cb8-d4de8479bda8	6	94569669	96025495	378	0.0713
c7823372-b451-4159-9cb8-d4de8479bda8	6	96026496	97947329	1122	-0.9658
c7823372-b451-4159-9cb8-d4de8479bda8	6	97949245	100194774	1425	-1.0662
c7823372-b451-4159-9cb8-d4de8479bda8	6	100195817	102664092	1326	-0.9814
c7823372-b451-4159-9cb8-d4de8479bda8	6	102665058	105334179	1477	-1.0859
c7823372-b451-4159-9cb8-d4de8479bda8	6	105340339	106391553	703	-0.9494
c7823372-b451-4159-9cb8-d4de8479bda8	6	106391846	106395948	2	-2.7604
c7823372-b451-4159-9cb8-d4de8479bda8	6	106396204	106988904	343	-0.9692
c7823372-b451-4159-9cb8-d4de8479bda8	6	106988929	112382019	3261	-1.0479
c7823372-b451-4159-9cb8-d4de8479bda8	6	112382256	117258422	2760	-0.9652
c7823372-b451-4159-9cb8-d4de8479bda8	6	117260076	118184472	549	-1.1065
c7823372-b451-4159-9cb8-d4de8479bda8	6	118184589	120468777	970	-0.9142
c7823372-b451-4159-9cb8-d4de8479bda8	6	120469201	122436905	1077	-1.0243
c7823372-b451-4159-9cb8-d4de8479bda8	6	122437672	123533507	583	-0.9392
c7823372-b451-4159-9cb8-d4de8479bda8	6	123533662	130112145	4012	-1.0971
c7823372-b451-4159-9cb8-d4de8479bda8	6	130115327	130116214	2	-6.8324
c7823372-b451-4159-9cb8-d4de8479bda8	6	130116367	130459571	243	-1.1322
c7823372-b451-4159-9cb8-d4de8479bda8	6	130459937	130473624	13	-2.3449
c7823372-b451-4159-9cb8-d4de8479bda8	6	130474453	131555803	691	-1.1434
c7823372-b451-4159-9cb8-d4de8479bda8	6	131555976	135907081	2959	-0.9624
c7823372-b451-4159-9cb8-d4de8479bda8	6	135907630	136653968	512	-1.0994
c7823372-b451-4159-9cb8-d4de8479bda8	6	136654097	137712652	696	-0.984
c7823372-b451-4159-9cb8-d4de8479bda8	6	137712852	137732739	9	-1.3857
c7823372-b451-4159-9cb8-d4de8479bda8	6	137733466	137736043	4	-4.1411
c7823372-b451-4159-9cb8-d4de8479bda8	6	137736489	139048079	829	-1.0008
c7823372-b451-4159-9cb8-d4de8479bda8	6	139048406	139184684	82	-0.0243
c7823372-b451-4159-9cb8-d4de8479bda8	6	139186660	140206257	588	0.0503
c7823372-b451-4159-9cb8-d4de8479bda8	6	140207684	142374482	838	-0.0451
c7823372-b451-4159-9cb8-d4de8479bda8	6	142380144	146330772	2464	-1.0048
c7823372-b451-4159-9cb8-d4de8479bda8	6	146331142	148528293	1537	-1.1238
c7823372-b451-4159-9cb8-d4de8479bda8	6	148528426	148958052	319	-1.0157
c7823372-b451-4159-9cb8-d4de8479bda8	6	148961388	149173773	167	0.0824
c7823372-b451-4159-9cb8-d4de8479bda8	6	149174344	150838779	1058	-1.0247
c7823372-b451-4159-9cb8-d4de8479bda8	6	150841547	155255311	3114	-0.0384
c7823372-b451-4159-9cb8-d4de8479bda8	6	155258222	158971845	2258	0.028
c7823372-b451-4159-9cb8-d4de8479bda8	6	158977531	159358408	281	0.1217
c7823372-b451-4159-9cb8-d4de8479bda8	6	159358800	159535816	141	0.0589
c7823372-b451-4159-9cb8-d4de8479bda8	6	159535999	163438512	2391	-0.0366
c7823372-b451-4159-9cb8-d4de8479bda8	6	163438777	164148545	396	0.0542
c7823372-b451-4159-9cb8-d4de8479bda8	6	164148879	164396205	131	-0.0247
c7823372-b451-4159-9cb8-d4de8479bda8	6	164397005	164411819	7	0.4333
c7823372-b451-4159-9cb8-d4de8479bda8	6	164413160	165949157	1045	-0.0679
c7823372-b451-4159-9cb8-d4de8479bda8	6	165949456	167931668	909	0.0204
c7823372-b451-4159-9cb8-d4de8479bda8	6	168457458	170335481	628	-0.0655
c7823372-b451-4159-9cb8-d4de8479bda8	6	170342284	170596889	172	-1.1009
c7823372-b451-4159-9cb8-d4de8479bda8	7	664936	4025826	1184	-0.0173
c7823372-b451-4159-9cb8-d4de8479bda8	7	4026868	4233213	151	-0.1911
c7823372-b451-4159-9cb8-d4de8479bda8	7	4233657	4234764	5	-0.9682
c7823372-b451-4159-9cb8-d4de8479bda8	7	4235601	5174531	418	-0.1217
c7823372-b451-4159-9cb8-d4de8479bda8	7	5176222	7518409	909	-0.0413
c7823372-b451-4159-9cb8-d4de8479bda8	7	7518634	10947885	1433	0.0148
c7823372-b451-4159-9cb8-d4de8479bda8	7	10948515	11643821	566	0.1361
c7823372-b451-4159-9cb8-d4de8479bda8	7	11644464	12245841	448	0.0267
c7823372-b451-4159-9cb8-d4de8479bda8	7	12246142	12492809	171	-0.0386
c7823372-b451-4159-9cb8-d4de8479bda8	7	12492822	15681164	2227	-0.0887
c7823372-b451-4159-9cb8-d4de8479bda8	7	15684128	16422338	549	0.0008
c7823372-b451-4159-9cb8-d4de8479bda8	7	16422362	19749731	1251	0.1148
c7823372-b451-4159-9cb8-d4de8479bda8	7	19749760	20064601	217	-0.0073
c7823372-b451-4159-9cb8-d4de8479bda8	7	20064789	21602687	1110	-0.0645
c7823372-b451-4159-9cb8-d4de8479bda8	7	21605948	23088038	1111	0.0841
c7823372-b451-4159-9cb8-d4de8479bda8	7	23089363	24789826	1236	-0.0223
c7823372-b451-4159-9cb8-d4de8479bda8	7	24792341	24792836	2	-1.4525
c7823372-b451-4159-9cb8-d4de8479bda8	7	24793532	25531037	590	0.0031
c7823372-b451-4159-9cb8-d4de8479bda8	7	25531107	26622904	738	0.0542
c7823372-b451-4159-9cb8-d4de8479bda8	7	26622921	28034997	880	-0.0257
c7823372-b451-4159-9cb8-d4de8479bda8	7	28035553	30636984	1503	0.0566
c7823372-b451-4159-9cb8-d4de8479bda8	7	30648312	32994230	1607	-0.084
c7823372-b451-4159-9cb8-d4de8479bda8	7	32999606	33665879	378	0.0054
c7823372-b451-4159-9cb8-d4de8479bda8	7	33667535	34931972	829	-0.0875
c7823372-b451-4159-9cb8-d4de8479bda8	7	34932135	35836728	576	0.0394
c7823372-b451-4159-9cb8-d4de8479bda8	7	35841692	35898686	35	0.2112
c7823372-b451-4159-9cb8-d4de8479bda8	7	35900969	36110904	144	-0.001
c7823372-b451-4159-9cb8-d4de8479bda8	7	36111601	36581144	378	-0.0656
c7823372-b451-4159-9cb8-d4de8479bda8	7	36586551	38610703	1449	0.017
c7823372-b451-4159-9cb8-d4de8479bda8	7	38613087	38613435	3	-0.7623
c7823372-b451-4159-9cb8-d4de8479bda8	7	38614283	39726445	750	-0.024
c7823372-b451-4159-9cb8-d4de8479bda8	7	39730058	42491016	1761	-0.1019
c7823372-b451-4159-9cb8-d4de8479bda8	7	42492556	45558940	1388	-0.0251
c7823372-b451-4159-9cb8-d4de8479bda8	7	45562348	46879617	939	-0.0728
c7823372-b451-4159-9cb8-d4de8479bda8	7	46879809	48344988	1031	0.031
c7823372-b451-4159-9cb8-d4de8479bda8	7	48348325	49026775	468	-0.0639
c7823372-b451-4159-9cb8-d4de8479bda8	7	49027037	49309404	197	0.0016
c7823372-b451-4159-9cb8-d4de8479bda8	7	49313402	49874886	388	0.0785
c7823372-b451-4159-9cb8-d4de8479bda8	7	49874910	50299320	259	0.1746
c7823372-b451-4159-9cb8-d4de8479bda8	7	50301181	50644618	273	0.1021
c7823372-b451-4159-9cb8-d4de8479bda8	7	50645062	51184721	439	0.0345
c7823372-b451-4159-9cb8-d4de8479bda8	7	51185780	51903816	511	-0.0878
c7823372-b451-4159-9cb8-d4de8479bda8	7	51904464	52432932	393	-0.016
c7823372-b451-4159-9cb8-d4de8479bda8	7	52437463	53244607	618	0.0867
c7823372-b451-4159-9cb8-d4de8479bda8	7	53245976	54797261	917	-0.0323
c7823372-b451-4159-9cb8-d4de8479bda8	7	54798546	55669428	744	0.0458
c7823372-b451-4159-9cb8-d4de8479bda8	7	55669446	67407515	1348	-0.0494
c7823372-b451-4159-9cb8-d4de8479bda8	7	67415778	69451080	1372	-0.1815
c7823372-b451-4159-9cb8-d4de8479bda8	7	69453467	70171446	365	-0.0743
c7823372-b451-4159-9cb8-d4de8479bda8	7	70173815	70660898	313	-0.1476
c7823372-b451-4159-9cb8-d4de8479bda8	7	70661287	71958709	781	-0.2065
c7823372-b451-4159-9cb8-d4de8479bda8	7	71958727	72880997	307	-0.1261
c7823372-b451-4159-9cb8-d4de8479bda8	7	72889156	77136126	921	-0.067
c7823372-b451-4159-9cb8-d4de8479bda8	7	77138566	78445608	905	-0.0003
c7823372-b451-4159-9cb8-d4de8479bda8	7	78446317	80220193	1111	-0.0736
c7823372-b451-4159-9cb8-d4de8479bda8	7	80220891	81738802	994	0.071
c7823372-b451-4159-9cb8-d4de8479bda8	7	81739004	83926294	1397	-0.0354
c7823372-b451-4159-9cb8-d4de8479bda8	7	83927263	84705436	473	0.0678
c7823372-b451-4159-9cb8-d4de8479bda8	7	84710405	85043829	186	-0.0285
c7823372-b451-4159-9cb8-d4de8479bda8	7	85043961	86052944	438	0.0713
c7823372-b451-4159-9cb8-d4de8479bda8	7	86053031	87517518	801	-0.0056
c7823372-b451-4159-9cb8-d4de8479bda8	7	87518949	90885809	813	-0.0569
c7823372-b451-4159-9cb8-d4de8479bda8	7	90886718	93908185	1948	0.0156
c7823372-b451-4159-9cb8-d4de8479bda8	7	93910482	94801122	519	0.0486
c7823372-b451-4159-9cb8-d4de8479bda8	7	94805275	95963383	727	-0.0937
c7823372-b451-4159-9cb8-d4de8479bda8	7	95964226	97157281	724	-0.0029
c7823372-b451-4159-9cb8-d4de8479bda8	7	97157313	98208640	541	-0.0718
c7823372-b451-4159-9cb8-d4de8479bda8	7	98208888	99040832	300	-0.1531
c7823372-b451-4159-9cb8-d4de8479bda8	7	99042195	100915204	702	-0.0327
c7823372-b451-4159-9cb8-d4de8479bda8	7	100917135	102080020	455	-0.1113
c7823372-b451-4159-9cb8-d4de8479bda8	7	102086515	103536129	505	-0.0041
c7823372-b451-4159-9cb8-d4de8479bda8	7	103536438	104061506	385	0.0282
c7823372-b451-4159-9cb8-d4de8479bda8	7	104062331	104768944	508	0.1059
c7823372-b451-4159-9cb8-d4de8479bda8	7	104769197	108864764	2340	0.0268
c7823372-b451-4159-9cb8-d4de8479bda8	7	108864876	110109684	721	-0.0228
c7823372-b451-4159-9cb8-d4de8479bda8	7	110115178	113587715	1504	-0.0843
c7823372-b451-4159-9cb8-d4de8479bda8	7	113587760	114236946	322	-0.01
c7823372-b451-4159-9cb8-d4de8479bda8	7	114239499	114447078	99	0.0468
c7823372-b451-4159-9cb8-d4de8479bda8	7	114447586	115502554	550	0.1391
c7823372-b451-4159-9cb8-d4de8479bda8	7	115502683	118659942	1884	0.0553
c7823372-b451-4159-9cb8-d4de8479bda8	7	118662094	121385523	1404	-0.0287
c7823372-b451-4159-9cb8-d4de8479bda8	7	121387040	121387427	2	-1.0763
c7823372-b451-4159-9cb8-d4de8479bda8	7	121393067	121941130	369	-0.0012
c7823372-b451-4159-9cb8-d4de8479bda8	7	121943836	124153189	1229	-0.0971
c7823372-b451-4159-9cb8-d4de8479bda8	7	124153401	124526167	260	-0.0336
c7823372-b451-4159-9cb8-d4de8479bda8	7	124526702	124533127	4	0.5122
c7823372-b451-4159-9cb8-d4de8479bda8	7	124537650	124648314	68	-0.0662
c7823372-b451-4159-9cb8-d4de8479bda8	7	124650063	131487322	3469	0.0189
c7823372-b451-4159-9cb8-d4de8479bda8	7	131489402	132445274	625	-0.1092
c7823372-b451-4159-9cb8-d4de8479bda8	7	132445933	141144103	5258	-0.0305
c7823372-b451-4159-9cb8-d4de8479bda8	7	141147869	147727325	3159	-0.0754
c7823372-b451-4159-9cb8-d4de8479bda8	7	147732275	149598913	1103	-0.0011
c7823372-b451-4159-9cb8-d4de8479bda8	7	149600960	149827576	110	-0.1252
c7823372-b451-4159-9cb8-d4de8479bda8	7	149834127	150730136	284	0.0224
c7823372-b451-4159-9cb8-d4de8479bda8	7	150730540	151367336	360	-0.0613
c7823372-b451-4159-9cb8-d4de8479bda8	7	151367786	151957044	341	-0.1531
c7823372-b451-4159-9cb8-d4de8479bda8	7	151957887	154530304	998	-0.0792
c7823372-b451-4159-9cb8-d4de8479bda8	7	154530462	157714920	2112	-0.0166
c7823372-b451-4159-9cb8-d4de8479bda8	7	157717414	158261553	212	-0.1244
c7823372-b451-4159-9cb8-d4de8479bda8	7	158261593	158267651	6	-0.6744
c7823372-b451-4159-9cb8-d4de8479bda8	7	158289492	158592540	118	-0.0726
c7823372-b451-4159-9cb8-d4de8479bda8	8	667625	6461816	2764	-0.1254
c7823372-b451-4159-9cb8-d4de8479bda8	8	6461842	9043290	1043	-0.0332
c7823372-b451-4159-9cb8-d4de8479bda8	8	9043630	10710914	685	-0.1044
c7823372-b451-4159-9cb8-d4de8479bda8	8	10711473	11039187	274	-0.0186
c7823372-b451-4159-9cb8-d4de8479bda8	8	11040949	12704946	487	0.0491
c7823372-b451-4159-9cb8-d4de8479bda8	8	12709141	12875245	153	-0.0575
c7823372-b451-4159-9cb8-d4de8479bda8	8	12876691	15139637	1796	-0.0974
c7823372-b451-4159-9cb8-d4de8479bda8	8	15139856	15151094	9	-0.5396
c7823372-b451-4159-9cb8-d4de8479bda8	8	15151140	18591112	2527	-0.1133
c7823372-b451-4159-9cb8-d4de8479bda8	8	18594512	18594762	2	-1.0801
c7823372-b451-4159-9cb8-d4de8479bda8	8	18595118	19311299	591	-0.1324
c7823372-b451-4159-9cb8-d4de8479bda8	8	19313378	19315868	2	-1.0324
c7823372-b451-4159-9cb8-d4de8479bda8	8	19315929	19487300	125	-0.1264
c7823372-b451-4159-9cb8-d4de8479bda8	8	19487369	19982035	347	-0.0317
c7823372-b451-4159-9cb8-d4de8479bda8	8	19983159	20138630	132	-0.1297
c7823372-b451-4159-9cb8-d4de8479bda8	8	20139831	21952022	1520	-0.1777
c7823372-b451-4159-9cb8-d4de8479bda8	8	21952074	24016096	1114	-0.0008
c7823372-b451-4159-9cb8-d4de8479bda8	8	24016472	24480125	262	0.0957
c7823372-b451-4159-9cb8-d4de8479bda8	8	24483872	24757132	259	0.0208
c7823372-b451-4159-9cb8-d4de8479bda8	8	24757274	25011800	152	-0.0716
c7823372-b451-4159-9cb8-d4de8479bda8	8	25015539	25590210	410	-0.1674
c7823372-b451-4159-9cb8-d4de8479bda8	8	25590719	27645426	1505	-0.0777
c7823372-b451-4159-9cb8-d4de8479bda8	8	27646043	29755384	1400	0.0311
c7823372-b451-4159-9cb8-d4de8479bda8	8	29755800	33180889	2274	-0.0673
c7823372-b451-4159-9cb8-d4de8479bda8	8	33181969	35122665	1015	-0.1223
c7823372-b451-4159-9cb8-d4de8479bda8	8	35122829	37858784	1339	-0.0686
c7823372-b451-4159-9cb8-d4de8479bda8	8	37859321	39888105	856	0.0106
c7823372-b451-4159-9cb8-d4de8479bda8	8	39888699	41237579	989	-0.1134
c7823372-b451-4159-9cb8-d4de8479bda8	8	41241887	46641448	1099	-0.0458
c7823372-b451-4159-9cb8-d4de8479bda8	8	46641748	46938100	127	-0.2188
c7823372-b451-4159-9cb8-d4de8479bda8	8	46945644	50842852	1862	-0.0691
c7823372-b451-4159-9cb8-d4de8479bda8	8	50843470	52614812	1134	0.0242
c7823372-b451-4159-9cb8-d4de8479bda8	8	52615948	55209084	1508	-0.0636
c7823372-b451-4159-9cb8-d4de8479bda8	8	55209097	56630832	759	0.0625
c7823372-b451-4159-9cb8-d4de8479bda8	8	56632397	58301185	1107	-0.0648
c7823372-b451-4159-9cb8-d4de8479bda8	8	58307642	58786017	335	0.0907
c7823372-b451-4159-9cb8-d4de8479bda8	8	58787761	59864203	641	0.1814
c7823372-b451-4159-9cb8-d4de8479bda8	8	59864384	61187449	841	0.0656
c7823372-b451-4159-9cb8-d4de8479bda8	8	61187644	62214591	691	0.0152
c7823372-b451-4159-9cb8-d4de8479bda8	8	62214619	64525615	1313	-0.0809
c7823372-b451-4159-9cb8-d4de8479bda8	8	64526812	65709064	614	-0.0071
c7823372-b451-4159-9cb8-d4de8479bda8	8	65712947	66264827	290	0.0902
c7823372-b451-4159-9cb8-d4de8479bda8	8	66265607	66651468	200	-0.0108
c7823372-b451-4159-9cb8-d4de8479bda8	8	66651975	73371751	4132	-0.0518
c7823372-b451-4159-9cb8-d4de8479bda8	8	73371823	74246143	545	0.0288
c7823372-b451-4159-9cb8-d4de8479bda8	8	74247062	77168099	1658	-0.0351
c7823372-b451-4159-9cb8-d4de8479bda8	8	77169306	77363462	119	0.0772
c7823372-b451-4159-9cb8-d4de8479bda8	8	77363843	77371243	3	-0.5557
c7823372-b451-4159-9cb8-d4de8479bda8	8	77373463	77774407	198	0.1034
c7823372-b451-4159-9cb8-d4de8479bda8	8	77779165	81593186	2109	-0.0118
c7823372-b451-4159-9cb8-d4de8479bda8	8	81594275	84825440	1691	-0.0733
c7823372-b451-4159-9cb8-d4de8479bda8	8	84826430	85336076	224	0.0387
c7823372-b451-4159-9cb8-d4de8479bda8	8	85339212	89630713	2279	-0.0827
c7823372-b451-4159-9cb8-d4de8479bda8	8	89631141	90256083	391	0.0433
c7823372-b451-4159-9cb8-d4de8479bda8	8	90257044	91588642	640	-0.0582
c7823372-b451-4159-9cb8-d4de8479bda8	8	91589608	92124385	355	0.0126
c7823372-b451-4159-9cb8-d4de8479bda8	8	92128394	92997250	458	0.1013
c7823372-b451-4159-9cb8-d4de8479bda8	8	93007952	93087503	59	0.0074
c7823372-b451-4159-9cb8-d4de8479bda8	8	93087823	94325073	796	-0.0522
c7823372-b451-4159-9cb8-d4de8479bda8	8	94326163	96098482	1168	0.0385
c7823372-b451-4159-9cb8-d4de8479bda8	8	96101550	96634912	358	-0.0953
c7823372-b451-4159-9cb8-d4de8479bda8	8	96635193	100752521	2219	0.0205
c7823372-b451-4159-9cb8-d4de8479bda8	8	100752933	101766495	716	-0.0505
c7823372-b451-4159-9cb8-d4de8479bda8	8	101766935	103932439	1217	0.0351
c7823372-b451-4159-9cb8-d4de8479bda8	8	103933589	108176495	2300	-0.1143
c7823372-b451-4159-9cb8-d4de8479bda8	8	108177818	109231578	526	-0.056
c7823372-b451-4159-9cb8-d4de8479bda8	8	109234868	109917544	373	0.0398
c7823372-b451-4159-9cb8-d4de8479bda8	8	109919994	114539278	2373	-0.0738
c7823372-b451-4159-9cb8-d4de8479bda8	8	114539586	116247795	878	-0.0115
c7823372-b451-4159-9cb8-d4de8479bda8	8	116248253	119783104	2515	-0.0574
c7823372-b451-4159-9cb8-d4de8479bda8	8	119784836	122306591	1547	-0.0896
c7823372-b451-4159-9cb8-d4de8479bda8	8	122309279	122782071	354	0.0252
c7823372-b451-4159-9cb8-d4de8479bda8	8	122783942	123737370	638	-0.0485
c7823372-b451-4159-9cb8-d4de8479bda8	8	123737973	123737988	2	-0.9017
c7823372-b451-4159-9cb8-d4de8479bda8	8	123738235	124971588	815	-0.0341
c7823372-b451-4159-9cb8-d4de8479bda8	8	124979041	126295912	916	0.0425
c7823372-b451-4159-9cb8-d4de8479bda8	8	126298610	126824971	361	-0.0839
c7823372-b451-4159-9cb8-d4de8479bda8	8	126825422	128129820	998	0.0324
c7823372-b451-4159-9cb8-d4de8479bda8	8	128130288	128730029	443	0.1164
c7823372-b451-4159-9cb8-d4de8479bda8	8	128771821	130728480	1247	0.0079
c7823372-b451-4159-9cb8-d4de8479bda8	8	130728493	132208262	1091	-0.0587
c7823372-b451-4159-9cb8-d4de8479bda8	8	132210035	132786693	417	0.0453
c7823372-b451-4159-9cb8-d4de8479bda8	8	132787034	132870438	53	0.2786
c7823372-b451-4159-9cb8-d4de8479bda8	8	132871775	133068201	192	0.0994
c7823372-b451-4159-9cb8-d4de8479bda8	8	133068951	134154288	977	-0.0034
c7823372-b451-4159-9cb8-d4de8479bda8	8	134154290	134722769	474	0.0608
c7823372-b451-4159-9cb8-d4de8479bda8	8	134723818	134806349	65	0.1974
c7823372-b451-4159-9cb8-d4de8479bda8	8	134808026	135225750	302	0.0609
c7823372-b451-4159-9cb8-d4de8479bda8	8	135228113	135433069	137	-0.0256
c7823372-b451-4159-9cb8-d4de8479bda8	8	135436241	135447896	4	-0.748
c7823372-b451-4159-9cb8-d4de8479bda8	8	135450595	136521154	809	-0.0093
c7823372-b451-4159-9cb8-d4de8479bda8	8	136524545	137794673	784	-0.1213
c7823372-b451-4159-9cb8-d4de8479bda8	8	137795042	139340566	1271	-0.1855
c7823372-b451-4159-9cb8-d4de8479bda8	8	139340920	139924600	480	-0.1043
c7823372-b451-4159-9cb8-d4de8479bda8	8	139930370	140581794	417	-0.0045
c7823372-b451-4159-9cb8-d4de8479bda8	8	140583928	141319311	89	-0.0901
c7823372-b451-4159-9cb8-d4de8479bda8	8	141323295	142822060	121	-0.2166
c7823372-b451-4159-9cb8-d4de8479bda8	8	142822196	144182542	381	-0.0675
c7823372-b451-4159-9cb8-d4de8479bda8	9	789794	1609817	222	-0.1291
c7823372-b451-4159-9cb8-d4de8479bda8	9	1609898	2226756	625	0.0463
c7823372-b451-4159-9cb8-d4de8479bda8	9	2226807	4641023	1961	-0.0557
c7823372-b451-4159-9cb8-d4de8479bda8	9	4642965	7138349	939	0.0641
c7823372-b451-4159-9cb8-d4de8479bda8	9	7138366	7534214	325	-0.0144
c7823372-b451-4159-9cb8-d4de8479bda8	9	7534805	8784855	968	-0.1107
c7823372-b451-4159-9cb8-d4de8479bda8	9	8785435	8785993	2	-1.5154
c7823372-b451-4159-9cb8-d4de8479bda8	9	8786718	9238714	284	-0.104
c7823372-b451-4159-9cb8-d4de8479bda8	9	9238776	10065213	389	0.0263
c7823372-b451-4159-9cb8-d4de8479bda8	9	10066100	14080045	1751	-0.0929
c7823372-b451-4159-9cb8-d4de8479bda8	9	14080433	14945269	778	0.0034
c7823372-b451-4159-9cb8-d4de8479bda8	9	14960219	16436081	1177	-0.0893
c7823372-b451-4159-9cb8-d4de8479bda8	9	16437730	17975423	1162	-0.1449
c7823372-b451-4159-9cb8-d4de8479bda8	9	17975805	20372800	1999	-0.0896
c7823372-b451-4159-9cb8-d4de8479bda8	9	20373654	21980471	1089	-0.0033
c7823372-b451-4159-9cb8-d4de8479bda8	9	21986219	22043266	66	-0.8203
c7823372-b451-4159-9cb8-d4de8479bda8	9	22047438	23128282	660	0.0015
c7823372-b451-4159-9cb8-d4de8479bda8	9	23128983	26099291	1852	-0.1022
c7823372-b451-4159-9cb8-d4de8479bda8	9	26099526	28167364	1388	-0.0441
c7823372-b451-4159-9cb8-d4de8479bda8	9	28355727	29185057	268	-0.1122
c7823372-b451-4159-9cb8-d4de8479bda8	9	29198153	29198673	3	-1.1623
c7823372-b451-4159-9cb8-d4de8479bda8	9	29200388	32006594	1511	-0.0936
c7823372-b451-4159-9cb8-d4de8479bda8	9	32008081	32750338	520	-0.0448
c7823372-b451-4159-9cb8-d4de8479bda8	9	32753397	33812766	721	0.0364
c7823372-b451-4159-9cb8-d4de8479bda8	9	33812974	35237020	714	-0.0619
c7823372-b451-4159-9cb8-d4de8479bda8	9	35237775	36088380	427	0.0252
c7823372-b451-4159-9cb8-d4de8479bda8	9	36088638	36659728	289	-0.0664
c7823372-b451-4159-9cb8-d4de8479bda8	9	36660300	37841229	810	0.0176
c7823372-b451-4159-9cb8-d4de8479bda8	9	37848688	68424128	697	-0.1063
c7823372-b451-4159-9cb8-d4de8479bda8	9	68425024	68952323	475	0.032
c7823372-b451-4159-9cb8-d4de8479bda8	9	68952456	71286188	1696	-0.0676
c7823372-b451-4159-9cb8-d4de8479bda8	9	71288613	71961243	467	-0.0127
c7823372-b451-4159-9cb8-d4de8479bda8	9	71965733	73760913	1103	-0.0887
c7823372-b451-4159-9cb8-d4de8479bda8	9	73761706	74330756	336	-0.0263
c7823372-b451-4159-9cb8-d4de8479bda8	9	74330982	74829687	344	0.0984
c7823372-b451-4159-9cb8-d4de8479bda8	9	74832114	75633054	512	-0.0487
c7823372-b451-4159-9cb8-d4de8479bda8	9	75633268	77781556	1686	-0.1461
c7823372-b451-4159-9cb8-d4de8479bda8	9	77782503	79309017	1028	-0.06
c7823372-b451-4159-9cb8-d4de8479bda8	9	79309672	79635257	220	0.0312
c7823372-b451-4159-9cb8-d4de8479bda8	9	79637303	80394843	566	0.1253
c7823372-b451-4159-9cb8-d4de8479bda8	9	80400503	82369922	1280	0.0563
c7823372-b451-4159-9cb8-d4de8479bda8	9	82370425	83702241	985	-0.0566
c7823372-b451-4159-9cb8-d4de8479bda8	9	83703125	83948694	143	0.0566
c7823372-b451-4159-9cb8-d4de8479bda8	9	83949915	86411623	1650	-0.0838
c7823372-b451-4159-9cb8-d4de8479bda8	9	86415651	88700610	1645	-0.17
c7823372-b451-4159-9cb8-d4de8479bda8	9	88700989	90244133	1110	-0.0322
c7823372-b451-4159-9cb8-d4de8479bda8	9	90247182	91204731	689	0.0629
c7823372-b451-4159-9cb8-d4de8479bda8	9	91207180	95465876	2443	-0.0592
c7823372-b451-4159-9cb8-d4de8479bda8	9	95465955	95995981	494	0.053
c7823372-b451-4159-9cb8-d4de8479bda8	9	95996501	99058065	1897	-0.0525
c7823372-b451-4159-9cb8-d4de8479bda8	9	99058436	99571495	326	0.0532
c7823372-b451-4159-9cb8-d4de8479bda8	9	99572056	102246555	1508	-0.0596
c7823372-b451-4159-9cb8-d4de8479bda8	9	102247079	102247546	5	-0.8811
c7823372-b451-4159-9cb8-d4de8479bda8	9	102249638	105144233	1776	-0.0755
c7823372-b451-4159-9cb8-d4de8479bda8	9	105145359	105984888	458	0.031
c7823372-b451-4159-9cb8-d4de8479bda8	9	105988881	106419924	268	-0.0574
c7823372-b451-4159-9cb8-d4de8479bda8	9	106420601	108300572	1489	-0.1319
c7823372-b451-4159-9cb8-d4de8479bda8	9	108300867	109539679	972	-0.0478
c7823372-b451-4159-9cb8-d4de8479bda8	9	109539755	110072906	483	0.0653
c7823372-b451-4159-9cb8-d4de8479bda8	9	110075131	111604543	1092	-0.0233
c7823372-b451-4159-9cb8-d4de8479bda8	9	111610201	114036478	1417	0.0421
c7823372-b451-4159-9cb8-d4de8479bda8	9	114037646	114423432	277	-0.0802
c7823372-b451-4159-9cb8-d4de8479bda8	9	114426339	115571248	856	0.0492
c7823372-b451-4159-9cb8-d4de8479bda8	9	115571633	120188845	3569	-0.1023
c7823372-b451-4159-9cb8-d4de8479bda8	9	120190104	120357989	120	-0.0396
c7823372-b451-4159-9cb8-d4de8479bda8	9	120358266	121266260	562	0.0398
c7823372-b451-4159-9cb8-d4de8479bda8	9	121267645	121840027	317	-0.0893
c7823372-b451-4159-9cb8-d4de8479bda8	9	121842340	125933151	2431	-0.0176
c7823372-b451-4159-9cb8-d4de8479bda8	9	125936254	129073007	1682	-0.0545
c7823372-b451-4159-9cb8-d4de8479bda8	9	129074710	131128513	1240	-0.1027
c7823372-b451-4159-9cb8-d4de8479bda8	9	131129382	132712153	1026	-0.0268
c7823372-b451-4159-9cb8-d4de8479bda8	9	132715611	135631230	1557	-0.1149
c7823372-b451-4159-9cb8-d4de8479bda8	9	135631486	138044505	686	-0.0426
c7823372-b451-4159-9cb8-d4de8479bda8	10	366509	1517873	419	-1.1943
c7823372-b451-4159-9cb8-d4de8479bda8	10	1518143	1518703	3	-7.208
c7823372-b451-4159-9cb8-d4de8479bda8	10	1519016	1566607	44	-1.426
c7823372-b451-4159-9cb8-d4de8479bda8	10	1566692	1567772	2	-6.8048
c7823372-b451-4159-9cb8-d4de8479bda8	10	1568644	3571867	1225	-1.1967
c7823372-b451-4159-9cb8-d4de8479bda8	10	3572720	5545904	1628	-1.0242
c7823372-b451-4159-9cb8-d4de8479bda8	10	5553380	5596333	30	-1.3499
c7823372-b451-4159-9cb8-d4de8479bda8	10	5678461	6378098	582	0.046
c7823372-b451-4159-9cb8-d4de8479bda8	10	6378114	6389558	11	-0.2193
c7823372-b451-4159-9cb8-d4de8479bda8	10	6392648	7973605	1236	-0.0052
c7823372-b451-4159-9cb8-d4de8479bda8	10	7973687	10605759	1954	-0.0869
c7823372-b451-4159-9cb8-d4de8479bda8	10	10606278	12378215	1251	0.0344
c7823372-b451-4159-9cb8-d4de8479bda8	10	12381754	14242446	1662	-0.024
c7823372-b451-4159-9cb8-d4de8479bda8	10	14242475	14242594	3	0.8811
c7823372-b451-4159-9cb8-d4de8479bda8	10	14242607	15134814	686	0.0352
c7823372-b451-4159-9cb8-d4de8479bda8	10	15135238	17247722	1616	-0.0943
c7823372-b451-4159-9cb8-d4de8479bda8	10	17255015	18160413	499	0.0123
c7823372-b451-4159-9cb8-d4de8479bda8	10	18160426	21479997	2526	-0.0956
c7823372-b451-4159-9cb8-d4de8479bda8	10	21485344	21632146	51	0.1041
c7823372-b451-4159-9cb8-d4de8479bda8	10	21632836	22342142	290	-0.0573
c7823372-b451-4159-9cb8-d4de8479bda8	10	22342624	23119421	508	0.0358
c7823372-b451-4159-9cb8-d4de8479bda8	10	23120104	23613373	297	-0.089
c7823372-b451-4159-9cb8-d4de8479bda8	10	23614066	24650736	772	0.0097
c7823372-b451-4159-9cb8-d4de8479bda8	10	24658098	25921387	804	-0.069
c7823372-b451-4159-9cb8-d4de8479bda8	10	25921904	27560158	938	0.0366
c7823372-b451-4159-9cb8-d4de8479bda8	10	27561966	28526427	666	-0.0303
c7823372-b451-4159-9cb8-d4de8479bda8	10	28526504	30172294	1340	-0.1053
c7823372-b451-4159-9cb8-d4de8479bda8	10	30173208	32729284	1663	-0.0152
c7823372-b451-4159-9cb8-d4de8479bda8	10	32729423	33366323	458	0.0528
c7823372-b451-4159-9cb8-d4de8479bda8	10	33367107	33612610	185	-0.0137
c7823372-b451-4159-9cb8-d4de8479bda8	10	33613380	43044011	3178	-0.0924
c7823372-b451-4159-9cb8-d4de8479bda8	10	43045203	44036669	699	-0.0288
c7823372-b451-4159-9cb8-d4de8479bda8	10	44036676	44983604	648	-0.0918
c7823372-b451-4159-9cb8-d4de8479bda8	10	44985278	45246610	149	0.0484
c7823372-b451-4159-9cb8-d4de8479bda8	10	45246953	47110572	211	-0.0926
c7823372-b451-4159-9cb8-d4de8479bda8	10	47113019	47307413	141	0.0236
c7823372-b451-4159-9cb8-d4de8479bda8	10	47307517	48320315	137	-0.0786
c7823372-b451-4159-9cb8-d4de8479bda8	10	48322599	49073311	625	0.079
c7823372-b451-4159-9cb8-d4de8479bda8	10	49073602	49169826	84	-0.0437
c7823372-b451-4159-9cb8-d4de8479bda8	10	49171675	49173186	2	-0.9336
c7823372-b451-4159-9cb8-d4de8479bda8	10	49174433	51320168	856	-0.044
c7823372-b451-4159-9cb8-d4de8479bda8	10	51320512	59439409	4896	-0.1014
c7823372-b451-4159-9cb8-d4de8479bda8	10	59444047	61269984	1331	-0.0346
c7823372-b451-4159-9cb8-d4de8479bda8	10	61270788	61735376	317	0.0347
c7823372-b451-4159-9cb8-d4de8479bda8	10	61735447	62479950	483	0.1314
c7823372-b451-4159-9cb8-d4de8479bda8	10	62489381	63003317	365	0.0599
c7823372-b451-4159-9cb8-d4de8479bda8	10	63003365	63445566	213	-0.0469
c7823372-b451-4159-9cb8-d4de8479bda8	10	63450265	63607972	75	0.0572
c7823372-b451-4159-9cb8-d4de8479bda8	10	63610200	64136348	345	0.5972
c7823372-b451-4159-9cb8-d4de8479bda8	10	64140302	64194958	35	0.9962
c7823372-b451-4159-9cb8-d4de8479bda8	10	64198826	64247485	32	0.6171
c7823372-b451-4159-9cb8-d4de8479bda8	10	64250822	64289934	28	0.9833
c7823372-b451-4159-9cb8-d4de8479bda8	10	64293645	74023627	5404	0.5171
c7823372-b451-4159-9cb8-d4de8479bda8	10	74023741	75372420	646	0.5821
c7823372-b451-4159-9cb8-d4de8479bda8	10	75374744	77018976	1168	0.5021
c7823372-b451-4159-9cb8-d4de8479bda8	10	77019173	77823123	690	0.5969
c7823372-b451-4159-9cb8-d4de8479bda8	10	77823325	79265861	1174	0.4927
c7823372-b451-4159-9cb8-d4de8479bda8	10	79268220	80778002	546	0.5683
c7823372-b451-4159-9cb8-d4de8479bda8	10	80786015	83398144	1790	0.5034
c7823372-b451-4159-9cb8-d4de8479bda8	10	83399001	83865166	392	0.6239
c7823372-b451-4159-9cb8-d4de8479bda8	10	83865259	85226998	973	0.5406
c7823372-b451-4159-9cb8-d4de8479bda8	10	85227880	86243631	758	0.4653
c7823372-b451-4159-9cb8-d4de8479bda8	10	86243692	86714400	258	0.5298
c7823372-b451-4159-9cb8-d4de8479bda8	10	86714867	87956510	580	0.6075
c7823372-b451-4159-9cb8-d4de8479bda8	10	87956557	88971105	703	0.6832
c7823372-b451-4159-9cb8-d4de8479bda8	10	88971512	90657061	1149	0.5935
c7823372-b451-4159-9cb8-d4de8479bda8	10	90657543	91092996	327	0.6968
c7823372-b451-4159-9cb8-d4de8479bda8	10	91099615	91289693	161	0.6386
c7823372-b451-4159-9cb8-d4de8479bda8	10	91292987	92729990	512	0.5701
c7823372-b451-4159-9cb8-d4de8479bda8	10	92739762	93086118	184	0.6855
c7823372-b451-4159-9cb8-d4de8479bda8	10	93090768	95311760	1328	0.5203
c7823372-b451-4159-9cb8-d4de8479bda8	10	95311785	97015166	1126	0.6493
c7823372-b451-4159-9cb8-d4de8479bda8	10	97015425	99653247	1652	0.5027
c7823372-b451-4159-9cb8-d4de8479bda8	10	99654800	104643357	2579	0.5519
c7823372-b451-4159-9cb8-d4de8479bda8	10	104646177	107076459	1700	0.483
c7823372-b451-4159-9cb8-d4de8479bda8	10	107076821	109392896	1560	0.5395
c7823372-b451-4159-9cb8-d4de8479bda8	10	109394807	111569832	1368	0.6305
c7823372-b451-4159-9cb8-d4de8479bda8	10	111569876	113842460	1640	0.5264
c7823372-b451-4159-9cb8-d4de8479bda8	10	113842649	114167592	199	0.642
c7823372-b451-4159-9cb8-d4de8479bda8	10	114170169	115878419	1115	0.5092
c7823372-b451-4159-9cb8-d4de8479bda8	10	115878979	117891024	1449	0.438
c7823372-b451-4159-9cb8-d4de8479bda8	10	117893443	119281238	894	0.5464
c7823372-b451-4159-9cb8-d4de8479bda8	10	119282221	120212605	612	0.6215
c7823372-b451-4159-9cb8-d4de8479bda8	10	120212737	121732268	1441	0.5264
c7823372-b451-4159-9cb8-d4de8479bda8	10	121732574	125025631	2187	0.6149
c7823372-b451-4159-9cb8-d4de8479bda8	10	125029048	126355304	971	0.5224
c7823372-b451-4159-9cb8-d4de8479bda8	10	126363346	127477258	861	0.443
c7823372-b451-4159-9cb8-d4de8479bda8	10	127478555	128374120	661	0.5487
c7823372-b451-4159-9cb8-d4de8479bda8	10	128375234	129110543	660	0.4621
c7823372-b451-4159-9cb8-d4de8479bda8	10	129110807	130325076	886	0.5327
c7823372-b451-4159-9cb8-d4de8479bda8	10	130326259	132731395	635	0.419
c7823372-b451-4159-9cb8-d4de8479bda8	10	132731906	133411599	116	0.5631
c7823372-b451-4159-9cb8-d4de8479bda8	11	456012	997320	146	-0.0253
c7823372-b451-4159-9cb8-d4de8479bda8	11	998645	3519839	857	-0.1138
c7823372-b451-4159-9cb8-d4de8479bda8	11	3520831	4666008	702	-0.0208
c7823372-b451-4159-9cb8-d4de8479bda8	11	4671320	5167614	328	0.0706
c7823372-b451-4159-9cb8-d4de8479bda8	11	5167706	5311213	96	-0.0243
c7823372-b451-4159-9cb8-d4de8479bda8	11	5311443	6243636	587	-0.0918
c7823372-b451-4159-9cb8-d4de8479bda8	11	6243673	7995677	1216	0.0005
c7823372-b451-4159-9cb8-d4de8479bda8	11	7998072	9249964	834	-0.0686
c7823372-b451-4159-9cb8-d4de8479bda8	11	9252342	11154436	1225	0.0047
c7823372-b451-4159-9cb8-d4de8479bda8	11	11157412	11639541	516	-0.1423
c7823372-b451-4159-9cb8-d4de8479bda8	11	11646149	11957476	226	-0.039
c7823372-b451-4159-9cb8-d4de8479bda8	11	11958045	13761683	1463	-0.1599
c7823372-b451-4159-9cb8-d4de8479bda8	11	13762029	14936296	680	-0.0324
c7823372-b451-4159-9cb8-d4de8479bda8	11	14940777	15931189	710	-0.1172
c7823372-b451-4159-9cb8-d4de8479bda8	11	15931301	17891918	1251	-0.0512
c7823372-b451-4159-9cb8-d4de8479bda8	11	17894652	18676422	431	0.0232
c7823372-b451-4159-9cb8-d4de8479bda8	11	18677204	21227297	2215	-0.0587
c7823372-b451-4159-9cb8-d4de8479bda8	11	21231433	21853745	388	0.0968
c7823372-b451-4159-9cb8-d4de8479bda8	11	21854472	25862790	2498	-0.0464
c7823372-b451-4159-9cb8-d4de8479bda8	11	25862872	26621814	582	0.0764
c7823372-b451-4159-9cb8-d4de8479bda8	11	26622088	27147384	374	0.1644
c7823372-b451-4159-9cb8-d4de8479bda8	11	27148182	27247173	100	0.0431
c7823372-b451-4159-9cb8-d4de8479bda8	11	27247560	28812001	823	-0.0519
c7823372-b451-4159-9cb8-d4de8479bda8	11	28812613	29721068	586	0.0524
c7823372-b451-4159-9cb8-d4de8479bda8	11	29732375	30419547	401	-0.0424
c7823372-b451-4159-9cb8-d4de8479bda8	11	30419682	32599401	1492	-0.1024
c7823372-b451-4159-9cb8-d4de8479bda8	11	32599407	33818307	589	-0.0154
c7823372-b451-4159-9cb8-d4de8479bda8	11	33818361	33820742	5	-0.5137
c7823372-b451-4159-9cb8-d4de8479bda8	11	33821287	34355335	384	-0.002
c7823372-b451-4159-9cb8-d4de8479bda8	11	34359159	35564866	1051	0.0947
c7823372-b451-4159-9cb8-d4de8479bda8	11	35564962	35991418	283	-0.045
c7823372-b451-4159-9cb8-d4de8479bda8	11	35992406	36901122	657	0.0235
c7823372-b451-4159-9cb8-d4de8479bda8	11	36901926	40761555	1892	-0.0767
c7823372-b451-4159-9cb8-d4de8479bda8	11	40761741	41697372	690	0.0779
c7823372-b451-4159-9cb8-d4de8479bda8	11	41701064	42318309	392	-0.0119
c7823372-b451-4159-9cb8-d4de8479bda8	11	42318694	43495572	795	-0.0893
c7823372-b451-4159-9cb8-d4de8479bda8	11	43499453	44723926	838	-0.0196
c7823372-b451-4159-9cb8-d4de8479bda8	11	44726121	45626858	705	-0.1251
c7823372-b451-4159-9cb8-d4de8479bda8	11	45633794	58717245	3090	-0.0296
c7823372-b451-4159-9cb8-d4de8479bda8	11	58719757	60599040	1053	0.059
c7823372-b451-4159-9cb8-d4de8479bda8	11	60599167	61430521	448	-0.0227
c7823372-b451-4159-9cb8-d4de8479bda8	11	61438761	61439655	3	0.6515
c7823372-b451-4159-9cb8-d4de8479bda8	11	61439838	61477248	21	0.098
c7823372-b451-4159-9cb8-d4de8479bda8	11	61484568	62157233	342	-0.1251
c7823372-b451-4159-9cb8-d4de8479bda8	11	62161826	63604248	754	-0.0345
c7823372-b451-4159-9cb8-d4de8479bda8	11	63605448	63605999	3	-1.3462
c7823372-b451-4159-9cb8-d4de8479bda8	11	63610356	68998296	1518	-0.043
c7823372-b451-4159-9cb8-d4de8479bda8	11	69001516	71461212	1423	-0.148
c7823372-b451-4159-9cb8-d4de8479bda8	11	71466576	74337356	1279	-0.0072
c7823372-b451-4159-9cb8-d4de8479bda8	11	74339827	75558658	714	-0.082
c7823372-b451-4159-9cb8-d4de8479bda8	11	75558719	76653682	589	0.0444
c7823372-b451-4159-9cb8-d4de8479bda8	11	76653695	77199274	323	-0.0746
c7823372-b451-4159-9cb8-d4de8479bda8	11	77199789	78633203	722	0.0156
c7823372-b451-4159-9cb8-d4de8479bda8	11	78634295	82193769	2641	-0.0852
c7823372-b451-4159-9cb8-d4de8479bda8	11	82194033	88685417	3889	0.009
c7823372-b451-4159-9cb8-d4de8479bda8	11	88687777	91211618	1283	-0.0799
c7823372-b451-4159-9cb8-d4de8479bda8	11	91212806	93582597	1265	-0.1313
c7823372-b451-4159-9cb8-d4de8479bda8	11	93583228	94940173	937	-0.0729
c7823372-b451-4159-9cb8-d4de8479bda8	11	94941669	95533318	430	0.0373
c7823372-b451-4159-9cb8-d4de8479bda8	11	95534736	95536228	4	-0.8172
c7823372-b451-4159-9cb8-d4de8479bda8	11	95538364	96983639	1018	0.0252
c7823372-b451-4159-9cb8-d4de8479bda8	11	96984130	98106708	682	-0.0769
c7823372-b451-4159-9cb8-d4de8479bda8	11	98107633	98124528	11	-0.579
c7823372-b451-4159-9cb8-d4de8479bda8	11	98131157	101501197	2504	-0.1073
c7823372-b451-4159-9cb8-d4de8479bda8	11	101502044	101814008	235	0.0111
c7823372-b451-4159-9cb8-d4de8479bda8	11	101814935	101815093	3	-0.7088
c7823372-b451-4159-9cb8-d4de8479bda8	11	101816999	105395569	1935	0.0258
c7823372-b451-4159-9cb8-d4de8479bda8	11	105395789	109787275	2480	-0.0628
c7823372-b451-4159-9cb8-d4de8479bda8	11	109787669	110911176	751	-0.0033
c7823372-b451-4159-9cb8-d4de8479bda8	11	110911379	111849893	654	0.0976
c7823372-b451-4159-9cb8-d4de8479bda8	11	111860765	117585146	4019	-0.0471
c7823372-b451-4159-9cb8-d4de8479bda8	11	117586471	119234441	1120	0.0172
c7823372-b451-4159-9cb8-d4de8479bda8	11	119236363	119764792	295	-0.0913
c7823372-b451-4159-9cb8-d4de8479bda8	11	119765226	120096567	301	-0.0063
c7823372-b451-4159-9cb8-d4de8479bda8	11	120096696	120946723	602	-0.0964
c7823372-b451-4159-9cb8-d4de8479bda8	11	120948584	123699257	2018	0.0552
c7823372-b451-4159-9cb8-d4de8479bda8	11	123699278	124113333	301	0.0031
c7823372-b451-4159-9cb8-d4de8479bda8	11	124113925	125434113	919	-0.0677
c7823372-b451-4159-9cb8-d4de8479bda8	11	125435334	126095437	403	0.0142
c7823372-b451-4159-9cb8-d4de8479bda8	11	126095521	127253987	923	-0.0848
c7823372-b451-4159-9cb8-d4de8479bda8	11	127254771	127767830	375	-0.0071
c7823372-b451-4159-9cb8-d4de8479bda8	11	127768013	128819485	922	0.101
c7823372-b451-4159-9cb8-d4de8479bda8	11	128820701	131043985	1296	-0.0273
c7823372-b451-4159-9cb8-d4de8479bda8	11	131044592	131772923	651	-0.1244
c7823372-b451-4159-9cb8-d4de8479bda8	11	131774635	132011007	208	-0.0555
c7823372-b451-4159-9cb8-d4de8479bda8	11	132011769	132716273	549	0.0234
c7823372-b451-4159-9cb8-d4de8479bda8	11	132716540	134272740	661	-0.1239
c7823372-b451-4159-9cb8-d4de8479bda8	12	780472	3003456	931	-0.0407
c7823372-b451-4159-9cb8-d4de8479bda8	12	3003563	3359686	278	-0.1675
c7823372-b451-4159-9cb8-d4de8479bda8	12	3360093	3599380	155	-0.067
c7823372-b451-4159-9cb8-d4de8479bda8	12	3599530	4924977	1012	0.0442
c7823372-b451-4159-9cb8-d4de8479bda8	12	4925399	8111627	1897	-0.0493
c7823372-b451-4159-9cb8-d4de8479bda8	12	8112349	13211263	2519	0.0503
c7823372-b451-4159-9cb8-d4de8479bda8	12	13211826	13684567	507	-0.0701
c7823372-b451-4159-9cb8-d4de8479bda8	12	13685704	16289566	1551	0.0234
c7823372-b451-4159-9cb8-d4de8479bda8	12	16290588	21410210	3087	-0.0991
c7823372-b451-4159-9cb8-d4de8479bda8	12	21414671	21432680	8	-0.891
c7823372-b451-4159-9cb8-d4de8479bda8	12	21435234	23233320	1234	-0.0403
c7823372-b451-4159-9cb8-d4de8479bda8	12	23235706	24446676	833	0.6819
c7823372-b451-4159-9cb8-d4de8479bda8	12	24446890	24726111	176	0.7759
c7823372-b451-4159-9cb8-d4de8479bda8	12	24727728	29015245	2727	0.647
c7823372-b451-4159-9cb8-d4de8479bda8	12	29024670	29698760	468	0.5411
c7823372-b451-4159-9cb8-d4de8479bda8	12	29698786	30629142	721	0.4911
c7823372-b451-4159-9cb8-d4de8479bda8	12	30632005	39842572	2111	0.5627
c7823372-b451-4159-9cb8-d4de8479bda8	12	39843992	40612884	514	0.7102
c7823372-b451-4159-9cb8-d4de8479bda8	12	40613085	45632038	2760	0.5597
c7823372-b451-4159-9cb8-d4de8479bda8	12	45633532	48265658	1519	0.6206
c7823372-b451-4159-9cb8-d4de8479bda8	12	48268186	53866336	2858	0.511
c7823372-b451-4159-9cb8-d4de8479bda8	12	53866366	58822475	2703	0.5689
c7823372-b451-4159-9cb8-d4de8479bda8	12	58828192	60113907	836	0.4886
c7823372-b451-4159-9cb8-d4de8479bda8	12	60118627	62726165	1500	0.5717
c7823372-b451-4159-9cb8-d4de8479bda8	12	62727602	65682664	1679	0.4947
c7823372-b451-4159-9cb8-d4de8479bda8	12	65684566	66585932	560	0.6111
c7823372-b451-4159-9cb8-d4de8479bda8	12	66586125	67305833	573	0.5136
c7823372-b451-4159-9cb8-d4de8479bda8	12	67309087	69067550	1285	0.593
c7823372-b451-4159-9cb8-d4de8479bda8	12	69070521	69073161	2	-0.727
c7823372-b451-4159-9cb8-d4de8479bda8	12	69073638	72212742	1950	0.5659
c7823372-b451-4159-9cb8-d4de8479bda8	12	72213534	75007102	1464	0.5184
c7823372-b451-4159-9cb8-d4de8479bda8	12	75008110	76050730	732	0.6892
c7823372-b451-4159-9cb8-d4de8479bda8	12	76051187	78084304	1379	0.5522
c7823372-b451-4159-9cb8-d4de8479bda8	12	78085450	79322879	761	0.6575
c7823372-b451-4159-9cb8-d4de8479bda8	12	79323158	80279940	532	0.531
c7823372-b451-4159-9cb8-d4de8479bda8	12	80280484	80742427	296	0.6572
c7823372-b451-4159-9cb8-d4de8479bda8	12	80743267	81896204	731	0.5633
c7823372-b451-4159-9cb8-d4de8479bda8	12	81898516	82529096	359	0.5092
c7823372-b451-4159-9cb8-d4de8479bda8	12	82531920	83903475	824	0.4405
c7823372-b451-4159-9cb8-d4de8479bda8	12	83907854	83961926	30	-0.9809
c7823372-b451-4159-9cb8-d4de8479bda8	12	83967683	86848846	1561	0.499
c7823372-b451-4159-9cb8-d4de8479bda8	12	86848861	87381544	255	0.6429
c7823372-b451-4159-9cb8-d4de8479bda8	12	87381571	89126185	980	0.5603
c7823372-b451-4159-9cb8-d4de8479bda8	12	89126223	89642933	274	0.6368
c7823372-b451-4159-9cb8-d4de8479bda8	12	89643565	89894421	142	1.1087
c7823372-b451-4159-9cb8-d4de8479bda8	12	89896230	90491502	367	0.7497
c7823372-b451-4159-9cb8-d4de8479bda8	12	90493061	94761088	2850	0.6362
c7823372-b451-4159-9cb8-d4de8479bda8	12	94762462	97078921	1530	0.5966
c7823372-b451-4159-9cb8-d4de8479bda8	12	97079070	98089404	850	0.5073
c7823372-b451-4159-9cb8-d4de8479bda8	12	98090888	99959831	1054	0.5803
c7823372-b451-4159-9cb8-d4de8479bda8	12	99962489	100397505	199	0.4535
c7823372-b451-4159-9cb8-d4de8479bda8	12	100401452	101116918	448	0.5332
c7823372-b451-4159-9cb8-d4de8479bda8	12	101117173	101143876	62	0.4239
c7823372-b451-4159-9cb8-d4de8479bda8	12	101155434	101574162	258	0.5718
c7823372-b451-4159-9cb8-d4de8479bda8	12	101575569	102483962	516	0.6349
c7823372-b451-4159-9cb8-d4de8479bda8	12	102487777	102954753	314	0.5177
c7823372-b451-4159-9cb8-d4de8479bda8	12	102959504	103696207	492	0.6503
c7823372-b451-4159-9cb8-d4de8479bda8	12	103696339	105124998	1004	0.5657
c7823372-b451-4159-9cb8-d4de8479bda8	12	105125410	105176263	32	0.8226
c7823372-b451-4159-9cb8-d4de8479bda8	12	105177112	106812981	1246	0.5789
c7823372-b451-4159-9cb8-d4de8479bda8	12	106816343	106864566	24	0.7104
c7823372-b451-4159-9cb8-d4de8479bda8	12	106870849	113655016	3729	0.5258
c7823372-b451-4159-9cb8-d4de8479bda8	12	113657234	114430333	417	0.4299
c7823372-b451-4159-9cb8-d4de8479bda8	12	114430487	114772568	215	0.3105
c7823372-b451-4159-9cb8-d4de8479bda8	12	114780717	114924703	36	0.4476
c7823372-b451-4159-9cb8-d4de8479bda8	12	114925946	114935976	6	0.0907
c7823372-b451-4159-9cb8-d4de8479bda8	12	114936357	115235514	255	0.4664
c7823372-b451-4159-9cb8-d4de8479bda8	12	115239171	115293745	82	0.3232
c7823372-b451-4159-9cb8-d4de8479bda8	12	115295187	115705273	385	0.4461
c7823372-b451-4159-9cb8-d4de8479bda8	12	115705322	117362638	1032	0.5507
c7823372-b451-4159-9cb8-d4de8479bda8	12	117362821	119573058	1563	0.4762
c7823372-b451-4159-9cb8-d4de8479bda8	12	119573292	125677379	3082	0.532
c7823372-b451-4159-9cb8-d4de8479bda8	12	125679397	131055296	2465	0.4517
c7823372-b451-4159-9cb8-d4de8479bda8	12	131068546	131889804	457	0.536
c7823372-b451-4159-9cb8-d4de8479bda8	12	131891797	131892538	4	-0.1439
c7823372-b451-4159-9cb8-d4de8479bda8	12	131897456	132605822	119	0.5873
c7823372-b451-4159-9cb8-d4de8479bda8	13	18874255	18949809	40	-0.006
c7823372-b451-4159-9cb8-d4de8479bda8	13	18951045	18977910	21	-0.4183
c7823372-b451-4159-9cb8-d4de8479bda8	13	18978333	24466051	2711	-0.0813
c7823372-b451-4159-9cb8-d4de8479bda8	13	24466066	25717314	695	-0.0155
c7823372-b451-4159-9cb8-d4de8479bda8	13	25717793	27137580	1091	-0.0809
c7823372-b451-4159-9cb8-d4de8479bda8	13	27137956	29053857	1330	-0.0166
c7823372-b451-4159-9cb8-d4de8479bda8	13	29054542	30715953	1214	0.0461
c7823372-b451-4159-9cb8-d4de8479bda8	13	30719170	33450224	1861	-0.0147
c7823372-b451-4159-9cb8-d4de8479bda8	13	33451440	34395031	684	0.0604
c7823372-b451-4159-9cb8-d4de8479bda8	13	34395094	35646302	724	-0.0449
c7823372-b451-4159-9cb8-d4de8479bda8	13	35651027	36553236	678	-0.1225
c7823372-b451-4159-9cb8-d4de8479bda8	13	36553616	39241003	1821	-0.0438
c7823372-b451-4159-9cb8-d4de8479bda8	13	39241423	41506002	1502	0.0261
c7823372-b451-4159-9cb8-d4de8479bda8	13	41509098	42374812	626	0.0909
c7823372-b451-4159-9cb8-d4de8479bda8	13	42377120	43867648	858	0.0115
c7823372-b451-4159-9cb8-d4de8479bda8	13	43867698	44585357	477	0.0921
c7823372-b451-4159-9cb8-d4de8479bda8	13	44587430	45922456	781	0.0035
c7823372-b451-4159-9cb8-d4de8479bda8	13	45923320	47079507	796	0.1149
c7823372-b451-4159-9cb8-d4de8479bda8	13	47079604	47202399	94	0.0212
c7823372-b451-4159-9cb8-d4de8479bda8	13	47203151	48133568	591	-0.0399
c7823372-b451-4159-9cb8-d4de8479bda8	13	48137028	52095889	1706	0.0513
c7823372-b451-4159-9cb8-d4de8479bda8	13	52098678	57507147	2328	-0.0668
c7823372-b451-4159-9cb8-d4de8479bda8	13	57511200	58943641	787	-0.0009
c7823372-b451-4159-9cb8-d4de8479bda8	13	58943845	61760055	1732	-0.0366
c7823372-b451-4159-9cb8-d4de8479bda8	13	61763318	62862667	531	0.0325
c7823372-b451-4159-9cb8-d4de8479bda8	13	62863164	72131158	4560	-0.0612
c7823372-b451-4159-9cb8-d4de8479bda8	13	72131269	74072569	1369	-0.0308
c7823372-b451-4159-9cb8-d4de8479bda8	13	74072922	74473977	320	0.0612
c7823372-b451-4159-9cb8-d4de8479bda8	13	74475405	77007637	1797	-0.0284
c7823372-b451-4159-9cb8-d4de8479bda8	13	77012290	77868192	413	0.0602
c7823372-b451-4159-9cb8-d4de8479bda8	13	77868288	79711423	1219	-0.0347
c7823372-b451-4159-9cb8-d4de8479bda8	13	79713485	90864722	6307	-0.075
c7823372-b451-4159-9cb8-d4de8479bda8	13	90870053	91838352	637	0.0607
c7823372-b451-4159-9cb8-d4de8479bda8	13	91838953	95162031	2323	-0.0602
c7823372-b451-4159-9cb8-d4de8479bda8	13	95164206	95524682	210	-0.1741
c7823372-b451-4159-9cb8-d4de8479bda8	13	95524745	96682055	574	-0.0944
c7823372-b451-4159-9cb8-d4de8479bda8	13	96683994	97571066	561	-0.0122
c7823372-b451-4159-9cb8-d4de8479bda8	13	97573472	98307071	512	-0.0925
c7823372-b451-4159-9cb8-d4de8479bda8	13	98308190	100922595	1632	0.0122
c7823372-b451-4159-9cb8-d4de8479bda8	13	100922817	102628412	1389	-0.0617
c7823372-b451-4159-9cb8-d4de8479bda8	13	102629170	103533585	758	0.0177
c7823372-b451-4159-9cb8-d4de8479bda8	13	103534027	107589574	2627	-0.0837
c7823372-b451-4159-9cb8-d4de8479bda8	13	107590524	108481143	672	0.0337
c7823372-b451-4159-9cb8-d4de8479bda8	13	108483182	108761183	225	-0.0543
c7823372-b451-4159-9cb8-d4de8479bda8	13	108761232	108761274	2	-0.9419
c7823372-b451-4159-9cb8-d4de8479bda8	13	108763329	109557159	620	-0.0731
c7823372-b451-4159-9cb8-d4de8479bda8	13	109557202	110177743	459	-0.138
c7823372-b451-4159-9cb8-d4de8479bda8	13	110178491	110406091	227	-0.0564
c7823372-b451-4159-9cb8-d4de8479bda8	13	110406495	110407858	3	-0.7962
c7823372-b451-4159-9cb8-d4de8479bda8	13	110408688	111513761	765	-0.0331
c7823372-b451-4159-9cb8-d4de8479bda8	13	111515073	112010668	243	-0.1576
c7823372-b451-4159-9cb8-d4de8479bda8	13	112012090	114226675	881	-0.0474
c7823372-b451-4159-9cb8-d4de8479bda8	14	20033191	20797478	510	0.0793
c7823372-b451-4159-9cb8-d4de8479bda8	14	20798547	23750796	868	-0.0183
c7823372-b451-4159-9cb8-d4de8479bda8	14	23750882	25092197	808	0.043
c7823372-b451-4159-9cb8-d4de8479bda8	14	25094880	28339219	1830	-0.028
c7823372-b451-4159-9cb8-d4de8479bda8	14	28339494	29496518	626	0.0693
c7823372-b451-4159-9cb8-d4de8479bda8	14	29496927	34527440	3361	-0.0381
c7823372-b451-4159-9cb8-d4de8479bda8	14	34527508	36484133	951	0.0191
c7823372-b451-4159-9cb8-d4de8479bda8	14	36484376	37138160	548	0.1066
c7823372-b451-4159-9cb8-d4de8479bda8	14	37139198	37344365	96	0.0358
c7823372-b451-4159-9cb8-d4de8479bda8	14	37347572	41359699	2041	-0.03
c7823372-b451-4159-9cb8-d4de8479bda8	14	41360092	42370622	587	0.0363
c7823372-b451-4159-9cb8-d4de8479bda8	14	42370753	46121707	1156	-0.034
c7823372-b451-4159-9cb8-d4de8479bda8	14	46122855	46122974	2	-1.3501
c7823372-b451-4159-9cb8-d4de8479bda8	14	46123697	49124685	1590	-0.0551
c7823372-b451-4159-9cb8-d4de8479bda8	14	49124886	51642118	1574	0.0324
c7823372-b451-4159-9cb8-d4de8479bda8	14	51643099	52493704	650	0.1089
c7823372-b451-4159-9cb8-d4de8479bda8	14	52493759	56317518	2446	0.0024
c7823372-b451-4159-9cb8-d4de8479bda8	14	56317586	58754284	1595	-0.0683
c7823372-b451-4159-9cb8-d4de8479bda8	14	58754591	62487221	2320	0.0499
c7823372-b451-4159-9cb8-d4de8479bda8	14	62487638	64665060	1328	-0.0039
c7823372-b451-4159-9cb8-d4de8479bda8	14	64669085	64796346	107	-0.151
c7823372-b451-4159-9cb8-d4de8479bda8	14	64796416	66246322	872	0.0277
c7823372-b451-4159-9cb8-d4de8479bda8	14	66249441	67664132	619	-0.0535
c7823372-b451-4159-9cb8-d4de8479bda8	14	67666057	69595929	1140	0.0072
c7823372-b451-4159-9cb8-d4de8479bda8	14	69600665	74618113	3102	-0.0544
c7823372-b451-4159-9cb8-d4de8479bda8	14	74618126	76085212	869	0.0232
c7823372-b451-4159-9cb8-d4de8479bda8	14	76085360	79822791	2627	-0.087
c7823372-b451-4159-9cb8-d4de8479bda8	14	79822905	83906484	2632	-0.0306
c7823372-b451-4159-9cb8-d4de8479bda8	14	83910584	90880885	4182	-0.0714
c7823372-b451-4159-9cb8-d4de8479bda8	14	90884122	90986497	55	0.0913
c7823372-b451-4159-9cb8-d4de8479bda8	14	90987055	91415824	258	-0.0322
c7823372-b451-4159-9cb8-d4de8479bda8	14	91424333	91858535	208	0.0412
c7823372-b451-4159-9cb8-d4de8479bda8	14	91858898	93216923	894	-0.0798
c7823372-b451-4159-9cb8-d4de8479bda8	14	93218468	93958769	444	0.0144
c7823372-b451-4159-9cb8-d4de8479bda8	14	93959048	93959357	2	-1.208
c7823372-b451-4159-9cb8-d4de8479bda8	14	93959908	94499500	413	0.0444
c7823372-b451-4159-9cb8-d4de8479bda8	14	94500833	95012291	463	-0.062
c7823372-b451-4159-9cb8-d4de8479bda8	14	95012330	95915077	695	0.0232
c7823372-b451-4159-9cb8-d4de8479bda8	14	95919422	97400093	1037	-0.0612
c7823372-b451-4159-9cb8-d4de8479bda8	14	97401207	101300494	2629	-0.1186
c7823372-b451-4159-9cb8-d4de8479bda8	14	101300858	101817941	240	-0.0462
c7823372-b451-4159-9cb8-d4de8479bda8	14	101820234	101826045	4	-0.5417
c7823372-b451-4159-9cb8-d4de8479bda8	14	101830241	101839725	10	-0.0857
c7823372-b451-4159-9cb8-d4de8479bda8	14	101840831	104073137	1036	-0.0138
c7823372-b451-4159-9cb8-d4de8479bda8	14	104073197	104740797	128	-0.1543
c7823372-b451-4159-9cb8-d4de8479bda8	14	104743870	105533894	235	-0.0314
c7823372-b451-4159-9cb8-d4de8479bda8	15	23437561	27742775	2638	-0.1307
c7823372-b451-4159-9cb8-d4de8479bda8	15	27742842	32842760	825	0.0092
c7823372-b451-4159-9cb8-d4de8479bda8	15	32845576	33950279	999	-0.0847
c7823372-b451-4159-9cb8-d4de8479bda8	15	33950685	38131859	2570	-0.0237
c7823372-b451-4159-9cb8-d4de8479bda8	15	38131982	39077859	699	0.0965
c7823372-b451-4159-9cb8-d4de8479bda8	15	39078173	40328152	816	0.0209
c7823372-b451-4159-9cb8-d4de8479bda8	15	40329500	44301005	1775	-0.0359
c7823372-b451-4159-9cb8-d4de8479bda8	15	44302063	44691924	148	0.0175
c7823372-b451-4159-9cb8-d4de8479bda8	15	44700277	44709589	3	-1.9236
c7823372-b451-4159-9cb8-d4de8479bda8	15	44710916	44715145	8	-4.7195
c7823372-b451-4159-9cb8-d4de8479bda8	15	44716680	45007735	63	0.109
c7823372-b451-4159-9cb8-d4de8479bda8	15	45008658	45702693	336	-0.0562
c7823372-b451-4159-9cb8-d4de8479bda8	15	45706147	48119171	1659	-0.1052
c7823372-b451-4159-9cb8-d4de8479bda8	15	48119624	49893181	1016	-0.05
c7823372-b451-4159-9cb8-d4de8479bda8	15	49895843	49905673	12	0.159
c7823372-b451-4159-9cb8-d4de8479bda8	15	49906284	52133694	1277	-0.0185
c7823372-b451-4159-9cb8-d4de8479bda8	15	52136277	53535856	1026	0.0647
c7823372-b451-4159-9cb8-d4de8479bda8	15	53537872	56478619	1915	-0.0451
c7823372-b451-4159-9cb8-d4de8479bda8	15	56479042	57101910	285	0.0847
c7823372-b451-4159-9cb8-d4de8479bda8	15	57104177	59930803	1913	-0.04
c7823372-b451-4159-9cb8-d4de8479bda8	15	59930989	60219105	202	0.0854
c7823372-b451-4159-9cb8-d4de8479bda8	15	60219330	63221555	2436	-0.0495
c7823372-b451-4159-9cb8-d4de8479bda8	15	63223689	63821810	325	0.0506
c7823372-b451-4159-9cb8-d4de8479bda8	15	63826664	72602289	5233	-0.0353
c7823372-b451-4159-9cb8-d4de8479bda8	15	72610271	73998107	762	-0.1019
c7823372-b451-4159-9cb8-d4de8479bda8	15	73998202	77498358	1551	-0.0048
c7823372-b451-4159-9cb8-d4de8479bda8	15	77502601	78475986	504	-0.0938
c7823372-b451-4159-9cb8-d4de8479bda8	15	78476529	79661899	814	-0.0188
c7823372-b451-4159-9cb8-d4de8479bda8	15	79661962	81809148	1409	0.0534
c7823372-b451-4159-9cb8-d4de8479bda8	15	81809182	92182708	6033	-0.0688
c7823372-b451-4159-9cb8-d4de8479bda8	15	92183073	94968329	1538	0.0109
c7823372-b451-4159-9cb8-d4de8479bda8	15	94970377	97701357	1939	-0.0727
c7823372-b451-4159-9cb8-d4de8479bda8	15	97702353	98720910	746	-0.1717
c7823372-b451-4159-9cb8-d4de8479bda8	15	98722140	99491770	525	-0.0287
c7823372-b451-4159-9cb8-d4de8479bda8	15	99491801	99707349	120	0.1035
c7823372-b451-4159-9cb8-d4de8479bda8	15	99707535	101344124	655	-0.0224
c7823372-b451-4159-9cb8-d4de8479bda8	16	603333	1136465	103	-0.0303
c7823372-b451-4159-9cb8-d4de8479bda8	16	1184871	1184989	2	-1.0935
c7823372-b451-4159-9cb8-d4de8479bda8	16	1185314	4827957	1422	-0.0505
c7823372-b451-4159-9cb8-d4de8479bda8	16	4828401	4828888	3	-1.0585
c7823372-b451-4159-9cb8-d4de8479bda8	16	4833596	4951168	78	0.0204
c7823372-b451-4159-9cb8-d4de8479bda8	16	4954313	8345005	2001	-0.1429
c7823372-b451-4159-9cb8-d4de8479bda8	16	8346580	9715043	952	-0.0733
c7823372-b451-4159-9cb8-d4de8479bda8	16	9715097	12309867	1921	-0.0095
c7823372-b451-4159-9cb8-d4de8479bda8	16	12310159	18924799	1819	-0.0541
c7823372-b451-4159-9cb8-d4de8479bda8	16	18929351	19232516	158	-0.1522
c7823372-b451-4159-9cb8-d4de8479bda8	16	19233205	19554182	223	-0.0413
c7823372-b451-4159-9cb8-d4de8479bda8	16	19555889	20655460	577	-0.1256
c7823372-b451-4159-9cb8-d4de8479bda8	16	20655923	25698393	2221	-0.0359
c7823372-b451-4159-9cb8-d4de8479bda8	16	25699521	26146675	402	-0.1187
c7823372-b451-4159-9cb8-d4de8479bda8	16	26155210	26761810	469	-0.0655
c7823372-b451-4159-9cb8-d4de8479bda8	16	26762616	27676392	581	0.0007
c7823372-b451-4159-9cb8-d4de8479bda8	16	27677014	31838978	1104	-0.0711
c7823372-b451-4159-9cb8-d4de8479bda8	16	31841585	47394008	354	0.0314
c7823372-b451-4159-9cb8-d4de8479bda8	16	47394587	48515099	528	-0.0431
c7823372-b451-4159-9cb8-d4de8479bda8	16	48520338	49810753	978	-0.1143
c7823372-b451-4159-9cb8-d4de8479bda8	16	49813157	50882523	626	-0.044
c7823372-b451-4159-9cb8-d4de8479bda8	16	50885231	54955269	3118	-0.1095
c7823372-b451-4159-9cb8-d4de8479bda8	16	54955736	55208774	191	-0.2403
c7823372-b451-4159-9cb8-d4de8479bda8	16	55209412	55514709	284	-0.1469
c7823372-b451-4159-9cb8-d4de8479bda8	16	55515485	55625426	69	-0.0129
c7823372-b451-4159-9cb8-d4de8479bda8	16	55625546	55900247	203	-0.1554
c7823372-b451-4159-9cb8-d4de8479bda8	16	55902162	58550200	1582	-0.0284
c7823372-b451-4159-9cb8-d4de8479bda8	16	58550278	59251252	437	0.0595
c7823372-b451-4159-9cb8-d4de8479bda8	16	59251278	60149784	572	-0.0093
c7823372-b451-4159-9cb8-d4de8479bda8	16	60154373	66165841	4012	-0.0952
c7823372-b451-4159-9cb8-d4de8479bda8	16	66165993	71357267	2165	-0.0142
c7823372-b451-4159-9cb8-d4de8479bda8	16	71357344	71386674	21	-0.3303
c7823372-b451-4159-9cb8-d4de8479bda8	16	71387766	72223641	427	-0.0105
c7823372-b451-4159-9cb8-d4de8479bda8	16	72223800	77157642	3048	-0.0555
c7823372-b451-4159-9cb8-d4de8479bda8	16	77157782	77194969	7	-0.4857
c7823372-b451-4159-9cb8-d4de8479bda8	16	77195440	78959079	1530	-0.1077
c7823372-b451-4159-9cb8-d4de8479bda8	16	78962953	79042493	118	-0.3206
c7823372-b451-4159-9cb8-d4de8479bda8	16	79042809	82457786	2890	-0.0109
c7823372-b451-4159-9cb8-d4de8479bda8	16	82457921	85499634	1906	-0.1029
c7823372-b451-4159-9cb8-d4de8479bda8	16	85500418	86401838	693	0.0151
c7823372-b451-4159-9cb8-d4de8479bda8	16	86403712	87341318	877	-0.0937
c7823372-b451-4159-9cb8-d4de8479bda8	16	87343513	88255683	422	0.0023
c7823372-b451-4159-9cb8-d4de8479bda8	16	88257950	88424061	58	-0.1632
c7823372-b451-4159-9cb8-d4de8479bda8	16	88424229	89317317	56	-0.0444
c7823372-b451-4159-9cb8-d4de8479bda8	17	1074619	5807245	2116	-0.0352
c7823372-b451-4159-9cb8-d4de8479bda8	17	5810087	6795890	752	-0.1209
c7823372-b451-4159-9cb8-d4de8479bda8	17	6796625	8817967	927	-0.0439
c7823372-b451-4159-9cb8-d4de8479bda8	17	8818290	10413569	1062	-0.1878
c7823372-b451-4159-9cb8-d4de8479bda8	17	10421663	11493793	801	-0.1229
c7823372-b451-4159-9cb8-d4de8479bda8	17	11494108	11954872	322	-0.0422
c7823372-b451-4159-9cb8-d4de8479bda8	17	11957165	12924845	645	0.0948
c7823372-b451-4159-9cb8-d4de8479bda8	17	12926936	33187749	6033	-0.0385
c7823372-b451-4159-9cb8-d4de8479bda8	17	33187893	36981067	1587	-0.1014
c7823372-b451-4159-9cb8-d4de8479bda8	17	36981746	43493801	2862	-0.0275
c7823372-b451-4159-9cb8-d4de8479bda8	17	43495981	43811137	215	-0.1526
c7823372-b451-4159-9cb8-d4de8479bda8	17	43812003	43814671	3	-1.07
c7823372-b451-4159-9cb8-d4de8479bda8	17	43814830	43975279	89	-0.1359
c7823372-b451-4159-9cb8-d4de8479bda8	17	43976486	44953311	413	-0.0551
c7823372-b451-4159-9cb8-d4de8479bda8	17	44955892	44956839	3	-0.6959
c7823372-b451-4159-9cb8-d4de8479bda8	17	44967312	48763179	1193	-0.0143
c7823372-b451-4159-9cb8-d4de8479bda8	17	48764631	49551633	440	-0.1186
c7823372-b451-4159-9cb8-d4de8479bda8	17	49552921	54716914	2718	-0.0498
c7823372-b451-4159-9cb8-d4de8479bda8	17	54717114	55862300	891	0.064
c7823372-b451-4159-9cb8-d4de8479bda8	17	55865076	60356516	2672	-0.0158
c7823372-b451-4159-9cb8-d4de8479bda8	17	60360805	61491181	601	-0.1002
c7823372-b451-4159-9cb8-d4de8479bda8	17	61493010	66087019	2229	-0.0347
c7823372-b451-4159-9cb8-d4de8479bda8	17	66087570	67057315	663	-0.1208
c7823372-b451-4159-9cb8-d4de8479bda8	17	67063172	70933294	2373	-0.0106
c7823372-b451-4159-9cb8-d4de8479bda8	17	70934670	72995645	1665	-0.1107
c7823372-b451-4159-9cb8-d4de8479bda8	17	72996427	73336673	218	0.0081
c7823372-b451-4159-9cb8-d4de8479bda8	17	73339628	74954566	473	-0.1396
c7823372-b451-4159-9cb8-d4de8479bda8	17	74954832	82959812	3305	-0.0463
c7823372-b451-4159-9cb8-d4de8479bda8	18	326691	1623754	506	0.5323
c7823372-b451-4159-9cb8-d4de8479bda8	18	1624598	3829144	1040	0.6457
c7823372-b451-4159-9cb8-d4de8479bda8	18	3829406	3830194	4	-0.1231
c7823372-b451-4159-9cb8-d4de8479bda8	18	3830238	4359632	432	0.6272
c7823372-b451-4159-9cb8-d4de8479bda8	18	4360028	4638937	204	0.554
c7823372-b451-4159-9cb8-d4de8479bda8	18	4639069	6997819	1176	0.4902
c7823372-b451-4159-9cb8-d4de8479bda8	18	6999055	7774726	545	0.4169
c7823372-b451-4159-9cb8-d4de8479bda8	18	7774935	8588263	642	0.5548
c7823372-b451-4159-9cb8-d4de8479bda8	18	8588864	9457713	594	0.6485
c7823372-b451-4159-9cb8-d4de8479bda8	18	9457940	10708975	994	0.5338
c7823372-b451-4159-9cb8-d4de8479bda8	18	10709602	11430174	511	0.6163
c7823372-b451-4159-9cb8-d4de8479bda8	18	11430351	13465724	1136	0.5426
c7823372-b451-4159-9cb8-d4de8479bda8	18	13467246	13853481	270	0.6865
c7823372-b451-4159-9cb8-d4de8479bda8	18	13855984	23064520	1166	0.5286
c7823372-b451-4159-9cb8-d4de8479bda8	18	23065349	24318884	759	0.5911
c7823372-b451-4159-9cb8-d4de8479bda8	18	24320484	25726696	1006	0.5085
c7823372-b451-4159-9cb8-d4de8479bda8	18	25727076	28246573	1618	0.6333
c7823372-b451-4159-9cb8-d4de8479bda8	18	28246998	32594407	2621	0.5372
c7823372-b451-4159-9cb8-d4de8479bda8	18	32594948	33276340	437	0.6634
c7823372-b451-4159-9cb8-d4de8479bda8	18	33276411	33335094	38	0.4035
c7823372-b451-4159-9cb8-d4de8479bda8	18	33337839	34236989	513	0.6601
c7823372-b451-4159-9cb8-d4de8479bda8	18	34238824	35500232	723	0.5826
c7823372-b451-4159-9cb8-d4de8479bda8	18	35501190	35501196	2	-0.6601
c7823372-b451-4159-9cb8-d4de8479bda8	18	35501777	36634501	718	0.5721
c7823372-b451-4159-9cb8-d4de8479bda8	18	36636441	37622303	644	0.4639
c7823372-b451-4159-9cb8-d4de8479bda8	18	37629693	39321841	1113	0.6008
c7823372-b451-4159-9cb8-d4de8479bda8	18	39323659	43134881	2212	0.5143
c7823372-b451-4159-9cb8-d4de8479bda8	18	43135420	43646732	201	0.5645
c7823372-b451-4159-9cb8-d4de8479bda8	18	43646792	45376852	1091	0.6163
c7823372-b451-4159-9cb8-d4de8479bda8	18	45377082	47269305	1108	0.5443
c7823372-b451-4159-9cb8-d4de8479bda8	18	47271713	48674597	1132	0.4756
c7823372-b451-4159-9cb8-d4de8479bda8	18	48674681	49380951	426	0.5877
c7823372-b451-4159-9cb8-d4de8479bda8	18	49381550	50185189	561	0.5025
c7823372-b451-4159-9cb8-d4de8479bda8	18	50185593	51450290	960	0.5702
c7823372-b451-4159-9cb8-d4de8479bda8	18	51454306	52685017	835	0.642
c7823372-b451-4159-9cb8-d4de8479bda8	18	52686279	53896021	760	0.5654
c7823372-b451-4159-9cb8-d4de8479bda8	18	53897924	54170678	178	0.6393
c7823372-b451-4159-9cb8-d4de8479bda8	18	54171805	56360925	1331	0.7007
c7823372-b451-4159-9cb8-d4de8479bda8	18	56364259	61111446	3086	0.6159
c7823372-b451-4159-9cb8-d4de8479bda8	18	61111741	62030363	677	0.5281
c7823372-b451-4159-9cb8-d4de8479bda8	18	62031477	65161061	1964	0.6102
c7823372-b451-4159-9cb8-d4de8479bda8	18	65168386	69504862	2187	0.5202
c7823372-b451-4159-9cb8-d4de8479bda8	18	69506040	70266469	444	0.599
c7823372-b451-4159-9cb8-d4de8479bda8	18	70266635	71319758	625	0.4742
c7823372-b451-4159-9cb8-d4de8479bda8	18	71319869	76852723	2217	0.54
c7823372-b451-4159-9cb8-d4de8479bda8	18	76854802	77767298	681	0.6237
c7823372-b451-4159-9cb8-d4de8479bda8	18	77768343	79349796	888	0.5374
c7823372-b451-4159-9cb8-d4de8479bda8	19	283868	6684797	1833	-0.0749
c7823372-b451-4159-9cb8-d4de8479bda8	19	6685000	9958837	1499	-0.1432
c7823372-b451-4159-9cb8-d4de8479bda8	19	9961234	21069332	4410	-0.0692
c7823372-b451-4159-9cb8-d4de8479bda8	19	21070245	27920622	1408	-0.1427
c7823372-b451-4159-9cb8-d4de8479bda8	19	27921063	29074127	939	0.0428
c7823372-b451-4159-9cb8-d4de8479bda8	19	29074590	30461899	1019	-0.0832
c7823372-b451-4159-9cb8-d4de8479bda8	19	30462143	33895324	2323	-0.1524
c7823372-b451-4159-9cb8-d4de8479bda8	19	33895361	38832397	2626	-0.0638
c7823372-b451-4159-9cb8-d4de8479bda8	19	38836219	40270253	649	0.5076
c7823372-b451-4159-9cb8-d4de8479bda8	19	40270276	40281420	37	0.2606
c7823372-b451-4159-9cb8-d4de8479bda8	19	40281533	41528632	501	0.4728
c7823372-b451-4159-9cb8-d4de8479bda8	19	41530433	41899963	182	0.5972
c7823372-b451-4159-9cb8-d4de8479bda8	19	41901753	42024542	36	0.4363
c7823372-b451-4159-9cb8-d4de8479bda8	19	42030027	42296199	77	0.9023
c7823372-b451-4159-9cb8-d4de8479bda8	19	42296468	58370362	6615	0.5061
c7823372-b451-4159-9cb8-d4de8479bda8	20	472817	535235	39	-0.0074
c7823372-b451-4159-9cb8-d4de8479bda8	20	535780	1215468	365	-0.1579
c7823372-b451-4159-9cb8-d4de8479bda8	20	1223558	4490775	2058	-0.0652
c7823372-b451-4159-9cb8-d4de8479bda8	20	4491433	6389317	1121	0.0088
c7823372-b451-4159-9cb8-d4de8479bda8	20	6389406	14701217	5482	-0.09
c7823372-b451-4159-9cb8-d4de8479bda8	20	14705203	18576348	2897	-0.0314
c7823372-b451-4159-9cb8-d4de8479bda8	20	18576747	19950247	1174	-0.0834
c7823372-b451-4159-9cb8-d4de8479bda8	20	19951246	20984397	759	0.0039
c7823372-b451-4159-9cb8-d4de8479bda8	20	20986578	25550029	2836	-0.1147
c7823372-b451-4159-9cb8-d4de8479bda8	20	25552858	32533761	825	-0.0485
c7823372-b451-4159-9cb8-d4de8479bda8	20	32534278	33348806	521	-0.1092
c7823372-b451-4159-9cb8-d4de8479bda8	20	33350240	39542543	3223	-0.0356
c7823372-b451-4159-9cb8-d4de8479bda8	20	39543790	41714702	1418	0.0123
c7823372-b451-4159-9cb8-d4de8479bda8	20	41716257	42931885	993	-0.0992
c7823372-b451-4159-9cb8-d4de8479bda8	20	42933180	51882847	5780	-0.0341
c7823372-b451-4159-9cb8-d4de8479bda8	20	51886523	52630133	479	-0.1095
c7823372-b451-4159-9cb8-d4de8479bda8	20	52631632	52788594	130	-0.0407
c7823372-b451-4159-9cb8-d4de8479bda8	20	52790572	54627659	1301	0.0141
c7823372-b451-4159-9cb8-d4de8479bda8	20	54630160	59590662	3713	-0.0648
c7823372-b451-4159-9cb8-d4de8479bda8	20	59590797	62019830	1857	-0.1795
c7823372-b451-4159-9cb8-d4de8479bda8	20	62023004	63588502	585	-0.0549
c7823372-b451-4159-9cb8-d4de8479bda8	21	13974127	14867964	577	0.092
c7823372-b451-4159-9cb8-d4de8479bda8	21	14869166	21867294	4575	-0.0432
c7823372-b451-4159-9cb8-d4de8479bda8	21	21867443	24851350	1601	0.0152
c7823372-b451-4159-9cb8-d4de8479bda8	21	24851581	25752753	558	0.1172
c7823372-b451-4159-9cb8-d4de8479bda8	21	25755320	25892272	45	0.015
c7823372-b451-4159-9cb8-d4de8479bda8	21	25894163	28416439	1848	-0.0459
c7823372-b451-4159-9cb8-d4de8479bda8	21	28417219	31098803	1754	0.0351
c7823372-b451-4159-9cb8-d4de8479bda8	21	31099880	31218006	83	-0.03
c7823372-b451-4159-9cb8-d4de8479bda8	21	31218884	32568384	919	-0.1097
c7823372-b451-4159-9cb8-d4de8479bda8	21	32572940	32575470	3	-1.1337
c7823372-b451-4159-9cb8-d4de8479bda8	21	32576063	32634788	37	-0.1358
c7823372-b451-4159-9cb8-d4de8479bda8	21	32636222	33768754	653	-0.0092
c7823372-b451-4159-9cb8-d4de8479bda8	21	33770444	35138485	924	0.0472
c7823372-b451-4159-9cb8-d4de8479bda8	21	35140550	35419189	235	0.1407
c7823372-b451-4159-9cb8-d4de8479bda8	21	35421587	35697691	233	0.079
c7823372-b451-4159-9cb8-d4de8479bda8	21	35698141	37153303	833	-0.0085
c7823372-b451-4159-9cb8-d4de8479bda8	21	37154999	37265424	49	0.0849
c7823372-b451-4159-9cb8-d4de8479bda8	21	37266276	39146853	1569	-0.0951
c7823372-b451-4159-9cb8-d4de8479bda8	21	39149164	39654418	242	0.0215
c7823372-b451-4159-9cb8-d4de8479bda8	21	39659683	41553100	1698	-0.0819
c7823372-b451-4159-9cb8-d4de8479bda8	21	41555162	44700585	1544	-0.0047
c7823372-b451-4159-9cb8-d4de8479bda8	21	44700760	46262057	623	-0.0928
c7823372-b451-4159-9cb8-d4de8479bda8	22	16934932	26948912	2983	-0.0414
c7823372-b451-4159-9cb8-d4de8479bda8	22	26953193	27411558	544	-0.1037
c7823372-b451-4159-9cb8-d4de8479bda8	22	27411612	27685134	277	-0.2107
c7823372-b451-4159-9cb8-d4de8479bda8	22	27685206	28152233	258	-0.1285
c7823372-b451-4159-9cb8-d4de8479bda8	22	28152979	30344159	1184	-0.0352
c7823372-b451-4159-9cb8-d4de8479bda8	22	30344484	34860930	3325	-0.0925
c7823372-b451-4159-9cb8-d4de8479bda8	22	34861369	43293978	4340	-0.0376
c7823372-b451-4159-9cb8-d4de8479bda8	22	43295789	44850591	1210	-0.1558
c7823372-b451-4159-9cb8-d4de8479bda8	22	44852334	45103028	180	-0.0992
c7823372-b451-4159-9cb8-d4de8479bda8	22	45106652	46705175	957	-0.0441
c7823372-b451-4159-9cb8-d4de8479bda8	22	46706495	47004768	231	0.0699
c7823372-b451-4159-9cb8-d4de8479bda8	22	47004800	47372083	287	-0.0415
c7823372-b451-4159-9cb8-d4de8479bda8	22	47372143	47650811	228	-0.126
c7823372-b451-4159-9cb8-d4de8479bda8	22	47651382	47976242	238	-0.0323
c7823372-b451-4159-9cb8-d4de8479bda8	22	47976469	48022763	47	0.1303
c7823372-b451-4159-9cb8-d4de8479bda8	22	48022824	48308985	294	-0.0301
c7823372-b451-4159-9cb8-d4de8479bda8	22	48310343	48940621	501	-0.1543
c7823372-b451-4159-9cb8-d4de8479bda8	X	3236359	8849293	916	-0.0545
c7823372-b451-4159-9cb8-d4de8479bda8	X	8849622	12270074	2076	0.0442
c7823372-b451-4159-9cb8-d4de8479bda8	X	12272503	12450458	161	0.175
c7823372-b451-4159-9cb8-d4de8479bda8	X	12453814	12555648	88	-0.0064
c7823372-b451-4159-9cb8-d4de8479bda8	X	12556225	13424100	427	0.1591
c7823372-b451-4159-9cb8-d4de8479bda8	X	13424445	17247407	2037	0.0513
c7823372-b451-4159-9cb8-d4de8479bda8	X	17247887	19598942	807	-0.0712
c7823372-b451-4159-9cb8-d4de8479bda8	X	19600238	25204065	2902	0.0631
c7823372-b451-4159-9cb8-d4de8479bda8	X	25207335	30153610	2669	-0.0269
c7823372-b451-4159-9cb8-d4de8479bda8	X	30153744	32672857	1477	0.1388
c7823372-b451-4159-9cb8-d4de8479bda8	X	32673211	49638845	7002	0.0304
c7823372-b451-4159-9cb8-d4de8479bda8	X	49639878	68162493	5109	-0.0263
c7823372-b451-4159-9cb8-d4de8479bda8	X	68163049	69758262	819	-0.138
c7823372-b451-4159-9cb8-d4de8479bda8	X	69758413	70656886	303	-0.0375
c7823372-b451-4159-9cb8-d4de8479bda8	X	70660383	72342036	668	0.0606
c7823372-b451-4159-9cb8-d4de8479bda8	X	72342327	78419741	1667	-0.0133
c7823372-b451-4159-9cb8-d4de8479bda8	X	78423209	80102590	888	0.0726
c7823372-b451-4159-9cb8-d4de8479bda8	X	80104575	100370460	8254	-0.0433
c7823372-b451-4159-9cb8-d4de8479bda8	X	100371134	101927764	754	0.0593
c7823372-b451-4159-9cb8-d4de8479bda8	X	101937191	106651792	2101	-0.0627
c7823372-b451-4159-9cb8-d4de8479bda8	X	106653154	124715822	8697	0.0169
c7823372-b451-4159-9cb8-d4de8479bda8	X	124716034	129450497	2065	-0.0466
c7823372-b451-4159-9cb8-d4de8479bda8	X	129454850	129910146	294	0.0939
c7823372-b451-4159-9cb8-d4de8479bda8	X	129911680	129914730	3	-0.7996
c7823372-b451-4159-9cb8-d4de8479bda8	X	129914782	131223861	634	0.143
c7823372-b451-4159-9cb8-d4de8479bda8	X	131226885	132767494	499	0.007
c7823372-b451-4159-9cb8-d4de8479bda8	X	132776001	132776751	2	-2.5621
c7823372-b451-4159-9cb8-d4de8479bda8	X	132778845	133430390	324	-0.1054
c7823372-b451-4159-9cb8-d4de8479bda8	X	133436873	137301937	1549	0.0368
c7823372-b451-4159-9cb8-d4de8479bda8	X	137302674	139156593	1054	-0.0459
c7823372-b451-4159-9cb8-d4de8479bda8	X	139156693	140427857	363	0.0527
c7823372-b451-4159-9cb8-d4de8479bda8	X	140429262	147554072	3730	-0.0802
c7823372-b451-4159-9cb8-d4de8479bda8	X	147554424	151682619	2141	0.0162
c7823372-b451-4159-9cb8-d4de8479bda8	X	151682758	152130836	303	-0.1115
c7823372-b451-4159-9cb8-d4de8479bda8	X	152130872	155677414	597	0.0406
