qc_section	group_name	feature_name	metric	value
global	carcinoma_all	ALL	n_projects	20
global	carcinoma_all	ALL	n_raw_biologic_features	52
global	carcinoma_all	ALL	n_features_retained	52
global	carcinoma_all	ALL	n_features_dropped	0
global	carcinoma_all	ALL	tree_attempted	TRUE
global	carcinoma_all	ALL	reason_or_warning	none
global	carcinoma_all	ALL	bootstrap_iterations_completed	100
per_feature	carcinoma_all	median_DNA_repair_score	missing_fraction	0
per_feature	carcinoma_all	median_DNA_repair_score	n_missing_projects	0
per_feature	carcinoma_all	median_DNA_repair_score	n_unique_non_missing	20
per_feature	carcinoma_all	median_DNA_repair_score	raw_sd	0.446757540168132
per_feature	carcinoma_all	median_DNA_repair_score	imputed_value	-0.0116359480971806
per_feature	carcinoma_all	median_DNA_repair_score	n_imputed_values	0
per_feature	carcinoma_all	median_DNA_repair_score	retained_for_group_tree	TRUE
per_feature	carcinoma_all	median_DNA_repair_score	drop_reason	
per_feature	carcinoma_all	median_EMT_score	missing_fraction	0
per_feature	carcinoma_all	median_EMT_score	n_missing_projects	0
per_feature	carcinoma_all	median_EMT_score	n_unique_non_missing	20
per_feature	carcinoma_all	median_EMT_score	raw_sd	0.192045627108912
per_feature	carcinoma_all	median_EMT_score	imputed_value	-0.250186518337971
per_feature	carcinoma_all	median_EMT_score	n_imputed_values	0
per_feature	carcinoma_all	median_EMT_score	retained_for_group_tree	TRUE
per_feature	carcinoma_all	median_EMT_score	drop_reason	
per_feature	carcinoma_all	median_aneuploidy_score	missing_fraction	0
per_feature	carcinoma_all	median_aneuploidy_score	n_missing_projects	0
per_feature	carcinoma_all	median_aneuploidy_score	n_unique_non_missing	13
per_feature	carcinoma_all	median_aneuploidy_score	raw_sd	4.77355654677549
per_feature	carcinoma_all	median_aneuploidy_score	imputed_value	10
per_feature	carcinoma_all	median_aneuploidy_score	n_imputed_values	0
per_feature	carcinoma_all	median_aneuploidy_score	retained_for_group_tree	TRUE
per_feature	carcinoma_all	median_aneuploidy_score	drop_reason	
per_feature	carcinoma_all	median_angiogenesis_score	missing_fraction	0
per_feature	carcinoma_all	median_angiogenesis_score	n_missing_projects	0
per_feature	carcinoma_all	median_angiogenesis_score	n_unique_non_missing	20
per_feature	carcinoma_all	median_angiogenesis_score	raw_sd	0.762090420369623
per_feature	carcinoma_all	median_angiogenesis_score	imputed_value	-0.25973943970274
per_feature	carcinoma_all	median_angiogenesis_score	n_imputed_values	0
per_feature	carcinoma_all	median_angiogenesis_score	retained_for_group_tree	TRUE
per_feature	carcinoma_all	median_angiogenesis_score	drop_reason	
per_feature	carcinoma_all	median_arm_gain_count	missing_fraction	0
per_feature	carcinoma_all	median_arm_gain_count	n_missing_projects	0
per_feature	carcinoma_all	median_arm_gain_count	n_unique_non_missing	7
per_feature	carcinoma_all	median_arm_gain_count	raw_sd	1.99736668746891
per_feature	carcinoma_all	median_arm_gain_count	imputed_value	3.5
per_feature	carcinoma_all	median_arm_gain_count	n_imputed_values	0
per_feature	carcinoma_all	median_arm_gain_count	retained_for_group_tree	TRUE
per_feature	carcinoma_all	median_arm_gain_count	drop_reason	
per_feature	carcinoma_all	median_arm_loss_count	missing_fraction	0
per_feature	carcinoma_all	median_arm_loss_count	n_missing_projects	0
per_feature	carcinoma_all	median_arm_loss_count	n_unique_non_missing	11
per_feature	carcinoma_all	median_arm_loss_count	raw_sd	3.40433160608812
per_feature	carcinoma_all	median_arm_loss_count	imputed_value	6
per_feature	carcinoma_all	median_arm_loss_count	n_imputed_values	0
per_feature	carcinoma_all	median_arm_loss_count	retained_for_group_tree	TRUE
per_feature	carcinoma_all	median_arm_loss_count	drop_reason	
per_feature	carcinoma_all	median_cell_cycle_score	missing_fraction	0
per_feature	carcinoma_all	median_cell_cycle_score	n_missing_projects	0
per_feature	carcinoma_all	median_cell_cycle_score	n_unique_non_missing	20
per_feature	carcinoma_all	median_cell_cycle_score	raw_sd	0.652778777544865
per_feature	carcinoma_all	median_cell_cycle_score	imputed_value	0.0101311966022055
per_feature	carcinoma_all	median_cell_cycle_score	n_imputed_values	0
per_feature	carcinoma_all	median_cell_cycle_score	retained_for_group_tree	TRUE
per_feature	carcinoma_all	median_cell_cycle_score	drop_reason	
per_feature	carcinoma_all	median_cytotoxic_t_cell_score	missing_fraction	0
per_feature	carcinoma_all	median_cytotoxic_t_cell_score	n_missing_projects	0
per_feature	carcinoma_all	median_cytotoxic_t_cell_score	n_unique_non_missing	20
per_feature	carcinoma_all	median_cytotoxic_t_cell_score	raw_sd	0.0970663530954612
per_feature	carcinoma_all	median_cytotoxic_t_cell_score	imputed_value	-0.21034119168255
per_feature	carcinoma_all	median_cytotoxic_t_cell_score	n_imputed_values	0
per_feature	carcinoma_all	median_cytotoxic_t_cell_score	retained_for_group_tree	TRUE
per_feature	carcinoma_all	median_cytotoxic_t_cell_score	drop_reason	
per_feature	carcinoma_all	median_epithelial_score	missing_fraction	0
per_feature	carcinoma_all	median_epithelial_score	n_missing_projects	0
per_feature	carcinoma_all	median_epithelial_score	n_unique_non_missing	20
per_feature	carcinoma_all	median_epithelial_score	raw_sd	0.445273011731841
per_feature	carcinoma_all	median_epithelial_score	imputed_value	0.116188076014344
per_feature	carcinoma_all	median_epithelial_score	n_imputed_values	0
per_feature	carcinoma_all	median_epithelial_score	retained_for_group_tree	TRUE
per_feature	carcinoma_all	median_epithelial_score	drop_reason	
per_feature	carcinoma_all	median_hypoxia_score	missing_fraction	0
per_feature	carcinoma_all	median_hypoxia_score	n_missing_projects	0
per_feature	carcinoma_all	median_hypoxia_score	n_unique_non_missing	20
per_feature	carcinoma_all	median_hypoxia_score	raw_sd	0.503139232924559
per_feature	carcinoma_all	median_hypoxia_score	imputed_value	-0.119579499404212
per_feature	carcinoma_all	median_hypoxia_score	n_imputed_values	0
per_feature	carcinoma_all	median_hypoxia_score	retained_for_group_tree	TRUE
per_feature	carcinoma_all	median_hypoxia_score	drop_reason	
per_feature	carcinoma_all	median_immune_inflammatory_score	missing_fraction	0
per_feature	carcinoma_all	median_immune_inflammatory_score	n_missing_projects	0
per_feature	carcinoma_all	median_immune_inflammatory_score	n_unique_non_missing	20
per_feature	carcinoma_all	median_immune_inflammatory_score	raw_sd	0.0889319888848504
per_feature	carcinoma_all	median_immune_inflammatory_score	imputed_value	-0.211122611485057
per_feature	carcinoma_all	median_immune_inflammatory_score	n_imputed_values	0
per_feature	carcinoma_all	median_immune_inflammatory_score	retained_for_group_tree	TRUE
per_feature	carcinoma_all	median_immune_inflammatory_score	drop_reason	
per_feature	carcinoma_all	median_interferon_gamma_score	missing_fraction	0
per_feature	carcinoma_all	median_interferon_gamma_score	n_missing_projects	0
per_feature	carcinoma_all	median_interferon_gamma_score	n_unique_non_missing	20
per_feature	carcinoma_all	median_interferon_gamma_score	raw_sd	0.179190501291461
per_feature	carcinoma_all	median_interferon_gamma_score	imputed_value	-0.214843961104922
per_feature	carcinoma_all	median_interferon_gamma_score	n_imputed_values	0
per_feature	carcinoma_all	median_interferon_gamma_score	retained_for_group_tree	TRUE
per_feature	carcinoma_all	median_interferon_gamma_score	drop_reason	
per_feature	carcinoma_all	median_lineage_or_tissue_PC1	missing_fraction	0
per_feature	carcinoma_all	median_lineage_or_tissue_PC1	n_missing_projects	0
per_feature	carcinoma_all	median_lineage_or_tissue_PC1	n_unique_non_missing	20
per_feature	carcinoma_all	median_lineage_or_tissue_PC1	raw_sd	2.71244100456623
per_feature	carcinoma_all	median_lineage_or_tissue_PC1	imputed_value	-0.0143710923739905
per_feature	carcinoma_all	median_lineage_or_tissue_PC1	n_imputed_values	0
per_feature	carcinoma_all	median_lineage_or_tissue_PC1	retained_for_group_tree	TRUE
per_feature	carcinoma_all	median_lineage_or_tissue_PC1	drop_reason	
per_feature	carcinoma_all	median_lineage_or_tissue_PC2	missing_fraction	0
per_feature	carcinoma_all	median_lineage_or_tissue_PC2	n_missing_projects	0
per_feature	carcinoma_all	median_lineage_or_tissue_PC2	n_unique_non_missing	20
per_feature	carcinoma_all	median_lineage_or_tissue_PC2	raw_sd	1.73789289311918
per_feature	carcinoma_all	median_lineage_or_tissue_PC2	imputed_value	1.08761424624956
per_feature	carcinoma_all	median_lineage_or_tissue_PC2	n_imputed_values	0
per_feature	carcinoma_all	median_lineage_or_tissue_PC2	retained_for_group_tree	TRUE
per_feature	carcinoma_all	median_lineage_or_tissue_PC2	drop_reason	
per_feature	carcinoma_all	median_ploidy	missing_fraction	0
per_feature	carcinoma_all	median_ploidy	n_missing_projects	0
per_feature	carcinoma_all	median_ploidy	n_unique_non_missing	18
per_feature	carcinoma_all	median_ploidy	raw_sd	0.343837763915974
per_feature	carcinoma_all	median_ploidy	imputed_value	2.14
per_feature	carcinoma_all	median_ploidy	n_imputed_values	0
per_feature	carcinoma_all	median_ploidy	retained_for_group_tree	TRUE
per_feature	carcinoma_all	median_ploidy	drop_reason	
per_feature	carcinoma_all	median_proliferation_score	missing_fraction	0
per_feature	carcinoma_all	median_proliferation_score	n_missing_projects	0
per_feature	carcinoma_all	median_proliferation_score	n_unique_non_missing	20
per_feature	carcinoma_all	median_proliferation_score	raw_sd	0.650721414532371
per_feature	carcinoma_all	median_proliferation_score	imputed_value	-0.007932424770851
per_feature	carcinoma_all	median_proliferation_score	n_imputed_values	0
per_feature	carcinoma_all	median_proliferation_score	retained_for_group_tree	TRUE
per_feature	carcinoma_all	median_proliferation_score	drop_reason	
per_feature	carcinoma_all	median_purity	missing_fraction	0
per_feature	carcinoma_all	median_purity	n_missing_projects	0
per_feature	carcinoma_all	median_purity	n_unique_non_missing	17
per_feature	carcinoma_all	median_purity	raw_sd	0.123262663489502
per_feature	carcinoma_all	median_purity	imputed_value	0.635
per_feature	carcinoma_all	median_purity	n_imputed_values	0
per_feature	carcinoma_all	median_purity	retained_for_group_tree	TRUE
per_feature	carcinoma_all	median_purity	drop_reason	
per_feature	carcinoma_all	median_stromal_score	missing_fraction	0
per_feature	carcinoma_all	median_stromal_score	n_missing_projects	0
per_feature	carcinoma_all	median_stromal_score	n_unique_non_missing	20
per_feature	carcinoma_all	median_stromal_score	raw_sd	0.261045283127916
per_feature	carcinoma_all	median_stromal_score	imputed_value	-0.21608856167466
per_feature	carcinoma_all	median_stromal_score	n_imputed_values	0
per_feature	carcinoma_all	median_stromal_score	retained_for_group_tree	TRUE
per_feature	carcinoma_all	median_stromal_score	drop_reason	
per_feature	carcinoma_all	median_total_arm_alteration_count	missing_fraction	0
per_feature	carcinoma_all	median_total_arm_alteration_count	n_missing_projects	0
per_feature	carcinoma_all	median_total_arm_alteration_count	n_unique_non_missing	13
per_feature	carcinoma_all	median_total_arm_alteration_count	raw_sd	4.77355654677549
per_feature	carcinoma_all	median_total_arm_alteration_count	imputed_value	10
per_feature	carcinoma_all	median_total_arm_alteration_count	n_imputed_values	0
per_feature	carcinoma_all	median_total_arm_alteration_count	retained_for_group_tree	TRUE
per_feature	carcinoma_all	median_total_arm_alteration_count	drop_reason	
per_feature	carcinoma_all	mutation_prevalence_ALK	missing_fraction	0
per_feature	carcinoma_all	mutation_prevalence_ALK	n_missing_projects	0
per_feature	carcinoma_all	mutation_prevalence_ALK	n_unique_non_missing	20
per_feature	carcinoma_all	mutation_prevalence_ALK	raw_sd	0.0242322426927511
per_feature	carcinoma_all	mutation_prevalence_ALK	imputed_value	0.0244646894533848
per_feature	carcinoma_all	mutation_prevalence_ALK	n_imputed_values	0
per_feature	carcinoma_all	mutation_prevalence_ALK	retained_for_group_tree	TRUE
per_feature	carcinoma_all	mutation_prevalence_ALK	drop_reason	
per_feature	carcinoma_all	mutation_prevalence_APC	missing_fraction	0
per_feature	carcinoma_all	mutation_prevalence_APC	n_missing_projects	0
per_feature	carcinoma_all	mutation_prevalence_APC	n_unique_non_missing	20
per_feature	carcinoma_all	mutation_prevalence_APC	raw_sd	0.223977045396858
per_feature	carcinoma_all	mutation_prevalence_APC	imputed_value	0.0353572750833024
per_feature	carcinoma_all	mutation_prevalence_APC	n_imputed_values	0
per_feature	carcinoma_all	mutation_prevalence_APC	retained_for_group_tree	TRUE
per_feature	carcinoma_all	mutation_prevalence_APC	drop_reason	
per_feature	carcinoma_all	mutation_prevalence_ARID1A	missing_fraction	0
per_feature	carcinoma_all	mutation_prevalence_ARID1A	n_missing_projects	0
per_feature	carcinoma_all	mutation_prevalence_ARID1A	n_unique_non_missing	20
per_feature	carcinoma_all	mutation_prevalence_ARID1A	raw_sd	0.106812459678692
per_feature	carcinoma_all	mutation_prevalence_ARID1A	imputed_value	0.0605570362783552
per_feature	carcinoma_all	mutation_prevalence_ARID1A	n_imputed_values	0
per_feature	carcinoma_all	mutation_prevalence_ARID1A	retained_for_group_tree	TRUE
per_feature	carcinoma_all	mutation_prevalence_ARID1A	drop_reason	
per_feature	carcinoma_all	mutation_prevalence_BAP1	missing_fraction	0
per_feature	carcinoma_all	mutation_prevalence_BAP1	n_missing_projects	0
per_feature	carcinoma_all	mutation_prevalence_BAP1	n_unique_non_missing	18
per_feature	carcinoma_all	mutation_prevalence_BAP1	raw_sd	0.046207708225743
per_feature	carcinoma_all	mutation_prevalence_BAP1	imputed_value	0.0130978381422014
per_feature	carcinoma_all	mutation_prevalence_BAP1	n_imputed_values	0
per_feature	carcinoma_all	mutation_prevalence_BAP1	retained_for_group_tree	TRUE
per_feature	carcinoma_all	mutation_prevalence_BAP1	drop_reason	
per_feature	carcinoma_all	mutation_prevalence_BRAF	missing_fraction	0
per_feature	carcinoma_all	mutation_prevalence_BRAF	n_missing_projects	0
per_feature	carcinoma_all	mutation_prevalence_BRAF	n_unique_non_missing	19
per_feature	carcinoma_all	mutation_prevalence_BRAF	raw_sd	0.130448789021478
per_feature	carcinoma_all	mutation_prevalence_BRAF	imputed_value	0.0159330630216389
per_feature	carcinoma_all	mutation_prevalence_BRAF	n_imputed_values	0
per_feature	carcinoma_all	mutation_prevalence_BRAF	retained_for_group_tree	TRUE
per_feature	carcinoma_all	mutation_prevalence_BRAF	drop_reason	
per_feature	carcinoma_all	mutation_prevalence_BRCA1	missing_fraction	0
per_feature	carcinoma_all	mutation_prevalence_BRCA1	n_missing_projects	0
per_feature	carcinoma_all	mutation_prevalence_BRCA1	n_unique_non_missing	18
per_feature	carcinoma_all	mutation_prevalence_BRCA1	raw_sd	0.0227228117584013
per_feature	carcinoma_all	mutation_prevalence_BRCA1	imputed_value	0.0207392758167554
per_feature	carcinoma_all	mutation_prevalence_BRCA1	n_imputed_values	0
per_feature	carcinoma_all	mutation_prevalence_BRCA1	retained_for_group_tree	TRUE
per_feature	carcinoma_all	mutation_prevalence_BRCA1	drop_reason	
per_feature	carcinoma_all	mutation_prevalence_BRCA2	missing_fraction	0
per_feature	carcinoma_all	mutation_prevalence_BRCA2	n_missing_projects	0
per_feature	carcinoma_all	mutation_prevalence_BRCA2	n_unique_non_missing	20
per_feature	carcinoma_all	mutation_prevalence_BRCA2	raw_sd	0.0361011464322058
per_feature	carcinoma_all	mutation_prevalence_BRCA2	imputed_value	0.0371228024140645
per_feature	carcinoma_all	mutation_prevalence_BRCA2	n_imputed_values	0
per_feature	carcinoma_all	mutation_prevalence_BRCA2	retained_for_group_tree	TRUE
per_feature	carcinoma_all	mutation_prevalence_BRCA2	drop_reason	
per_feature	carcinoma_all	mutation_prevalence_CDKN2A	missing_fraction	0
per_feature	carcinoma_all	mutation_prevalence_CDKN2A	n_missing_projects	0
per_feature	carcinoma_all	mutation_prevalence_CDKN2A	n_unique_non_missing	17
per_feature	carcinoma_all	mutation_prevalence_CDKN2A	raw_sd	0.06566476896055
per_feature	carcinoma_all	mutation_prevalence_CDKN2A	imputed_value	0.0178422350360145
per_feature	carcinoma_all	mutation_prevalence_CDKN2A	n_imputed_values	0
per_feature	carcinoma_all	mutation_prevalence_CDKN2A	retained_for_group_tree	TRUE
per_feature	carcinoma_all	mutation_prevalence_CDKN2A	drop_reason	
per_feature	carcinoma_all	mutation_prevalence_CTNNB1	missing_fraction	0
per_feature	carcinoma_all	mutation_prevalence_CTNNB1	n_missing_projects	0
per_feature	carcinoma_all	mutation_prevalence_CTNNB1	n_unique_non_missing	20
per_feature	carcinoma_all	mutation_prevalence_CTNNB1	raw_sd	0.0748642289489848
per_feature	carcinoma_all	mutation_prevalence_CTNNB1	imputed_value	0.0196352419989235
per_feature	carcinoma_all	mutation_prevalence_CTNNB1	n_imputed_values	0
per_feature	carcinoma_all	mutation_prevalence_CTNNB1	retained_for_group_tree	TRUE
per_feature	carcinoma_all	mutation_prevalence_CTNNB1	drop_reason	
per_feature	carcinoma_all	mutation_prevalence_EGFR	missing_fraction	0
per_feature	carcinoma_all	mutation_prevalence_EGFR	n_missing_projects	0
per_feature	carcinoma_all	mutation_prevalence_EGFR	n_unique_non_missing	18
per_feature	carcinoma_all	mutation_prevalence_EGFR	raw_sd	0.0294852622806228
per_feature	carcinoma_all	mutation_prevalence_EGFR	imputed_value	0.01673499316735
per_feature	carcinoma_all	mutation_prevalence_EGFR	n_imputed_values	0
per_feature	carcinoma_all	mutation_prevalence_EGFR	retained_for_group_tree	TRUE
per_feature	carcinoma_all	mutation_prevalence_EGFR	drop_reason	
per_feature	carcinoma_all	mutation_prevalence_ERBB2	missing_fraction	0
per_feature	carcinoma_all	mutation_prevalence_ERBB2	n_missing_projects	0
per_feature	carcinoma_all	mutation_prevalence_ERBB2	n_unique_non_missing	19
per_feature	carcinoma_all	mutation_prevalence_ERBB2	raw_sd	0.0310356632578631
per_feature	carcinoma_all	mutation_prevalence_ERBB2	imputed_value	0.0181192149555425
per_feature	carcinoma_all	mutation_prevalence_ERBB2	n_imputed_values	0
per_feature	carcinoma_all	mutation_prevalence_ERBB2	retained_for_group_tree	TRUE
per_feature	carcinoma_all	mutation_prevalence_ERBB2	drop_reason	
per_feature	carcinoma_all	mutation_prevalence_IDH1	missing_fraction	0
per_feature	carcinoma_all	mutation_prevalence_IDH1	n_missing_projects	0
per_feature	carcinoma_all	mutation_prevalence_IDH1	n_unique_non_missing	16
per_feature	carcinoma_all	mutation_prevalence_IDH1	raw_sd	0.0304607541420785
per_feature	carcinoma_all	mutation_prevalence_IDH1	imputed_value	0.0070625980423472
per_feature	carcinoma_all	mutation_prevalence_IDH1	n_imputed_values	0
per_feature	carcinoma_all	mutation_prevalence_IDH1	retained_for_group_tree	TRUE
per_feature	carcinoma_all	mutation_prevalence_IDH1	drop_reason	
per_feature	carcinoma_all	mutation_prevalence_IDH2	missing_fraction	0
per_feature	carcinoma_all	mutation_prevalence_IDH2	n_missing_projects	0
per_feature	carcinoma_all	mutation_prevalence_IDH2	n_unique_non_missing	16
per_feature	carcinoma_all	mutation_prevalence_IDH2	raw_sd	0.0156864047998229
per_feature	carcinoma_all	mutation_prevalence_IDH2	imputed_value	0.00470508879403764
per_feature	carcinoma_all	mutation_prevalence_IDH2	n_imputed_values	0
per_feature	carcinoma_all	mutation_prevalence_IDH2	retained_for_group_tree	TRUE
per_feature	carcinoma_all	mutation_prevalence_IDH2	drop_reason	
per_feature	carcinoma_all	mutation_prevalence_KRAS	missing_fraction	0
per_feature	carcinoma_all	mutation_prevalence_KRAS	n_missing_projects	0
per_feature	carcinoma_all	mutation_prevalence_KRAS	n_unique_non_missing	20
per_feature	carcinoma_all	mutation_prevalence_KRAS	raw_sd	0.186450860748767
per_feature	carcinoma_all	mutation_prevalence_KRAS	imputed_value	0.0171126709073627
per_feature	carcinoma_all	mutation_prevalence_KRAS	n_imputed_values	0
per_feature	carcinoma_all	mutation_prevalence_KRAS	retained_for_group_tree	TRUE
per_feature	carcinoma_all	mutation_prevalence_KRAS	drop_reason	
per_feature	carcinoma_all	mutation_prevalence_MET	missing_fraction	0
per_feature	carcinoma_all	mutation_prevalence_MET	n_missing_projects	0
per_feature	carcinoma_all	mutation_prevalence_MET	n_unique_non_missing	19
per_feature	carcinoma_all	mutation_prevalence_MET	raw_sd	0.0263822247676818
per_feature	carcinoma_all	mutation_prevalence_MET	imputed_value	0.0114270179710507
per_feature	carcinoma_all	mutation_prevalence_MET	n_imputed_values	0
per_feature	carcinoma_all	mutation_prevalence_MET	retained_for_group_tree	TRUE
per_feature	carcinoma_all	mutation_prevalence_MET	drop_reason	
per_feature	carcinoma_all	mutation_prevalence_MLH1	missing_fraction	0
per_feature	carcinoma_all	mutation_prevalence_MLH1	n_missing_projects	0
per_feature	carcinoma_all	mutation_prevalence_MLH1	n_unique_non_missing	17
per_feature	carcinoma_all	mutation_prevalence_MLH1	raw_sd	0.0166319016083125
per_feature	carcinoma_all	mutation_prevalence_MLH1	imputed_value	0.00914161437684055
per_feature	carcinoma_all	mutation_prevalence_MLH1	n_imputed_values	0
per_feature	carcinoma_all	mutation_prevalence_MLH1	retained_for_group_tree	TRUE
per_feature	carcinoma_all	mutation_prevalence_MLH1	drop_reason	
per_feature	carcinoma_all	mutation_prevalence_MSH2	missing_fraction	0
per_feature	carcinoma_all	mutation_prevalence_MSH2	n_missing_projects	0
per_feature	carcinoma_all	mutation_prevalence_MSH2	n_unique_non_missing	19
per_feature	carcinoma_all	mutation_prevalence_MSH2	raw_sd	0.0183249855846432
per_feature	carcinoma_all	mutation_prevalence_MSH2	imputed_value	0.00897808027224502
per_feature	carcinoma_all	mutation_prevalence_MSH2	n_imputed_values	0
per_feature	carcinoma_all	mutation_prevalence_MSH2	retained_for_group_tree	TRUE
per_feature	carcinoma_all	mutation_prevalence_MSH2	drop_reason	
per_feature	carcinoma_all	mutation_prevalence_MSH6	missing_fraction	0
per_feature	carcinoma_all	mutation_prevalence_MSH6	n_missing_projects	0
per_feature	carcinoma_all	mutation_prevalence_MSH6	n_unique_non_missing	18
per_feature	carcinoma_all	mutation_prevalence_MSH6	raw_sd	0.0253250204179799
per_feature	carcinoma_all	mutation_prevalence_MSH6	imputed_value	0.0122083718744953
per_feature	carcinoma_all	mutation_prevalence_MSH6	n_imputed_values	0
per_feature	carcinoma_all	mutation_prevalence_MSH6	retained_for_group_tree	TRUE
per_feature	carcinoma_all	mutation_prevalence_MSH6	drop_reason	
per_feature	carcinoma_all	mutation_prevalence_MYC	missing_fraction	0
per_feature	carcinoma_all	mutation_prevalence_MYC	n_missing_projects	0
per_feature	carcinoma_all	mutation_prevalence_MYC	n_unique_non_missing	14
per_feature	carcinoma_all	mutation_prevalence_MYC	raw_sd	0.00942497683822127
per_feature	carcinoma_all	mutation_prevalence_MYC	imputed_value	0.00403490150782007
per_feature	carcinoma_all	mutation_prevalence_MYC	n_imputed_values	0
per_feature	carcinoma_all	mutation_prevalence_MYC	retained_for_group_tree	TRUE
per_feature	carcinoma_all	mutation_prevalence_MYC	drop_reason	
per_feature	carcinoma_all	mutation_prevalence_NF1	missing_fraction	0
per_feature	carcinoma_all	mutation_prevalence_NF1	n_missing_projects	0
per_feature	carcinoma_all	mutation_prevalence_NF1	n_unique_non_missing	20
per_feature	carcinoma_all	mutation_prevalence_NF1	raw_sd	0.0392981344408986
per_feature	carcinoma_all	mutation_prevalence_NF1	imputed_value	0.0381726350408904
per_feature	carcinoma_all	mutation_prevalence_NF1	n_imputed_values	0
per_feature	carcinoma_all	mutation_prevalence_NF1	retained_for_group_tree	TRUE
per_feature	carcinoma_all	mutation_prevalence_NF1	drop_reason	
per_feature	carcinoma_all	mutation_prevalence_PIK3CA	missing_fraction	0
per_feature	carcinoma_all	mutation_prevalence_PIK3CA	n_missing_projects	0
per_feature	carcinoma_all	mutation_prevalence_PIK3CA	n_unique_non_missing	20
per_feature	carcinoma_all	mutation_prevalence_PIK3CA	raw_sd	0.139798458868673
per_feature	carcinoma_all	mutation_prevalence_PIK3CA	imputed_value	0.0737237237237238
per_feature	carcinoma_all	mutation_prevalence_PIK3CA	n_imputed_values	0
per_feature	carcinoma_all	mutation_prevalence_PIK3CA	retained_for_group_tree	TRUE
per_feature	carcinoma_all	mutation_prevalence_PIK3CA	drop_reason	
per_feature	carcinoma_all	mutation_prevalence_PMS2	missing_fraction	0
per_feature	carcinoma_all	mutation_prevalence_PMS2	n_missing_projects	0
per_feature	carcinoma_all	mutation_prevalence_PMS2	n_unique_non_missing	18
per_feature	carcinoma_all	mutation_prevalence_PMS2	raw_sd	0.0161758432730821
per_feature	carcinoma_all	mutation_prevalence_PMS2	imputed_value	0.00763213988944688
per_feature	carcinoma_all	mutation_prevalence_PMS2	n_imputed_values	0
per_feature	carcinoma_all	mutation_prevalence_PMS2	retained_for_group_tree	TRUE
per_feature	carcinoma_all	mutation_prevalence_PMS2	drop_reason	
per_feature	carcinoma_all	mutation_prevalence_POLE	missing_fraction	0
per_feature	carcinoma_all	mutation_prevalence_POLE	n_missing_projects	0
per_feature	carcinoma_all	mutation_prevalence_POLE	n_unique_non_missing	20
per_feature	carcinoma_all	mutation_prevalence_POLE	raw_sd	0.036218061997911
per_feature	carcinoma_all	mutation_prevalence_POLE	imputed_value	0.0246943898712072
per_feature	carcinoma_all	mutation_prevalence_POLE	n_imputed_values	0
per_feature	carcinoma_all	mutation_prevalence_POLE	retained_for_group_tree	TRUE
per_feature	carcinoma_all	mutation_prevalence_POLE	drop_reason	
per_feature	carcinoma_all	mutation_prevalence_PTEN	missing_fraction	0
per_feature	carcinoma_all	mutation_prevalence_PTEN	n_missing_projects	0
per_feature	carcinoma_all	mutation_prevalence_PTEN	n_unique_non_missing	20
per_feature	carcinoma_all	mutation_prevalence_PTEN	raw_sd	0.137897969763946
per_feature	carcinoma_all	mutation_prevalence_PTEN	imputed_value	0.0369912080755454
per_feature	carcinoma_all	mutation_prevalence_PTEN	n_imputed_values	0
per_feature	carcinoma_all	mutation_prevalence_PTEN	retained_for_group_tree	TRUE
per_feature	carcinoma_all	mutation_prevalence_PTEN	drop_reason	
per_feature	carcinoma_all	mutation_prevalence_RB1	missing_fraction	0
per_feature	carcinoma_all	mutation_prevalence_RB1	n_missing_projects	0
per_feature	carcinoma_all	mutation_prevalence_RB1	n_unique_non_missing	19
per_feature	carcinoma_all	mutation_prevalence_RB1	raw_sd	0.04596411309815
per_feature	carcinoma_all	mutation_prevalence_RB1	imputed_value	0.0308686074894327
per_feature	carcinoma_all	mutation_prevalence_RB1	n_imputed_values	0
per_feature	carcinoma_all	mutation_prevalence_RB1	retained_for_group_tree	TRUE
per_feature	carcinoma_all	mutation_prevalence_RB1	drop_reason	
per_feature	carcinoma_all	mutation_prevalence_SMAD4	missing_fraction	0
per_feature	carcinoma_all	mutation_prevalence_SMAD4	n_missing_projects	0
per_feature	carcinoma_all	mutation_prevalence_SMAD4	n_unique_non_missing	17
per_feature	carcinoma_all	mutation_prevalence_SMAD4	raw_sd	0.0560517199715813
per_feature	carcinoma_all	mutation_prevalence_SMAD4	imputed_value	0.0190107106127875
per_feature	carcinoma_all	mutation_prevalence_SMAD4	n_imputed_values	0
per_feature	carcinoma_all	mutation_prevalence_SMAD4	retained_for_group_tree	TRUE
per_feature	carcinoma_all	mutation_prevalence_SMAD4	drop_reason	
per_feature	carcinoma_all	mutation_prevalence_TERT	missing_fraction	0
per_feature	carcinoma_all	mutation_prevalence_TERT	n_missing_projects	0
per_feature	carcinoma_all	mutation_prevalence_TERT	n_unique_non_missing	18
per_feature	carcinoma_all	mutation_prevalence_TERT	raw_sd	0.00955700513276941
per_feature	carcinoma_all	mutation_prevalence_TERT	imputed_value	0.00892023410271586
per_feature	carcinoma_all	mutation_prevalence_TERT	n_imputed_values	0
per_feature	carcinoma_all	mutation_prevalence_TERT	retained_for_group_tree	TRUE
per_feature	carcinoma_all	mutation_prevalence_TERT	drop_reason	
per_feature	carcinoma_all	mutation_prevalence_TP53	missing_fraction	0
per_feature	carcinoma_all	mutation_prevalence_TP53	n_missing_projects	0
per_feature	carcinoma_all	mutation_prevalence_TP53	n_unique_non_missing	20
per_feature	carcinoma_all	mutation_prevalence_TP53	raw_sd	0.295423195296203
per_feature	carcinoma_all	mutation_prevalence_TP53	imputed_value	0.435826158578176
per_feature	carcinoma_all	mutation_prevalence_TP53	n_imputed_values	0
per_feature	carcinoma_all	mutation_prevalence_TP53	retained_for_group_tree	TRUE
per_feature	carcinoma_all	mutation_prevalence_TP53	drop_reason	
per_feature	carcinoma_all	mutation_prevalence_VHL	missing_fraction	0
per_feature	carcinoma_all	mutation_prevalence_VHL	n_missing_projects	0
per_feature	carcinoma_all	mutation_prevalence_VHL	n_unique_non_missing	12
per_feature	carcinoma_all	mutation_prevalence_VHL	raw_sd	0.103195736091366
per_feature	carcinoma_all	mutation_prevalence_VHL	imputed_value	0.00190966245719566
per_feature	carcinoma_all	mutation_prevalence_VHL	n_imputed_values	0
per_feature	carcinoma_all	mutation_prevalence_VHL	retained_for_group_tree	TRUE
per_feature	carcinoma_all	mutation_prevalence_VHL	drop_reason	
per_feature	carcinoma_all	tmb_proxy_mean_nonsynonymous_count	missing_fraction	0
per_feature	carcinoma_all	tmb_proxy_mean_nonsynonymous_count	n_missing_projects	0
per_feature	carcinoma_all	tmb_proxy_mean_nonsynonymous_count	n_unique_non_missing	20
per_feature	carcinoma_all	tmb_proxy_mean_nonsynonymous_count	raw_sd	229.499048364669
per_feature	carcinoma_all	tmb_proxy_mean_nonsynonymous_count	imputed_value	130.221378682053
per_feature	carcinoma_all	tmb_proxy_mean_nonsynonymous_count	n_imputed_values	0
per_feature	carcinoma_all	tmb_proxy_mean_nonsynonymous_count	retained_for_group_tree	TRUE
per_feature	carcinoma_all	tmb_proxy_mean_nonsynonymous_count	drop_reason	
per_feature	carcinoma_all	tmb_proxy_mean_total_mutation_count	missing_fraction	0
per_feature	carcinoma_all	tmb_proxy_mean_total_mutation_count	n_missing_projects	0
per_feature	carcinoma_all	tmb_proxy_mean_total_mutation_count	n_unique_non_missing	20
per_feature	carcinoma_all	tmb_proxy_mean_total_mutation_count	raw_sd	386.437673093605
per_feature	carcinoma_all	tmb_proxy_mean_total_mutation_count	imputed_value	212.113308756981
per_feature	carcinoma_all	tmb_proxy_mean_total_mutation_count	n_imputed_values	0
per_feature	carcinoma_all	tmb_proxy_mean_total_mutation_count	retained_for_group_tree	TRUE
per_feature	carcinoma_all	tmb_proxy_mean_total_mutation_count	drop_reason	
per_feature	carcinoma_all	tmb_proxy_median_nonsynonymous_count	missing_fraction	0
per_feature	carcinoma_all	tmb_proxy_median_nonsynonymous_count	n_missing_projects	0
per_feature	carcinoma_all	tmb_proxy_median_nonsynonymous_count	n_unique_non_missing	19
per_feature	carcinoma_all	tmb_proxy_median_nonsynonymous_count	raw_sd	58.8489592091483
per_feature	carcinoma_all	tmb_proxy_median_nonsynonymous_count	imputed_value	80.5
per_feature	carcinoma_all	tmb_proxy_median_nonsynonymous_count	n_imputed_values	0
per_feature	carcinoma_all	tmb_proxy_median_nonsynonymous_count	retained_for_group_tree	TRUE
per_feature	carcinoma_all	tmb_proxy_median_nonsynonymous_count	drop_reason	
per_feature	carcinoma_all	tmb_proxy_median_total_mutation_count	missing_fraction	0
per_feature	carcinoma_all	tmb_proxy_median_total_mutation_count	n_missing_projects	0
per_feature	carcinoma_all	tmb_proxy_median_total_mutation_count	n_unique_non_missing	19
per_feature	carcinoma_all	tmb_proxy_median_total_mutation_count	raw_sd	87.2818182067358
per_feature	carcinoma_all	tmb_proxy_median_total_mutation_count	imputed_value	130.5
per_feature	carcinoma_all	tmb_proxy_median_total_mutation_count	n_imputed_values	0
per_feature	carcinoma_all	tmb_proxy_median_total_mutation_count	retained_for_group_tree	TRUE
per_feature	carcinoma_all	tmb_proxy_median_total_mutation_count	drop_reason	
global	cns_glial	ALL	n_projects	2
global	cns_glial	ALL	n_raw_biologic_features	52
global	cns_glial	ALL	n_features_retained	51
global	cns_glial	ALL	n_features_dropped	1
global	cns_glial	ALL	tree_attempted	FALSE
global	cns_glial	ALL	reason_or_warning	underpowered_project_count_2_lt_3
global	cns_glial	ALL	bootstrap_iterations_completed	0
per_feature	cns_glial	median_DNA_repair_score	missing_fraction	0
per_feature	cns_glial	median_DNA_repair_score	n_missing_projects	0
per_feature	cns_glial	median_DNA_repair_score	n_unique_non_missing	2
per_feature	cns_glial	median_DNA_repair_score	raw_sd	0.177091048247268
per_feature	cns_glial	median_DNA_repair_score	imputed_value	-0.460617478331692
per_feature	cns_glial	median_DNA_repair_score	n_imputed_values	0
per_feature	cns_glial	median_DNA_repair_score	retained_for_group_tree	TRUE
per_feature	cns_glial	median_DNA_repair_score	drop_reason	
per_feature	cns_glial	median_EMT_score	missing_fraction	0
per_feature	cns_glial	median_EMT_score	n_missing_projects	0
per_feature	cns_glial	median_EMT_score	n_unique_non_missing	2
per_feature	cns_glial	median_EMT_score	raw_sd	0.0471839203390937
per_feature	cns_glial	median_EMT_score	imputed_value	0.270698265851826
per_feature	cns_glial	median_EMT_score	n_imputed_values	0
per_feature	cns_glial	median_EMT_score	retained_for_group_tree	TRUE
per_feature	cns_glial	median_EMT_score	drop_reason	
per_feature	cns_glial	median_aneuploidy_score	missing_fraction	0
per_feature	cns_glial	median_aneuploidy_score	n_missing_projects	0
per_feature	cns_glial	median_aneuploidy_score	n_unique_non_missing	2
per_feature	cns_glial	median_aneuploidy_score	raw_sd	3.53553390593274
per_feature	cns_glial	median_aneuploidy_score	imputed_value	4.5
per_feature	cns_glial	median_aneuploidy_score	n_imputed_values	0
per_feature	cns_glial	median_aneuploidy_score	retained_for_group_tree	TRUE
per_feature	cns_glial	median_aneuploidy_score	drop_reason	
per_feature	cns_glial	median_angiogenesis_score	missing_fraction	0
per_feature	cns_glial	median_angiogenesis_score	n_missing_projects	0
per_feature	cns_glial	median_angiogenesis_score	n_unique_non_missing	2
per_feature	cns_glial	median_angiogenesis_score	raw_sd	0.256733824225874
per_feature	cns_glial	median_angiogenesis_score	imputed_value	-0.122645453241441
per_feature	cns_glial	median_angiogenesis_score	n_imputed_values	0
per_feature	cns_glial	median_angiogenesis_score	retained_for_group_tree	TRUE
per_feature	cns_glial	median_angiogenesis_score	drop_reason	
per_feature	cns_glial	median_arm_gain_count	missing_fraction	0
per_feature	cns_glial	median_arm_gain_count	n_missing_projects	0
per_feature	cns_glial	median_arm_gain_count	n_unique_non_missing	2
per_feature	cns_glial	median_arm_gain_count	raw_sd	2.12132034355964
per_feature	cns_glial	median_arm_gain_count	imputed_value	1.5
per_feature	cns_glial	median_arm_gain_count	n_imputed_values	0
per_feature	cns_glial	median_arm_gain_count	retained_for_group_tree	TRUE
per_feature	cns_glial	median_arm_gain_count	drop_reason	
per_feature	cns_glial	median_arm_loss_count	missing_fraction	0
per_feature	cns_glial	median_arm_loss_count	n_missing_projects	0
per_feature	cns_glial	median_arm_loss_count	n_unique_non_missing	2
per_feature	cns_glial	median_arm_loss_count	raw_sd	0.707106781186548
per_feature	cns_glial	median_arm_loss_count	imputed_value	2.5
per_feature	cns_glial	median_arm_loss_count	n_imputed_values	0
per_feature	cns_glial	median_arm_loss_count	retained_for_group_tree	TRUE
per_feature	cns_glial	median_arm_loss_count	drop_reason	
per_feature	cns_glial	median_cell_cycle_score	missing_fraction	0
per_feature	cns_glial	median_cell_cycle_score	n_missing_projects	0
per_feature	cns_glial	median_cell_cycle_score	n_unique_non_missing	2
per_feature	cns_glial	median_cell_cycle_score	raw_sd	0.459022955124337
per_feature	cns_glial	median_cell_cycle_score	imputed_value	-0.533176397410802
per_feature	cns_glial	median_cell_cycle_score	n_imputed_values	0
per_feature	cns_glial	median_cell_cycle_score	retained_for_group_tree	TRUE
per_feature	cns_glial	median_cell_cycle_score	drop_reason	
per_feature	cns_glial	median_cytotoxic_t_cell_score	missing_fraction	0
per_feature	cns_glial	median_cytotoxic_t_cell_score	n_missing_projects	0
per_feature	cns_glial	median_cytotoxic_t_cell_score	n_unique_non_missing	2
per_feature	cns_glial	median_cytotoxic_t_cell_score	raw_sd	0.0343780831953503
per_feature	cns_glial	median_cytotoxic_t_cell_score	imputed_value	-0.300919543571444
per_feature	cns_glial	median_cytotoxic_t_cell_score	n_imputed_values	0
per_feature	cns_glial	median_cytotoxic_t_cell_score	retained_for_group_tree	TRUE
per_feature	cns_glial	median_cytotoxic_t_cell_score	drop_reason	
per_feature	cns_glial	median_epithelial_score	missing_fraction	0
per_feature	cns_glial	median_epithelial_score	n_missing_projects	0
per_feature	cns_glial	median_epithelial_score	n_unique_non_missing	2
per_feature	cns_glial	median_epithelial_score	raw_sd	0.000206463492850423
per_feature	cns_glial	median_epithelial_score	imputed_value	-0.865072911606181
per_feature	cns_glial	median_epithelial_score	n_imputed_values	0
per_feature	cns_glial	median_epithelial_score	retained_for_group_tree	TRUE
per_feature	cns_glial	median_epithelial_score	drop_reason	
per_feature	cns_glial	median_hypoxia_score	missing_fraction	0
per_feature	cns_glial	median_hypoxia_score	n_missing_projects	0
per_feature	cns_glial	median_hypoxia_score	n_unique_non_missing	2
per_feature	cns_glial	median_hypoxia_score	raw_sd	0.404200678992292
per_feature	cns_glial	median_hypoxia_score	imputed_value	-0.33876401899764
per_feature	cns_glial	median_hypoxia_score	n_imputed_values	0
per_feature	cns_glial	median_hypoxia_score	retained_for_group_tree	TRUE
per_feature	cns_glial	median_hypoxia_score	drop_reason	
per_feature	cns_glial	median_immune_inflammatory_score	missing_fraction	0
per_feature	cns_glial	median_immune_inflammatory_score	n_missing_projects	0
per_feature	cns_glial	median_immune_inflammatory_score	n_unique_non_missing	2
per_feature	cns_glial	median_immune_inflammatory_score	raw_sd	0.0407111131839074
per_feature	cns_glial	median_immune_inflammatory_score	imputed_value	-0.293087525207043
per_feature	cns_glial	median_immune_inflammatory_score	n_imputed_values	0
per_feature	cns_glial	median_immune_inflammatory_score	retained_for_group_tree	TRUE
per_feature	cns_glial	median_immune_inflammatory_score	drop_reason	
per_feature	cns_glial	median_interferon_gamma_score	missing_fraction	0
per_feature	cns_glial	median_interferon_gamma_score	n_missing_projects	0
per_feature	cns_glial	median_interferon_gamma_score	n_unique_non_missing	2
per_feature	cns_glial	median_interferon_gamma_score	raw_sd	0.192545553140129
per_feature	cns_glial	median_interferon_gamma_score	imputed_value	-0.402346263035798
per_feature	cns_glial	median_interferon_gamma_score	n_imputed_values	0
per_feature	cns_glial	median_interferon_gamma_score	retained_for_group_tree	TRUE
per_feature	cns_glial	median_interferon_gamma_score	drop_reason	
per_feature	cns_glial	median_lineage_or_tissue_PC1	missing_fraction	0
per_feature	cns_glial	median_lineage_or_tissue_PC1	n_missing_projects	0
per_feature	cns_glial	median_lineage_or_tissue_PC1	n_unique_non_missing	2
per_feature	cns_glial	median_lineage_or_tissue_PC1	raw_sd	1.91845323487421
per_feature	cns_glial	median_lineage_or_tissue_PC1	imputed_value	2.95969104814102
per_feature	cns_glial	median_lineage_or_tissue_PC1	n_imputed_values	0
per_feature	cns_glial	median_lineage_or_tissue_PC1	retained_for_group_tree	TRUE
per_feature	cns_glial	median_lineage_or_tissue_PC1	drop_reason	
per_feature	cns_glial	median_lineage_or_tissue_PC2	missing_fraction	0
per_feature	cns_glial	median_lineage_or_tissue_PC2	n_missing_projects	0
per_feature	cns_glial	median_lineage_or_tissue_PC2	n_unique_non_missing	2
per_feature	cns_glial	median_lineage_or_tissue_PC2	raw_sd	0.503592059389175
per_feature	cns_glial	median_lineage_or_tissue_PC2	imputed_value	0.487266327995458
per_feature	cns_glial	median_lineage_or_tissue_PC2	n_imputed_values	0
per_feature	cns_glial	median_lineage_or_tissue_PC2	retained_for_group_tree	TRUE
per_feature	cns_glial	median_lineage_or_tissue_PC2	drop_reason	
per_feature	cns_glial	median_ploidy	missing_fraction	0
per_feature	cns_glial	median_ploidy	n_missing_projects	0
per_feature	cns_glial	median_ploidy	n_unique_non_missing	2
per_feature	cns_glial	median_ploidy	raw_sd	0.00707106781186532
per_feature	cns_glial	median_ploidy	imputed_value	2.005
per_feature	cns_glial	median_ploidy	n_imputed_values	0
per_feature	cns_glial	median_ploidy	retained_for_group_tree	TRUE
per_feature	cns_glial	median_ploidy	drop_reason	
per_feature	cns_glial	median_proliferation_score	missing_fraction	0
per_feature	cns_glial	median_proliferation_score	n_missing_projects	0
per_feature	cns_glial	median_proliferation_score	n_unique_non_missing	2
per_feature	cns_glial	median_proliferation_score	raw_sd	0.455503516714509
per_feature	cns_glial	median_proliferation_score	imputed_value	-0.525960369155588
per_feature	cns_glial	median_proliferation_score	n_imputed_values	0
per_feature	cns_glial	median_proliferation_score	retained_for_group_tree	TRUE
per_feature	cns_glial	median_proliferation_score	drop_reason	
per_feature	cns_glial	median_purity	missing_fraction	0
per_feature	cns_glial	median_purity	n_missing_projects	0
per_feature	cns_glial	median_purity	n_unique_non_missing	2
per_feature	cns_glial	median_purity	raw_sd	0.014142135623731
per_feature	cns_glial	median_purity	imputed_value	0.76
per_feature	cns_glial	median_purity	n_imputed_values	0
per_feature	cns_glial	median_purity	retained_for_group_tree	TRUE
per_feature	cns_glial	median_purity	drop_reason	
per_feature	cns_glial	median_stromal_score	missing_fraction	0
per_feature	cns_glial	median_stromal_score	n_missing_projects	0
per_feature	cns_glial	median_stromal_score	n_unique_non_missing	2
per_feature	cns_glial	median_stromal_score	raw_sd	0.0808472060301811
per_feature	cns_glial	median_stromal_score	imputed_value	-0.3963606058742
per_feature	cns_glial	median_stromal_score	n_imputed_values	0
per_feature	cns_glial	median_stromal_score	retained_for_group_tree	TRUE
per_feature	cns_glial	median_stromal_score	drop_reason	
per_feature	cns_glial	median_total_arm_alteration_count	missing_fraction	0
per_feature	cns_glial	median_total_arm_alteration_count	n_missing_projects	0
per_feature	cns_glial	median_total_arm_alteration_count	n_unique_non_missing	2
per_feature	cns_glial	median_total_arm_alteration_count	raw_sd	3.53553390593274
per_feature	cns_glial	median_total_arm_alteration_count	imputed_value	4.5
per_feature	cns_glial	median_total_arm_alteration_count	n_imputed_values	0
per_feature	cns_glial	median_total_arm_alteration_count	retained_for_group_tree	TRUE
per_feature	cns_glial	median_total_arm_alteration_count	drop_reason	
per_feature	cns_glial	mutation_prevalence_ALK	missing_fraction	0
per_feature	cns_glial	mutation_prevalence_ALK	n_missing_projects	0
per_feature	cns_glial	mutation_prevalence_ALK	n_unique_non_missing	2
per_feature	cns_glial	mutation_prevalence_ALK	raw_sd	0.00391951272251929
per_feature	cns_glial	mutation_prevalence_ALK	imputed_value	0.00467265470945098
per_feature	cns_glial	mutation_prevalence_ALK	n_imputed_values	0
per_feature	cns_glial	mutation_prevalence_ALK	retained_for_group_tree	TRUE
per_feature	cns_glial	mutation_prevalence_ALK	drop_reason	
per_feature	cns_glial	mutation_prevalence_APC	missing_fraction	0
per_feature	cns_glial	mutation_prevalence_APC	n_missing_projects	0
per_feature	cns_glial	mutation_prevalence_APC	n_unique_non_missing	2
per_feature	cns_glial	mutation_prevalence_APC	raw_sd	0.0131028476374942
per_feature	cns_glial	mutation_prevalence_APC	imputed_value	0.0130673937861476
per_feature	cns_glial	mutation_prevalence_APC	n_imputed_values	0
per_feature	cns_glial	mutation_prevalence_APC	retained_for_group_tree	TRUE
per_feature	cns_glial	mutation_prevalence_APC	drop_reason	
per_feature	cns_glial	mutation_prevalence_ARID1A	missing_fraction	0
per_feature	cns_glial	mutation_prevalence_ARID1A	n_missing_projects	0
per_feature	cns_glial	mutation_prevalence_ARID1A	n_unique_non_missing	2
per_feature	cns_glial	mutation_prevalence_ARID1A	raw_sd	0.0167688429413655
per_feature	cns_glial	mutation_prevalence_ARID1A	imputed_value	0.0242643104473106
per_feature	cns_glial	mutation_prevalence_ARID1A	n_imputed_values	0
per_feature	cns_glial	mutation_prevalence_ARID1A	retained_for_group_tree	TRUE
per_feature	cns_glial	mutation_prevalence_ARID1A	drop_reason	
per_feature	cns_glial	mutation_prevalence_BAP1	missing_fraction	0
per_feature	cns_glial	mutation_prevalence_BAP1	n_missing_projects	0
per_feature	cns_glial	mutation_prevalence_BAP1	n_unique_non_missing	2
per_feature	cns_glial	mutation_prevalence_BAP1	raw_sd	0.00350921479497046
per_feature	cns_glial	mutation_prevalence_BAP1	imputed_value	0.00248138957816377
per_feature	cns_glial	mutation_prevalence_BAP1	n_imputed_values	0
per_feature	cns_glial	mutation_prevalence_BAP1	retained_for_group_tree	TRUE
per_feature	cns_glial	mutation_prevalence_BAP1	drop_reason	
per_feature	cns_glial	mutation_prevalence_BRAF	missing_fraction	0
per_feature	cns_glial	mutation_prevalence_BRAF	n_missing_projects	0
per_feature	cns_glial	mutation_prevalence_BRAF	n_unique_non_missing	2
per_feature	cns_glial	mutation_prevalence_BRAF	raw_sd	0.0100039307700726
per_feature	cns_glial	mutation_prevalence_BRAF	imputed_value	0.0127772693392711
per_feature	cns_glial	mutation_prevalence_BRAF	n_imputed_values	0
per_feature	cns_glial	mutation_prevalence_BRAF	retained_for_group_tree	TRUE
per_feature	cns_glial	mutation_prevalence_BRAF	drop_reason	
per_feature	cns_glial	mutation_prevalence_BRCA1	missing_fraction	0
per_feature	cns_glial	mutation_prevalence_BRCA1	n_missing_projects	0
per_feature	cns_glial	mutation_prevalence_BRCA1	n_unique_non_missing	2
per_feature	cns_glial	mutation_prevalence_BRCA1	raw_sd	0.0082493233725874
per_feature	cns_glial	mutation_prevalence_BRCA1	imputed_value	0.0115365745501892
per_feature	cns_glial	mutation_prevalence_BRCA1	n_imputed_values	0
per_feature	cns_glial	mutation_prevalence_BRCA1	retained_for_group_tree	TRUE
per_feature	cns_glial	mutation_prevalence_BRCA1	drop_reason	
per_feature	cns_glial	mutation_prevalence_BRCA2	missing_fraction	0
per_feature	cns_glial	mutation_prevalence_BRCA2	n_missing_projects	0
per_feature	cns_glial	mutation_prevalence_BRCA2	n_unique_non_missing	2
per_feature	cns_glial	mutation_prevalence_BRCA2	raw_sd	0.000226831374579881
per_feature	cns_glial	mutation_prevalence_BRCA2	imputed_value	0.0150487314721339
per_feature	cns_glial	mutation_prevalence_BRCA2	n_imputed_values	0
per_feature	cns_glial	mutation_prevalence_BRCA2	retained_for_group_tree	TRUE
per_feature	cns_glial	mutation_prevalence_BRCA2	drop_reason	
per_feature	cns_glial	mutation_prevalence_CDKN2A	missing_fraction	0
per_feature	cns_glial	mutation_prevalence_CDKN2A	n_missing_projects	0
per_feature	cns_glial	mutation_prevalence_CDKN2A	n_unique_non_missing	2
per_feature	cns_glial	mutation_prevalence_CDKN2A	raw_sd	0.00298550118013171
per_feature	cns_glial	mutation_prevalence_CDKN2A	imputed_value	0.00781449018294351
per_feature	cns_glial	mutation_prevalence_CDKN2A	n_imputed_values	0
per_feature	cns_glial	mutation_prevalence_CDKN2A	retained_for_group_tree	TRUE
per_feature	cns_glial	mutation_prevalence_CDKN2A	drop_reason	
per_feature	cns_glial	mutation_prevalence_CTNNB1	missing_fraction	0
per_feature	cns_glial	mutation_prevalence_CTNNB1	n_missing_projects	0
per_feature	cns_glial	mutation_prevalence_CTNNB1	n_unique_non_missing	2
per_feature	cns_glial	mutation_prevalence_CTNNB1	raw_sd	0.00052371361483875
per_feature	cns_glial	mutation_prevalence_CTNNB1	imputed_value	0.00533310060477974
per_feature	cns_glial	mutation_prevalence_CTNNB1	n_imputed_values	0
per_feature	cns_glial	mutation_prevalence_CTNNB1	retained_for_group_tree	TRUE
per_feature	cns_glial	mutation_prevalence_CTNNB1	drop_reason	
per_feature	cns_glial	mutation_prevalence_EGFR	missing_fraction	0
per_feature	cns_glial	mutation_prevalence_EGFR	n_missing_projects	0
per_feature	cns_glial	mutation_prevalence_EGFR	n_unique_non_missing	2
per_feature	cns_glial	mutation_prevalence_EGFR	raw_sd	0.118292561843386
per_feature	cns_glial	mutation_prevalence_EGFR	imputed_value	0.152086537282171
per_feature	cns_glial	mutation_prevalence_EGFR	n_imputed_values	0
per_feature	cns_glial	mutation_prevalence_EGFR	retained_for_group_tree	TRUE
per_feature	cns_glial	mutation_prevalence_EGFR	drop_reason	
per_feature	cns_glial	mutation_prevalence_ERBB2	missing_fraction	0
per_feature	cns_glial	mutation_prevalence_ERBB2	n_missing_projects	0
per_feature	cns_glial	mutation_prevalence_ERBB2	n_unique_non_missing	2
per_feature	cns_glial	mutation_prevalence_ERBB2	raw_sd	0.00742872751748977
per_feature	cns_glial	mutation_prevalence_ERBB2	imputed_value	0.00715404428761477
per_feature	cns_glial	mutation_prevalence_ERBB2	n_imputed_values	0
per_feature	cns_glial	mutation_prevalence_ERBB2	retained_for_group_tree	TRUE
per_feature	cns_glial	mutation_prevalence_ERBB2	drop_reason	
per_feature	cns_glial	mutation_prevalence_IDH1	missing_fraction	0
per_feature	cns_glial	mutation_prevalence_IDH1	n_missing_projects	0
per_feature	cns_glial	mutation_prevalence_IDH1	n_unique_non_missing	2
per_feature	cns_glial	mutation_prevalence_IDH1	raw_sd	0.502858471399436
per_feature	cns_glial	mutation_prevalence_IDH1	imputed_value	0.420090764135901
per_feature	cns_glial	mutation_prevalence_IDH1	n_imputed_values	0
per_feature	cns_glial	mutation_prevalence_IDH1	retained_for_group_tree	TRUE
per_feature	cns_glial	mutation_prevalence_IDH1	drop_reason	
per_feature	cns_glial	mutation_prevalence_IDH2	missing_fraction	0
per_feature	cns_glial	mutation_prevalence_IDH2	n_missing_projects	0
per_feature	cns_glial	mutation_prevalence_IDH2	n_unique_non_missing	2
per_feature	cns_glial	mutation_prevalence_IDH2	raw_sd	0.0264758914711792
per_feature	cns_glial	mutation_prevalence_IDH2	imputed_value	0.0212026719753937
per_feature	cns_glial	mutation_prevalence_IDH2	n_imputed_values	0
per_feature	cns_glial	mutation_prevalence_IDH2	retained_for_group_tree	TRUE
per_feature	cns_glial	mutation_prevalence_IDH2	drop_reason	
per_feature	cns_glial	mutation_prevalence_KRAS	missing_fraction	0
per_feature	cns_glial	mutation_prevalence_KRAS	n_missing_projects	0
per_feature	cns_glial	mutation_prevalence_KRAS	n_unique_non_missing	2
per_feature	cns_glial	mutation_prevalence_KRAS	raw_sd	0.000820595855097654
per_feature	cns_glial	mutation_prevalence_KRAS	imputed_value	0.00438253026257442
per_feature	cns_glial	mutation_prevalence_KRAS	n_imputed_values	0
per_feature	cns_glial	mutation_prevalence_KRAS	retained_for_group_tree	TRUE
per_feature	cns_glial	mutation_prevalence_KRAS	drop_reason	
per_feature	cns_glial	mutation_prevalence_MET	missing_fraction	0
per_feature	cns_glial	mutation_prevalence_MET	n_missing_projects	0
per_feature	cns_glial	mutation_prevalence_MET	n_unique_non_missing	2
per_feature	cns_glial	mutation_prevalence_MET	raw_sd	0.0055607044327146
per_feature	cns_glial	mutation_prevalence_MET	imputed_value	0.0134377152345998
per_feature	cns_glial	mutation_prevalence_MET	n_imputed_values	0
per_feature	cns_glial	mutation_prevalence_MET	retained_for_group_tree	TRUE
per_feature	cns_glial	mutation_prevalence_MET	drop_reason	
per_feature	cns_glial	mutation_prevalence_MLH1	missing_fraction	0
per_feature	cns_glial	mutation_prevalence_MLH1	n_missing_projects	0
per_feature	cns_glial	mutation_prevalence_MLH1	n_unique_non_missing	2
per_feature	cns_glial	mutation_prevalence_MLH1	raw_sd	0.000934011542387574
per_feature	cns_glial	mutation_prevalence_MLH1	imputed_value	0.00314183547349253
per_feature	cns_glial	mutation_prevalence_MLH1	n_imputed_values	0
per_feature	cns_glial	mutation_prevalence_MLH1	retained_for_group_tree	TRUE
per_feature	cns_glial	mutation_prevalence_MLH1	drop_reason	
per_feature	cns_glial	mutation_prevalence_MSH2	missing_fraction	0
per_feature	cns_glial	mutation_prevalence_MSH2	n_missing_projects	0
per_feature	cns_glial	mutation_prevalence_MSH2	n_unique_non_missing	2
per_feature	cns_glial	mutation_prevalence_MSH2	raw_sd	0.000934011542387574
per_feature	cns_glial	mutation_prevalence_MSH2	imputed_value	0.00314183547349253
per_feature	cns_glial	mutation_prevalence_MSH2	n_imputed_values	0
per_feature	cns_glial	mutation_prevalence_MSH2	retained_for_group_tree	TRUE
per_feature	cns_glial	mutation_prevalence_MSH2	drop_reason	
per_feature	cns_glial	mutation_prevalence_MSH6	missing_fraction	0
per_feature	cns_glial	mutation_prevalence_MSH6	n_missing_projects	0
per_feature	cns_glial	mutation_prevalence_MSH6	n_unique_non_missing	2
per_feature	cns_glial	mutation_prevalence_MSH6	raw_sd	0.0095936328425238
per_feature	cns_glial	mutation_prevalence_MSH6	imputed_value	0.0105860042079838
per_feature	cns_glial	mutation_prevalence_MSH6	n_imputed_values	0
per_feature	cns_glial	mutation_prevalence_MSH6	retained_for_group_tree	TRUE
per_feature	cns_glial	mutation_prevalence_MSH6	drop_reason	
per_feature	cns_glial	mutation_prevalence_MYC	missing_fraction	0
per_feature	cns_glial	mutation_prevalence_MYC	n_missing_projects	0
per_feature	cns_glial	mutation_prevalence_MYC	n_unique_non_missing	2
per_feature	cns_glial	mutation_prevalence_MYC	raw_sd	0.00175460739748523
per_feature	cns_glial	mutation_prevalence_MYC	imputed_value	0.00124069478908188
per_feature	cns_glial	mutation_prevalence_MYC	n_imputed_values	0
per_feature	cns_glial	mutation_prevalence_MYC	retained_for_group_tree	TRUE
per_feature	cns_glial	mutation_prevalence_MYC	drop_reason	
per_feature	cns_glial	mutation_prevalence_NF1	missing_fraction	0
per_feature	cns_glial	mutation_prevalence_NF1	n_missing_projects	0
per_feature	cns_glial	mutation_prevalence_NF1	n_unique_non_missing	2
per_feature	cns_glial	mutation_prevalence_NF1	raw_sd	0.0412032520413261
per_feature	cns_glial	mutation_prevalence_NF1	imputed_value	0.0899716008265009
per_feature	cns_glial	mutation_prevalence_NF1	n_imputed_values	0
per_feature	cns_glial	mutation_prevalence_NF1	retained_for_group_tree	TRUE
per_feature	cns_glial	mutation_prevalence_NF1	drop_reason	
per_feature	cns_glial	mutation_prevalence_PIK3CA	missing_fraction	0
per_feature	cns_glial	mutation_prevalence_PIK3CA	n_missing_projects	0
per_feature	cns_glial	mutation_prevalence_PIK3CA	n_unique_non_missing	2
per_feature	cns_glial	mutation_prevalence_PIK3CA	raw_sd	0.00793576235478585
per_feature	cns_glial	mutation_prevalence_PIK3CA	imputed_value	0.0911627621734331
per_feature	cns_glial	mutation_prevalence_PIK3CA	n_imputed_values	0
per_feature	cns_glial	mutation_prevalence_PIK3CA	retained_for_group_tree	TRUE
per_feature	cns_glial	mutation_prevalence_PIK3CA	drop_reason	
per_feature	cns_glial	mutation_prevalence_PMS2	missing_fraction	0
per_feature	cns_glial	mutation_prevalence_PMS2	n_missing_projects	0
per_feature	cns_glial	mutation_prevalence_PMS2	n_unique_non_missing	2
per_feature	cns_glial	mutation_prevalence_PMS2	raw_sd	0.00403292840980921
per_feature	cns_glial	mutation_prevalence_PMS2	imputed_value	0.00285171102661597
per_feature	cns_glial	mutation_prevalence_PMS2	n_imputed_values	0
per_feature	cns_glial	mutation_prevalence_PMS2	retained_for_group_tree	TRUE
per_feature	cns_glial	mutation_prevalence_PMS2	drop_reason	
per_feature	cns_glial	mutation_prevalence_POLE	missing_fraction	0
per_feature	cns_glial	mutation_prevalence_POLE	n_missing_projects	0
per_feature	cns_glial	mutation_prevalence_POLE	n_unique_non_missing	2
per_feature	cns_glial	mutation_prevalence_POLE	raw_sd	0.00339579910768057
per_feature	cns_glial	mutation_prevalence_POLE	imputed_value	0.0100057553142307
per_feature	cns_glial	mutation_prevalence_POLE	n_imputed_values	0
per_feature	cns_glial	mutation_prevalence_POLE	retained_for_group_tree	TRUE
per_feature	cns_glial	mutation_prevalence_POLE	drop_reason	
per_feature	cns_glial	mutation_prevalence_PTEN	missing_fraction	0
per_feature	cns_glial	mutation_prevalence_PTEN	n_missing_projects	0
per_feature	cns_glial	mutation_prevalence_PTEN	n_unique_non_missing	2
per_feature	cns_glial	mutation_prevalence_PTEN	raw_sd	0.202443666056998
per_feature	cns_glial	mutation_prevalence_PTEN	imputed_value	0.186875524818613
per_feature	cns_glial	mutation_prevalence_PTEN	n_imputed_values	0
per_feature	cns_glial	mutation_prevalence_PTEN	retained_for_group_tree	TRUE
per_feature	cns_glial	mutation_prevalence_PTEN	drop_reason	
per_feature	cns_glial	mutation_prevalence_RB1	missing_fraction	0
per_feature	cns_glial	mutation_prevalence_RB1	n_missing_projects	0
per_feature	cns_glial	mutation_prevalence_RB1	n_unique_non_missing	2
per_feature	cns_glial	mutation_prevalence_RB1	raw_sd	0.0572649148148839
per_feature	cns_glial	mutation_prevalence_RB1	imputed_value	0.0538003943805489
per_feature	cns_glial	mutation_prevalence_RB1	n_imputed_values	0
per_feature	cns_glial	mutation_prevalence_RB1	retained_for_group_tree	TRUE
per_feature	cns_glial	mutation_prevalence_RB1	drop_reason	
per_feature	cns_glial	mutation_prevalence_SMAD4	missing_fraction	0
per_feature	cns_glial	mutation_prevalence_SMAD4	n_missing_projects	0
per_feature	cns_glial	mutation_prevalence_SMAD4	n_unique_non_missing	2
per_feature	cns_glial	mutation_prevalence_SMAD4	raw_sd	0.00350921479497046
per_feature	cns_glial	mutation_prevalence_SMAD4	imputed_value	0.00248138957816377
per_feature	cns_glial	mutation_prevalence_SMAD4	n_imputed_values	0
per_feature	cns_glial	mutation_prevalence_SMAD4	retained_for_group_tree	TRUE
per_feature	cns_glial	mutation_prevalence_SMAD4	drop_reason	
per_feature	cns_glial	mutation_prevalence_TERT	missing_fraction	0
per_feature	cns_glial	mutation_prevalence_TERT	n_missing_projects	0
per_feature	cns_glial	mutation_prevalence_TERT	n_unique_non_missing	2
per_feature	cns_glial	mutation_prevalence_TERT	raw_sd	0.00608441804755337
per_feature	cns_glial	mutation_prevalence_TERT	imputed_value	0.0081046146298201
per_feature	cns_glial	mutation_prevalence_TERT	n_imputed_values	0
per_feature	cns_glial	mutation_prevalence_TERT	retained_for_group_tree	TRUE
per_feature	cns_glial	mutation_prevalence_TERT	drop_reason	
per_feature	cns_glial	mutation_prevalence_TP53	missing_fraction	0
per_feature	cns_glial	mutation_prevalence_TP53	n_missing_projects	0
per_feature	cns_glial	mutation_prevalence_TP53	n_unique_non_missing	2
per_feature	cns_glial	mutation_prevalence_TP53	raw_sd	0.123996703762968
per_feature	cns_glial	mutation_prevalence_TP53	imputed_value	0.402815386502373
per_feature	cns_glial	mutation_prevalence_TP53	n_imputed_values	0
per_feature	cns_glial	mutation_prevalence_TP53	retained_for_group_tree	TRUE
per_feature	cns_glial	mutation_prevalence_TP53	drop_reason	
per_feature	cns_glial	mutation_prevalence_VHL	missing_fraction	0
per_feature	cns_glial	mutation_prevalence_VHL	n_missing_projects	0
per_feature	cns_glial	mutation_prevalence_VHL	n_unique_non_missing	1
per_feature	cns_glial	mutation_prevalence_VHL	raw_sd	0
per_feature	cns_glial	mutation_prevalence_VHL	imputed_value	0
per_feature	cns_glial	mutation_prevalence_VHL	n_imputed_values	0
per_feature	cns_glial	mutation_prevalence_VHL	retained_for_group_tree	FALSE
per_feature	cns_glial	mutation_prevalence_VHL	drop_reason	constant_or_near_constant_within_group
per_feature	cns_glial	tmb_proxy_mean_nonsynonymous_count	missing_fraction	0
per_feature	cns_glial	tmb_proxy_mean_nonsynonymous_count	n_missing_projects	0
per_feature	cns_glial	tmb_proxy_mean_nonsynonymous_count	n_unique_non_missing	2
per_feature	cns_glial	tmb_proxy_mean_nonsynonymous_count	raw_sd	42.532367144921
per_feature	cns_glial	tmb_proxy_mean_nonsynonymous_count	imputed_value	85.4114271292304
per_feature	cns_glial	tmb_proxy_mean_nonsynonymous_count	n_imputed_values	0
per_feature	cns_glial	tmb_proxy_mean_nonsynonymous_count	retained_for_group_tree	TRUE
per_feature	cns_glial	tmb_proxy_mean_nonsynonymous_count	drop_reason	
per_feature	cns_glial	tmb_proxy_mean_total_mutation_count	missing_fraction	0
per_feature	cns_glial	tmb_proxy_mean_total_mutation_count	n_missing_projects	0
per_feature	cns_glial	tmb_proxy_mean_total_mutation_count	n_unique_non_missing	2
per_feature	cns_glial	tmb_proxy_mean_total_mutation_count	raw_sd	65.4601355688786
per_feature	cns_glial	tmb_proxy_mean_total_mutation_count	imputed_value	127.54395975054
per_feature	cns_glial	tmb_proxy_mean_total_mutation_count	n_imputed_values	0
per_feature	cns_glial	tmb_proxy_mean_total_mutation_count	retained_for_group_tree	TRUE
per_feature	cns_glial	tmb_proxy_mean_total_mutation_count	drop_reason	
per_feature	cns_glial	tmb_proxy_median_nonsynonymous_count	missing_fraction	0
per_feature	cns_glial	tmb_proxy_median_nonsynonymous_count	n_missing_projects	0
per_feature	cns_glial	tmb_proxy_median_nonsynonymous_count	n_unique_non_missing	2
per_feature	cns_glial	tmb_proxy_median_nonsynonymous_count	raw_sd	16.2634559672906
per_feature	cns_glial	tmb_proxy_median_nonsynonymous_count	imputed_value	39.5
per_feature	cns_glial	tmb_proxy_median_nonsynonymous_count	n_imputed_values	0
per_feature	cns_glial	tmb_proxy_median_nonsynonymous_count	retained_for_group_tree	TRUE
per_feature	cns_glial	tmb_proxy_median_nonsynonymous_count	drop_reason	
per_feature	cns_glial	tmb_proxy_median_total_mutation_count	missing_fraction	0
per_feature	cns_glial	tmb_proxy_median_total_mutation_count	n_missing_projects	0
per_feature	cns_glial	tmb_proxy_median_total_mutation_count	n_unique_non_missing	2
per_feature	cns_glial	tmb_proxy_median_total_mutation_count	raw_sd	26.8700576850888
per_feature	cns_glial	tmb_proxy_median_total_mutation_count	imputed_value	58
per_feature	cns_glial	tmb_proxy_median_total_mutation_count	n_imputed_values	0
per_feature	cns_glial	tmb_proxy_median_total_mutation_count	retained_for_group_tree	TRUE
per_feature	cns_glial	tmb_proxy_median_total_mutation_count	drop_reason	
global	gi_pancancreatobiliary	ALL	n_projects	7
global	gi_pancancreatobiliary	ALL	n_raw_biologic_features	52
global	gi_pancancreatobiliary	ALL	n_features_retained	52
global	gi_pancancreatobiliary	ALL	n_features_dropped	0
global	gi_pancancreatobiliary	ALL	tree_attempted	TRUE
global	gi_pancancreatobiliary	ALL	reason_or_warning	none
global	gi_pancancreatobiliary	ALL	bootstrap_iterations_completed	100
per_feature	gi_pancancreatobiliary	median_DNA_repair_score	missing_fraction	0
per_feature	gi_pancancreatobiliary	median_DNA_repair_score	n_missing_projects	0
per_feature	gi_pancancreatobiliary	median_DNA_repair_score	n_unique_non_missing	7
per_feature	gi_pancancreatobiliary	median_DNA_repair_score	raw_sd	0.519704562056796
per_feature	gi_pancancreatobiliary	median_DNA_repair_score	imputed_value	0.2812333216118
per_feature	gi_pancancreatobiliary	median_DNA_repair_score	n_imputed_values	0
per_feature	gi_pancancreatobiliary	median_DNA_repair_score	retained_for_group_tree	TRUE
per_feature	gi_pancancreatobiliary	median_DNA_repair_score	drop_reason	
per_feature	gi_pancancreatobiliary	median_EMT_score	missing_fraction	0
per_feature	gi_pancancreatobiliary	median_EMT_score	n_missing_projects	0
per_feature	gi_pancancreatobiliary	median_EMT_score	n_unique_non_missing	7
per_feature	gi_pancancreatobiliary	median_EMT_score	raw_sd	0.189142275209751
per_feature	gi_pancancreatobiliary	median_EMT_score	imputed_value	-0.222635739947405
per_feature	gi_pancancreatobiliary	median_EMT_score	n_imputed_values	0
per_feature	gi_pancancreatobiliary	median_EMT_score	retained_for_group_tree	TRUE
per_feature	gi_pancancreatobiliary	median_EMT_score	drop_reason	
per_feature	gi_pancancreatobiliary	median_aneuploidy_score	missing_fraction	0
per_feature	gi_pancancreatobiliary	median_aneuploidy_score	n_missing_projects	0
per_feature	gi_pancancreatobiliary	median_aneuploidy_score	n_unique_non_missing	7
per_feature	gi_pancancreatobiliary	median_aneuploidy_score	raw_sd	2.81999662276056
per_feature	gi_pancancreatobiliary	median_aneuploidy_score	imputed_value	10
per_feature	gi_pancancreatobiliary	median_aneuploidy_score	n_imputed_values	0
per_feature	gi_pancancreatobiliary	median_aneuploidy_score	retained_for_group_tree	TRUE
per_feature	gi_pancancreatobiliary	median_aneuploidy_score	drop_reason	
per_feature	gi_pancancreatobiliary	median_angiogenesis_score	missing_fraction	0
per_feature	gi_pancancreatobiliary	median_angiogenesis_score	n_missing_projects	0
per_feature	gi_pancancreatobiliary	median_angiogenesis_score	n_unique_non_missing	7
per_feature	gi_pancancreatobiliary	median_angiogenesis_score	raw_sd	0.128737682450392
per_feature	gi_pancancreatobiliary	median_angiogenesis_score	imputed_value	-0.218346706408118
per_feature	gi_pancancreatobiliary	median_angiogenesis_score	n_imputed_values	0
per_feature	gi_pancancreatobiliary	median_angiogenesis_score	retained_for_group_tree	TRUE
per_feature	gi_pancancreatobiliary	median_angiogenesis_score	drop_reason	
per_feature	gi_pancancreatobiliary	median_arm_gain_count	missing_fraction	0
per_feature	gi_pancancreatobiliary	median_arm_gain_count	n_missing_projects	0
per_feature	gi_pancancreatobiliary	median_arm_gain_count	n_unique_non_missing	5
per_feature	gi_pancancreatobiliary	median_arm_gain_count	raw_sd	1.61834718742537
per_feature	gi_pancancreatobiliary	median_arm_gain_count	imputed_value	4
per_feature	gi_pancancreatobiliary	median_arm_gain_count	n_imputed_values	0
per_feature	gi_pancancreatobiliary	median_arm_gain_count	retained_for_group_tree	TRUE
per_feature	gi_pancancreatobiliary	median_arm_gain_count	drop_reason	
per_feature	gi_pancancreatobiliary	median_arm_loss_count	missing_fraction	0
per_feature	gi_pancancreatobiliary	median_arm_loss_count	n_missing_projects	0
per_feature	gi_pancancreatobiliary	median_arm_loss_count	n_unique_non_missing	5
per_feature	gi_pancancreatobiliary	median_arm_loss_count	raw_sd	1.3451854182691
per_feature	gi_pancancreatobiliary	median_arm_loss_count	imputed_value	6
per_feature	gi_pancancreatobiliary	median_arm_loss_count	n_imputed_values	0
per_feature	gi_pancancreatobiliary	median_arm_loss_count	retained_for_group_tree	TRUE
per_feature	gi_pancancreatobiliary	median_arm_loss_count	drop_reason	
per_feature	gi_pancancreatobiliary	median_cell_cycle_score	missing_fraction	0
per_feature	gi_pancancreatobiliary	median_cell_cycle_score	n_missing_projects	0
per_feature	gi_pancancreatobiliary	median_cell_cycle_score	n_unique_non_missing	7
per_feature	gi_pancancreatobiliary	median_cell_cycle_score	raw_sd	0.59126939246146
per_feature	gi_pancancreatobiliary	median_cell_cycle_score	imputed_value	0.434573704512597
per_feature	gi_pancancreatobiliary	median_cell_cycle_score	n_imputed_values	0
per_feature	gi_pancancreatobiliary	median_cell_cycle_score	retained_for_group_tree	TRUE
per_feature	gi_pancancreatobiliary	median_cell_cycle_score	drop_reason	
per_feature	gi_pancancreatobiliary	median_cytotoxic_t_cell_score	missing_fraction	0
per_feature	gi_pancancreatobiliary	median_cytotoxic_t_cell_score	n_missing_projects	0
per_feature	gi_pancancreatobiliary	median_cytotoxic_t_cell_score	n_unique_non_missing	7
per_feature	gi_pancancreatobiliary	median_cytotoxic_t_cell_score	raw_sd	0.0449171697109184
per_feature	gi_pancancreatobiliary	median_cytotoxic_t_cell_score	imputed_value	-0.197700947749573
per_feature	gi_pancancreatobiliary	median_cytotoxic_t_cell_score	n_imputed_values	0
per_feature	gi_pancancreatobiliary	median_cytotoxic_t_cell_score	retained_for_group_tree	TRUE
per_feature	gi_pancancreatobiliary	median_cytotoxic_t_cell_score	drop_reason	
per_feature	gi_pancancreatobiliary	median_epithelial_score	missing_fraction	0
per_feature	gi_pancancreatobiliary	median_epithelial_score	n_missing_projects	0
per_feature	gi_pancancreatobiliary	median_epithelial_score	n_unique_non_missing	7
per_feature	gi_pancancreatobiliary	median_epithelial_score	raw_sd	0.515938435064121
per_feature	gi_pancancreatobiliary	median_epithelial_score	imputed_value	0.544696466763469
per_feature	gi_pancancreatobiliary	median_epithelial_score	n_imputed_values	0
per_feature	gi_pancancreatobiliary	median_epithelial_score	retained_for_group_tree	TRUE
per_feature	gi_pancancreatobiliary	median_epithelial_score	drop_reason	
per_feature	gi_pancancreatobiliary	median_hypoxia_score	missing_fraction	0
per_feature	gi_pancancreatobiliary	median_hypoxia_score	n_missing_projects	0
per_feature	gi_pancancreatobiliary	median_hypoxia_score	n_unique_non_missing	7
per_feature	gi_pancancreatobiliary	median_hypoxia_score	raw_sd	0.12856036126153
per_feature	gi_pancancreatobiliary	median_hypoxia_score	imputed_value	-0.171415991709808
per_feature	gi_pancancreatobiliary	median_hypoxia_score	n_imputed_values	0
per_feature	gi_pancancreatobiliary	median_hypoxia_score	retained_for_group_tree	TRUE
per_feature	gi_pancancreatobiliary	median_hypoxia_score	drop_reason	
per_feature	gi_pancancreatobiliary	median_immune_inflammatory_score	missing_fraction	0
per_feature	gi_pancancreatobiliary	median_immune_inflammatory_score	n_missing_projects	0
per_feature	gi_pancancreatobiliary	median_immune_inflammatory_score	n_unique_non_missing	7
per_feature	gi_pancancreatobiliary	median_immune_inflammatory_score	raw_sd	0.0454610097374605
per_feature	gi_pancancreatobiliary	median_immune_inflammatory_score	imputed_value	-0.207102677084059
per_feature	gi_pancancreatobiliary	median_immune_inflammatory_score	n_imputed_values	0
per_feature	gi_pancancreatobiliary	median_immune_inflammatory_score	retained_for_group_tree	TRUE
per_feature	gi_pancancreatobiliary	median_immune_inflammatory_score	drop_reason	
per_feature	gi_pancancreatobiliary	median_interferon_gamma_score	missing_fraction	0
per_feature	gi_pancancreatobiliary	median_interferon_gamma_score	n_missing_projects	0
per_feature	gi_pancancreatobiliary	median_interferon_gamma_score	n_unique_non_missing	7
per_feature	gi_pancancreatobiliary	median_interferon_gamma_score	raw_sd	0.0806850181913574
per_feature	gi_pancancreatobiliary	median_interferon_gamma_score	imputed_value	-0.238004760034515
per_feature	gi_pancancreatobiliary	median_interferon_gamma_score	n_imputed_values	0
per_feature	gi_pancancreatobiliary	median_interferon_gamma_score	retained_for_group_tree	TRUE
per_feature	gi_pancancreatobiliary	median_interferon_gamma_score	drop_reason	
per_feature	gi_pancancreatobiliary	median_lineage_or_tissue_PC1	missing_fraction	0
per_feature	gi_pancancreatobiliary	median_lineage_or_tissue_PC1	n_missing_projects	0
per_feature	gi_pancancreatobiliary	median_lineage_or_tissue_PC1	n_unique_non_missing	7
per_feature	gi_pancancreatobiliary	median_lineage_or_tissue_PC1	raw_sd	2.27944020119428
per_feature	gi_pancancreatobiliary	median_lineage_or_tissue_PC1	imputed_value	-1.89940498813503
per_feature	gi_pancancreatobiliary	median_lineage_or_tissue_PC1	n_imputed_values	0
per_feature	gi_pancancreatobiliary	median_lineage_or_tissue_PC1	retained_for_group_tree	TRUE
per_feature	gi_pancancreatobiliary	median_lineage_or_tissue_PC1	drop_reason	
per_feature	gi_pancancreatobiliary	median_lineage_or_tissue_PC2	missing_fraction	0
per_feature	gi_pancancreatobiliary	median_lineage_or_tissue_PC2	n_missing_projects	0
per_feature	gi_pancancreatobiliary	median_lineage_or_tissue_PC2	n_unique_non_missing	7
per_feature	gi_pancancreatobiliary	median_lineage_or_tissue_PC2	raw_sd	1.01002139242639
per_feature	gi_pancancreatobiliary	median_lineage_or_tissue_PC2	imputed_value	1.11126537761809
per_feature	gi_pancancreatobiliary	median_lineage_or_tissue_PC2	n_imputed_values	0
per_feature	gi_pancancreatobiliary	median_lineage_or_tissue_PC2	retained_for_group_tree	TRUE
per_feature	gi_pancancreatobiliary	median_lineage_or_tissue_PC2	drop_reason	
per_feature	gi_pancancreatobiliary	median_ploidy	missing_fraction	0
per_feature	gi_pancancreatobiliary	median_ploidy	n_missing_projects	0
per_feature	gi_pancancreatobiliary	median_ploidy	n_unique_non_missing	7
per_feature	gi_pancancreatobiliary	median_ploidy	raw_sd	0.225438725705277
per_feature	gi_pancancreatobiliary	median_ploidy	imputed_value	2.15
per_feature	gi_pancancreatobiliary	median_ploidy	n_imputed_values	0
per_feature	gi_pancancreatobiliary	median_ploidy	retained_for_group_tree	TRUE
per_feature	gi_pancancreatobiliary	median_ploidy	drop_reason	
per_feature	gi_pancancreatobiliary	median_proliferation_score	missing_fraction	0
per_feature	gi_pancancreatobiliary	median_proliferation_score	n_missing_projects	0
per_feature	gi_pancancreatobiliary	median_proliferation_score	n_unique_non_missing	7
per_feature	gi_pancancreatobiliary	median_proliferation_score	raw_sd	0.590282682837113
per_feature	gi_pancancreatobiliary	median_proliferation_score	imputed_value	0.455600112551992
per_feature	gi_pancancreatobiliary	median_proliferation_score	n_imputed_values	0
per_feature	gi_pancancreatobiliary	median_proliferation_score	retained_for_group_tree	TRUE
per_feature	gi_pancancreatobiliary	median_proliferation_score	drop_reason	
per_feature	gi_pancancreatobiliary	median_purity	missing_fraction	0
per_feature	gi_pancancreatobiliary	median_purity	n_missing_projects	0
per_feature	gi_pancancreatobiliary	median_purity	n_unique_non_missing	7
per_feature	gi_pancancreatobiliary	median_purity	raw_sd	0.120894483705735
per_feature	gi_pancancreatobiliary	median_purity	imputed_value	0.66
per_feature	gi_pancancreatobiliary	median_purity	n_imputed_values	0
per_feature	gi_pancancreatobiliary	median_purity	retained_for_group_tree	TRUE
per_feature	gi_pancancreatobiliary	median_purity	drop_reason	
per_feature	gi_pancancreatobiliary	median_stromal_score	missing_fraction	0
per_feature	gi_pancancreatobiliary	median_stromal_score	n_missing_projects	0
per_feature	gi_pancancreatobiliary	median_stromal_score	n_unique_non_missing	7
per_feature	gi_pancancreatobiliary	median_stromal_score	raw_sd	0.35134860103355
per_feature	gi_pancancreatobiliary	median_stromal_score	imputed_value	-0.220004067561394
per_feature	gi_pancancreatobiliary	median_stromal_score	n_imputed_values	0
per_feature	gi_pancancreatobiliary	median_stromal_score	retained_for_group_tree	TRUE
per_feature	gi_pancancreatobiliary	median_stromal_score	drop_reason	
per_feature	gi_pancancreatobiliary	median_total_arm_alteration_count	missing_fraction	0
per_feature	gi_pancancreatobiliary	median_total_arm_alteration_count	n_missing_projects	0
per_feature	gi_pancancreatobiliary	median_total_arm_alteration_count	n_unique_non_missing	7
per_feature	gi_pancancreatobiliary	median_total_arm_alteration_count	raw_sd	2.81999662276056
per_feature	gi_pancancreatobiliary	median_total_arm_alteration_count	imputed_value	10
per_feature	gi_pancancreatobiliary	median_total_arm_alteration_count	n_imputed_values	0
per_feature	gi_pancancreatobiliary	median_total_arm_alteration_count	retained_for_group_tree	TRUE
per_feature	gi_pancancreatobiliary	median_total_arm_alteration_count	drop_reason	
per_feature	gi_pancancreatobiliary	mutation_prevalence_ALK	missing_fraction	0
per_feature	gi_pancancreatobiliary	mutation_prevalence_ALK	n_missing_projects	0
per_feature	gi_pancancreatobiliary	mutation_prevalence_ALK	n_unique_non_missing	7
per_feature	gi_pancancreatobiliary	mutation_prevalence_ALK	raw_sd	0.0230368876773054
per_feature	gi_pancancreatobiliary	mutation_prevalence_ALK	imputed_value	0.0246575342465753
per_feature	gi_pancancreatobiliary	mutation_prevalence_ALK	n_imputed_values	0
per_feature	gi_pancancreatobiliary	mutation_prevalence_ALK	retained_for_group_tree	TRUE
per_feature	gi_pancancreatobiliary	mutation_prevalence_ALK	drop_reason	
per_feature	gi_pancancreatobiliary	mutation_prevalence_APC	missing_fraction	0
per_feature	gi_pancancreatobiliary	mutation_prevalence_APC	n_missing_projects	0
per_feature	gi_pancancreatobiliary	mutation_prevalence_APC	n_unique_non_missing	7
per_feature	gi_pancancreatobiliary	mutation_prevalence_APC	raw_sd	0.349293726092445
per_feature	gi_pancancreatobiliary	mutation_prevalence_APC	imputed_value	0.0378378378378378
per_feature	gi_pancancreatobiliary	mutation_prevalence_APC	n_imputed_values	0
per_feature	gi_pancancreatobiliary	mutation_prevalence_APC	retained_for_group_tree	TRUE
per_feature	gi_pancancreatobiliary	mutation_prevalence_APC	drop_reason	
per_feature	gi_pancancreatobiliary	mutation_prevalence_ARID1A	missing_fraction	0
per_feature	gi_pancancreatobiliary	mutation_prevalence_ARID1A	n_missing_projects	0
per_feature	gi_pancancreatobiliary	mutation_prevalence_ARID1A	n_unique_non_missing	7
per_feature	gi_pancancreatobiliary	mutation_prevalence_ARID1A	raw_sd	0.0697042539013831
per_feature	gi_pancancreatobiliary	mutation_prevalence_ARID1A	imputed_value	0.0794520547945206
per_feature	gi_pancancreatobiliary	mutation_prevalence_ARID1A	n_imputed_values	0
per_feature	gi_pancancreatobiliary	mutation_prevalence_ARID1A	retained_for_group_tree	TRUE
per_feature	gi_pancancreatobiliary	mutation_prevalence_ARID1A	drop_reason	
per_feature	gi_pancancreatobiliary	mutation_prevalence_BAP1	missing_fraction	0
per_feature	gi_pancancreatobiliary	mutation_prevalence_BAP1	n_missing_projects	0
per_feature	gi_pancancreatobiliary	mutation_prevalence_BAP1	n_unique_non_missing	7
per_feature	gi_pancancreatobiliary	mutation_prevalence_BAP1	raw_sd	0.0684096006546254
per_feature	gi_pancancreatobiliary	mutation_prevalence_BAP1	imputed_value	0.017156862745098
per_feature	gi_pancancreatobiliary	mutation_prevalence_BAP1	n_imputed_values	0
per_feature	gi_pancancreatobiliary	mutation_prevalence_BAP1	retained_for_group_tree	TRUE
per_feature	gi_pancancreatobiliary	mutation_prevalence_BAP1	drop_reason	
per_feature	gi_pancancreatobiliary	mutation_prevalence_BRAF	missing_fraction	0
per_feature	gi_pancancreatobiliary	mutation_prevalence_BRAF	n_missing_projects	0
per_feature	gi_pancancreatobiliary	mutation_prevalence_BRAF	n_unique_non_missing	7
per_feature	gi_pancancreatobiliary	mutation_prevalence_BRAF	raw_sd	0.0481357662162967
per_feature	gi_pancancreatobiliary	mutation_prevalence_BRAF	imputed_value	0.0277777777777778
per_feature	gi_pancancreatobiliary	mutation_prevalence_BRAF	n_imputed_values	0
per_feature	gi_pancancreatobiliary	mutation_prevalence_BRAF	retained_for_group_tree	TRUE
per_feature	gi_pancancreatobiliary	mutation_prevalence_BRAF	drop_reason	
per_feature	gi_pancancreatobiliary	mutation_prevalence_BRCA1	missing_fraction	0
per_feature	gi_pancancreatobiliary	mutation_prevalence_BRCA1	n_missing_projects	0
per_feature	gi_pancancreatobiliary	mutation_prevalence_BRCA1	n_unique_non_missing	7
per_feature	gi_pancancreatobiliary	mutation_prevalence_BRCA1	raw_sd	0.011881892534968
per_feature	gi_pancancreatobiliary	mutation_prevalence_BRCA1	imputed_value	0.0112359550561798
per_feature	gi_pancancreatobiliary	mutation_prevalence_BRCA1	n_imputed_values	0
per_feature	gi_pancancreatobiliary	mutation_prevalence_BRCA1	retained_for_group_tree	TRUE
per_feature	gi_pancancreatobiliary	mutation_prevalence_BRCA1	drop_reason	
per_feature	gi_pancancreatobiliary	mutation_prevalence_BRCA2	missing_fraction	0
per_feature	gi_pancancreatobiliary	mutation_prevalence_BRCA2	n_missing_projects	0
per_feature	gi_pancancreatobiliary	mutation_prevalence_BRCA2	n_unique_non_missing	7
per_feature	gi_pancancreatobiliary	mutation_prevalence_BRCA2	raw_sd	0.0284904427265209
per_feature	gi_pancancreatobiliary	mutation_prevalence_BRCA2	imputed_value	0.0378378378378378
per_feature	gi_pancancreatobiliary	mutation_prevalence_BRCA2	n_imputed_values	0
per_feature	gi_pancancreatobiliary	mutation_prevalence_BRCA2	retained_for_group_tree	TRUE
per_feature	gi_pancancreatobiliary	mutation_prevalence_BRCA2	drop_reason	
per_feature	gi_pancancreatobiliary	mutation_prevalence_CDKN2A	missing_fraction	0
per_feature	gi_pancancreatobiliary	mutation_prevalence_CDKN2A	n_missing_projects	0
per_feature	gi_pancancreatobiliary	mutation_prevalence_CDKN2A	n_unique_non_missing	7
per_feature	gi_pancancreatobiliary	mutation_prevalence_CDKN2A	raw_sd	0.0697569095279084
per_feature	gi_pancancreatobiliary	mutation_prevalence_CDKN2A	imputed_value	0.041002277904328
per_feature	gi_pancancreatobiliary	mutation_prevalence_CDKN2A	n_imputed_values	0
per_feature	gi_pancancreatobiliary	mutation_prevalence_CDKN2A	retained_for_group_tree	TRUE
per_feature	gi_pancancreatobiliary	mutation_prevalence_CDKN2A	drop_reason	
per_feature	gi_pancancreatobiliary	mutation_prevalence_CTNNB1	missing_fraction	0
per_feature	gi_pancancreatobiliary	mutation_prevalence_CTNNB1	n_missing_projects	0
per_feature	gi_pancancreatobiliary	mutation_prevalence_CTNNB1	n_unique_non_missing	7
per_feature	gi_pancancreatobiliary	mutation_prevalence_CTNNB1	raw_sd	0.0876702523350946
per_feature	gi_pancancreatobiliary	mutation_prevalence_CTNNB1	imputed_value	0.0463576158940397
per_feature	gi_pancancreatobiliary	mutation_prevalence_CTNNB1	n_imputed_values	0
per_feature	gi_pancancreatobiliary	mutation_prevalence_CTNNB1	retained_for_group_tree	TRUE
per_feature	gi_pancancreatobiliary	mutation_prevalence_CTNNB1	drop_reason	
per_feature	gi_pancancreatobiliary	mutation_prevalence_EGFR	missing_fraction	0
per_feature	gi_pancancreatobiliary	mutation_prevalence_EGFR	n_missing_projects	0
per_feature	gi_pancancreatobiliary	mutation_prevalence_EGFR	n_unique_non_missing	7
per_feature	gi_pancancreatobiliary	mutation_prevalence_EGFR	raw_sd	0.0157597217959332
per_feature	gi_pancancreatobiliary	mutation_prevalence_EGFR	imputed_value	0.0198675496688742
per_feature	gi_pancancreatobiliary	mutation_prevalence_EGFR	n_imputed_values	0
per_feature	gi_pancancreatobiliary	mutation_prevalence_EGFR	retained_for_group_tree	TRUE
per_feature	gi_pancancreatobiliary	mutation_prevalence_EGFR	drop_reason	
per_feature	gi_pancancreatobiliary	mutation_prevalence_ERBB2	missing_fraction	0
per_feature	gi_pancancreatobiliary	mutation_prevalence_ERBB2	n_missing_projects	0
per_feature	gi_pancancreatobiliary	mutation_prevalence_ERBB2	n_unique_non_missing	7
per_feature	gi_pancancreatobiliary	mutation_prevalence_ERBB2	raw_sd	0.0223848429946541
per_feature	gi_pancancreatobiliary	mutation_prevalence_ERBB2	imputed_value	0.0463576158940397
per_feature	gi_pancancreatobiliary	mutation_prevalence_ERBB2	n_imputed_values	0
per_feature	gi_pancancreatobiliary	mutation_prevalence_ERBB2	retained_for_group_tree	TRUE
per_feature	gi_pancancreatobiliary	mutation_prevalence_ERBB2	drop_reason	
per_feature	gi_pancancreatobiliary	mutation_prevalence_IDH1	missing_fraction	0
per_feature	gi_pancancreatobiliary	mutation_prevalence_IDH1	n_missing_projects	0
per_feature	gi_pancancreatobiliary	mutation_prevalence_IDH1	n_unique_non_missing	7
per_feature	gi_pancancreatobiliary	mutation_prevalence_IDH1	raw_sd	0.0486675367028914
per_feature	gi_pancancreatobiliary	mutation_prevalence_IDH1	imputed_value	0.00911161731207289
per_feature	gi_pancancreatobiliary	mutation_prevalence_IDH1	n_imputed_values	0
per_feature	gi_pancancreatobiliary	mutation_prevalence_IDH1	retained_for_group_tree	TRUE
per_feature	gi_pancancreatobiliary	mutation_prevalence_IDH1	drop_reason	
per_feature	gi_pancancreatobiliary	mutation_prevalence_IDH2	missing_fraction	0
per_feature	gi_pancancreatobiliary	mutation_prevalence_IDH2	n_missing_projects	0
per_feature	gi_pancancreatobiliary	mutation_prevalence_IDH2	n_unique_non_missing	7
per_feature	gi_pancancreatobiliary	mutation_prevalence_IDH2	raw_sd	0.0184953265177421
per_feature	gi_pancancreatobiliary	mutation_prevalence_IDH2	imputed_value	0.00821917808219178
per_feature	gi_pancancreatobiliary	mutation_prevalence_IDH2	n_imputed_values	0
per_feature	gi_pancancreatobiliary	mutation_prevalence_IDH2	retained_for_group_tree	TRUE
per_feature	gi_pancancreatobiliary	mutation_prevalence_IDH2	drop_reason	
per_feature	gi_pancancreatobiliary	mutation_prevalence_KRAS	missing_fraction	0
per_feature	gi_pancancreatobiliary	mutation_prevalence_KRAS	n_missing_projects	0
per_feature	gi_pancancreatobiliary	mutation_prevalence_KRAS	n_unique_non_missing	7
per_feature	gi_pancancreatobiliary	mutation_prevalence_KRAS	raw_sd	0.259484990465718
per_feature	gi_pancancreatobiliary	mutation_prevalence_KRAS	imputed_value	0.0911161731207289
per_feature	gi_pancancreatobiliary	mutation_prevalence_KRAS	n_imputed_values	0
per_feature	gi_pancancreatobiliary	mutation_prevalence_KRAS	retained_for_group_tree	TRUE
per_feature	gi_pancancreatobiliary	mutation_prevalence_KRAS	drop_reason	
per_feature	gi_pancancreatobiliary	mutation_prevalence_MET	missing_fraction	0
per_feature	gi_pancancreatobiliary	mutation_prevalence_MET	n_missing_projects	0
per_feature	gi_pancancreatobiliary	mutation_prevalence_MET	n_unique_non_missing	7
per_feature	gi_pancancreatobiliary	mutation_prevalence_MET	raw_sd	0.0132384455331406
per_feature	gi_pancancreatobiliary	mutation_prevalence_MET	imputed_value	0.0182232346241458
per_feature	gi_pancancreatobiliary	mutation_prevalence_MET	n_imputed_values	0
per_feature	gi_pancancreatobiliary	mutation_prevalence_MET	retained_for_group_tree	TRUE
per_feature	gi_pancancreatobiliary	mutation_prevalence_MET	drop_reason	
per_feature	gi_pancancreatobiliary	mutation_prevalence_MLH1	missing_fraction	0
per_feature	gi_pancancreatobiliary	mutation_prevalence_MLH1	n_missing_projects	0
per_feature	gi_pancancreatobiliary	mutation_prevalence_MLH1	n_unique_non_missing	6
per_feature	gi_pancancreatobiliary	mutation_prevalence_MLH1	raw_sd	0.0178781459390474
per_feature	gi_pancancreatobiliary	mutation_prevalence_MLH1	imputed_value	0.00561797752808989
per_feature	gi_pancancreatobiliary	mutation_prevalence_MLH1	n_imputed_values	0
per_feature	gi_pancancreatobiliary	mutation_prevalence_MLH1	retained_for_group_tree	TRUE
per_feature	gi_pancancreatobiliary	mutation_prevalence_MLH1	drop_reason	
per_feature	gi_pancancreatobiliary	mutation_prevalence_MSH2	missing_fraction	0
per_feature	gi_pancancreatobiliary	mutation_prevalence_MSH2	n_missing_projects	0
per_feature	gi_pancancreatobiliary	mutation_prevalence_MSH2	n_unique_non_missing	7
per_feature	gi_pancancreatobiliary	mutation_prevalence_MSH2	raw_sd	0.0159594878629951
per_feature	gi_pancancreatobiliary	mutation_prevalence_MSH2	imputed_value	0.00561797752808989
per_feature	gi_pancancreatobiliary	mutation_prevalence_MSH2	n_imputed_values	0
per_feature	gi_pancancreatobiliary	mutation_prevalence_MSH2	retained_for_group_tree	TRUE
per_feature	gi_pancancreatobiliary	mutation_prevalence_MSH2	drop_reason	
per_feature	gi_pancancreatobiliary	mutation_prevalence_MSH6	missing_fraction	0
per_feature	gi_pancancreatobiliary	mutation_prevalence_MSH6	n_missing_projects	0
per_feature	gi_pancancreatobiliary	mutation_prevalence_MSH6	n_unique_non_missing	7
per_feature	gi_pancancreatobiliary	mutation_prevalence_MSH6	raw_sd	0.0176990877114361
per_feature	gi_pancancreatobiliary	mutation_prevalence_MSH6	imputed_value	0.0296127562642369
per_feature	gi_pancancreatobiliary	mutation_prevalence_MSH6	n_imputed_values	0
per_feature	gi_pancancreatobiliary	mutation_prevalence_MSH6	retained_for_group_tree	TRUE
per_feature	gi_pancancreatobiliary	mutation_prevalence_MSH6	drop_reason	
per_feature	gi_pancancreatobiliary	mutation_prevalence_MYC	missing_fraction	0
per_feature	gi_pancancreatobiliary	mutation_prevalence_MYC	n_missing_projects	0
per_feature	gi_pancancreatobiliary	mutation_prevalence_MYC	n_unique_non_missing	5
per_feature	gi_pancancreatobiliary	mutation_prevalence_MYC	raw_sd	0.00886658794789942
per_feature	gi_pancancreatobiliary	mutation_prevalence_MYC	imputed_value	0.00273972602739726
per_feature	gi_pancancreatobiliary	mutation_prevalence_MYC	n_imputed_values	0
per_feature	gi_pancancreatobiliary	mutation_prevalence_MYC	retained_for_group_tree	TRUE
per_feature	gi_pancancreatobiliary	mutation_prevalence_MYC	drop_reason	
per_feature	gi_pancancreatobiliary	mutation_prevalence_NF1	missing_fraction	0
per_feature	gi_pancancreatobiliary	mutation_prevalence_NF1	n_missing_projects	0
per_feature	gi_pancancreatobiliary	mutation_prevalence_NF1	n_unique_non_missing	7
per_feature	gi_pancancreatobiliary	mutation_prevalence_NF1	raw_sd	0.0254699778254742
per_feature	gi_pancancreatobiliary	mutation_prevalence_NF1	imputed_value	0.0356164383561644
per_feature	gi_pancancreatobiliary	mutation_prevalence_NF1	n_imputed_values	0
per_feature	gi_pancancreatobiliary	mutation_prevalence_NF1	retained_for_group_tree	TRUE
per_feature	gi_pancancreatobiliary	mutation_prevalence_NF1	drop_reason	
per_feature	gi_pancancreatobiliary	mutation_prevalence_PIK3CA	missing_fraction	0
per_feature	gi_pancancreatobiliary	mutation_prevalence_PIK3CA	n_missing_projects	0
per_feature	gi_pancancreatobiliary	mutation_prevalence_PIK3CA	n_unique_non_missing	7
per_feature	gi_pancancreatobiliary	mutation_prevalence_PIK3CA	raw_sd	0.101155187809904
per_feature	gi_pancancreatobiliary	mutation_prevalence_PIK3CA	imputed_value	0.0918918918918919
per_feature	gi_pancancreatobiliary	mutation_prevalence_PIK3CA	n_imputed_values	0
per_feature	gi_pancancreatobiliary	mutation_prevalence_PIK3CA	retained_for_group_tree	TRUE
per_feature	gi_pancancreatobiliary	mutation_prevalence_PIK3CA	drop_reason	
per_feature	gi_pancancreatobiliary	mutation_prevalence_PMS2	missing_fraction	0
per_feature	gi_pancancreatobiliary	mutation_prevalence_PMS2	n_missing_projects	0
per_feature	gi_pancancreatobiliary	mutation_prevalence_PMS2	n_unique_non_missing	7
per_feature	gi_pancancreatobiliary	mutation_prevalence_PMS2	raw_sd	0.0123661695363757
per_feature	gi_pancancreatobiliary	mutation_prevalence_PMS2	imputed_value	0.0159453302961276
per_feature	gi_pancancreatobiliary	mutation_prevalence_PMS2	n_imputed_values	0
per_feature	gi_pancancreatobiliary	mutation_prevalence_PMS2	retained_for_group_tree	TRUE
per_feature	gi_pancancreatobiliary	mutation_prevalence_PMS2	drop_reason	
per_feature	gi_pancancreatobiliary	mutation_prevalence_POLE	missing_fraction	0
per_feature	gi_pancancreatobiliary	mutation_prevalence_POLE	n_missing_projects	0
per_feature	gi_pancancreatobiliary	mutation_prevalence_POLE	n_unique_non_missing	7
per_feature	gi_pancancreatobiliary	mutation_prevalence_POLE	raw_sd	0.0259433255545679
per_feature	gi_pancancreatobiliary	mutation_prevalence_POLE	imputed_value	0.0324324324324324
per_feature	gi_pancancreatobiliary	mutation_prevalence_POLE	n_imputed_values	0
per_feature	gi_pancancreatobiliary	mutation_prevalence_POLE	retained_for_group_tree	TRUE
per_feature	gi_pancancreatobiliary	mutation_prevalence_POLE	drop_reason	
per_feature	gi_pancancreatobiliary	mutation_prevalence_PTEN	missing_fraction	0
per_feature	gi_pancancreatobiliary	mutation_prevalence_PTEN	n_missing_projects	0
per_feature	gi_pancancreatobiliary	mutation_prevalence_PTEN	n_unique_non_missing	7
per_feature	gi_pancancreatobiliary	mutation_prevalence_PTEN	raw_sd	0.0275277022787608
per_feature	gi_pancancreatobiliary	mutation_prevalence_PTEN	imputed_value	0.0324324324324324
per_feature	gi_pancancreatobiliary	mutation_prevalence_PTEN	n_imputed_values	0
per_feature	gi_pancancreatobiliary	mutation_prevalence_PTEN	retained_for_group_tree	TRUE
per_feature	gi_pancancreatobiliary	mutation_prevalence_PTEN	drop_reason	
per_feature	gi_pancancreatobiliary	mutation_prevalence_RB1	missing_fraction	0
per_feature	gi_pancancreatobiliary	mutation_prevalence_RB1	n_missing_projects	0
per_feature	gi_pancancreatobiliary	mutation_prevalence_RB1	n_unique_non_missing	7
per_feature	gi_pancancreatobiliary	mutation_prevalence_RB1	raw_sd	0.017796234065739
per_feature	gi_pancancreatobiliary	mutation_prevalence_RB1	imputed_value	0.0294117647058824
per_feature	gi_pancancreatobiliary	mutation_prevalence_RB1	n_imputed_values	0
per_feature	gi_pancancreatobiliary	mutation_prevalence_RB1	retained_for_group_tree	TRUE
per_feature	gi_pancancreatobiliary	mutation_prevalence_RB1	drop_reason	
per_feature	gi_pancancreatobiliary	mutation_prevalence_SMAD4	missing_fraction	0
per_feature	gi_pancancreatobiliary	mutation_prevalence_SMAD4	n_missing_projects	0
per_feature	gi_pancancreatobiliary	mutation_prevalence_SMAD4	n_unique_non_missing	7
per_feature	gi_pancancreatobiliary	mutation_prevalence_SMAD4	raw_sd	0.0742688283804944
per_feature	gi_pancancreatobiliary	mutation_prevalence_SMAD4	imputed_value	0.0751708428246014
per_feature	gi_pancancreatobiliary	mutation_prevalence_SMAD4	n_imputed_values	0
per_feature	gi_pancancreatobiliary	mutation_prevalence_SMAD4	retained_for_group_tree	TRUE
per_feature	gi_pancancreatobiliary	mutation_prevalence_SMAD4	drop_reason	
per_feature	gi_pancancreatobiliary	mutation_prevalence_TERT	missing_fraction	0
per_feature	gi_pancancreatobiliary	mutation_prevalence_TERT	n_missing_projects	0
per_feature	gi_pancancreatobiliary	mutation_prevalence_TERT	n_unique_non_missing	7
per_feature	gi_pancancreatobiliary	mutation_prevalence_TERT	raw_sd	0.00570608212506443
per_feature	gi_pancancreatobiliary	mutation_prevalence_TERT	imputed_value	0.0108108108108108
per_feature	gi_pancancreatobiliary	mutation_prevalence_TERT	n_imputed_values	0
per_feature	gi_pancancreatobiliary	mutation_prevalence_TERT	retained_for_group_tree	TRUE
per_feature	gi_pancancreatobiliary	mutation_prevalence_TERT	drop_reason	
per_feature	gi_pancancreatobiliary	mutation_prevalence_TP53	missing_fraction	0
per_feature	gi_pancancreatobiliary	mutation_prevalence_TP53	n_missing_projects	0
per_feature	gi_pancancreatobiliary	mutation_prevalence_TP53	n_unique_non_missing	7
per_feature	gi_pancancreatobiliary	mutation_prevalence_TP53	raw_sd	0.253016081505435
per_feature	gi_pancancreatobiliary	mutation_prevalence_TP53	imputed_value	0.549019607843137
per_feature	gi_pancancreatobiliary	mutation_prevalence_TP53	n_imputed_values	0
per_feature	gi_pancancreatobiliary	mutation_prevalence_TP53	retained_for_group_tree	TRUE
per_feature	gi_pancancreatobiliary	mutation_prevalence_TP53	drop_reason	
per_feature	gi_pancancreatobiliary	mutation_prevalence_VHL	missing_fraction	0
per_feature	gi_pancancreatobiliary	mutation_prevalence_VHL	n_missing_projects	0
per_feature	gi_pancancreatobiliary	mutation_prevalence_VHL	n_unique_non_missing	4
per_feature	gi_pancancreatobiliary	mutation_prevalence_VHL	raw_sd	0.00371400224535914
per_feature	gi_pancancreatobiliary	mutation_prevalence_VHL	imputed_value	0
per_feature	gi_pancancreatobiliary	mutation_prevalence_VHL	n_imputed_values	0
per_feature	gi_pancancreatobiliary	mutation_prevalence_VHL	retained_for_group_tree	TRUE
per_feature	gi_pancancreatobiliary	mutation_prevalence_VHL	drop_reason	
per_feature	gi_pancancreatobiliary	tmb_proxy_mean_nonsynonymous_count	missing_fraction	0
per_feature	gi_pancancreatobiliary	tmb_proxy_mean_nonsynonymous_count	n_missing_projects	0
per_feature	gi_pancancreatobiliary	tmb_proxy_mean_nonsynonymous_count	n_unique_non_missing	7
per_feature	gi_pancancreatobiliary	tmb_proxy_mean_nonsynonymous_count	raw_sd	148.033182982667
per_feature	gi_pancancreatobiliary	tmb_proxy_mean_nonsynonymous_count	imputed_value	144.027027027027
per_feature	gi_pancancreatobiliary	tmb_proxy_mean_nonsynonymous_count	n_imputed_values	0
per_feature	gi_pancancreatobiliary	tmb_proxy_mean_nonsynonymous_count	retained_for_group_tree	TRUE
per_feature	gi_pancancreatobiliary	tmb_proxy_mean_nonsynonymous_count	drop_reason	
per_feature	gi_pancancreatobiliary	tmb_proxy_mean_total_mutation_count	missing_fraction	0
per_feature	gi_pancancreatobiliary	tmb_proxy_mean_total_mutation_count	n_missing_projects	0
per_feature	gi_pancancreatobiliary	tmb_proxy_mean_total_mutation_count	n_unique_non_missing	7
per_feature	gi_pancancreatobiliary	tmb_proxy_mean_total_mutation_count	raw_sd	217.772526351005
per_feature	gi_pancancreatobiliary	tmb_proxy_mean_total_mutation_count	imputed_value	261.405405405406
per_feature	gi_pancancreatobiliary	tmb_proxy_mean_total_mutation_count	n_imputed_values	0
per_feature	gi_pancancreatobiliary	tmb_proxy_mean_total_mutation_count	retained_for_group_tree	TRUE
per_feature	gi_pancancreatobiliary	tmb_proxy_mean_total_mutation_count	drop_reason	
per_feature	gi_pancancreatobiliary	tmb_proxy_median_nonsynonymous_count	missing_fraction	0
per_feature	gi_pancancreatobiliary	tmb_proxy_median_nonsynonymous_count	n_missing_projects	0
per_feature	gi_pancancreatobiliary	tmb_proxy_median_nonsynonymous_count	n_unique_non_missing	7
per_feature	gi_pancancreatobiliary	tmb_proxy_median_nonsynonymous_count	raw_sd	33.2687469528013
per_feature	gi_pancancreatobiliary	tmb_proxy_median_nonsynonymous_count	imputed_value	91
per_feature	gi_pancancreatobiliary	tmb_proxy_median_nonsynonymous_count	n_imputed_values	0
per_feature	gi_pancancreatobiliary	tmb_proxy_median_nonsynonymous_count	retained_for_group_tree	TRUE
per_feature	gi_pancancreatobiliary	tmb_proxy_median_nonsynonymous_count	drop_reason	
per_feature	gi_pancancreatobiliary	tmb_proxy_median_total_mutation_count	missing_fraction	0
per_feature	gi_pancancreatobiliary	tmb_proxy_median_total_mutation_count	n_missing_projects	0
per_feature	gi_pancancreatobiliary	tmb_proxy_median_total_mutation_count	n_unique_non_missing	7
per_feature	gi_pancancreatobiliary	tmb_proxy_median_total_mutation_count	raw_sd	53.2867355959829
per_feature	gi_pancancreatobiliary	tmb_proxy_median_total_mutation_count	imputed_value	138
per_feature	gi_pancancreatobiliary	tmb_proxy_median_total_mutation_count	n_imputed_values	0
per_feature	gi_pancancreatobiliary	tmb_proxy_median_total_mutation_count	retained_for_group_tree	TRUE
per_feature	gi_pancancreatobiliary	tmb_proxy_median_total_mutation_count	drop_reason	
global	gynecologic_breast	ALL	n_projects	5
global	gynecologic_breast	ALL	n_raw_biologic_features	52
global	gynecologic_breast	ALL	n_features_retained	52
global	gynecologic_breast	ALL	n_features_dropped	0
global	gynecologic_breast	ALL	tree_attempted	TRUE
global	gynecologic_breast	ALL	reason_or_warning	none
global	gynecologic_breast	ALL	bootstrap_iterations_completed	100
per_feature	gynecologic_breast	median_DNA_repair_score	missing_fraction	0
per_feature	gynecologic_breast	median_DNA_repair_score	n_missing_projects	0
per_feature	gynecologic_breast	median_DNA_repair_score	n_unique_non_missing	5
per_feature	gynecologic_breast	median_DNA_repair_score	raw_sd	0.261511086590761
per_feature	gynecologic_breast	median_DNA_repair_score	imputed_value	0.0397632541578428
per_feature	gynecologic_breast	median_DNA_repair_score	n_imputed_values	0
per_feature	gynecologic_breast	median_DNA_repair_score	retained_for_group_tree	TRUE
per_feature	gynecologic_breast	median_DNA_repair_score	drop_reason	
per_feature	gynecologic_breast	median_EMT_score	missing_fraction	0
per_feature	gynecologic_breast	median_EMT_score	n_missing_projects	0
per_feature	gynecologic_breast	median_EMT_score	n_unique_non_missing	5
per_feature	gynecologic_breast	median_EMT_score	raw_sd	0.313878472285959
per_feature	gynecologic_breast	median_EMT_score	imputed_value	-0.312563023540975
per_feature	gynecologic_breast	median_EMT_score	n_imputed_values	0
per_feature	gynecologic_breast	median_EMT_score	retained_for_group_tree	TRUE
per_feature	gynecologic_breast	median_EMT_score	drop_reason	
per_feature	gynecologic_breast	median_aneuploidy_score	missing_fraction	0
per_feature	gynecologic_breast	median_aneuploidy_score	n_missing_projects	0
per_feature	gynecologic_breast	median_aneuploidy_score	n_unique_non_missing	5
per_feature	gynecologic_breast	median_aneuploidy_score	raw_sd	5.93295878967653
per_feature	gynecologic_breast	median_aneuploidy_score	imputed_value	11
per_feature	gynecologic_breast	median_aneuploidy_score	n_imputed_values	0
per_feature	gynecologic_breast	median_aneuploidy_score	retained_for_group_tree	TRUE
per_feature	gynecologic_breast	median_aneuploidy_score	drop_reason	
per_feature	gynecologic_breast	median_angiogenesis_score	missing_fraction	0
per_feature	gynecologic_breast	median_angiogenesis_score	n_missing_projects	0
per_feature	gynecologic_breast	median_angiogenesis_score	n_unique_non_missing	5
per_feature	gynecologic_breast	median_angiogenesis_score	raw_sd	0.0997146697035739
per_feature	gynecologic_breast	median_angiogenesis_score	imputed_value	-0.281500173413604
per_feature	gynecologic_breast	median_angiogenesis_score	n_imputed_values	0
per_feature	gynecologic_breast	median_angiogenesis_score	retained_for_group_tree	TRUE
per_feature	gynecologic_breast	median_angiogenesis_score	drop_reason	
per_feature	gynecologic_breast	median_arm_gain_count	missing_fraction	0
per_feature	gynecologic_breast	median_arm_gain_count	n_missing_projects	0
per_feature	gynecologic_breast	median_arm_gain_count	n_unique_non_missing	4
per_feature	gynecologic_breast	median_arm_gain_count	raw_sd	2.19089023002066
per_feature	gynecologic_breast	median_arm_gain_count	imputed_value	3
per_feature	gynecologic_breast	median_arm_gain_count	n_imputed_values	0
per_feature	gynecologic_breast	median_arm_gain_count	retained_for_group_tree	TRUE
per_feature	gynecologic_breast	median_arm_gain_count	drop_reason	
per_feature	gynecologic_breast	median_arm_loss_count	missing_fraction	0
per_feature	gynecologic_breast	median_arm_loss_count	n_missing_projects	0
per_feature	gynecologic_breast	median_arm_loss_count	n_unique_non_missing	5
per_feature	gynecologic_breast	median_arm_loss_count	raw_sd	3.57770876399966
per_feature	gynecologic_breast	median_arm_loss_count	imputed_value	6
per_feature	gynecologic_breast	median_arm_loss_count	n_imputed_values	0
per_feature	gynecologic_breast	median_arm_loss_count	retained_for_group_tree	TRUE
per_feature	gynecologic_breast	median_arm_loss_count	drop_reason	
per_feature	gynecologic_breast	median_cell_cycle_score	missing_fraction	0
per_feature	gynecologic_breast	median_cell_cycle_score	n_missing_projects	0
per_feature	gynecologic_breast	median_cell_cycle_score	n_unique_non_missing	5
per_feature	gynecologic_breast	median_cell_cycle_score	raw_sd	0.531883259261701
per_feature	gynecologic_breast	median_cell_cycle_score	imputed_value	0.433385845637188
per_feature	gynecologic_breast	median_cell_cycle_score	n_imputed_values	0
per_feature	gynecologic_breast	median_cell_cycle_score	retained_for_group_tree	TRUE
per_feature	gynecologic_breast	median_cell_cycle_score	drop_reason	
per_feature	gynecologic_breast	median_cytotoxic_t_cell_score	missing_fraction	0
per_feature	gynecologic_breast	median_cytotoxic_t_cell_score	n_missing_projects	0
per_feature	gynecologic_breast	median_cytotoxic_t_cell_score	n_unique_non_missing	5
per_feature	gynecologic_breast	median_cytotoxic_t_cell_score	raw_sd	0.109915567976553
per_feature	gynecologic_breast	median_cytotoxic_t_cell_score	imputed_value	-0.236755120572728
per_feature	gynecologic_breast	median_cytotoxic_t_cell_score	n_imputed_values	0
per_feature	gynecologic_breast	median_cytotoxic_t_cell_score	retained_for_group_tree	TRUE
per_feature	gynecologic_breast	median_cytotoxic_t_cell_score	drop_reason	
per_feature	gynecologic_breast	median_epithelial_score	missing_fraction	0
per_feature	gynecologic_breast	median_epithelial_score	n_missing_projects	0
per_feature	gynecologic_breast	median_epithelial_score	n_unique_non_missing	5
per_feature	gynecologic_breast	median_epithelial_score	raw_sd	0.280462866874333
per_feature	gynecologic_breast	median_epithelial_score	imputed_value	0.0872086672195835
per_feature	gynecologic_breast	median_epithelial_score	n_imputed_values	0
per_feature	gynecologic_breast	median_epithelial_score	retained_for_group_tree	TRUE
per_feature	gynecologic_breast	median_epithelial_score	drop_reason	
per_feature	gynecologic_breast	median_hypoxia_score	missing_fraction	0
per_feature	gynecologic_breast	median_hypoxia_score	n_missing_projects	0
per_feature	gynecologic_breast	median_hypoxia_score	n_unique_non_missing	5
per_feature	gynecologic_breast	median_hypoxia_score	raw_sd	0.257187034868771
per_feature	gynecologic_breast	median_hypoxia_score	imputed_value	-0.132878979458879
per_feature	gynecologic_breast	median_hypoxia_score	n_imputed_values	0
per_feature	gynecologic_breast	median_hypoxia_score	retained_for_group_tree	TRUE
per_feature	gynecologic_breast	median_hypoxia_score	drop_reason	
per_feature	gynecologic_breast	median_immune_inflammatory_score	missing_fraction	0
per_feature	gynecologic_breast	median_immune_inflammatory_score	n_missing_projects	0
per_feature	gynecologic_breast	median_immune_inflammatory_score	n_unique_non_missing	5
per_feature	gynecologic_breast	median_immune_inflammatory_score	raw_sd	0.0932793177648175
per_feature	gynecologic_breast	median_immune_inflammatory_score	imputed_value	-0.220294789561388
per_feature	gynecologic_breast	median_immune_inflammatory_score	n_imputed_values	0
per_feature	gynecologic_breast	median_immune_inflammatory_score	retained_for_group_tree	TRUE
per_feature	gynecologic_breast	median_immune_inflammatory_score	drop_reason	
per_feature	gynecologic_breast	median_interferon_gamma_score	missing_fraction	0
per_feature	gynecologic_breast	median_interferon_gamma_score	n_missing_projects	0
per_feature	gynecologic_breast	median_interferon_gamma_score	n_unique_non_missing	5
per_feature	gynecologic_breast	median_interferon_gamma_score	raw_sd	0.225101541951284
per_feature	gynecologic_breast	median_interferon_gamma_score	imputed_value	-0.197521813381929
per_feature	gynecologic_breast	median_interferon_gamma_score	n_imputed_values	0
per_feature	gynecologic_breast	median_interferon_gamma_score	retained_for_group_tree	TRUE
per_feature	gynecologic_breast	median_interferon_gamma_score	drop_reason	
per_feature	gynecologic_breast	median_lineage_or_tissue_PC1	missing_fraction	0
per_feature	gynecologic_breast	median_lineage_or_tissue_PC1	n_missing_projects	0
per_feature	gynecologic_breast	median_lineage_or_tissue_PC1	n_unique_non_missing	5
per_feature	gynecologic_breast	median_lineage_or_tissue_PC1	raw_sd	2.1104071677929
per_feature	gynecologic_breast	median_lineage_or_tissue_PC1	imputed_value	-1.27176317697656
per_feature	gynecologic_breast	median_lineage_or_tissue_PC1	n_imputed_values	0
per_feature	gynecologic_breast	median_lineage_or_tissue_PC1	retained_for_group_tree	TRUE
per_feature	gynecologic_breast	median_lineage_or_tissue_PC1	drop_reason	
per_feature	gynecologic_breast	median_lineage_or_tissue_PC2	missing_fraction	0
per_feature	gynecologic_breast	median_lineage_or_tissue_PC2	n_missing_projects	0
per_feature	gynecologic_breast	median_lineage_or_tissue_PC2	n_unique_non_missing	5
per_feature	gynecologic_breast	median_lineage_or_tissue_PC2	raw_sd	0.389862964193296
per_feature	gynecologic_breast	median_lineage_or_tissue_PC2	imputed_value	1.31598414233531
per_feature	gynecologic_breast	median_lineage_or_tissue_PC2	n_imputed_values	0
per_feature	gynecologic_breast	median_lineage_or_tissue_PC2	retained_for_group_tree	TRUE
per_feature	gynecologic_breast	median_lineage_or_tissue_PC2	drop_reason	
per_feature	gynecologic_breast	median_ploidy	missing_fraction	0
per_feature	gynecologic_breast	median_ploidy	n_missing_projects	0
per_feature	gynecologic_breast	median_ploidy	n_unique_non_missing	5
per_feature	gynecologic_breast	median_ploidy	raw_sd	0.488978527135906
per_feature	gynecologic_breast	median_ploidy	imputed_value	2.17
per_feature	gynecologic_breast	median_ploidy	n_imputed_values	0
per_feature	gynecologic_breast	median_ploidy	retained_for_group_tree	TRUE
per_feature	gynecologic_breast	median_ploidy	drop_reason	
per_feature	gynecologic_breast	median_proliferation_score	missing_fraction	0
per_feature	gynecologic_breast	median_proliferation_score	n_missing_projects	0
per_feature	gynecologic_breast	median_proliferation_score	n_unique_non_missing	5
per_feature	gynecologic_breast	median_proliferation_score	raw_sd	0.569092836641265
per_feature	gynecologic_breast	median_proliferation_score	imputed_value	0.324591810548287
per_feature	gynecologic_breast	median_proliferation_score	n_imputed_values	0
per_feature	gynecologic_breast	median_proliferation_score	retained_for_group_tree	TRUE
per_feature	gynecologic_breast	median_proliferation_score	drop_reason	
per_feature	gynecologic_breast	median_purity	missing_fraction	0
per_feature	gynecologic_breast	median_purity	n_missing_projects	0
per_feature	gynecologic_breast	median_purity	n_unique_non_missing	5
per_feature	gynecologic_breast	median_purity	raw_sd	0.102871278790535
per_feature	gynecologic_breast	median_purity	imputed_value	0.76
per_feature	gynecologic_breast	median_purity	n_imputed_values	0
per_feature	gynecologic_breast	median_purity	retained_for_group_tree	TRUE
per_feature	gynecologic_breast	median_purity	drop_reason	
per_feature	gynecologic_breast	median_stromal_score	missing_fraction	0
per_feature	gynecologic_breast	median_stromal_score	n_missing_projects	0
per_feature	gynecologic_breast	median_stromal_score	n_unique_non_missing	5
per_feature	gynecologic_breast	median_stromal_score	raw_sd	0.280065022350581
per_feature	gynecologic_breast	median_stromal_score	imputed_value	-0.28769765247401
per_feature	gynecologic_breast	median_stromal_score	n_imputed_values	0
per_feature	gynecologic_breast	median_stromal_score	retained_for_group_tree	TRUE
per_feature	gynecologic_breast	median_stromal_score	drop_reason	
per_feature	gynecologic_breast	median_total_arm_alteration_count	missing_fraction	0
per_feature	gynecologic_breast	median_total_arm_alteration_count	n_missing_projects	0
per_feature	gynecologic_breast	median_total_arm_alteration_count	n_unique_non_missing	5
per_feature	gynecologic_breast	median_total_arm_alteration_count	raw_sd	5.93295878967653
per_feature	gynecologic_breast	median_total_arm_alteration_count	imputed_value	11
per_feature	gynecologic_breast	median_total_arm_alteration_count	n_imputed_values	0
per_feature	gynecologic_breast	median_total_arm_alteration_count	retained_for_group_tree	TRUE
per_feature	gynecologic_breast	median_total_arm_alteration_count	drop_reason	
per_feature	gynecologic_breast	mutation_prevalence_ALK	missing_fraction	0
per_feature	gynecologic_breast	mutation_prevalence_ALK	n_missing_projects	0
per_feature	gynecologic_breast	mutation_prevalence_ALK	n_unique_non_missing	5
per_feature	gynecologic_breast	mutation_prevalence_ALK	raw_sd	0.033414349247299
per_feature	gynecologic_breast	mutation_prevalence_ALK	imputed_value	0.0242718446601942
per_feature	gynecologic_breast	mutation_prevalence_ALK	n_imputed_values	0
per_feature	gynecologic_breast	mutation_prevalence_ALK	retained_for_group_tree	TRUE
per_feature	gynecologic_breast	mutation_prevalence_ALK	drop_reason	
per_feature	gynecologic_breast	mutation_prevalence_APC	missing_fraction	0
per_feature	gynecologic_breast	mutation_prevalence_APC	n_missing_projects	0
per_feature	gynecologic_breast	mutation_prevalence_APC	n_unique_non_missing	5
per_feature	gynecologic_breast	mutation_prevalence_APC	raw_sd	0.0540224347459484
per_feature	gynecologic_breast	mutation_prevalence_APC	imputed_value	0.0242718446601942
per_feature	gynecologic_breast	mutation_prevalence_APC	n_imputed_values	0
per_feature	gynecologic_breast	mutation_prevalence_APC	retained_for_group_tree	TRUE
per_feature	gynecologic_breast	mutation_prevalence_APC	drop_reason	
per_feature	gynecologic_breast	mutation_prevalence_ARID1A	missing_fraction	0
per_feature	gynecologic_breast	mutation_prevalence_ARID1A	n_missing_projects	0
per_feature	gynecologic_breast	mutation_prevalence_ARID1A	n_unique_non_missing	5
per_feature	gynecologic_breast	mutation_prevalence_ARID1A	raw_sd	0.172456542865107
per_feature	gynecologic_breast	mutation_prevalence_ARID1A	imputed_value	0.0618556701030928
per_feature	gynecologic_breast	mutation_prevalence_ARID1A	n_imputed_values	0
per_feature	gynecologic_breast	mutation_prevalence_ARID1A	retained_for_group_tree	TRUE
per_feature	gynecologic_breast	mutation_prevalence_ARID1A	drop_reason	
per_feature	gynecologic_breast	mutation_prevalence_BAP1	missing_fraction	0
per_feature	gynecologic_breast	mutation_prevalence_BAP1	n_missing_projects	0
per_feature	gynecologic_breast	mutation_prevalence_BAP1	n_unique_non_missing	5
per_feature	gynecologic_breast	mutation_prevalence_BAP1	raw_sd	0.0222391925822052
per_feature	gynecologic_breast	mutation_prevalence_BAP1	imputed_value	0.0121359223300971
per_feature	gynecologic_breast	mutation_prevalence_BAP1	n_imputed_values	0
per_feature	gynecologic_breast	mutation_prevalence_BAP1	retained_for_group_tree	TRUE
per_feature	gynecologic_breast	mutation_prevalence_BAP1	drop_reason	
per_feature	gynecologic_breast	mutation_prevalence_BRAF	missing_fraction	0
per_feature	gynecologic_breast	mutation_prevalence_BRAF	n_missing_projects	0
per_feature	gynecologic_breast	mutation_prevalence_BRAF	n_unique_non_missing	5
per_feature	gynecologic_breast	mutation_prevalence_BRAF	raw_sd	0.017223475377381
per_feature	gynecologic_breast	mutation_prevalence_BRAF	imputed_value	0.0103092783505155
per_feature	gynecologic_breast	mutation_prevalence_BRAF	n_imputed_values	0
per_feature	gynecologic_breast	mutation_prevalence_BRAF	retained_for_group_tree	TRUE
per_feature	gynecologic_breast	mutation_prevalence_BRAF	drop_reason	
per_feature	gynecologic_breast	mutation_prevalence_BRCA1	missing_fraction	0
per_feature	gynecologic_breast	mutation_prevalence_BRCA1	n_missing_projects	0
per_feature	gynecologic_breast	mutation_prevalence_BRCA1	n_unique_non_missing	5
per_feature	gynecologic_breast	mutation_prevalence_BRCA1	raw_sd	0.0326055989562455
per_feature	gynecologic_breast	mutation_prevalence_BRCA1	imputed_value	0.0436893203883495
per_feature	gynecologic_breast	mutation_prevalence_BRCA1	n_imputed_values	0
per_feature	gynecologic_breast	mutation_prevalence_BRCA1	retained_for_group_tree	TRUE
per_feature	gynecologic_breast	mutation_prevalence_BRCA1	drop_reason	
per_feature	gynecologic_breast	mutation_prevalence_BRCA2	missing_fraction	0
per_feature	gynecologic_breast	mutation_prevalence_BRCA2	n_missing_projects	0
per_feature	gynecologic_breast	mutation_prevalence_BRCA2	n_unique_non_missing	5
per_feature	gynecologic_breast	mutation_prevalence_BRCA2	raw_sd	0.0486877442160309
per_feature	gynecologic_breast	mutation_prevalence_BRCA2	imputed_value	0.0481099656357388
per_feature	gynecologic_breast	mutation_prevalence_BRCA2	n_imputed_values	0
per_feature	gynecologic_breast	mutation_prevalence_BRCA2	retained_for_group_tree	TRUE
per_feature	gynecologic_breast	mutation_prevalence_BRCA2	drop_reason	
per_feature	gynecologic_breast	mutation_prevalence_CDKN2A	missing_fraction	0
per_feature	gynecologic_breast	mutation_prevalence_CDKN2A	n_missing_projects	0
per_feature	gynecologic_breast	mutation_prevalence_CDKN2A	n_unique_non_missing	5
per_feature	gynecologic_breast	mutation_prevalence_CDKN2A	raw_sd	0.00878547890961326
per_feature	gynecologic_breast	mutation_prevalence_CDKN2A	imputed_value	0.0150659133709981
per_feature	gynecologic_breast	mutation_prevalence_CDKN2A	n_imputed_values	0
per_feature	gynecologic_breast	mutation_prevalence_CDKN2A	retained_for_group_tree	TRUE
per_feature	gynecologic_breast	mutation_prevalence_CDKN2A	drop_reason	
per_feature	gynecologic_breast	mutation_prevalence_CTNNB1	missing_fraction	0
per_feature	gynecologic_breast	mutation_prevalence_CTNNB1	n_missing_projects	0
per_feature	gynecologic_breast	mutation_prevalence_CTNNB1	n_unique_non_missing	5
per_feature	gynecologic_breast	mutation_prevalence_CTNNB1	raw_sd	0.109795474365735
per_feature	gynecologic_breast	mutation_prevalence_CTNNB1	imputed_value	0.00242718446601942
per_feature	gynecologic_breast	mutation_prevalence_CTNNB1	n_imputed_values	0
per_feature	gynecologic_breast	mutation_prevalence_CTNNB1	retained_for_group_tree	TRUE
per_feature	gynecologic_breast	mutation_prevalence_CTNNB1	drop_reason	
per_feature	gynecologic_breast	mutation_prevalence_EGFR	missing_fraction	0
per_feature	gynecologic_breast	mutation_prevalence_EGFR	n_missing_projects	0
per_feature	gynecologic_breast	mutation_prevalence_EGFR	n_unique_non_missing	5
per_feature	gynecologic_breast	mutation_prevalence_EGFR	raw_sd	0.026015174645465
per_feature	gynecologic_breast	mutation_prevalence_EGFR	imputed_value	0.0145631067961165
per_feature	gynecologic_breast	mutation_prevalence_EGFR	n_imputed_values	0
per_feature	gynecologic_breast	mutation_prevalence_EGFR	retained_for_group_tree	TRUE
per_feature	gynecologic_breast	mutation_prevalence_EGFR	drop_reason	
per_feature	gynecologic_breast	mutation_prevalence_ERBB2	missing_fraction	0
per_feature	gynecologic_breast	mutation_prevalence_ERBB2	n_missing_projects	0
per_feature	gynecologic_breast	mutation_prevalence_ERBB2	n_unique_non_missing	5
per_feature	gynecologic_breast	mutation_prevalence_ERBB2	raw_sd	0.0245115648844491
per_feature	gynecologic_breast	mutation_prevalence_ERBB2	imputed_value	0.0267952840300107
per_feature	gynecologic_breast	mutation_prevalence_ERBB2	n_imputed_values	0
per_feature	gynecologic_breast	mutation_prevalence_ERBB2	retained_for_group_tree	TRUE
per_feature	gynecologic_breast	mutation_prevalence_ERBB2	drop_reason	
per_feature	gynecologic_breast	mutation_prevalence_IDH1	missing_fraction	0
per_feature	gynecologic_breast	mutation_prevalence_IDH1	n_missing_projects	0
per_feature	gynecologic_breast	mutation_prevalence_IDH1	n_unique_non_missing	4
per_feature	gynecologic_breast	mutation_prevalence_IDH1	raw_sd	0.0160294045626685
per_feature	gynecologic_breast	mutation_prevalence_IDH1	imputed_value	0.00242718446601942
per_feature	gynecologic_breast	mutation_prevalence_IDH1	n_imputed_values	0
per_feature	gynecologic_breast	mutation_prevalence_IDH1	retained_for_group_tree	TRUE
per_feature	gynecologic_breast	mutation_prevalence_IDH1	drop_reason	
per_feature	gynecologic_breast	mutation_prevalence_IDH2	missing_fraction	0
per_feature	gynecologic_breast	mutation_prevalence_IDH2	n_missing_projects	0
per_feature	gynecologic_breast	mutation_prevalence_IDH2	n_unique_non_missing	5
per_feature	gynecologic_breast	mutation_prevalence_IDH2	raw_sd	0.0201350523809896
per_feature	gynecologic_breast	mutation_prevalence_IDH2	imputed_value	0.00485436893203884
per_feature	gynecologic_breast	mutation_prevalence_IDH2	n_imputed_values	0
per_feature	gynecologic_breast	mutation_prevalence_IDH2	retained_for_group_tree	TRUE
per_feature	gynecologic_breast	mutation_prevalence_IDH2	drop_reason	
per_feature	gynecologic_breast	mutation_prevalence_KRAS	missing_fraction	0
per_feature	gynecologic_breast	mutation_prevalence_KRAS	n_missing_projects	0
per_feature	gynecologic_breast	mutation_prevalence_KRAS	n_unique_non_missing	5
per_feature	gynecologic_breast	mutation_prevalence_KRAS	raw_sd	0.0785816534547471
per_feature	gynecologic_breast	mutation_prevalence_KRAS	imputed_value	0.0549828178694158
per_feature	gynecologic_breast	mutation_prevalence_KRAS	n_imputed_values	0
per_feature	gynecologic_breast	mutation_prevalence_KRAS	retained_for_group_tree	TRUE
per_feature	gynecologic_breast	mutation_prevalence_KRAS	drop_reason	
per_feature	gynecologic_breast	mutation_prevalence_MET	missing_fraction	0
per_feature	gynecologic_breast	mutation_prevalence_MET	n_missing_projects	0
per_feature	gynecologic_breast	mutation_prevalence_MET	n_unique_non_missing	5
per_feature	gynecologic_breast	mutation_prevalence_MET	raw_sd	0.0392591343468532
per_feature	gynecologic_breast	mutation_prevalence_MET	imputed_value	0.0121359223300971
per_feature	gynecologic_breast	mutation_prevalence_MET	n_imputed_values	0
per_feature	gynecologic_breast	mutation_prevalence_MET	retained_for_group_tree	TRUE
per_feature	gynecologic_breast	mutation_prevalence_MET	drop_reason	
per_feature	gynecologic_breast	mutation_prevalence_MLH1	missing_fraction	0
per_feature	gynecologic_breast	mutation_prevalence_MLH1	n_missing_projects	0
per_feature	gynecologic_breast	mutation_prevalence_MLH1	n_unique_non_missing	5
per_feature	gynecologic_breast	mutation_prevalence_MLH1	raw_sd	0.0254115836070573
per_feature	gynecologic_breast	mutation_prevalence_MLH1	imputed_value	0.00970873786407767
per_feature	gynecologic_breast	mutation_prevalence_MLH1	n_imputed_values	0
per_feature	gynecologic_breast	mutation_prevalence_MLH1	retained_for_group_tree	TRUE
per_feature	gynecologic_breast	mutation_prevalence_MLH1	drop_reason	
per_feature	gynecologic_breast	mutation_prevalence_MSH2	missing_fraction	0
per_feature	gynecologic_breast	mutation_prevalence_MSH2	n_missing_projects	0
per_feature	gynecologic_breast	mutation_prevalence_MSH2	n_unique_non_missing	5
per_feature	gynecologic_breast	mutation_prevalence_MSH2	raw_sd	0.0317207627076425
per_feature	gynecologic_breast	mutation_prevalence_MSH2	imputed_value	0.00970873786407767
per_feature	gynecologic_breast	mutation_prevalence_MSH2	n_imputed_values	0
per_feature	gynecologic_breast	mutation_prevalence_MSH2	retained_for_group_tree	TRUE
per_feature	gynecologic_breast	mutation_prevalence_MSH2	drop_reason	
per_feature	gynecologic_breast	mutation_prevalence_MSH6	missing_fraction	0
per_feature	gynecologic_breast	mutation_prevalence_MSH6	n_missing_projects	0
per_feature	gynecologic_breast	mutation_prevalence_MSH6	n_unique_non_missing	5
per_feature	gynecologic_breast	mutation_prevalence_MSH6	raw_sd	0.0435914057798852
per_feature	gynecologic_breast	mutation_prevalence_MSH6	imputed_value	0.013745704467354
per_feature	gynecologic_breast	mutation_prevalence_MSH6	n_imputed_values	0
per_feature	gynecologic_breast	mutation_prevalence_MSH6	retained_for_group_tree	TRUE
per_feature	gynecologic_breast	mutation_prevalence_MSH6	drop_reason	
per_feature	gynecologic_breast	mutation_prevalence_MYC	missing_fraction	0
per_feature	gynecologic_breast	mutation_prevalence_MYC	n_missing_projects	0
per_feature	gynecologic_breast	mutation_prevalence_MYC	n_unique_non_missing	5
per_feature	gynecologic_breast	mutation_prevalence_MYC	raw_sd	0.0168001187983572
per_feature	gynecologic_breast	mutation_prevalence_MYC	imputed_value	0.0103092783505155
per_feature	gynecologic_breast	mutation_prevalence_MYC	n_imputed_values	0
per_feature	gynecologic_breast	mutation_prevalence_MYC	retained_for_group_tree	TRUE
per_feature	gynecologic_breast	mutation_prevalence_MYC	drop_reason	
per_feature	gynecologic_breast	mutation_prevalence_NF1	missing_fraction	0
per_feature	gynecologic_breast	mutation_prevalence_NF1	n_missing_projects	0
per_feature	gynecologic_breast	mutation_prevalence_NF1	n_unique_non_missing	5
per_feature	gynecologic_breast	mutation_prevalence_NF1	raw_sd	0.0379787264859544
per_feature	gynecologic_breast	mutation_prevalence_NF1	imputed_value	0.0701754385964912
per_feature	gynecologic_breast	mutation_prevalence_NF1	n_imputed_values	0
per_feature	gynecologic_breast	mutation_prevalence_NF1	retained_for_group_tree	TRUE
per_feature	gynecologic_breast	mutation_prevalence_NF1	drop_reason	
per_feature	gynecologic_breast	mutation_prevalence_PIK3CA	missing_fraction	0
per_feature	gynecologic_breast	mutation_prevalence_PIK3CA	n_missing_projects	0
per_feature	gynecologic_breast	mutation_prevalence_PIK3CA	n_unique_non_missing	5
per_feature	gynecologic_breast	mutation_prevalence_PIK3CA	raw_sd	0.175963239154616
per_feature	gynecologic_breast	mutation_prevalence_PIK3CA	imputed_value	0.345123258306538
per_feature	gynecologic_breast	mutation_prevalence_PIK3CA	n_imputed_values	0
per_feature	gynecologic_breast	mutation_prevalence_PIK3CA	retained_for_group_tree	TRUE
per_feature	gynecologic_breast	mutation_prevalence_PIK3CA	drop_reason	
per_feature	gynecologic_breast	mutation_prevalence_PMS2	missing_fraction	0
per_feature	gynecologic_breast	mutation_prevalence_PMS2	n_missing_projects	0
per_feature	gynecologic_breast	mutation_prevalence_PMS2	n_unique_non_missing	5
per_feature	gynecologic_breast	mutation_prevalence_PMS2	raw_sd	0.028805973301997
per_feature	gynecologic_breast	mutation_prevalence_PMS2	imputed_value	0.00343642611683849
per_feature	gynecologic_breast	mutation_prevalence_PMS2	n_imputed_values	0
per_feature	gynecologic_breast	mutation_prevalence_PMS2	retained_for_group_tree	TRUE
per_feature	gynecologic_breast	mutation_prevalence_PMS2	drop_reason	
per_feature	gynecologic_breast	mutation_prevalence_POLE	missing_fraction	0
per_feature	gynecologic_breast	mutation_prevalence_POLE	n_missing_projects	0
per_feature	gynecologic_breast	mutation_prevalence_POLE	n_unique_non_missing	5
per_feature	gynecologic_breast	mutation_prevalence_POLE	raw_sd	0.0622503587263513
per_feature	gynecologic_breast	mutation_prevalence_POLE	imputed_value	0.0175438596491228
per_feature	gynecologic_breast	mutation_prevalence_POLE	n_imputed_values	0
per_feature	gynecologic_breast	mutation_prevalence_POLE	retained_for_group_tree	TRUE
per_feature	gynecologic_breast	mutation_prevalence_POLE	drop_reason	
per_feature	gynecologic_breast	mutation_prevalence_PTEN	missing_fraction	0
per_feature	gynecologic_breast	mutation_prevalence_PTEN	n_missing_projects	0
per_feature	gynecologic_breast	mutation_prevalence_PTEN	n_unique_non_missing	5
per_feature	gynecologic_breast	mutation_prevalence_PTEN	raw_sd	0.259285197444707
per_feature	gynecologic_breast	mutation_prevalence_PTEN	imputed_value	0.0721649484536082
per_feature	gynecologic_breast	mutation_prevalence_PTEN	n_imputed_values	0
per_feature	gynecologic_breast	mutation_prevalence_PTEN	retained_for_group_tree	TRUE
per_feature	gynecologic_breast	mutation_prevalence_PTEN	drop_reason	
per_feature	gynecologic_breast	mutation_prevalence_RB1	missing_fraction	0
per_feature	gynecologic_breast	mutation_prevalence_RB1	n_missing_projects	0
per_feature	gynecologic_breast	mutation_prevalence_RB1	n_unique_non_missing	5
per_feature	gynecologic_breast	mutation_prevalence_RB1	raw_sd	0.04072770552963
per_feature	gynecologic_breast	mutation_prevalence_RB1	imputed_value	0.0652920962199313
per_feature	gynecologic_breast	mutation_prevalence_RB1	n_imputed_values	0
per_feature	gynecologic_breast	mutation_prevalence_RB1	retained_for_group_tree	TRUE
per_feature	gynecologic_breast	mutation_prevalence_RB1	drop_reason	
per_feature	gynecologic_breast	mutation_prevalence_SMAD4	missing_fraction	0
per_feature	gynecologic_breast	mutation_prevalence_SMAD4	n_missing_projects	0
per_feature	gynecologic_breast	mutation_prevalence_SMAD4	n_unique_non_missing	5
per_feature	gynecologic_breast	mutation_prevalence_SMAD4	raw_sd	0.0155093191195049
per_feature	gynecologic_breast	mutation_prevalence_SMAD4	imputed_value	0.0175438596491228
per_feature	gynecologic_breast	mutation_prevalence_SMAD4	n_imputed_values	0
per_feature	gynecologic_breast	mutation_prevalence_SMAD4	retained_for_group_tree	TRUE
per_feature	gynecologic_breast	mutation_prevalence_SMAD4	drop_reason	
per_feature	gynecologic_breast	mutation_prevalence_TERT	missing_fraction	0
per_feature	gynecologic_breast	mutation_prevalence_TERT	n_missing_projects	0
per_feature	gynecologic_breast	mutation_prevalence_TERT	n_unique_non_missing	5
per_feature	gynecologic_breast	mutation_prevalence_TERT	raw_sd	0.0159352393612538
per_feature	gynecologic_breast	mutation_prevalence_TERT	imputed_value	0.007502679528403
per_feature	gynecologic_breast	mutation_prevalence_TERT	n_imputed_values	0
per_feature	gynecologic_breast	mutation_prevalence_TERT	retained_for_group_tree	TRUE
per_feature	gynecologic_breast	mutation_prevalence_TERT	drop_reason	
per_feature	gynecologic_breast	mutation_prevalence_TP53	missing_fraction	0
per_feature	gynecologic_breast	mutation_prevalence_TP53	n_missing_projects	0
per_feature	gynecologic_breast	mutation_prevalence_TP53	n_unique_non_missing	5
per_feature	gynecologic_breast	mutation_prevalence_TP53	raw_sd	0.368990493117544
per_feature	gynecologic_breast	mutation_prevalence_TP53	imputed_value	0.384180790960452
per_feature	gynecologic_breast	mutation_prevalence_TP53	n_imputed_values	0
per_feature	gynecologic_breast	mutation_prevalence_TP53	retained_for_group_tree	TRUE
per_feature	gynecologic_breast	mutation_prevalence_TP53	drop_reason	
per_feature	gynecologic_breast	mutation_prevalence_VHL	missing_fraction	0
per_feature	gynecologic_breast	mutation_prevalence_VHL	n_missing_projects	0
per_feature	gynecologic_breast	mutation_prevalence_VHL	n_unique_non_missing	2
per_feature	gynecologic_breast	mutation_prevalence_VHL	raw_sd	0.00505326096610122
per_feature	gynecologic_breast	mutation_prevalence_VHL	imputed_value	0
per_feature	gynecologic_breast	mutation_prevalence_VHL	n_imputed_values	0
per_feature	gynecologic_breast	mutation_prevalence_VHL	retained_for_group_tree	TRUE
per_feature	gynecologic_breast	mutation_prevalence_VHL	drop_reason	
per_feature	gynecologic_breast	tmb_proxy_mean_nonsynonymous_count	missing_fraction	0
per_feature	gynecologic_breast	tmb_proxy_mean_nonsynonymous_count	n_missing_projects	0
per_feature	gynecologic_breast	tmb_proxy_mean_nonsynonymous_count	n_unique_non_missing	5
per_feature	gynecologic_breast	tmb_proxy_mean_nonsynonymous_count	raw_sd	410.493579429197
per_feature	gynecologic_breast	tmb_proxy_mean_nonsynonymous_count	imputed_value	127.19298245614
per_feature	gynecologic_breast	tmb_proxy_mean_nonsynonymous_count	n_imputed_values	0
per_feature	gynecologic_breast	tmb_proxy_mean_nonsynonymous_count	retained_for_group_tree	TRUE
per_feature	gynecologic_breast	tmb_proxy_mean_nonsynonymous_count	drop_reason	
per_feature	gynecologic_breast	tmb_proxy_mean_total_mutation_count	missing_fraction	0
per_feature	gynecologic_breast	tmb_proxy_mean_total_mutation_count	n_missing_projects	0
per_feature	gynecologic_breast	tmb_proxy_mean_total_mutation_count	n_unique_non_missing	5
per_feature	gynecologic_breast	tmb_proxy_mean_total_mutation_count	raw_sd	711.931232802511
per_feature	gynecologic_breast	tmb_proxy_mean_total_mutation_count	imputed_value	182.614035087719
per_feature	gynecologic_breast	tmb_proxy_mean_total_mutation_count	n_imputed_values	0
per_feature	gynecologic_breast	tmb_proxy_mean_total_mutation_count	retained_for_group_tree	TRUE
per_feature	gynecologic_breast	tmb_proxy_mean_total_mutation_count	drop_reason	
per_feature	gynecologic_breast	tmb_proxy_median_nonsynonymous_count	missing_fraction	0
per_feature	gynecologic_breast	tmb_proxy_median_nonsynonymous_count	n_missing_projects	0
per_feature	gynecologic_breast	tmb_proxy_median_nonsynonymous_count	n_unique_non_missing	5
per_feature	gynecologic_breast	tmb_proxy_median_nonsynonymous_count	raw_sd	19.1180542943052
per_feature	gynecologic_breast	tmb_proxy_median_nonsynonymous_count	imputed_value	68
per_feature	gynecologic_breast	tmb_proxy_median_nonsynonymous_count	n_imputed_values	0
per_feature	gynecologic_breast	tmb_proxy_median_nonsynonymous_count	retained_for_group_tree	TRUE
per_feature	gynecologic_breast	tmb_proxy_median_nonsynonymous_count	drop_reason	
per_feature	gynecologic_breast	tmb_proxy_median_total_mutation_count	missing_fraction	0
per_feature	gynecologic_breast	tmb_proxy_median_total_mutation_count	n_missing_projects	0
per_feature	gynecologic_breast	tmb_proxy_median_total_mutation_count	n_unique_non_missing	5
per_feature	gynecologic_breast	tmb_proxy_median_total_mutation_count	raw_sd	41.2771123020979
per_feature	gynecologic_breast	tmb_proxy_median_total_mutation_count	imputed_value	101
per_feature	gynecologic_breast	tmb_proxy_median_total_mutation_count	n_imputed_values	0
per_feature	gynecologic_breast	tmb_proxy_median_total_mutation_count	retained_for_group_tree	TRUE
per_feature	gynecologic_breast	tmb_proxy_median_total_mutation_count	drop_reason	
global	hematolymphoid	ALL	n_projects	2
global	hematolymphoid	ALL	n_raw_biologic_features	52
global	hematolymphoid	ALL	n_features_retained	42
global	hematolymphoid	ALL	n_features_dropped	10
global	hematolymphoid	ALL	tree_attempted	FALSE
global	hematolymphoid	ALL	reason_or_warning	underpowered_project_count_2_lt_3
global	hematolymphoid	ALL	bootstrap_iterations_completed	0
per_feature	hematolymphoid	median_DNA_repair_score	missing_fraction	0
per_feature	hematolymphoid	median_DNA_repair_score	n_missing_projects	0
per_feature	hematolymphoid	median_DNA_repair_score	n_unique_non_missing	2
per_feature	hematolymphoid	median_DNA_repair_score	raw_sd	0.389696689322808
per_feature	hematolymphoid	median_DNA_repair_score	imputed_value	1.66246204392775
per_feature	hematolymphoid	median_DNA_repair_score	n_imputed_values	0
per_feature	hematolymphoid	median_DNA_repair_score	retained_for_group_tree	TRUE
per_feature	hematolymphoid	median_DNA_repair_score	drop_reason	
per_feature	hematolymphoid	median_EMT_score	missing_fraction	0
per_feature	hematolymphoid	median_EMT_score	n_missing_projects	0
per_feature	hematolymphoid	median_EMT_score	n_unique_non_missing	2
per_feature	hematolymphoid	median_EMT_score	raw_sd	0.381531843285713
per_feature	hematolymphoid	median_EMT_score	imputed_value	-0.00572923199912501
per_feature	hematolymphoid	median_EMT_score	n_imputed_values	0
per_feature	hematolymphoid	median_EMT_score	retained_for_group_tree	TRUE
per_feature	hematolymphoid	median_EMT_score	drop_reason	
per_feature	hematolymphoid	median_aneuploidy_score	missing_fraction	0
per_feature	hematolymphoid	median_aneuploidy_score	n_missing_projects	0
per_feature	hematolymphoid	median_aneuploidy_score	n_unique_non_missing	2
per_feature	hematolymphoid	median_aneuploidy_score	raw_sd	4.24264068711928
per_feature	hematolymphoid	median_aneuploidy_score	imputed_value	3
per_feature	hematolymphoid	median_aneuploidy_score	n_imputed_values	0
per_feature	hematolymphoid	median_aneuploidy_score	retained_for_group_tree	TRUE
per_feature	hematolymphoid	median_aneuploidy_score	drop_reason	
per_feature	hematolymphoid	median_angiogenesis_score	missing_fraction	0
per_feature	hematolymphoid	median_angiogenesis_score	n_missing_projects	0
per_feature	hematolymphoid	median_angiogenesis_score	n_unique_non_missing	2
per_feature	hematolymphoid	median_angiogenesis_score	raw_sd	0.000821150885720787
per_feature	hematolymphoid	median_angiogenesis_score	imputed_value	-0.365855250933041
per_feature	hematolymphoid	median_angiogenesis_score	n_imputed_values	0
per_feature	hematolymphoid	median_angiogenesis_score	retained_for_group_tree	TRUE
per_feature	hematolymphoid	median_angiogenesis_score	drop_reason	
per_feature	hematolymphoid	median_arm_gain_count	missing_fraction	0
per_feature	hematolymphoid	median_arm_gain_count	n_missing_projects	0
per_feature	hematolymphoid	median_arm_gain_count	n_unique_non_missing	2
per_feature	hematolymphoid	median_arm_gain_count	raw_sd	2.82842712474619
per_feature	hematolymphoid	median_arm_gain_count	imputed_value	2
per_feature	hematolymphoid	median_arm_gain_count	n_imputed_values	0
per_feature	hematolymphoid	median_arm_gain_count	retained_for_group_tree	TRUE
per_feature	hematolymphoid	median_arm_gain_count	drop_reason	
per_feature	hematolymphoid	median_arm_loss_count	missing_fraction	0
per_feature	hematolymphoid	median_arm_loss_count	n_missing_projects	0
per_feature	hematolymphoid	median_arm_loss_count	n_unique_non_missing	2
per_feature	hematolymphoid	median_arm_loss_count	raw_sd	0.707106781186548
per_feature	hematolymphoid	median_arm_loss_count	imputed_value	0.5
per_feature	hematolymphoid	median_arm_loss_count	n_imputed_values	0
per_feature	hematolymphoid	median_arm_loss_count	retained_for_group_tree	TRUE
per_feature	hematolymphoid	median_arm_loss_count	drop_reason	
per_feature	hematolymphoid	median_cell_cycle_score	missing_fraction	0
per_feature	hematolymphoid	median_cell_cycle_score	n_missing_projects	0
per_feature	hematolymphoid	median_cell_cycle_score	n_unique_non_missing	2
per_feature	hematolymphoid	median_cell_cycle_score	raw_sd	1.07568129251815
per_feature	hematolymphoid	median_cell_cycle_score	imputed_value	0.910636863265574
per_feature	hematolymphoid	median_cell_cycle_score	n_imputed_values	0
per_feature	hematolymphoid	median_cell_cycle_score	retained_for_group_tree	TRUE
per_feature	hematolymphoid	median_cell_cycle_score	drop_reason	
per_feature	hematolymphoid	median_cytotoxic_t_cell_score	missing_fraction	0
per_feature	hematolymphoid	median_cytotoxic_t_cell_score	n_missing_projects	0
per_feature	hematolymphoid	median_cytotoxic_t_cell_score	n_unique_non_missing	2
per_feature	hematolymphoid	median_cytotoxic_t_cell_score	raw_sd	1.21163759332909
per_feature	hematolymphoid	median_cytotoxic_t_cell_score	imputed_value	1.01982015070814
per_feature	hematolymphoid	median_cytotoxic_t_cell_score	n_imputed_values	0
per_feature	hematolymphoid	median_cytotoxic_t_cell_score	retained_for_group_tree	TRUE
per_feature	hematolymphoid	median_cytotoxic_t_cell_score	drop_reason	
per_feature	hematolymphoid	median_epithelial_score	missing_fraction	0
per_feature	hematolymphoid	median_epithelial_score	n_missing_projects	0
per_feature	hematolymphoid	median_epithelial_score	n_unique_non_missing	2
per_feature	hematolymphoid	median_epithelial_score	raw_sd	0.037086731099872
per_feature	hematolymphoid	median_epithelial_score	imputed_value	-0.886759130418424
per_feature	hematolymphoid	median_epithelial_score	n_imputed_values	0
per_feature	hematolymphoid	median_epithelial_score	retained_for_group_tree	TRUE
per_feature	hematolymphoid	median_epithelial_score	drop_reason	
per_feature	hematolymphoid	median_hypoxia_score	missing_fraction	0
per_feature	hematolymphoid	median_hypoxia_score	n_missing_projects	0
per_feature	hematolymphoid	median_hypoxia_score	n_unique_non_missing	2
per_feature	hematolymphoid	median_hypoxia_score	raw_sd	0.299999368864966
per_feature	hematolymphoid	median_hypoxia_score	imputed_value	-0.215915323863767
per_feature	hematolymphoid	median_hypoxia_score	n_imputed_values	0
per_feature	hematolymphoid	median_hypoxia_score	retained_for_group_tree	TRUE
per_feature	hematolymphoid	median_hypoxia_score	drop_reason	
per_feature	hematolymphoid	median_immune_inflammatory_score	missing_fraction	0
per_feature	hematolymphoid	median_immune_inflammatory_score	n_missing_projects	0
per_feature	hematolymphoid	median_immune_inflammatory_score	n_unique_non_missing	2
per_feature	hematolymphoid	median_immune_inflammatory_score	raw_sd	0.99899708319889
per_feature	hematolymphoid	median_immune_inflammatory_score	imputed_value	1.06757726604095
per_feature	hematolymphoid	median_immune_inflammatory_score	n_imputed_values	0
per_feature	hematolymphoid	median_immune_inflammatory_score	retained_for_group_tree	TRUE
per_feature	hematolymphoid	median_immune_inflammatory_score	drop_reason	
per_feature	hematolymphoid	median_interferon_gamma_score	missing_fraction	0
per_feature	hematolymphoid	median_interferon_gamma_score	n_missing_projects	0
per_feature	hematolymphoid	median_interferon_gamma_score	n_unique_non_missing	2
per_feature	hematolymphoid	median_interferon_gamma_score	raw_sd	1.17728852017434
per_feature	hematolymphoid	median_interferon_gamma_score	imputed_value	0.551064385985862
per_feature	hematolymphoid	median_interferon_gamma_score	n_imputed_values	0
per_feature	hematolymphoid	median_interferon_gamma_score	retained_for_group_tree	TRUE
per_feature	hematolymphoid	median_interferon_gamma_score	drop_reason	
per_feature	hematolymphoid	median_lineage_or_tissue_PC1	missing_fraction	0
per_feature	hematolymphoid	median_lineage_or_tissue_PC1	n_missing_projects	0
per_feature	hematolymphoid	median_lineage_or_tissue_PC1	n_unique_non_missing	2
per_feature	hematolymphoid	median_lineage_or_tissue_PC1	raw_sd	4.31854389607445
per_feature	hematolymphoid	median_lineage_or_tissue_PC1	imputed_value	-5.37177904276017
per_feature	hematolymphoid	median_lineage_or_tissue_PC1	n_imputed_values	0
per_feature	hematolymphoid	median_lineage_or_tissue_PC1	retained_for_group_tree	TRUE
per_feature	hematolymphoid	median_lineage_or_tissue_PC1	drop_reason	
per_feature	hematolymphoid	median_lineage_or_tissue_PC2	missing_fraction	0
per_feature	hematolymphoid	median_lineage_or_tissue_PC2	n_missing_projects	0
per_feature	hematolymphoid	median_lineage_or_tissue_PC2	n_unique_non_missing	2
per_feature	hematolymphoid	median_lineage_or_tissue_PC2	raw_sd	3.68367767162707
per_feature	hematolymphoid	median_lineage_or_tissue_PC2	imputed_value	-3.50673275317997
per_feature	hematolymphoid	median_lineage_or_tissue_PC2	n_imputed_values	0
per_feature	hematolymphoid	median_lineage_or_tissue_PC2	retained_for_group_tree	TRUE
per_feature	hematolymphoid	median_lineage_or_tissue_PC2	drop_reason	
per_feature	hematolymphoid	median_ploidy	missing_fraction	0
per_feature	hematolymphoid	median_ploidy	n_missing_projects	0
per_feature	hematolymphoid	median_ploidy	n_unique_non_missing	2
per_feature	hematolymphoid	median_ploidy	raw_sd	0.0707106781186548
per_feature	hematolymphoid	median_ploidy	imputed_value	2.05
per_feature	hematolymphoid	median_ploidy	n_imputed_values	0
per_feature	hematolymphoid	median_ploidy	retained_for_group_tree	TRUE
per_feature	hematolymphoid	median_ploidy	drop_reason	
per_feature	hematolymphoid	median_proliferation_score	missing_fraction	0
per_feature	hematolymphoid	median_proliferation_score	n_missing_projects	0
per_feature	hematolymphoid	median_proliferation_score	n_unique_non_missing	2
per_feature	hematolymphoid	median_proliferation_score	raw_sd	1.11472769464593
per_feature	hematolymphoid	median_proliferation_score	imputed_value	1.00016211693786
per_feature	hematolymphoid	median_proliferation_score	n_imputed_values	0
per_feature	hematolymphoid	median_proliferation_score	retained_for_group_tree	TRUE
per_feature	hematolymphoid	median_proliferation_score	drop_reason	
per_feature	hematolymphoid	median_purity	missing_fraction	0
per_feature	hematolymphoid	median_purity	n_missing_projects	0
per_feature	hematolymphoid	median_purity	n_unique_non_missing	2
per_feature	hematolymphoid	median_purity	raw_sd	0.212132034355964
per_feature	hematolymphoid	median_purity	imputed_value	0.7
per_feature	hematolymphoid	median_purity	n_imputed_values	0
per_feature	hematolymphoid	median_purity	retained_for_group_tree	TRUE
per_feature	hematolymphoid	median_purity	drop_reason	
per_feature	hematolymphoid	median_stromal_score	missing_fraction	0
per_feature	hematolymphoid	median_stromal_score	n_missing_projects	0
per_feature	hematolymphoid	median_stromal_score	n_unique_non_missing	2
per_feature	hematolymphoid	median_stromal_score	raw_sd	0.115019325256091
per_feature	hematolymphoid	median_stromal_score	imputed_value	-0.417690640329729
per_feature	hematolymphoid	median_stromal_score	n_imputed_values	0
per_feature	hematolymphoid	median_stromal_score	retained_for_group_tree	TRUE
per_feature	hematolymphoid	median_stromal_score	drop_reason	
per_feature	hematolymphoid	median_total_arm_alteration_count	missing_fraction	0
per_feature	hematolymphoid	median_total_arm_alteration_count	n_missing_projects	0
per_feature	hematolymphoid	median_total_arm_alteration_count	n_unique_non_missing	2
per_feature	hematolymphoid	median_total_arm_alteration_count	raw_sd	4.24264068711928
per_feature	hematolymphoid	median_total_arm_alteration_count	imputed_value	3
per_feature	hematolymphoid	median_total_arm_alteration_count	n_imputed_values	0
per_feature	hematolymphoid	median_total_arm_alteration_count	retained_for_group_tree	TRUE
per_feature	hematolymphoid	median_total_arm_alteration_count	drop_reason	
per_feature	hematolymphoid	mutation_prevalence_ALK	missing_fraction	0
per_feature	hematolymphoid	mutation_prevalence_ALK	n_missing_projects	0
per_feature	hematolymphoid	mutation_prevalence_ALK	n_unique_non_missing	2
per_feature	hematolymphoid	mutation_prevalence_ALK	raw_sd	0.0101015254455221
per_feature	hematolymphoid	mutation_prevalence_ALK	imputed_value	0.00714285714285715
per_feature	hematolymphoid	mutation_prevalence_ALK	n_imputed_values	0
per_feature	hematolymphoid	mutation_prevalence_ALK	retained_for_group_tree	TRUE
per_feature	hematolymphoid	mutation_prevalence_ALK	drop_reason	
per_feature	hematolymphoid	mutation_prevalence_APC	missing_fraction	0
per_feature	hematolymphoid	mutation_prevalence_APC	n_missing_projects	0
per_feature	hematolymphoid	mutation_prevalence_APC	n_unique_non_missing	2
per_feature	hematolymphoid	mutation_prevalence_APC	raw_sd	0.00109205680492135
per_feature	hematolymphoid	mutation_prevalence_APC	imputed_value	0.0277992277992278
per_feature	hematolymphoid	mutation_prevalence_APC	n_imputed_values	0
per_feature	hematolymphoid	mutation_prevalence_APC	retained_for_group_tree	TRUE
per_feature	hematolymphoid	mutation_prevalence_APC	drop_reason	
per_feature	hematolymphoid	mutation_prevalence_ARID1A	missing_fraction	0
per_feature	hematolymphoid	mutation_prevalence_ARID1A	n_missing_projects	0
per_feature	hematolymphoid	mutation_prevalence_ARID1A	n_unique_non_missing	2
per_feature	hematolymphoid	mutation_prevalence_ARID1A	raw_sd	0.0713932136217305
per_feature	hematolymphoid	mutation_prevalence_ARID1A	imputed_value	0.0576254826254826
per_feature	hematolymphoid	mutation_prevalence_ARID1A	n_imputed_values	0
per_feature	hematolymphoid	mutation_prevalence_ARID1A	retained_for_group_tree	TRUE
per_feature	hematolymphoid	mutation_prevalence_ARID1A	drop_reason	
per_feature	hematolymphoid	mutation_prevalence_BAP1	missing_fraction	0
per_feature	hematolymphoid	mutation_prevalence_BAP1	n_missing_projects	0
per_feature	hematolymphoid	mutation_prevalence_BAP1	n_unique_non_missing	1
per_feature	hematolymphoid	mutation_prevalence_BAP1	raw_sd	0
per_feature	hematolymphoid	mutation_prevalence_BAP1	imputed_value	0
per_feature	hematolymphoid	mutation_prevalence_BAP1	n_imputed_values	0
per_feature	hematolymphoid	mutation_prevalence_BAP1	retained_for_group_tree	FALSE
per_feature	hematolymphoid	mutation_prevalence_BAP1	drop_reason	constant_or_near_constant_within_group
per_feature	hematolymphoid	mutation_prevalence_BRAF	missing_fraction	0
per_feature	hematolymphoid	mutation_prevalence_BRAF	n_missing_projects	0
per_feature	hematolymphoid	mutation_prevalence_BRAF	n_unique_non_missing	2
per_feature	hematolymphoid	mutation_prevalence_BRAF	raw_sd	0.0191109940861229
per_feature	hematolymphoid	mutation_prevalence_BRAF	imputed_value	0.0135135135135135
per_feature	hematolymphoid	mutation_prevalence_BRAF	n_imputed_values	0
per_feature	hematolymphoid	mutation_prevalence_BRAF	retained_for_group_tree	TRUE
per_feature	hematolymphoid	mutation_prevalence_BRAF	drop_reason	
per_feature	hematolymphoid	mutation_prevalence_BRCA1	missing_fraction	0
per_feature	hematolymphoid	mutation_prevalence_BRCA1	n_missing_projects	0
per_feature	hematolymphoid	mutation_prevalence_BRCA1	n_unique_non_missing	2
per_feature	hematolymphoid	mutation_prevalence_BRCA1	raw_sd	0.0382219881722458
per_feature	hematolymphoid	mutation_prevalence_BRCA1	imputed_value	0.027027027027027
per_feature	hematolymphoid	mutation_prevalence_BRCA1	n_imputed_values	0
per_feature	hematolymphoid	mutation_prevalence_BRCA1	retained_for_group_tree	TRUE
per_feature	hematolymphoid	mutation_prevalence_BRCA1	drop_reason	
per_feature	hematolymphoid	mutation_prevalence_BRCA2	missing_fraction	0
per_feature	hematolymphoid	mutation_prevalence_BRCA2	n_missing_projects	0
per_feature	hematolymphoid	mutation_prevalence_BRCA2	n_unique_non_missing	2
per_feature	hematolymphoid	mutation_prevalence_BRCA2	raw_sd	0.0101015254455221
per_feature	hematolymphoid	mutation_prevalence_BRCA2	imputed_value	0.00714285714285715
per_feature	hematolymphoid	mutation_prevalence_BRCA2	n_imputed_values	0
per_feature	hematolymphoid	mutation_prevalence_BRCA2	retained_for_group_tree	TRUE
per_feature	hematolymphoid	mutation_prevalence_BRCA2	drop_reason	
per_feature	hematolymphoid	mutation_prevalence_CDKN2A	missing_fraction	0
per_feature	hematolymphoid	mutation_prevalence_CDKN2A	n_missing_projects	0
per_feature	hematolymphoid	mutation_prevalence_CDKN2A	n_unique_non_missing	1
per_feature	hematolymphoid	mutation_prevalence_CDKN2A	raw_sd	0
per_feature	hematolymphoid	mutation_prevalence_CDKN2A	imputed_value	0
per_feature	hematolymphoid	mutation_prevalence_CDKN2A	n_imputed_values	0
per_feature	hematolymphoid	mutation_prevalence_CDKN2A	retained_for_group_tree	FALSE
per_feature	hematolymphoid	mutation_prevalence_CDKN2A	drop_reason	constant_or_near_constant_within_group
per_feature	hematolymphoid	mutation_prevalence_CTNNB1	missing_fraction	0
per_feature	hematolymphoid	mutation_prevalence_CTNNB1	n_missing_projects	0
per_feature	hematolymphoid	mutation_prevalence_CTNNB1	n_unique_non_missing	1
per_feature	hematolymphoid	mutation_prevalence_CTNNB1	raw_sd	0
per_feature	hematolymphoid	mutation_prevalence_CTNNB1	imputed_value	0
per_feature	hematolymphoid	mutation_prevalence_CTNNB1	n_imputed_values	0
per_feature	hematolymphoid	mutation_prevalence_CTNNB1	retained_for_group_tree	FALSE
per_feature	hematolymphoid	mutation_prevalence_CTNNB1	drop_reason	constant_or_near_constant_within_group
per_feature	hematolymphoid	mutation_prevalence_EGFR	missing_fraction	0
per_feature	hematolymphoid	mutation_prevalence_EGFR	n_missing_projects	0
per_feature	hematolymphoid	mutation_prevalence_EGFR	n_unique_non_missing	1
per_feature	hematolymphoid	mutation_prevalence_EGFR	raw_sd	0
per_feature	hematolymphoid	mutation_prevalence_EGFR	imputed_value	0
per_feature	hematolymphoid	mutation_prevalence_EGFR	n_imputed_values	0
per_feature	hematolymphoid	mutation_prevalence_EGFR	retained_for_group_tree	FALSE
per_feature	hematolymphoid	mutation_prevalence_EGFR	drop_reason	constant_or_near_constant_within_group
per_feature	hematolymphoid	mutation_prevalence_ERBB2	missing_fraction	0
per_feature	hematolymphoid	mutation_prevalence_ERBB2	n_missing_projects	0
per_feature	hematolymphoid	mutation_prevalence_ERBB2	n_unique_non_missing	2
per_feature	hematolymphoid	mutation_prevalence_ERBB2	raw_sd	0.00505076272276105
per_feature	hematolymphoid	mutation_prevalence_ERBB2	imputed_value	0.00357142857142857
per_feature	hematolymphoid	mutation_prevalence_ERBB2	n_imputed_values	0
per_feature	hematolymphoid	mutation_prevalence_ERBB2	retained_for_group_tree	TRUE
per_feature	hematolymphoid	mutation_prevalence_ERBB2	drop_reason	
per_feature	hematolymphoid	mutation_prevalence_IDH1	missing_fraction	0
per_feature	hematolymphoid	mutation_prevalence_IDH1	n_missing_projects	0
per_feature	hematolymphoid	mutation_prevalence_IDH1	n_unique_non_missing	2
per_feature	hematolymphoid	mutation_prevalence_IDH1	raw_sd	0.0252538136138053
per_feature	hematolymphoid	mutation_prevalence_IDH1	imputed_value	0.0178571428571428
per_feature	hematolymphoid	mutation_prevalence_IDH1	n_imputed_values	0
per_feature	hematolymphoid	mutation_prevalence_IDH1	retained_for_group_tree	TRUE
per_feature	hematolymphoid	mutation_prevalence_IDH1	drop_reason	
per_feature	hematolymphoid	mutation_prevalence_IDH2	missing_fraction	0
per_feature	hematolymphoid	mutation_prevalence_IDH2	n_missing_projects	0
per_feature	hematolymphoid	mutation_prevalence_IDH2	n_unique_non_missing	2
per_feature	hematolymphoid	mutation_prevalence_IDH2	raw_sd	0.0404061017820884
per_feature	hematolymphoid	mutation_prevalence_IDH2	imputed_value	0.0285714285714285
per_feature	hematolymphoid	mutation_prevalence_IDH2	n_imputed_values	0
per_feature	hematolymphoid	mutation_prevalence_IDH2	retained_for_group_tree	TRUE
per_feature	hematolymphoid	mutation_prevalence_IDH2	drop_reason	
per_feature	hematolymphoid	mutation_prevalence_KRAS	missing_fraction	0
per_feature	hematolymphoid	mutation_prevalence_KRAS	n_missing_projects	0
per_feature	hematolymphoid	mutation_prevalence_KRAS	n_unique_non_missing	2
per_feature	hematolymphoid	mutation_prevalence_KRAS	raw_sd	0.00791741183567949
per_feature	hematolymphoid	mutation_prevalence_KRAS	imputed_value	0.0484555984555985
per_feature	hematolymphoid	mutation_prevalence_KRAS	n_imputed_values	0
per_feature	hematolymphoid	mutation_prevalence_KRAS	retained_for_group_tree	TRUE
per_feature	hematolymphoid	mutation_prevalence_KRAS	drop_reason	
per_feature	hematolymphoid	mutation_prevalence_MET	missing_fraction	0
per_feature	hematolymphoid	mutation_prevalence_MET	n_missing_projects	0
per_feature	hematolymphoid	mutation_prevalence_MET	n_unique_non_missing	2
per_feature	hematolymphoid	mutation_prevalence_MET	raw_sd	0.0191109940861229
per_feature	hematolymphoid	mutation_prevalence_MET	imputed_value	0.0135135135135135
per_feature	hematolymphoid	mutation_prevalence_MET	n_imputed_values	0
per_feature	hematolymphoid	mutation_prevalence_MET	retained_for_group_tree	TRUE
per_feature	hematolymphoid	mutation_prevalence_MET	drop_reason	
per_feature	hematolymphoid	mutation_prevalence_MLH1	missing_fraction	0
per_feature	hematolymphoid	mutation_prevalence_MLH1	n_missing_projects	0
per_feature	hematolymphoid	mutation_prevalence_MLH1	n_unique_non_missing	1
per_feature	hematolymphoid	mutation_prevalence_MLH1	raw_sd	0
per_feature	hematolymphoid	mutation_prevalence_MLH1	imputed_value	0
per_feature	hematolymphoid	mutation_prevalence_MLH1	n_imputed_values	0
per_feature	hematolymphoid	mutation_prevalence_MLH1	retained_for_group_tree	FALSE
per_feature	hematolymphoid	mutation_prevalence_MLH1	drop_reason	constant_or_near_constant_within_group
per_feature	hematolymphoid	mutation_prevalence_MSH2	missing_fraction	0
per_feature	hematolymphoid	mutation_prevalence_MSH2	n_missing_projects	0
per_feature	hematolymphoid	mutation_prevalence_MSH2	n_unique_non_missing	1
per_feature	hematolymphoid	mutation_prevalence_MSH2	raw_sd	0
per_feature	hematolymphoid	mutation_prevalence_MSH2	imputed_value	0
per_feature	hematolymphoid	mutation_prevalence_MSH2	n_imputed_values	0
per_feature	hematolymphoid	mutation_prevalence_MSH2	retained_for_group_tree	FALSE
per_feature	hematolymphoid	mutation_prevalence_MSH2	drop_reason	constant_or_near_constant_within_group
per_feature	hematolymphoid	mutation_prevalence_MSH6	missing_fraction	0
per_feature	hematolymphoid	mutation_prevalence_MSH6	n_missing_projects	0
per_feature	hematolymphoid	mutation_prevalence_MSH6	n_unique_non_missing	2
per_feature	hematolymphoid	mutation_prevalence_MSH6	raw_sd	0.00505076272276105
per_feature	hematolymphoid	mutation_prevalence_MSH6	imputed_value	0.00357142857142857
per_feature	hematolymphoid	mutation_prevalence_MSH6	n_imputed_values	0
per_feature	hematolymphoid	mutation_prevalence_MSH6	retained_for_group_tree	TRUE
per_feature	hematolymphoid	mutation_prevalence_MSH6	drop_reason	
per_feature	hematolymphoid	mutation_prevalence_MYC	missing_fraction	0
per_feature	hematolymphoid	mutation_prevalence_MYC	n_missing_projects	0
per_feature	hematolymphoid	mutation_prevalence_MYC	n_unique_non_missing	2
per_feature	hematolymphoid	mutation_prevalence_MYC	raw_sd	0.0472314568128466
per_feature	hematolymphoid	mutation_prevalence_MYC	imputed_value	0.0476833976833977
per_feature	hematolymphoid	mutation_prevalence_MYC	n_imputed_values	0
per_feature	hematolymphoid	mutation_prevalence_MYC	retained_for_group_tree	TRUE
per_feature	hematolymphoid	mutation_prevalence_MYC	drop_reason	
per_feature	hematolymphoid	mutation_prevalence_NF1	missing_fraction	0
per_feature	hematolymphoid	mutation_prevalence_NF1	n_missing_projects	0
per_feature	hematolymphoid	mutation_prevalence_NF1	n_unique_non_missing	2
per_feature	hematolymphoid	mutation_prevalence_NF1	raw_sd	0.0180189372812016
per_feature	hematolymphoid	mutation_prevalence_NF1	imputed_value	0.0413127413127413
per_feature	hematolymphoid	mutation_prevalence_NF1	n_imputed_values	0
per_feature	hematolymphoid	mutation_prevalence_NF1	retained_for_group_tree	TRUE
per_feature	hematolymphoid	mutation_prevalence_NF1	drop_reason	
per_feature	hematolymphoid	mutation_prevalence_PIK3CA	missing_fraction	0
per_feature	hematolymphoid	mutation_prevalence_PIK3CA	n_missing_projects	0
per_feature	hematolymphoid	mutation_prevalence_PIK3CA	n_unique_non_missing	1
per_feature	hematolymphoid	mutation_prevalence_PIK3CA	raw_sd	0
per_feature	hematolymphoid	mutation_prevalence_PIK3CA	imputed_value	0
per_feature	hematolymphoid	mutation_prevalence_PIK3CA	n_imputed_values	0
per_feature	hematolymphoid	mutation_prevalence_PIK3CA	retained_for_group_tree	FALSE
per_feature	hematolymphoid	mutation_prevalence_PIK3CA	drop_reason	constant_or_near_constant_within_group
per_feature	hematolymphoid	mutation_prevalence_PMS2	missing_fraction	0
per_feature	hematolymphoid	mutation_prevalence_PMS2	n_missing_projects	0
per_feature	hematolymphoid	mutation_prevalence_PMS2	n_unique_non_missing	2
per_feature	hematolymphoid	mutation_prevalence_PMS2	raw_sd	0.00505076272276105
per_feature	hematolymphoid	mutation_prevalence_PMS2	imputed_value	0.00357142857142857
per_feature	hematolymphoid	mutation_prevalence_PMS2	n_imputed_values	0
per_feature	hematolymphoid	mutation_prevalence_PMS2	retained_for_group_tree	TRUE
per_feature	hematolymphoid	mutation_prevalence_PMS2	drop_reason	
per_feature	hematolymphoid	mutation_prevalence_POLE	missing_fraction	0
per_feature	hematolymphoid	mutation_prevalence_POLE	n_missing_projects	0
per_feature	hematolymphoid	mutation_prevalence_POLE	n_unique_non_missing	2
per_feature	hematolymphoid	mutation_prevalence_POLE	raw_sd	0.0101015254455221
per_feature	hematolymphoid	mutation_prevalence_POLE	imputed_value	0.00714285714285715
per_feature	hematolymphoid	mutation_prevalence_POLE	n_imputed_values	0
per_feature	hematolymphoid	mutation_prevalence_POLE	retained_for_group_tree	TRUE
per_feature	hematolymphoid	mutation_prevalence_POLE	drop_reason	
per_feature	hematolymphoid	mutation_prevalence_PTEN	missing_fraction	0
per_feature	hematolymphoid	mutation_prevalence_PTEN	n_missing_projects	0
per_feature	hematolymphoid	mutation_prevalence_PTEN	n_unique_non_missing	2
per_feature	hematolymphoid	mutation_prevalence_PTEN	raw_sd	0.0191109940861229
per_feature	hematolymphoid	mutation_prevalence_PTEN	imputed_value	0.0135135135135135
per_feature	hematolymphoid	mutation_prevalence_PTEN	n_imputed_values	0
per_feature	hematolymphoid	mutation_prevalence_PTEN	retained_for_group_tree	TRUE
per_feature	hematolymphoid	mutation_prevalence_PTEN	drop_reason	
per_feature	hematolymphoid	mutation_prevalence_RB1	missing_fraction	0
per_feature	hematolymphoid	mutation_prevalence_RB1	n_missing_projects	0
per_feature	hematolymphoid	mutation_prevalence_RB1	n_unique_non_missing	1
per_feature	hematolymphoid	mutation_prevalence_RB1	raw_sd	0
per_feature	hematolymphoid	mutation_prevalence_RB1	imputed_value	0
per_feature	hematolymphoid	mutation_prevalence_RB1	n_imputed_values	0
per_feature	hematolymphoid	mutation_prevalence_RB1	retained_for_group_tree	FALSE
per_feature	hematolymphoid	mutation_prevalence_RB1	drop_reason	constant_or_near_constant_within_group
per_feature	hematolymphoid	mutation_prevalence_SMAD4	missing_fraction	0
per_feature	hematolymphoid	mutation_prevalence_SMAD4	n_missing_projects	0
per_feature	hematolymphoid	mutation_prevalence_SMAD4	n_unique_non_missing	2
per_feature	hematolymphoid	mutation_prevalence_SMAD4	raw_sd	0.00505076272276105
per_feature	hematolymphoid	mutation_prevalence_SMAD4	imputed_value	0.00357142857142857
per_feature	hematolymphoid	mutation_prevalence_SMAD4	n_imputed_values	0
per_feature	hematolymphoid	mutation_prevalence_SMAD4	retained_for_group_tree	TRUE
per_feature	hematolymphoid	mutation_prevalence_SMAD4	drop_reason	
per_feature	hematolymphoid	mutation_prevalence_TERT	missing_fraction	0
per_feature	hematolymphoid	mutation_prevalence_TERT	n_missing_projects	0
per_feature	hematolymphoid	mutation_prevalence_TERT	n_unique_non_missing	1
per_feature	hematolymphoid	mutation_prevalence_TERT	raw_sd	0
per_feature	hematolymphoid	mutation_prevalence_TERT	imputed_value	0
per_feature	hematolymphoid	mutation_prevalence_TERT	n_imputed_values	0
per_feature	hematolymphoid	mutation_prevalence_TERT	retained_for_group_tree	FALSE
per_feature	hematolymphoid	mutation_prevalence_TERT	drop_reason	constant_or_near_constant_within_group
per_feature	hematolymphoid	mutation_prevalence_TP53	missing_fraction	0
per_feature	hematolymphoid	mutation_prevalence_TP53	n_missing_projects	0
per_feature	hematolymphoid	mutation_prevalence_TP53	n_unique_non_missing	2
per_feature	hematolymphoid	mutation_prevalence_TP53	raw_sd	0.050098105925765
per_feature	hematolymphoid	mutation_prevalence_TP53	imputed_value	0.0997104247104247
per_feature	hematolymphoid	mutation_prevalence_TP53	n_imputed_values	0
per_feature	hematolymphoid	mutation_prevalence_TP53	retained_for_group_tree	TRUE
per_feature	hematolymphoid	mutation_prevalence_TP53	drop_reason	
per_feature	hematolymphoid	mutation_prevalence_VHL	missing_fraction	0
per_feature	hematolymphoid	mutation_prevalence_VHL	n_missing_projects	0
per_feature	hematolymphoid	mutation_prevalence_VHL	n_unique_non_missing	1
per_feature	hematolymphoid	mutation_prevalence_VHL	raw_sd	0
per_feature	hematolymphoid	mutation_prevalence_VHL	imputed_value	0
per_feature	hematolymphoid	mutation_prevalence_VHL	n_imputed_values	0
per_feature	hematolymphoid	mutation_prevalence_VHL	retained_for_group_tree	FALSE
per_feature	hematolymphoid	mutation_prevalence_VHL	drop_reason	constant_or_near_constant_within_group
per_feature	hematolymphoid	tmb_proxy_mean_nonsynonymous_count	missing_fraction	0
per_feature	hematolymphoid	tmb_proxy_mean_nonsynonymous_count	n_missing_projects	0
per_feature	hematolymphoid	tmb_proxy_mean_nonsynonymous_count	n_unique_non_missing	2
per_feature	hematolymphoid	tmb_proxy_mean_nonsynonymous_count	raw_sd	62.8845895332869
per_feature	hematolymphoid	tmb_proxy_mean_nonsynonymous_count	imputed_value	85.3446911196912
per_feature	hematolymphoid	tmb_proxy_mean_nonsynonymous_count	n_imputed_values	0
per_feature	hematolymphoid	tmb_proxy_mean_nonsynonymous_count	retained_for_group_tree	TRUE
per_feature	hematolymphoid	tmb_proxy_mean_nonsynonymous_count	drop_reason	
per_feature	hematolymphoid	tmb_proxy_mean_total_mutation_count	missing_fraction	0
per_feature	hematolymphoid	tmb_proxy_mean_total_mutation_count	n_missing_projects	0
per_feature	hematolymphoid	tmb_proxy_mean_total_mutation_count	n_unique_non_missing	2
per_feature	hematolymphoid	tmb_proxy_mean_total_mutation_count	raw_sd	106.772987452068
per_feature	hematolymphoid	tmb_proxy_mean_total_mutation_count	imputed_value	134.878474903475
per_feature	hematolymphoid	tmb_proxy_mean_total_mutation_count	n_imputed_values	0
per_feature	hematolymphoid	tmb_proxy_mean_total_mutation_count	retained_for_group_tree	TRUE
per_feature	hematolymphoid	tmb_proxy_mean_total_mutation_count	drop_reason	
per_feature	hematolymphoid	tmb_proxy_median_nonsynonymous_count	missing_fraction	0
per_feature	hematolymphoid	tmb_proxy_median_nonsynonymous_count	n_missing_projects	0
per_feature	hematolymphoid	tmb_proxy_median_nonsynonymous_count	n_unique_non_missing	2
per_feature	hematolymphoid	tmb_proxy_median_nonsynonymous_count	raw_sd	70.7106781186548
per_feature	hematolymphoid	tmb_proxy_median_nonsynonymous_count	imputed_value	63
per_feature	hematolymphoid	tmb_proxy_median_nonsynonymous_count	n_imputed_values	0
per_feature	hematolymphoid	tmb_proxy_median_nonsynonymous_count	retained_for_group_tree	TRUE
per_feature	hematolymphoid	tmb_proxy_median_nonsynonymous_count	drop_reason	
per_feature	hematolymphoid	tmb_proxy_median_total_mutation_count	missing_fraction	0
per_feature	hematolymphoid	tmb_proxy_median_total_mutation_count	n_missing_projects	0
per_feature	hematolymphoid	tmb_proxy_median_total_mutation_count	n_unique_non_missing	2
per_feature	hematolymphoid	tmb_proxy_median_total_mutation_count	raw_sd	111.722871427475
per_feature	hematolymphoid	tmb_proxy_median_total_mutation_count	imputed_value	97
per_feature	hematolymphoid	tmb_proxy_median_total_mutation_count	n_imputed_values	0
per_feature	hematolymphoid	tmb_proxy_median_total_mutation_count	retained_for_group_tree	TRUE
per_feature	hematolymphoid	tmb_proxy_median_total_mutation_count	drop_reason	
global	kidney	ALL	n_projects	3
global	kidney	ALL	n_raw_biologic_features	52
global	kidney	ALL	n_features_retained	51
global	kidney	ALL	n_features_dropped	1
global	kidney	ALL	tree_attempted	TRUE
global	kidney	ALL	reason_or_warning	bootstrap_skipped_project_count_lt_5
global	kidney	ALL	bootstrap_iterations_completed	0
per_feature	kidney	median_DNA_repair_score	missing_fraction	0
per_feature	kidney	median_DNA_repair_score	n_missing_projects	0
per_feature	kidney	median_DNA_repair_score	n_unique_non_missing	3
per_feature	kidney	median_DNA_repair_score	raw_sd	0.107129284285865
per_feature	kidney	median_DNA_repair_score	imputed_value	-0.523633692913034
per_feature	kidney	median_DNA_repair_score	n_imputed_values	0
per_feature	kidney	median_DNA_repair_score	retained_for_group_tree	TRUE
per_feature	kidney	median_DNA_repair_score	drop_reason	
per_feature	kidney	median_EMT_score	missing_fraction	0
per_feature	kidney	median_EMT_score	n_missing_projects	0
per_feature	kidney	median_EMT_score	n_unique_non_missing	3
per_feature	kidney	median_EMT_score	raw_sd	0.381882869336868
per_feature	kidney	median_EMT_score	imputed_value	-0.363977153130216
per_feature	kidney	median_EMT_score	n_imputed_values	0
per_feature	kidney	median_EMT_score	retained_for_group_tree	TRUE
per_feature	kidney	median_EMT_score	drop_reason	
per_feature	kidney	median_aneuploidy_score	missing_fraction	0
per_feature	kidney	median_aneuploidy_score	n_missing_projects	0
per_feature	kidney	median_aneuploidy_score	n_unique_non_missing	3
per_feature	kidney	median_aneuploidy_score	raw_sd	5.03322295684717
per_feature	kidney	median_aneuploidy_score	imputed_value	8
per_feature	kidney	median_aneuploidy_score	n_imputed_values	0
per_feature	kidney	median_aneuploidy_score	retained_for_group_tree	TRUE
per_feature	kidney	median_aneuploidy_score	drop_reason	
per_feature	kidney	median_angiogenesis_score	missing_fraction	0
per_feature	kidney	median_angiogenesis_score	n_missing_projects	0
per_feature	kidney	median_angiogenesis_score	n_unique_non_missing	3
per_feature	kidney	median_angiogenesis_score	raw_sd	1.92552565096133
per_feature	kidney	median_angiogenesis_score	imputed_value	0.052839714884149
per_feature	kidney	median_angiogenesis_score	n_imputed_values	0
per_feature	kidney	median_angiogenesis_score	retained_for_group_tree	TRUE
per_feature	kidney	median_angiogenesis_score	drop_reason	
per_feature	kidney	median_arm_gain_count	missing_fraction	0
per_feature	kidney	median_arm_gain_count	n_missing_projects	0
per_feature	kidney	median_arm_gain_count	n_unique_non_missing	3
per_feature	kidney	median_arm_gain_count	raw_sd	3.21455025366432
per_feature	kidney	median_arm_gain_count	imputed_value	1
per_feature	kidney	median_arm_gain_count	n_imputed_values	0
per_feature	kidney	median_arm_gain_count	retained_for_group_tree	TRUE
per_feature	kidney	median_arm_gain_count	drop_reason	
per_feature	kidney	median_arm_loss_count	missing_fraction	0
per_feature	kidney	median_arm_loss_count	n_missing_projects	0
per_feature	kidney	median_arm_loss_count	n_unique_non_missing	3
per_feature	kidney	median_arm_loss_count	raw_sd	6.42910050732864
per_feature	kidney	median_arm_loss_count	imputed_value	2
per_feature	kidney	median_arm_loss_count	n_imputed_values	0
per_feature	kidney	median_arm_loss_count	retained_for_group_tree	TRUE
per_feature	kidney	median_arm_loss_count	drop_reason	
per_feature	kidney	median_cell_cycle_score	missing_fraction	0
per_feature	kidney	median_cell_cycle_score	n_missing_projects	0
per_feature	kidney	median_cell_cycle_score	n_unique_non_missing	3
per_feature	kidney	median_cell_cycle_score	raw_sd	0.0333156993339713
per_feature	kidney	median_cell_cycle_score	imputed_value	-0.834463193457503
per_feature	kidney	median_cell_cycle_score	n_imputed_values	0
per_feature	kidney	median_cell_cycle_score	retained_for_group_tree	TRUE
per_feature	kidney	median_cell_cycle_score	drop_reason	
per_feature	kidney	median_cytotoxic_t_cell_score	missing_fraction	0
per_feature	kidney	median_cytotoxic_t_cell_score	n_missing_projects	0
per_feature	kidney	median_cytotoxic_t_cell_score	n_unique_non_missing	3
per_feature	kidney	median_cytotoxic_t_cell_score	raw_sd	0.197725910550445
per_feature	kidney	median_cytotoxic_t_cell_score	imputed_value	-0.24951900989451
per_feature	kidney	median_cytotoxic_t_cell_score	n_imputed_values	0
per_feature	kidney	median_cytotoxic_t_cell_score	retained_for_group_tree	TRUE
per_feature	kidney	median_cytotoxic_t_cell_score	drop_reason	
per_feature	kidney	median_epithelial_score	missing_fraction	0
per_feature	kidney	median_epithelial_score	n_missing_projects	0
per_feature	kidney	median_epithelial_score	n_unique_non_missing	3
per_feature	kidney	median_epithelial_score	raw_sd	0.230575402692372
per_feature	kidney	median_epithelial_score	imputed_value	-0.25931857413694
per_feature	kidney	median_epithelial_score	n_imputed_values	0
per_feature	kidney	median_epithelial_score	retained_for_group_tree	TRUE
per_feature	kidney	median_epithelial_score	drop_reason	
per_feature	kidney	median_hypoxia_score	missing_fraction	0
per_feature	kidney	median_hypoxia_score	n_missing_projects	0
per_feature	kidney	median_hypoxia_score	n_unique_non_missing	3
per_feature	kidney	median_hypoxia_score	raw_sd	1.12194818804045
per_feature	kidney	median_hypoxia_score	imputed_value	-0.128576836319473
per_feature	kidney	median_hypoxia_score	n_imputed_values	0
per_feature	kidney	median_hypoxia_score	retained_for_group_tree	TRUE
per_feature	kidney	median_hypoxia_score	drop_reason	
per_feature	kidney	median_immune_inflammatory_score	missing_fraction	0
per_feature	kidney	median_immune_inflammatory_score	n_missing_projects	0
per_feature	kidney	median_immune_inflammatory_score	n_unique_non_missing	3
per_feature	kidney	median_immune_inflammatory_score	raw_sd	0.164150316367964
per_feature	kidney	median_immune_inflammatory_score	imputed_value	-0.26867207135644
per_feature	kidney	median_immune_inflammatory_score	n_imputed_values	0
per_feature	kidney	median_immune_inflammatory_score	retained_for_group_tree	TRUE
per_feature	kidney	median_immune_inflammatory_score	drop_reason	
per_feature	kidney	median_interferon_gamma_score	missing_fraction	0
per_feature	kidney	median_interferon_gamma_score	n_missing_projects	0
per_feature	kidney	median_interferon_gamma_score	n_unique_non_missing	3
per_feature	kidney	median_interferon_gamma_score	raw_sd	0.270202062154696
per_feature	kidney	median_interferon_gamma_score	imputed_value	-0.371295173236876
per_feature	kidney	median_interferon_gamma_score	n_imputed_values	0
per_feature	kidney	median_interferon_gamma_score	retained_for_group_tree	TRUE
per_feature	kidney	median_interferon_gamma_score	drop_reason	
per_feature	kidney	median_lineage_or_tissue_PC1	missing_fraction	0
per_feature	kidney	median_lineage_or_tissue_PC1	n_missing_projects	0
per_feature	kidney	median_lineage_or_tissue_PC1	n_unique_non_missing	3
per_feature	kidney	median_lineage_or_tissue_PC1	raw_sd	0.465079955384565
per_feature	kidney	median_lineage_or_tissue_PC1	imputed_value	3.60698219602964
per_feature	kidney	median_lineage_or_tissue_PC1	n_imputed_values	0
per_feature	kidney	median_lineage_or_tissue_PC1	retained_for_group_tree	TRUE
per_feature	kidney	median_lineage_or_tissue_PC1	drop_reason	
per_feature	kidney	median_lineage_or_tissue_PC2	missing_fraction	0
per_feature	kidney	median_lineage_or_tissue_PC2	n_missing_projects	0
per_feature	kidney	median_lineage_or_tissue_PC2	n_unique_non_missing	3
per_feature	kidney	median_lineage_or_tissue_PC2	raw_sd	4.07486458562175
per_feature	kidney	median_lineage_or_tissue_PC2	imputed_value	1.06396311488102
per_feature	kidney	median_lineage_or_tissue_PC2	n_imputed_values	0
per_feature	kidney	median_lineage_or_tissue_PC2	retained_for_group_tree	TRUE
per_feature	kidney	median_lineage_or_tissue_PC2	drop_reason	
per_feature	kidney	median_ploidy	missing_fraction	0
per_feature	kidney	median_ploidy	n_missing_projects	0
per_feature	kidney	median_ploidy	n_unique_non_missing	3
per_feature	kidney	median_ploidy	raw_sd	0.262106848441623
per_feature	kidney	median_ploidy	imputed_value	1.99
per_feature	kidney	median_ploidy	n_imputed_values	0
per_feature	kidney	median_ploidy	retained_for_group_tree	TRUE
per_feature	kidney	median_ploidy	drop_reason	
per_feature	kidney	median_proliferation_score	missing_fraction	0
per_feature	kidney	median_proliferation_score	n_missing_projects	0
per_feature	kidney	median_proliferation_score	n_unique_non_missing	3
per_feature	kidney	median_proliferation_score	raw_sd	0.0359262869606717
per_feature	kidney	median_proliferation_score	imputed_value	-0.815163768571442
per_feature	kidney	median_proliferation_score	n_imputed_values	0
per_feature	kidney	median_proliferation_score	retained_for_group_tree	TRUE
per_feature	kidney	median_proliferation_score	drop_reason	
per_feature	kidney	median_purity	missing_fraction	0
per_feature	kidney	median_purity	n_missing_projects	0
per_feature	kidney	median_purity	n_unique_non_missing	3
per_feature	kidney	median_purity	raw_sd	0.154623197914586
per_feature	kidney	median_purity	imputed_value	0.775
per_feature	kidney	median_purity	n_imputed_values	0
per_feature	kidney	median_purity	retained_for_group_tree	TRUE
per_feature	kidney	median_purity	drop_reason	
per_feature	kidney	median_stromal_score	missing_fraction	0
per_feature	kidney	median_stromal_score	n_missing_projects	0
per_feature	kidney	median_stromal_score	n_unique_non_missing	3
per_feature	kidney	median_stromal_score	raw_sd	0.217144391549687
per_feature	kidney	median_stromal_score	imputed_value	-0.425090471793627
per_feature	kidney	median_stromal_score	n_imputed_values	0
per_feature	kidney	median_stromal_score	retained_for_group_tree	TRUE
per_feature	kidney	median_stromal_score	drop_reason	
per_feature	kidney	median_total_arm_alteration_count	missing_fraction	0
per_feature	kidney	median_total_arm_alteration_count	n_missing_projects	0
per_feature	kidney	median_total_arm_alteration_count	n_unique_non_missing	3
per_feature	kidney	median_total_arm_alteration_count	raw_sd	5.03322295684717
per_feature	kidney	median_total_arm_alteration_count	imputed_value	8
per_feature	kidney	median_total_arm_alteration_count	n_imputed_values	0
per_feature	kidney	median_total_arm_alteration_count	retained_for_group_tree	TRUE
per_feature	kidney	median_total_arm_alteration_count	drop_reason	
per_feature	kidney	mutation_prevalence_ALK	missing_fraction	0
per_feature	kidney	mutation_prevalence_ALK	n_missing_projects	0
per_feature	kidney	mutation_prevalence_ALK	n_unique_non_missing	3
per_feature	kidney	mutation_prevalence_ALK	raw_sd	0.00255736208805062
per_feature	kidney	mutation_prevalence_ALK	imputed_value	0.0108108108108108
per_feature	kidney	mutation_prevalence_ALK	n_imputed_values	0
per_feature	kidney	mutation_prevalence_ALK	retained_for_group_tree	TRUE
per_feature	kidney	mutation_prevalence_ALK	drop_reason	
per_feature	kidney	mutation_prevalence_APC	missing_fraction	0
per_feature	kidney	mutation_prevalence_APC	n_missing_projects	0
per_feature	kidney	mutation_prevalence_APC	n_unique_non_missing	3
per_feature	kidney	mutation_prevalence_APC	raw_sd	0.00883450696527297
per_feature	kidney	mutation_prevalence_APC	imputed_value	0.0141843971631206
per_feature	kidney	mutation_prevalence_APC	n_imputed_values	0
per_feature	kidney	mutation_prevalence_APC	retained_for_group_tree	TRUE
per_feature	kidney	mutation_prevalence_APC	drop_reason	
per_feature	kidney	mutation_prevalence_ARID1A	missing_fraction	0
per_feature	kidney	mutation_prevalence_ARID1A	n_missing_projects	0
per_feature	kidney	mutation_prevalence_ARID1A	n_unique_non_missing	3
per_feature	kidney	mutation_prevalence_ARID1A	raw_sd	0.023326346471432
per_feature	kidney	mutation_prevalence_ARID1A	imputed_value	0.0378378378378378
per_feature	kidney	mutation_prevalence_ARID1A	n_imputed_values	0
per_feature	kidney	mutation_prevalence_ARID1A	retained_for_group_tree	TRUE
per_feature	kidney	mutation_prevalence_ARID1A	drop_reason	
per_feature	kidney	mutation_prevalence_BAP1	missing_fraction	0
per_feature	kidney	mutation_prevalence_BAP1	n_missing_projects	0
per_feature	kidney	mutation_prevalence_BAP1	n_unique_non_missing	3
per_feature	kidney	mutation_prevalence_BAP1	raw_sd	0.0513623401749018
per_feature	kidney	mutation_prevalence_BAP1	imputed_value	0.0531914893617021
per_feature	kidney	mutation_prevalence_BAP1	n_imputed_values	0
per_feature	kidney	mutation_prevalence_BAP1	retained_for_group_tree	TRUE
per_feature	kidney	mutation_prevalence_BAP1	drop_reason	
per_feature	kidney	mutation_prevalence_BRAF	missing_fraction	0
per_feature	kidney	mutation_prevalence_BRAF	n_missing_projects	0
per_feature	kidney	mutation_prevalence_BRAF	n_unique_non_missing	3
per_feature	kidney	mutation_prevalence_BRAF	raw_sd	0.00753139022649793
per_feature	kidney	mutation_prevalence_BRAF	imputed_value	0.0027027027027027
per_feature	kidney	mutation_prevalence_BRAF	n_imputed_values	0
per_feature	kidney	mutation_prevalence_BRAF	retained_for_group_tree	TRUE
per_feature	kidney	mutation_prevalence_BRAF	drop_reason	
per_feature	kidney	mutation_prevalence_BRCA1	missing_fraction	0
per_feature	kidney	mutation_prevalence_BRCA1	n_missing_projects	0
per_feature	kidney	mutation_prevalence_BRCA1	n_unique_non_missing	3
per_feature	kidney	mutation_prevalence_BRCA1	raw_sd	0.00619242511355239
per_feature	kidney	mutation_prevalence_BRCA1	imputed_value	0.0106382978723404
per_feature	kidney	mutation_prevalence_BRCA1	n_imputed_values	0
per_feature	kidney	mutation_prevalence_BRCA1	retained_for_group_tree	TRUE
per_feature	kidney	mutation_prevalence_BRCA1	drop_reason	
per_feature	kidney	mutation_prevalence_BRCA2	missing_fraction	0
per_feature	kidney	mutation_prevalence_BRCA2	n_missing_projects	0
per_feature	kidney	mutation_prevalence_BRCA2	n_unique_non_missing	3
per_feature	kidney	mutation_prevalence_BRCA2	raw_sd	0.0135025157000024
per_feature	kidney	mutation_prevalence_BRCA2	imputed_value	0.0216216216216216
per_feature	kidney	mutation_prevalence_BRCA2	n_imputed_values	0
per_feature	kidney	mutation_prevalence_BRCA2	retained_for_group_tree	TRUE
per_feature	kidney	mutation_prevalence_BRCA2	drop_reason	
per_feature	kidney	mutation_prevalence_CDKN2A	missing_fraction	0
per_feature	kidney	mutation_prevalence_CDKN2A	n_missing_projects	0
per_feature	kidney	mutation_prevalence_CDKN2A	n_unique_non_missing	2
per_feature	kidney	mutation_prevalence_CDKN2A	raw_sd	0.00204734138010505
per_feature	kidney	mutation_prevalence_CDKN2A	imputed_value	0
per_feature	kidney	mutation_prevalence_CDKN2A	n_imputed_values	0
per_feature	kidney	mutation_prevalence_CDKN2A	retained_for_group_tree	TRUE
per_feature	kidney	mutation_prevalence_CDKN2A	drop_reason	
per_feature	kidney	mutation_prevalence_CTNNB1	missing_fraction	0
per_feature	kidney	mutation_prevalence_CTNNB1	n_missing_projects	0
per_feature	kidney	mutation_prevalence_CTNNB1	n_unique_non_missing	3
per_feature	kidney	mutation_prevalence_CTNNB1	raw_sd	0.00631391570304523
per_feature	kidney	mutation_prevalence_CTNNB1	imputed_value	0.00709219858156028
per_feature	kidney	mutation_prevalence_CTNNB1	n_imputed_values	0
per_feature	kidney	mutation_prevalence_CTNNB1	retained_for_group_tree	TRUE
per_feature	kidney	mutation_prevalence_CTNNB1	drop_reason	
per_feature	kidney	mutation_prevalence_EGFR	missing_fraction	0
per_feature	kidney	mutation_prevalence_EGFR	n_missing_projects	0
per_feature	kidney	mutation_prevalence_EGFR	n_unique_non_missing	3
per_feature	kidney	mutation_prevalence_EGFR	raw_sd	0.00274621700419384
per_feature	kidney	mutation_prevalence_EGFR	imputed_value	0.00354609929078014
per_feature	kidney	mutation_prevalence_EGFR	n_imputed_values	0
per_feature	kidney	mutation_prevalence_EGFR	retained_for_group_tree	TRUE
per_feature	kidney	mutation_prevalence_EGFR	drop_reason	
per_feature	kidney	mutation_prevalence_ERBB2	missing_fraction	0
per_feature	kidney	mutation_prevalence_ERBB2	n_missing_projects	0
per_feature	kidney	mutation_prevalence_ERBB2	n_unique_non_missing	3
per_feature	kidney	mutation_prevalence_ERBB2	raw_sd	0.00555752731222014
per_feature	kidney	mutation_prevalence_ERBB2	imputed_value	0.00810810810810811
per_feature	kidney	mutation_prevalence_ERBB2	n_imputed_values	0
per_feature	kidney	mutation_prevalence_ERBB2	retained_for_group_tree	TRUE
per_feature	kidney	mutation_prevalence_ERBB2	drop_reason	
per_feature	kidney	mutation_prevalence_IDH1	missing_fraction	0
per_feature	kidney	mutation_prevalence_IDH1	n_missing_projects	0
per_feature	kidney	mutation_prevalence_IDH1	n_unique_non_missing	2
per_feature	kidney	mutation_prevalence_IDH1	raw_sd	0.00312081226588987
per_feature	kidney	mutation_prevalence_IDH1	imputed_value	0
per_feature	kidney	mutation_prevalence_IDH1	n_imputed_values	0
per_feature	kidney	mutation_prevalence_IDH1	retained_for_group_tree	TRUE
per_feature	kidney	mutation_prevalence_IDH1	drop_reason	
per_feature	kidney	mutation_prevalence_IDH2	missing_fraction	0
per_feature	kidney	mutation_prevalence_IDH2	n_missing_projects	0
per_feature	kidney	mutation_prevalence_IDH2	n_unique_non_missing	3
per_feature	kidney	mutation_prevalence_IDH2	raw_sd	0.00357937510118712
per_feature	kidney	mutation_prevalence_IDH2	imputed_value	0.0027027027027027
per_feature	kidney	mutation_prevalence_IDH2	n_imputed_values	0
per_feature	kidney	mutation_prevalence_IDH2	retained_for_group_tree	TRUE
per_feature	kidney	mutation_prevalence_IDH2	drop_reason	
per_feature	kidney	mutation_prevalence_KRAS	missing_fraction	0
per_feature	kidney	mutation_prevalence_KRAS	n_missing_projects	0
per_feature	kidney	mutation_prevalence_KRAS	n_unique_non_missing	3
per_feature	kidney	mutation_prevalence_KRAS	raw_sd	0.00908750773912802
per_feature	kidney	mutation_prevalence_KRAS	imputed_value	0.00540540540540541
per_feature	kidney	mutation_prevalence_KRAS	n_imputed_values	0
per_feature	kidney	mutation_prevalence_KRAS	retained_for_group_tree	TRUE
per_feature	kidney	mutation_prevalence_KRAS	drop_reason	
per_feature	kidney	mutation_prevalence_MET	missing_fraction	0
per_feature	kidney	mutation_prevalence_MET	n_missing_projects	0
per_feature	kidney	mutation_prevalence_MET	n_unique_non_missing	3
per_feature	kidney	mutation_prevalence_MET	raw_sd	0.042892916832461
per_feature	kidney	mutation_prevalence_MET	imputed_value	0.00810810810810811
per_feature	kidney	mutation_prevalence_MET	n_imputed_values	0
per_feature	kidney	mutation_prevalence_MET	retained_for_group_tree	TRUE
per_feature	kidney	mutation_prevalence_MET	drop_reason	
per_feature	kidney	mutation_prevalence_MLH1	missing_fraction	0
per_feature	kidney	mutation_prevalence_MLH1	n_missing_projects	0
per_feature	kidney	mutation_prevalence_MLH1	n_unique_non_missing	3
per_feature	kidney	mutation_prevalence_MLH1	raw_sd	0.00357937510118712
per_feature	kidney	mutation_prevalence_MLH1	imputed_value	0.0027027027027027
per_feature	kidney	mutation_prevalence_MLH1	n_imputed_values	0
per_feature	kidney	mutation_prevalence_MLH1	retained_for_group_tree	TRUE
per_feature	kidney	mutation_prevalence_MLH1	drop_reason	
per_feature	kidney	mutation_prevalence_MSH2	missing_fraction	0
per_feature	kidney	mutation_prevalence_MSH2	n_missing_projects	0
per_feature	kidney	mutation_prevalence_MSH2	n_unique_non_missing	3
per_feature	kidney	mutation_prevalence_MSH2	raw_sd	0.00955257113233158
per_feature	kidney	mutation_prevalence_MSH2	imputed_value	0.0027027027027027
per_feature	kidney	mutation_prevalence_MSH2	n_imputed_values	0
per_feature	kidney	mutation_prevalence_MSH2	retained_for_group_tree	TRUE
per_feature	kidney	mutation_prevalence_MSH2	drop_reason	
per_feature	kidney	mutation_prevalence_MSH6	missing_fraction	0
per_feature	kidney	mutation_prevalence_MSH6	n_missing_projects	0
per_feature	kidney	mutation_prevalence_MSH6	n_unique_non_missing	3
per_feature	kidney	mutation_prevalence_MSH6	raw_sd	0.00370501820814676
per_feature	kidney	mutation_prevalence_MSH6	imputed_value	0.00540540540540541
per_feature	kidney	mutation_prevalence_MSH6	n_imputed_values	0
per_feature	kidney	mutation_prevalence_MSH6	retained_for_group_tree	TRUE
per_feature	kidney	mutation_prevalence_MSH6	drop_reason	
per_feature	kidney	mutation_prevalence_MYC	missing_fraction	0
per_feature	kidney	mutation_prevalence_MYC	n_missing_projects	0
per_feature	kidney	mutation_prevalence_MYC	n_unique_non_missing	1
per_feature	kidney	mutation_prevalence_MYC	raw_sd	0
per_feature	kidney	mutation_prevalence_MYC	imputed_value	0
per_feature	kidney	mutation_prevalence_MYC	n_imputed_values	0
per_feature	kidney	mutation_prevalence_MYC	retained_for_group_tree	FALSE
per_feature	kidney	mutation_prevalence_MYC	drop_reason	constant_or_near_constant_within_group
per_feature	kidney	mutation_prevalence_NF1	missing_fraction	0
per_feature	kidney	mutation_prevalence_NF1	n_missing_projects	0
per_feature	kidney	mutation_prevalence_NF1	n_unique_non_missing	3
per_feature	kidney	mutation_prevalence_NF1	raw_sd	0.00364000762048301
per_feature	kidney	mutation_prevalence_NF1	imputed_value	0.0212765957446809
per_feature	kidney	mutation_prevalence_NF1	n_imputed_values	0
per_feature	kidney	mutation_prevalence_NF1	retained_for_group_tree	TRUE
per_feature	kidney	mutation_prevalence_NF1	drop_reason	
per_feature	kidney	mutation_prevalence_PIK3CA	missing_fraction	0
per_feature	kidney	mutation_prevalence_PIK3CA	n_missing_projects	0
per_feature	kidney	mutation_prevalence_PIK3CA	n_unique_non_missing	3
per_feature	kidney	mutation_prevalence_PIK3CA	raw_sd	0.00823865101258151
per_feature	kidney	mutation_prevalence_PIK3CA	imputed_value	0.0106382978723404
per_feature	kidney	mutation_prevalence_PIK3CA	n_imputed_values	0
per_feature	kidney	mutation_prevalence_PIK3CA	retained_for_group_tree	TRUE
per_feature	kidney	mutation_prevalence_PIK3CA	drop_reason	
per_feature	kidney	mutation_prevalence_PMS2	missing_fraction	0
per_feature	kidney	mutation_prevalence_PMS2	n_missing_projects	0
per_feature	kidney	mutation_prevalence_PMS2	n_unique_non_missing	3
per_feature	kidney	mutation_prevalence_PMS2	raw_sd	0.00185250910407338
per_feature	kidney	mutation_prevalence_PMS2	imputed_value	0.0027027027027027
per_feature	kidney	mutation_prevalence_PMS2	n_imputed_values	0
per_feature	kidney	mutation_prevalence_PMS2	retained_for_group_tree	TRUE
per_feature	kidney	mutation_prevalence_PMS2	drop_reason	
per_feature	kidney	mutation_prevalence_POLE	missing_fraction	0
per_feature	kidney	mutation_prevalence_POLE	n_missing_projects	0
per_feature	kidney	mutation_prevalence_POLE	n_unique_non_missing	3
per_feature	kidney	mutation_prevalence_POLE	raw_sd	0.00702793388986642
per_feature	kidney	mutation_prevalence_POLE	imputed_value	0.0151515151515152
per_feature	kidney	mutation_prevalence_POLE	n_imputed_values	0
per_feature	kidney	mutation_prevalence_POLE	retained_for_group_tree	TRUE
per_feature	kidney	mutation_prevalence_POLE	drop_reason	
per_feature	kidney	mutation_prevalence_PTEN	missing_fraction	0
per_feature	kidney	mutation_prevalence_PTEN	n_missing_projects	0
per_feature	kidney	mutation_prevalence_PTEN	n_unique_non_missing	3
per_feature	kidney	mutation_prevalence_PTEN	raw_sd	0.0337083307810011
per_feature	kidney	mutation_prevalence_PTEN	imputed_value	0.0378378378378378
per_feature	kidney	mutation_prevalence_PTEN	n_imputed_values	0
per_feature	kidney	mutation_prevalence_PTEN	retained_for_group_tree	TRUE
per_feature	kidney	mutation_prevalence_PTEN	drop_reason	
per_feature	kidney	mutation_prevalence_RB1	missing_fraction	0
per_feature	kidney	mutation_prevalence_RB1	n_missing_projects	0
per_feature	kidney	mutation_prevalence_RB1	n_unique_non_missing	3
per_feature	kidney	mutation_prevalence_RB1	raw_sd	0.0161626306578168
per_feature	kidney	mutation_prevalence_RB1	imputed_value	0.00540540540540541
per_feature	kidney	mutation_prevalence_RB1	n_imputed_values	0
per_feature	kidney	mutation_prevalence_RB1	retained_for_group_tree	TRUE
per_feature	kidney	mutation_prevalence_RB1	drop_reason	
per_feature	kidney	mutation_prevalence_SMAD4	missing_fraction	0
per_feature	kidney	mutation_prevalence_SMAD4	n_missing_projects	0
per_feature	kidney	mutation_prevalence_SMAD4	n_unique_non_missing	2
per_feature	kidney	mutation_prevalence_SMAD4	raw_sd	0.00409468276021011
per_feature	kidney	mutation_prevalence_SMAD4	imputed_value	0
per_feature	kidney	mutation_prevalence_SMAD4	n_imputed_values	0
per_feature	kidney	mutation_prevalence_SMAD4	retained_for_group_tree	TRUE
per_feature	kidney	mutation_prevalence_SMAD4	drop_reason	
per_feature	kidney	mutation_prevalence_TERT	missing_fraction	0
per_feature	kidney	mutation_prevalence_TERT	n_missing_projects	0
per_feature	kidney	mutation_prevalence_TERT	n_unique_non_missing	3
per_feature	kidney	mutation_prevalence_TERT	raw_sd	0.014611783570387
per_feature	kidney	mutation_prevalence_TERT	imputed_value	0.00810810810810811
per_feature	kidney	mutation_prevalence_TERT	n_imputed_values	0
per_feature	kidney	mutation_prevalence_TERT	retained_for_group_tree	TRUE
per_feature	kidney	mutation_prevalence_TERT	drop_reason	
per_feature	kidney	mutation_prevalence_TP53	missing_fraction	0
per_feature	kidney	mutation_prevalence_TP53	n_missing_projects	0
per_feature	kidney	mutation_prevalence_TP53	n_unique_non_missing	3
per_feature	kidney	mutation_prevalence_TP53	raw_sd	0.167217520360259
per_feature	kidney	mutation_prevalence_TP53	imputed_value	0.0324324324324324
per_feature	kidney	mutation_prevalence_TP53	n_imputed_values	0
per_feature	kidney	mutation_prevalence_TP53	retained_for_group_tree	TRUE
per_feature	kidney	mutation_prevalence_TP53	drop_reason	
per_feature	kidney	mutation_prevalence_VHL	missing_fraction	0
per_feature	kidney	mutation_prevalence_VHL	n_missing_projects	0
per_feature	kidney	mutation_prevalence_VHL	n_unique_non_missing	3
per_feature	kidney	mutation_prevalence_VHL	raw_sd	0.260954734325842
per_feature	kidney	mutation_prevalence_VHL	imputed_value	0.0151515151515152
per_feature	kidney	mutation_prevalence_VHL	n_imputed_values	0
per_feature	kidney	mutation_prevalence_VHL	retained_for_group_tree	TRUE
per_feature	kidney	mutation_prevalence_VHL	drop_reason	
per_feature	kidney	tmb_proxy_mean_nonsynonymous_count	missing_fraction	0
per_feature	kidney	tmb_proxy_mean_nonsynonymous_count	n_missing_projects	0
per_feature	kidney	tmb_proxy_mean_nonsynonymous_count	n_unique_non_missing	3
per_feature	kidney	tmb_proxy_mean_nonsynonymous_count	raw_sd	24.4645888126529
per_feature	kidney	tmb_proxy_mean_nonsynonymous_count	imputed_value	58.4783783783784
per_feature	kidney	tmb_proxy_mean_nonsynonymous_count	n_imputed_values	0
per_feature	kidney	tmb_proxy_mean_nonsynonymous_count	retained_for_group_tree	TRUE
per_feature	kidney	tmb_proxy_mean_nonsynonymous_count	drop_reason	
per_feature	kidney	tmb_proxy_mean_total_mutation_count	missing_fraction	0
per_feature	kidney	tmb_proxy_mean_total_mutation_count	n_missing_projects	0
per_feature	kidney	tmb_proxy_mean_total_mutation_count	n_unique_non_missing	3
per_feature	kidney	tmb_proxy_mean_total_mutation_count	raw_sd	37.6779540537311
per_feature	kidney	tmb_proxy_mean_total_mutation_count	imputed_value	86.4918918918919
per_feature	kidney	tmb_proxy_mean_total_mutation_count	n_imputed_values	0
per_feature	kidney	tmb_proxy_mean_total_mutation_count	retained_for_group_tree	TRUE
per_feature	kidney	tmb_proxy_mean_total_mutation_count	drop_reason	
per_feature	kidney	tmb_proxy_median_nonsynonymous_count	missing_fraction	0
per_feature	kidney	tmb_proxy_median_nonsynonymous_count	n_missing_projects	0
per_feature	kidney	tmb_proxy_median_nonsynonymous_count	n_unique_non_missing	3
per_feature	kidney	tmb_proxy_median_nonsynonymous_count	raw_sd	24.1315837303177
per_feature	kidney	tmb_proxy_median_nonsynonymous_count	imputed_value	53
per_feature	kidney	tmb_proxy_median_nonsynonymous_count	n_imputed_values	0
per_feature	kidney	tmb_proxy_median_nonsynonymous_count	retained_for_group_tree	TRUE
per_feature	kidney	tmb_proxy_median_nonsynonymous_count	drop_reason	
per_feature	kidney	tmb_proxy_median_total_mutation_count	missing_fraction	0
per_feature	kidney	tmb_proxy_median_total_mutation_count	n_missing_projects	0
per_feature	kidney	tmb_proxy_median_total_mutation_count	n_unique_non_missing	3
per_feature	kidney	tmb_proxy_median_total_mutation_count	raw_sd	35.4729944229879
per_feature	kidney	tmb_proxy_median_total_mutation_count	imputed_value	76
per_feature	kidney	tmb_proxy_median_total_mutation_count	n_imputed_values	0
per_feature	kidney	tmb_proxy_median_total_mutation_count	retained_for_group_tree	TRUE
per_feature	kidney	tmb_proxy_median_total_mutation_count	drop_reason	
global	melanocytic	ALL	n_projects	2
global	melanocytic	ALL	n_raw_biologic_features	52
global	melanocytic	ALL	n_features_retained	52
global	melanocytic	ALL	n_features_dropped	0
global	melanocytic	ALL	tree_attempted	FALSE
global	melanocytic	ALL	reason_or_warning	underpowered_project_count_2_lt_3
global	melanocytic	ALL	bootstrap_iterations_completed	0
per_feature	melanocytic	median_DNA_repair_score	missing_fraction	0
per_feature	melanocytic	median_DNA_repair_score	n_missing_projects	0
per_feature	melanocytic	median_DNA_repair_score	n_unique_non_missing	2
per_feature	melanocytic	median_DNA_repair_score	raw_sd	0.615199195017792
per_feature	melanocytic	median_DNA_repair_score	imputed_value	-0.343520032757353
per_feature	melanocytic	median_DNA_repair_score	n_imputed_values	0
per_feature	melanocytic	median_DNA_repair_score	retained_for_group_tree	TRUE
per_feature	melanocytic	median_DNA_repair_score	drop_reason	
per_feature	melanocytic	median_EMT_score	missing_fraction	0
per_feature	melanocytic	median_EMT_score	n_missing_projects	0
per_feature	melanocytic	median_EMT_score	n_unique_non_missing	2
per_feature	melanocytic	median_EMT_score	raw_sd	0.0336864239093584
per_feature	melanocytic	median_EMT_score	imputed_value	0.41223203540964
per_feature	melanocytic	median_EMT_score	n_imputed_values	0
per_feature	melanocytic	median_EMT_score	retained_for_group_tree	TRUE
per_feature	melanocytic	median_EMT_score	drop_reason	
per_feature	melanocytic	median_aneuploidy_score	missing_fraction	0
per_feature	melanocytic	median_aneuploidy_score	n_missing_projects	0
per_feature	melanocytic	median_aneuploidy_score	n_unique_non_missing	2
per_feature	melanocytic	median_aneuploidy_score	raw_sd	4.94974746830583
per_feature	melanocytic	median_aneuploidy_score	imputed_value	7.5
per_feature	melanocytic	median_aneuploidy_score	n_imputed_values	0
per_feature	melanocytic	median_aneuploidy_score	retained_for_group_tree	TRUE
per_feature	melanocytic	median_aneuploidy_score	drop_reason	
per_feature	melanocytic	median_angiogenesis_score	missing_fraction	0
per_feature	melanocytic	median_angiogenesis_score	n_missing_projects	0
per_feature	melanocytic	median_angiogenesis_score	n_unique_non_missing	2
per_feature	melanocytic	median_angiogenesis_score	raw_sd	0.135942078429844
per_feature	melanocytic	median_angiogenesis_score	imputed_value	-0.455363427362091
per_feature	melanocytic	median_angiogenesis_score	n_imputed_values	0
per_feature	melanocytic	median_angiogenesis_score	retained_for_group_tree	TRUE
per_feature	melanocytic	median_angiogenesis_score	drop_reason	
per_feature	melanocytic	median_arm_gain_count	missing_fraction	0
per_feature	melanocytic	median_arm_gain_count	n_missing_projects	0
per_feature	melanocytic	median_arm_gain_count	n_unique_non_missing	2
per_feature	melanocytic	median_arm_gain_count	raw_sd	1.4142135623731
per_feature	melanocytic	median_arm_gain_count	imputed_value	3
per_feature	melanocytic	median_arm_gain_count	n_imputed_values	0
per_feature	melanocytic	median_arm_gain_count	retained_for_group_tree	TRUE
per_feature	melanocytic	median_arm_gain_count	drop_reason	
per_feature	melanocytic	median_arm_loss_count	missing_fraction	0
per_feature	melanocytic	median_arm_loss_count	n_missing_projects	0
per_feature	melanocytic	median_arm_loss_count	n_unique_non_missing	2
per_feature	melanocytic	median_arm_loss_count	raw_sd	2.82842712474619
per_feature	melanocytic	median_arm_loss_count	imputed_value	4
per_feature	melanocytic	median_arm_loss_count	n_imputed_values	0
per_feature	melanocytic	median_arm_loss_count	retained_for_group_tree	TRUE
per_feature	melanocytic	median_arm_loss_count	drop_reason	
per_feature	melanocytic	median_cell_cycle_score	missing_fraction	0
per_feature	melanocytic	median_cell_cycle_score	n_missing_projects	0
per_feature	melanocytic	median_cell_cycle_score	n_unique_non_missing	2
per_feature	melanocytic	median_cell_cycle_score	raw_sd	0.422202906023786
per_feature	melanocytic	median_cell_cycle_score	imputed_value	-0.372253228747791
per_feature	melanocytic	median_cell_cycle_score	n_imputed_values	0
per_feature	melanocytic	median_cell_cycle_score	retained_for_group_tree	TRUE
per_feature	melanocytic	median_cell_cycle_score	drop_reason	
per_feature	melanocytic	median_cytotoxic_t_cell_score	missing_fraction	0
per_feature	melanocytic	median_cytotoxic_t_cell_score	n_missing_projects	0
per_feature	melanocytic	median_cytotoxic_t_cell_score	n_unique_non_missing	2
per_feature	melanocytic	median_cytotoxic_t_cell_score	raw_sd	0.110981108005299
per_feature	melanocytic	median_cytotoxic_t_cell_score	imputed_value	-0.22878895629973
per_feature	melanocytic	median_cytotoxic_t_cell_score	n_imputed_values	0
per_feature	melanocytic	median_cytotoxic_t_cell_score	retained_for_group_tree	TRUE
per_feature	melanocytic	median_cytotoxic_t_cell_score	drop_reason	
per_feature	melanocytic	median_epithelial_score	missing_fraction	0
per_feature	melanocytic	median_epithelial_score	n_missing_projects	0
per_feature	melanocytic	median_epithelial_score	n_unique_non_missing	2
per_feature	melanocytic	median_epithelial_score	raw_sd	0.132960352806989
per_feature	melanocytic	median_epithelial_score	imputed_value	-0.686334067360586
per_feature	melanocytic	median_epithelial_score	n_imputed_values	0
per_feature	melanocytic	median_epithelial_score	retained_for_group_tree	TRUE
per_feature	melanocytic	median_epithelial_score	drop_reason	
per_feature	melanocytic	median_hypoxia_score	missing_fraction	0
per_feature	melanocytic	median_hypoxia_score	n_missing_projects	0
per_feature	melanocytic	median_hypoxia_score	n_unique_non_missing	2
per_feature	melanocytic	median_hypoxia_score	raw_sd	0.177349921355665
per_feature	melanocytic	median_hypoxia_score	imputed_value	-0.19592474541934
per_feature	melanocytic	median_hypoxia_score	n_imputed_values	0
per_feature	melanocytic	median_hypoxia_score	retained_for_group_tree	TRUE
per_feature	melanocytic	median_hypoxia_score	drop_reason	
per_feature	melanocytic	median_immune_inflammatory_score	missing_fraction	0
per_feature	melanocytic	median_immune_inflammatory_score	n_missing_projects	0
per_feature	melanocytic	median_immune_inflammatory_score	n_unique_non_missing	2
per_feature	melanocytic	median_immune_inflammatory_score	raw_sd	0.129735257483993
per_feature	melanocytic	median_immune_inflammatory_score	imputed_value	-0.235742969656509
per_feature	melanocytic	median_immune_inflammatory_score	n_imputed_values	0
per_feature	melanocytic	median_immune_inflammatory_score	retained_for_group_tree	TRUE
per_feature	melanocytic	median_immune_inflammatory_score	drop_reason	
per_feature	melanocytic	median_interferon_gamma_score	missing_fraction	0
per_feature	melanocytic	median_interferon_gamma_score	n_missing_projects	0
per_feature	melanocytic	median_interferon_gamma_score	n_unique_non_missing	2
per_feature	melanocytic	median_interferon_gamma_score	raw_sd	0.259925604644408
per_feature	melanocytic	median_interferon_gamma_score	imputed_value	-0.39160399987844
per_feature	melanocytic	median_interferon_gamma_score	n_imputed_values	0
per_feature	melanocytic	median_interferon_gamma_score	retained_for_group_tree	TRUE
per_feature	melanocytic	median_interferon_gamma_score	drop_reason	
per_feature	melanocytic	median_lineage_or_tissue_PC1	missing_fraction	0
per_feature	melanocytic	median_lineage_or_tissue_PC1	n_missing_projects	0
per_feature	melanocytic	median_lineage_or_tissue_PC1	n_unique_non_missing	2
per_feature	melanocytic	median_lineage_or_tissue_PC1	raw_sd	2.24201224506987
per_feature	melanocytic	median_lineage_or_tissue_PC1	imputed_value	1.68423505140629
per_feature	melanocytic	median_lineage_or_tissue_PC1	n_imputed_values	0
per_feature	melanocytic	median_lineage_or_tissue_PC1	retained_for_group_tree	TRUE
per_feature	melanocytic	median_lineage_or_tissue_PC1	drop_reason	
per_feature	melanocytic	median_lineage_or_tissue_PC2	missing_fraction	0
per_feature	melanocytic	median_lineage_or_tissue_PC2	n_missing_projects	0
per_feature	melanocytic	median_lineage_or_tissue_PC2	n_unique_non_missing	2
per_feature	melanocytic	median_lineage_or_tissue_PC2	raw_sd	0.708145050239886
per_feature	melanocytic	median_lineage_or_tissue_PC2	imputed_value	0.21204803297117
per_feature	melanocytic	median_lineage_or_tissue_PC2	n_imputed_values	0
per_feature	melanocytic	median_lineage_or_tissue_PC2	retained_for_group_tree	TRUE
per_feature	melanocytic	median_lineage_or_tissue_PC2	drop_reason	
per_feature	melanocytic	median_ploidy	missing_fraction	0
per_feature	melanocytic	median_ploidy	n_missing_projects	0
per_feature	melanocytic	median_ploidy	n_unique_non_missing	2
per_feature	melanocytic	median_ploidy	raw_sd	0.0707106781186548
per_feature	melanocytic	median_ploidy	imputed_value	2.08
per_feature	melanocytic	median_ploidy	n_imputed_values	0
per_feature	melanocytic	median_ploidy	retained_for_group_tree	TRUE
per_feature	melanocytic	median_ploidy	drop_reason	
per_feature	melanocytic	median_proliferation_score	missing_fraction	0
per_feature	melanocytic	median_proliferation_score	n_missing_projects	0
per_feature	melanocytic	median_proliferation_score	n_unique_non_missing	2
per_feature	melanocytic	median_proliferation_score	raw_sd	0.408792284686361
per_feature	melanocytic	median_proliferation_score	imputed_value	-0.358721470721566
per_feature	melanocytic	median_proliferation_score	n_imputed_values	0
per_feature	melanocytic	median_proliferation_score	retained_for_group_tree	TRUE
per_feature	melanocytic	median_proliferation_score	drop_reason	
per_feature	melanocytic	median_purity	missing_fraction	0
per_feature	melanocytic	median_purity	n_missing_projects	0
per_feature	melanocytic	median_purity	n_unique_non_missing	2
per_feature	melanocytic	median_purity	raw_sd	0.176776695296637
per_feature	melanocytic	median_purity	imputed_value	0.825
per_feature	melanocytic	median_purity	n_imputed_values	0
per_feature	melanocytic	median_purity	retained_for_group_tree	TRUE
per_feature	melanocytic	median_purity	drop_reason	
per_feature	melanocytic	median_stromal_score	missing_fraction	0
per_feature	melanocytic	median_stromal_score	n_missing_projects	0
per_feature	melanocytic	median_stromal_score	n_unique_non_missing	2
per_feature	melanocytic	median_stromal_score	raw_sd	0.0899346411973999
per_feature	melanocytic	median_stromal_score	imputed_value	-0.378700250581239
per_feature	melanocytic	median_stromal_score	n_imputed_values	0
per_feature	melanocytic	median_stromal_score	retained_for_group_tree	TRUE
per_feature	melanocytic	median_stromal_score	drop_reason	
per_feature	melanocytic	median_total_arm_alteration_count	missing_fraction	0
per_feature	melanocytic	median_total_arm_alteration_count	n_missing_projects	0
per_feature	melanocytic	median_total_arm_alteration_count	n_unique_non_missing	2
per_feature	melanocytic	median_total_arm_alteration_count	raw_sd	4.94974746830583
per_feature	melanocytic	median_total_arm_alteration_count	imputed_value	7.5
per_feature	melanocytic	median_total_arm_alteration_count	n_imputed_values	0
per_feature	melanocytic	median_total_arm_alteration_count	retained_for_group_tree	TRUE
per_feature	melanocytic	median_total_arm_alteration_count	drop_reason	
per_feature	melanocytic	mutation_prevalence_ALK	missing_fraction	0
per_feature	melanocytic	mutation_prevalence_ALK	n_missing_projects	0
per_feature	melanocytic	mutation_prevalence_ALK	n_unique_non_missing	2
per_feature	melanocytic	mutation_prevalence_ALK	raw_sd	0.101231099016023
per_feature	melanocytic	mutation_prevalence_ALK	imputed_value	0.0715811965811965
per_feature	melanocytic	mutation_prevalence_ALK	n_imputed_values	0
per_feature	melanocytic	mutation_prevalence_ALK	retained_for_group_tree	TRUE
per_feature	melanocytic	mutation_prevalence_ALK	drop_reason	
per_feature	melanocytic	mutation_prevalence_APC	missing_fraction	0
per_feature	melanocytic	mutation_prevalence_APC	n_missing_projects	0
per_feature	melanocytic	mutation_prevalence_APC	n_unique_non_missing	2
per_feature	melanocytic	mutation_prevalence_APC	raw_sd	0.0790206937095225
per_feature	melanocytic	mutation_prevalence_APC	imputed_value	0.0808760683760685
per_feature	melanocytic	mutation_prevalence_APC	n_imputed_values	0
per_feature	melanocytic	mutation_prevalence_APC	retained_for_group_tree	TRUE
per_feature	melanocytic	mutation_prevalence_APC	drop_reason	
per_feature	melanocytic	mutation_prevalence_ARID1A	missing_fraction	0
per_feature	melanocytic	mutation_prevalence_ARID1A	n_missing_projects	0
per_feature	melanocytic	mutation_prevalence_ARID1A	n_unique_non_missing	2
per_feature	melanocytic	mutation_prevalence_ARID1A	raw_sd	0.0559037412476544
per_feature	melanocytic	mutation_prevalence_ARID1A	imputed_value	0.0395299145299145
per_feature	melanocytic	mutation_prevalence_ARID1A	n_imputed_values	0
per_feature	melanocytic	mutation_prevalence_ARID1A	retained_for_group_tree	TRUE
per_feature	melanocytic	mutation_prevalence_ARID1A	drop_reason	
per_feature	melanocytic	mutation_prevalence_BAP1	missing_fraction	0
per_feature	melanocytic	mutation_prevalence_BAP1	n_missing_projects	0
per_feature	melanocytic	mutation_prevalence_BAP1	n_unique_non_missing	2
per_feature	melanocytic	mutation_prevalence_BAP1	raw_sd	0.0892193492074052
per_feature	melanocytic	mutation_prevalence_BAP1	imputed_value	0.0994123931623931
per_feature	melanocytic	mutation_prevalence_BAP1	n_imputed_values	0
per_feature	melanocytic	mutation_prevalence_BAP1	retained_for_group_tree	TRUE
per_feature	melanocytic	mutation_prevalence_BAP1	drop_reason	
per_feature	melanocytic	mutation_prevalence_BRAF	missing_fraction	0
per_feature	melanocytic	mutation_prevalence_BRAF	n_missing_projects	0
per_feature	melanocytic	mutation_prevalence_BRAF	n_unique_non_missing	2
per_feature	melanocytic	mutation_prevalence_BRAF	raw_sd	0.370173421775009
per_feature	melanocytic	mutation_prevalence_BRAF	imputed_value	0.261752136752137
per_feature	melanocytic	mutation_prevalence_BRAF	n_imputed_values	0
per_feature	melanocytic	mutation_prevalence_BRAF	retained_for_group_tree	TRUE
per_feature	melanocytic	mutation_prevalence_BRAF	drop_reason	
per_feature	melanocytic	mutation_prevalence_BRCA1	missing_fraction	0
per_feature	melanocytic	mutation_prevalence_BRCA1	n_missing_projects	0
per_feature	melanocytic	mutation_prevalence_BRCA1	n_unique_non_missing	2
per_feature	melanocytic	mutation_prevalence_BRCA1	raw_sd	0.0438164458427562
per_feature	melanocytic	mutation_prevalence_BRCA1	imputed_value	0.030982905982906
per_feature	melanocytic	mutation_prevalence_BRCA1	n_imputed_values	0
per_feature	melanocytic	mutation_prevalence_BRCA1	retained_for_group_tree	TRUE
per_feature	melanocytic	mutation_prevalence_BRCA1	drop_reason	
per_feature	melanocytic	mutation_prevalence_BRCA2	missing_fraction	0
per_feature	melanocytic	mutation_prevalence_BRCA2	n_missing_projects	0
per_feature	melanocytic	mutation_prevalence_BRCA2	n_unique_non_missing	2
per_feature	melanocytic	mutation_prevalence_BRCA2	raw_sd	0.0697285853670067
per_feature	melanocytic	mutation_prevalence_BRCA2	imputed_value	0.0618055555555555
per_feature	melanocytic	mutation_prevalence_BRCA2	n_imputed_values	0
per_feature	melanocytic	mutation_prevalence_BRCA2	retained_for_group_tree	TRUE
per_feature	melanocytic	mutation_prevalence_BRCA2	drop_reason	
per_feature	melanocytic	mutation_prevalence_CDKN2A	missing_fraction	0
per_feature	melanocytic	mutation_prevalence_CDKN2A	n_missing_projects	0
per_feature	melanocytic	mutation_prevalence_CDKN2A	n_unique_non_missing	2
per_feature	melanocytic	mutation_prevalence_CDKN2A	raw_sd	0.0921656274623489
per_feature	melanocytic	mutation_prevalence_CDKN2A	imputed_value	0.06517094017094
per_feature	melanocytic	mutation_prevalence_CDKN2A	n_imputed_values	0
per_feature	melanocytic	mutation_prevalence_CDKN2A	retained_for_group_tree	TRUE
per_feature	melanocytic	mutation_prevalence_CDKN2A	drop_reason	
per_feature	melanocytic	mutation_prevalence_CTNNB1	missing_fraction	0
per_feature	melanocytic	mutation_prevalence_CTNNB1	n_missing_projects	0
per_feature	melanocytic	mutation_prevalence_CTNNB1	n_unique_non_missing	2
per_feature	melanocytic	mutation_prevalence_CTNNB1	raw_sd	0.0468382696939807
per_feature	melanocytic	mutation_prevalence_CTNNB1	imputed_value	0.0331196581196581
per_feature	melanocytic	mutation_prevalence_CTNNB1	n_imputed_values	0
per_feature	melanocytic	mutation_prevalence_CTNNB1	retained_for_group_tree	TRUE
per_feature	melanocytic	mutation_prevalence_CTNNB1	drop_reason	
per_feature	melanocytic	mutation_prevalence_EGFR	missing_fraction	0
per_feature	melanocytic	mutation_prevalence_EGFR	n_missing_projects	0
per_feature	melanocytic	mutation_prevalence_EGFR	n_unique_non_missing	2
per_feature	melanocytic	mutation_prevalence_EGFR	raw_sd	0.0513710054708176
per_feature	melanocytic	mutation_prevalence_EGFR	imputed_value	0.0363247863247863
per_feature	melanocytic	mutation_prevalence_EGFR	n_imputed_values	0
per_feature	melanocytic	mutation_prevalence_EGFR	retained_for_group_tree	TRUE
per_feature	melanocytic	mutation_prevalence_EGFR	drop_reason	
per_feature	melanocytic	mutation_prevalence_ERBB2	missing_fraction	0
per_feature	melanocytic	mutation_prevalence_ERBB2	n_missing_projects	0
per_feature	melanocytic	mutation_prevalence_ERBB2	n_unique_non_missing	2
per_feature	melanocytic	mutation_prevalence_ERBB2	raw_sd	0.0438164458427562
per_feature	melanocytic	mutation_prevalence_ERBB2	imputed_value	0.030982905982906
per_feature	melanocytic	mutation_prevalence_ERBB2	n_imputed_values	0
per_feature	melanocytic	mutation_prevalence_ERBB2	retained_for_group_tree	TRUE
per_feature	melanocytic	mutation_prevalence_ERBB2	drop_reason	
per_feature	melanocytic	mutation_prevalence_IDH1	missing_fraction	0
per_feature	melanocytic	mutation_prevalence_IDH1	n_missing_projects	0
per_feature	melanocytic	mutation_prevalence_IDH1	n_unique_non_missing	2
per_feature	melanocytic	mutation_prevalence_IDH1	raw_sd	0.0392837100659193
per_feature	melanocytic	mutation_prevalence_IDH1	imputed_value	0.0277777777777778
per_feature	melanocytic	mutation_prevalence_IDH1	n_imputed_values	0
per_feature	melanocytic	mutation_prevalence_IDH1	retained_for_group_tree	TRUE
per_feature	melanocytic	mutation_prevalence_IDH1	drop_reason	
per_feature	melanocytic	mutation_prevalence_IDH2	missing_fraction	0
per_feature	melanocytic	mutation_prevalence_IDH2	n_missing_projects	0
per_feature	melanocytic	mutation_prevalence_IDH2	n_unique_non_missing	2
per_feature	melanocytic	mutation_prevalence_IDH2	raw_sd	0.00302182385122456
per_feature	melanocytic	mutation_prevalence_IDH2	imputed_value	0.00213675213675213
per_feature	melanocytic	mutation_prevalence_IDH2	n_imputed_values	0
per_feature	melanocytic	mutation_prevalence_IDH2	retained_for_group_tree	TRUE
per_feature	melanocytic	mutation_prevalence_IDH2	drop_reason	
per_feature	melanocytic	mutation_prevalence_KRAS	missing_fraction	0
per_feature	melanocytic	mutation_prevalence_KRAS	n_missing_projects	0
per_feature	melanocytic	mutation_prevalence_KRAS	n_unique_non_missing	2
per_feature	melanocytic	mutation_prevalence_KRAS	raw_sd	0.0196418550329597
per_feature	melanocytic	mutation_prevalence_KRAS	imputed_value	0.0138888888888889
per_feature	melanocytic	mutation_prevalence_KRAS	n_imputed_values	0
per_feature	melanocytic	mutation_prevalence_KRAS	retained_for_group_tree	TRUE
per_feature	melanocytic	mutation_prevalence_KRAS	drop_reason	
per_feature	melanocytic	mutation_prevalence_MET	missing_fraction	0
per_feature	melanocytic	mutation_prevalence_MET	n_missing_projects	0
per_feature	melanocytic	mutation_prevalence_MET	n_unique_non_missing	2
per_feature	melanocytic	mutation_prevalence_MET	raw_sd	0.0604364770244913
per_feature	melanocytic	mutation_prevalence_MET	imputed_value	0.0427350427350427
per_feature	melanocytic	mutation_prevalence_MET	n_imputed_values	0
per_feature	melanocytic	mutation_prevalence_MET	retained_for_group_tree	TRUE
per_feature	melanocytic	mutation_prevalence_MET	drop_reason	
per_feature	melanocytic	mutation_prevalence_MLH1	missing_fraction	0
per_feature	melanocytic	mutation_prevalence_MLH1	n_missing_projects	0
per_feature	melanocytic	mutation_prevalence_MLH1	n_unique_non_missing	2
per_feature	melanocytic	mutation_prevalence_MLH1	raw_sd	0.0211527669585719
per_feature	melanocytic	mutation_prevalence_MLH1	imputed_value	0.014957264957265
per_feature	melanocytic	mutation_prevalence_MLH1	n_imputed_values	0
per_feature	melanocytic	mutation_prevalence_MLH1	retained_for_group_tree	TRUE
per_feature	melanocytic	mutation_prevalence_MLH1	drop_reason	
per_feature	melanocytic	mutation_prevalence_MSH2	missing_fraction	0
per_feature	melanocytic	mutation_prevalence_MSH2	n_missing_projects	0
per_feature	melanocytic	mutation_prevalence_MSH2	n_unique_non_missing	2
per_feature	melanocytic	mutation_prevalence_MSH2	raw_sd	0.0166200311817351
per_feature	melanocytic	mutation_prevalence_MSH2	imputed_value	0.0117521367521368
per_feature	melanocytic	mutation_prevalence_MSH2	n_imputed_values	0
per_feature	melanocytic	mutation_prevalence_MSH2	retained_for_group_tree	TRUE
per_feature	melanocytic	mutation_prevalence_MSH2	drop_reason	
per_feature	melanocytic	mutation_prevalence_MSH6	missing_fraction	0
per_feature	melanocytic	mutation_prevalence_MSH6	n_missing_projects	0
per_feature	melanocytic	mutation_prevalence_MSH6	n_unique_non_missing	2
per_feature	melanocytic	mutation_prevalence_MSH6	raw_sd	0.0256855027354088
per_feature	melanocytic	mutation_prevalence_MSH6	imputed_value	0.0181623931623931
per_feature	melanocytic	mutation_prevalence_MSH6	n_imputed_values	0
per_feature	melanocytic	mutation_prevalence_MSH6	retained_for_group_tree	TRUE
per_feature	melanocytic	mutation_prevalence_MSH6	drop_reason	
per_feature	melanocytic	mutation_prevalence_MYC	missing_fraction	0
per_feature	melanocytic	mutation_prevalence_MYC	n_missing_projects	0
per_feature	melanocytic	mutation_prevalence_MYC	n_unique_non_missing	2
per_feature	melanocytic	mutation_prevalence_MYC	raw_sd	0.0166200311817351
per_feature	melanocytic	mutation_prevalence_MYC	imputed_value	0.0117521367521368
per_feature	melanocytic	mutation_prevalence_MYC	n_imputed_values	0
per_feature	melanocytic	mutation_prevalence_MYC	retained_for_group_tree	TRUE
per_feature	melanocytic	mutation_prevalence_MYC	drop_reason	
per_feature	melanocytic	mutation_prevalence_NF1	missing_fraction	0
per_feature	melanocytic	mutation_prevalence_NF1	n_missing_projects	0
per_feature	melanocytic	mutation_prevalence_NF1	n_unique_non_missing	2
per_feature	melanocytic	mutation_prevalence_NF1	raw_sd	0.122383865974595
per_feature	melanocytic	mutation_prevalence_NF1	imputed_value	0.0865384615384615
per_feature	melanocytic	mutation_prevalence_NF1	n_imputed_values	0
per_feature	melanocytic	mutation_prevalence_NF1	retained_for_group_tree	TRUE
per_feature	melanocytic	mutation_prevalence_NF1	drop_reason	
per_feature	melanocytic	mutation_prevalence_PIK3CA	missing_fraction	0
per_feature	melanocytic	mutation_prevalence_PIK3CA	n_missing_projects	0
per_feature	melanocytic	mutation_prevalence_PIK3CA	n_unique_non_missing	2
per_feature	melanocytic	mutation_prevalence_PIK3CA	raw_sd	0.0332400623634702
per_feature	melanocytic	mutation_prevalence_PIK3CA	imputed_value	0.0235042735042735
per_feature	melanocytic	mutation_prevalence_PIK3CA	n_imputed_values	0
per_feature	melanocytic	mutation_prevalence_PIK3CA	retained_for_group_tree	TRUE
per_feature	melanocytic	mutation_prevalence_PIK3CA	drop_reason	
per_feature	melanocytic	mutation_prevalence_PMS2	missing_fraction	0
per_feature	melanocytic	mutation_prevalence_PMS2	n_missing_projects	0
per_feature	melanocytic	mutation_prevalence_PMS2	n_unique_non_missing	2
per_feature	melanocytic	mutation_prevalence_PMS2	raw_sd	0.037772798140307
per_feature	melanocytic	mutation_prevalence_PMS2	imputed_value	0.0267094017094017
per_feature	melanocytic	mutation_prevalence_PMS2	n_imputed_values	0
per_feature	melanocytic	mutation_prevalence_PMS2	retained_for_group_tree	TRUE
per_feature	melanocytic	mutation_prevalence_PMS2	drop_reason	
per_feature	melanocytic	mutation_prevalence_POLE	missing_fraction	0
per_feature	melanocytic	mutation_prevalence_POLE	n_missing_projects	0
per_feature	melanocytic	mutation_prevalence_POLE	n_unique_non_missing	2
per_feature	melanocytic	mutation_prevalence_POLE	raw_sd	0.0634583008757158
per_feature	melanocytic	mutation_prevalence_POLE	imputed_value	0.0448717948717949
per_feature	melanocytic	mutation_prevalence_POLE	n_imputed_values	0
per_feature	melanocytic	mutation_prevalence_POLE	retained_for_group_tree	TRUE
per_feature	melanocytic	mutation_prevalence_POLE	drop_reason	
per_feature	melanocytic	mutation_prevalence_PTEN	missing_fraction	0
per_feature	melanocytic	mutation_prevalence_PTEN	n_missing_projects	0
per_feature	melanocytic	mutation_prevalence_PTEN	n_unique_non_missing	2
per_feature	melanocytic	mutation_prevalence_PTEN	raw_sd	0.0695019485781649
per_feature	melanocytic	mutation_prevalence_PTEN	imputed_value	0.0491452991452992
per_feature	melanocytic	mutation_prevalence_PTEN	n_imputed_values	0
per_feature	melanocytic	mutation_prevalence_PTEN	retained_for_group_tree	TRUE
per_feature	melanocytic	mutation_prevalence_PTEN	drop_reason	
per_feature	melanocytic	mutation_prevalence_RB1	missing_fraction	0
per_feature	melanocytic	mutation_prevalence_RB1	n_missing_projects	0
per_feature	melanocytic	mutation_prevalence_RB1	n_unique_non_missing	2
per_feature	melanocytic	mutation_prevalence_RB1	raw_sd	0.0317291504378579
per_feature	melanocytic	mutation_prevalence_RB1	imputed_value	0.0224358974358974
per_feature	melanocytic	mutation_prevalence_RB1	n_imputed_values	0
per_feature	melanocytic	mutation_prevalence_RB1	retained_for_group_tree	TRUE
per_feature	melanocytic	mutation_prevalence_RB1	drop_reason	
per_feature	melanocytic	mutation_prevalence_SMAD4	missing_fraction	0
per_feature	melanocytic	mutation_prevalence_SMAD4	n_missing_projects	0
per_feature	melanocytic	mutation_prevalence_SMAD4	n_unique_non_missing	2
per_feature	melanocytic	mutation_prevalence_SMAD4	raw_sd	0.010576383479286
per_feature	melanocytic	mutation_prevalence_SMAD4	imputed_value	0.0074786324786325
per_feature	melanocytic	mutation_prevalence_SMAD4	n_imputed_values	0
per_feature	melanocytic	mutation_prevalence_SMAD4	retained_for_group_tree	TRUE
per_feature	melanocytic	mutation_prevalence_SMAD4	drop_reason	
per_feature	melanocytic	mutation_prevalence_TERT	missing_fraction	0
per_feature	melanocytic	mutation_prevalence_TERT	n_missing_projects	0
per_feature	melanocytic	mutation_prevalence_TERT	n_unique_non_missing	2
per_feature	melanocytic	mutation_prevalence_TERT	raw_sd	0.0271964146610211
per_feature	melanocytic	mutation_prevalence_TERT	imputed_value	0.0192307692307692
per_feature	melanocytic	mutation_prevalence_TERT	n_imputed_values	0
per_feature	melanocytic	mutation_prevalence_TERT	retained_for_group_tree	TRUE
per_feature	melanocytic	mutation_prevalence_TERT	drop_reason	
per_feature	melanocytic	mutation_prevalence_TP53	missing_fraction	0
per_feature	melanocytic	mutation_prevalence_TP53	n_missing_projects	0
per_feature	melanocytic	mutation_prevalence_TP53	n_unique_non_missing	2
per_feature	melanocytic	mutation_prevalence_TP53	raw_sd	0.108785658644084
per_feature	melanocytic	mutation_prevalence_TP53	imputed_value	0.076923076923077
per_feature	melanocytic	mutation_prevalence_TP53	n_imputed_values	0
per_feature	melanocytic	mutation_prevalence_TP53	retained_for_group_tree	TRUE
per_feature	melanocytic	mutation_prevalence_TP53	drop_reason	
per_feature	melanocytic	mutation_prevalence_VHL	missing_fraction	0
per_feature	melanocytic	mutation_prevalence_VHL	n_missing_projects	0
per_feature	melanocytic	mutation_prevalence_VHL	n_unique_non_missing	2
per_feature	melanocytic	mutation_prevalence_VHL	raw_sd	0.00755455962806142
per_feature	melanocytic	mutation_prevalence_VHL	imputed_value	0.00534188034188035
per_feature	melanocytic	mutation_prevalence_VHL	n_imputed_values	0
per_feature	melanocytic	mutation_prevalence_VHL	retained_for_group_tree	TRUE
per_feature	melanocytic	mutation_prevalence_VHL	drop_reason	
per_feature	melanocytic	tmb_proxy_mean_nonsynonymous_count	missing_fraction	0
per_feature	melanocytic	tmb_proxy_mean_nonsynonymous_count	n_missing_projects	0
per_feature	melanocytic	tmb_proxy_mean_nonsynonymous_count	n_unique_non_missing	2
per_feature	melanocytic	tmb_proxy_mean_nonsynonymous_count	raw_sd	510.687550946584
per_feature	melanocytic	tmb_proxy_mean_nonsynonymous_count	imputed_value	377.82313034188
per_feature	melanocytic	tmb_proxy_mean_nonsynonymous_count	n_imputed_values	0
per_feature	melanocytic	tmb_proxy_mean_nonsynonymous_count	retained_for_group_tree	TRUE
per_feature	melanocytic	tmb_proxy_mean_nonsynonymous_count	drop_reason	
per_feature	melanocytic	tmb_proxy_mean_total_mutation_count	missing_fraction	0
per_feature	melanocytic	tmb_proxy_mean_total_mutation_count	n_missing_projects	0
per_feature	melanocytic	tmb_proxy_mean_total_mutation_count	n_unique_non_missing	2
per_feature	melanocytic	tmb_proxy_mean_total_mutation_count	raw_sd	848.501318737176
per_feature	melanocytic	tmb_proxy_mean_total_mutation_count	imputed_value	624.168536324785
per_feature	melanocytic	tmb_proxy_mean_total_mutation_count	n_imputed_values	0
per_feature	melanocytic	tmb_proxy_mean_total_mutation_count	retained_for_group_tree	TRUE
per_feature	melanocytic	tmb_proxy_mean_total_mutation_count	drop_reason	
per_feature	melanocytic	tmb_proxy_median_nonsynonymous_count	missing_fraction	0
per_feature	melanocytic	tmb_proxy_median_nonsynonymous_count	n_missing_projects	0
per_feature	melanocytic	tmb_proxy_median_nonsynonymous_count	n_unique_non_missing	2
per_feature	melanocytic	tmb_proxy_median_nonsynonymous_count	raw_sd	283.549819255806
per_feature	melanocytic	tmb_proxy_median_nonsynonymous_count	imputed_value	212.5
per_feature	melanocytic	tmb_proxy_median_nonsynonymous_count	n_imputed_values	0
per_feature	melanocytic	tmb_proxy_median_nonsynonymous_count	retained_for_group_tree	TRUE
per_feature	melanocytic	tmb_proxy_median_nonsynonymous_count	drop_reason	
per_feature	melanocytic	tmb_proxy_median_total_mutation_count	missing_fraction	0
per_feature	melanocytic	tmb_proxy_median_total_mutation_count	n_missing_projects	0
per_feature	melanocytic	tmb_proxy_median_total_mutation_count	n_unique_non_missing	2
per_feature	melanocytic	tmb_proxy_median_total_mutation_count	raw_sd	478.004184082106
per_feature	melanocytic	tmb_proxy_median_total_mutation_count	imputed_value	354
per_feature	melanocytic	tmb_proxy_median_total_mutation_count	n_imputed_values	0
per_feature	melanocytic	tmb_proxy_median_total_mutation_count	retained_for_group_tree	TRUE
per_feature	melanocytic	tmb_proxy_median_total_mutation_count	drop_reason	
global	pan_squamous	ALL	n_projects	5
global	pan_squamous	ALL	n_raw_biologic_features	52
global	pan_squamous	ALL	n_features_retained	52
global	pan_squamous	ALL	n_features_dropped	0
global	pan_squamous	ALL	tree_attempted	TRUE
global	pan_squamous	ALL	reason_or_warning	none
global	pan_squamous	ALL	bootstrap_iterations_completed	100
per_feature	pan_squamous	median_DNA_repair_score	missing_fraction	0
per_feature	pan_squamous	median_DNA_repair_score	n_missing_projects	0
per_feature	pan_squamous	median_DNA_repair_score	n_unique_non_missing	5
per_feature	pan_squamous	median_DNA_repair_score	raw_sd	0.288848689051997
per_feature	pan_squamous	median_DNA_repair_score	imputed_value	0.370427049425638
per_feature	pan_squamous	median_DNA_repair_score	n_imputed_values	0
per_feature	pan_squamous	median_DNA_repair_score	retained_for_group_tree	TRUE
per_feature	pan_squamous	median_DNA_repair_score	drop_reason	
per_feature	pan_squamous	median_EMT_score	missing_fraction	0
per_feature	pan_squamous	median_EMT_score	n_missing_projects	0
per_feature	pan_squamous	median_EMT_score	n_unique_non_missing	5
per_feature	pan_squamous	median_EMT_score	raw_sd	0.126586771839476
per_feature	pan_squamous	median_EMT_score	imputed_value	-0.220665694863461
per_feature	pan_squamous	median_EMT_score	n_imputed_values	0
per_feature	pan_squamous	median_EMT_score	retained_for_group_tree	TRUE
per_feature	pan_squamous	median_EMT_score	drop_reason	
per_feature	pan_squamous	median_aneuploidy_score	missing_fraction	0
per_feature	pan_squamous	median_aneuploidy_score	n_missing_projects	0
per_feature	pan_squamous	median_aneuploidy_score	n_unique_non_missing	5
per_feature	pan_squamous	median_aneuploidy_score	raw_sd	3.43511280746353
per_feature	pan_squamous	median_aneuploidy_score	imputed_value	14
per_feature	pan_squamous	median_aneuploidy_score	n_imputed_values	0
per_feature	pan_squamous	median_aneuploidy_score	retained_for_group_tree	TRUE
per_feature	pan_squamous	median_aneuploidy_score	drop_reason	
per_feature	pan_squamous	median_angiogenesis_score	missing_fraction	0
per_feature	pan_squamous	median_angiogenesis_score	n_missing_projects	0
per_feature	pan_squamous	median_angiogenesis_score	n_unique_non_missing	5
per_feature	pan_squamous	median_angiogenesis_score	raw_sd	0.0567382877067692
per_feature	pan_squamous	median_angiogenesis_score	imputed_value	-0.274529575658401
per_feature	pan_squamous	median_angiogenesis_score	n_imputed_values	0
per_feature	pan_squamous	median_angiogenesis_score	retained_for_group_tree	TRUE
per_feature	pan_squamous	median_angiogenesis_score	drop_reason	
per_feature	pan_squamous	median_arm_gain_count	missing_fraction	0
per_feature	pan_squamous	median_arm_gain_count	n_missing_projects	0
per_feature	pan_squamous	median_arm_gain_count	n_unique_non_missing	2
per_feature	pan_squamous	median_arm_gain_count	raw_sd	0.547722557505166
per_feature	pan_squamous	median_arm_gain_count	imputed_value	5
per_feature	pan_squamous	median_arm_gain_count	n_imputed_values	0
per_feature	pan_squamous	median_arm_gain_count	retained_for_group_tree	TRUE
per_feature	pan_squamous	median_arm_gain_count	drop_reason	
per_feature	pan_squamous	median_arm_loss_count	missing_fraction	0
per_feature	pan_squamous	median_arm_loss_count	n_missing_projects	0
per_feature	pan_squamous	median_arm_loss_count	n_unique_non_missing	5
per_feature	pan_squamous	median_arm_loss_count	raw_sd	2.23606797749979
per_feature	pan_squamous	median_arm_loss_count	imputed_value	7
per_feature	pan_squamous	median_arm_loss_count	n_imputed_values	0
per_feature	pan_squamous	median_arm_loss_count	retained_for_group_tree	TRUE
per_feature	pan_squamous	median_arm_loss_count	drop_reason	
per_feature	pan_squamous	median_cell_cycle_score	missing_fraction	0
per_feature	pan_squamous	median_cell_cycle_score	n_missing_projects	0
per_feature	pan_squamous	median_cell_cycle_score	n_unique_non_missing	5
per_feature	pan_squamous	median_cell_cycle_score	raw_sd	0.331475931807342
per_feature	pan_squamous	median_cell_cycle_score	imputed_value	0.540270715293527
per_feature	pan_squamous	median_cell_cycle_score	n_imputed_values	0
per_feature	pan_squamous	median_cell_cycle_score	retained_for_group_tree	TRUE
per_feature	pan_squamous	median_cell_cycle_score	drop_reason	
per_feature	pan_squamous	median_cytotoxic_t_cell_score	missing_fraction	0
per_feature	pan_squamous	median_cytotoxic_t_cell_score	n_missing_projects	0
per_feature	pan_squamous	median_cytotoxic_t_cell_score	n_unique_non_missing	5
per_feature	pan_squamous	median_cytotoxic_t_cell_score	raw_sd	0.0997713983480916
per_feature	pan_squamous	median_cytotoxic_t_cell_score	imputed_value	-0.0912937119321378
per_feature	pan_squamous	median_cytotoxic_t_cell_score	n_imputed_values	0
per_feature	pan_squamous	median_cytotoxic_t_cell_score	retained_for_group_tree	TRUE
per_feature	pan_squamous	median_cytotoxic_t_cell_score	drop_reason	
per_feature	pan_squamous	median_epithelial_score	missing_fraction	0
per_feature	pan_squamous	median_epithelial_score	n_missing_projects	0
per_feature	pan_squamous	median_epithelial_score	n_unique_non_missing	5
per_feature	pan_squamous	median_epithelial_score	raw_sd	0.338550679578897
per_feature	pan_squamous	median_epithelial_score	imputed_value	0.0204753855127182
per_feature	pan_squamous	median_epithelial_score	n_imputed_values	0
per_feature	pan_squamous	median_epithelial_score	retained_for_group_tree	TRUE
per_feature	pan_squamous	median_epithelial_score	drop_reason	
per_feature	pan_squamous	median_hypoxia_score	missing_fraction	0
per_feature	pan_squamous	median_hypoxia_score	n_missing_projects	0
per_feature	pan_squamous	median_hypoxia_score	n_unique_non_missing	5
per_feature	pan_squamous	median_hypoxia_score	raw_sd	0.333940979997179
per_feature	pan_squamous	median_hypoxia_score	imputed_value	0.223761997413661
per_feature	pan_squamous	median_hypoxia_score	n_imputed_values	0
per_feature	pan_squamous	median_hypoxia_score	retained_for_group_tree	TRUE
per_feature	pan_squamous	median_hypoxia_score	drop_reason	
per_feature	pan_squamous	median_immune_inflammatory_score	missing_fraction	0
per_feature	pan_squamous	median_immune_inflammatory_score	n_missing_projects	0
per_feature	pan_squamous	median_immune_inflammatory_score	n_unique_non_missing	5
per_feature	pan_squamous	median_immune_inflammatory_score	raw_sd	0.0890194373249327
per_feature	pan_squamous	median_immune_inflammatory_score	imputed_value	-0.0942724831410982
per_feature	pan_squamous	median_immune_inflammatory_score	n_imputed_values	0
per_feature	pan_squamous	median_immune_inflammatory_score	retained_for_group_tree	TRUE
per_feature	pan_squamous	median_immune_inflammatory_score	drop_reason	
per_feature	pan_squamous	median_interferon_gamma_score	missing_fraction	0
per_feature	pan_squamous	median_interferon_gamma_score	n_missing_projects	0
per_feature	pan_squamous	median_interferon_gamma_score	n_unique_non_missing	5
per_feature	pan_squamous	median_interferon_gamma_score	raw_sd	0.175683777244309
per_feature	pan_squamous	median_interferon_gamma_score	imputed_value	-0.073893042297595
per_feature	pan_squamous	median_interferon_gamma_score	n_imputed_values	0
per_feature	pan_squamous	median_interferon_gamma_score	retained_for_group_tree	TRUE
per_feature	pan_squamous	median_interferon_gamma_score	drop_reason	
per_feature	pan_squamous	median_lineage_or_tissue_PC1	missing_fraction	0
per_feature	pan_squamous	median_lineage_or_tissue_PC1	n_missing_projects	0
per_feature	pan_squamous	median_lineage_or_tissue_PC1	n_unique_non_missing	5
per_feature	pan_squamous	median_lineage_or_tissue_PC1	raw_sd	1.21859775874514
per_feature	pan_squamous	median_lineage_or_tissue_PC1	imputed_value	-2.61159301465851
per_feature	pan_squamous	median_lineage_or_tissue_PC1	n_imputed_values	0
per_feature	pan_squamous	median_lineage_or_tissue_PC1	retained_for_group_tree	TRUE
per_feature	pan_squamous	median_lineage_or_tissue_PC1	drop_reason	
per_feature	pan_squamous	median_lineage_or_tissue_PC2	missing_fraction	0
per_feature	pan_squamous	median_lineage_or_tissue_PC2	n_missing_projects	0
per_feature	pan_squamous	median_lineage_or_tissue_PC2	n_unique_non_missing	5
per_feature	pan_squamous	median_lineage_or_tissue_PC2	raw_sd	0.682911159129892
per_feature	pan_squamous	median_lineage_or_tissue_PC2	imputed_value	1.35124100640409
per_feature	pan_squamous	median_lineage_or_tissue_PC2	n_imputed_values	0
per_feature	pan_squamous	median_lineage_or_tissue_PC2	retained_for_group_tree	TRUE
per_feature	pan_squamous	median_lineage_or_tissue_PC2	drop_reason	
per_feature	pan_squamous	median_ploidy	missing_fraction	0
per_feature	pan_squamous	median_ploidy	n_missing_projects	0
per_feature	pan_squamous	median_ploidy	n_unique_non_missing	5
per_feature	pan_squamous	median_ploidy	raw_sd	0.380420819619537
per_feature	pan_squamous	median_ploidy	imputed_value	2.57
per_feature	pan_squamous	median_ploidy	n_imputed_values	0
per_feature	pan_squamous	median_ploidy	retained_for_group_tree	TRUE
per_feature	pan_squamous	median_ploidy	drop_reason	
per_feature	pan_squamous	median_proliferation_score	missing_fraction	0
per_feature	pan_squamous	median_proliferation_score	n_missing_projects	0
per_feature	pan_squamous	median_proliferation_score	n_unique_non_missing	5
per_feature	pan_squamous	median_proliferation_score	raw_sd	0.394592848218742
per_feature	pan_squamous	median_proliferation_score	imputed_value	0.556481598650594
per_feature	pan_squamous	median_proliferation_score	n_imputed_values	0
per_feature	pan_squamous	median_proliferation_score	retained_for_group_tree	TRUE
per_feature	pan_squamous	median_proliferation_score	drop_reason	
per_feature	pan_squamous	median_purity	missing_fraction	0
per_feature	pan_squamous	median_purity	n_missing_projects	0
per_feature	pan_squamous	median_purity	n_unique_non_missing	4
per_feature	pan_squamous	median_purity	raw_sd	0.0779743547584717
per_feature	pan_squamous	median_purity	imputed_value	0.61
per_feature	pan_squamous	median_purity	n_imputed_values	0
per_feature	pan_squamous	median_purity	retained_for_group_tree	TRUE
per_feature	pan_squamous	median_purity	drop_reason	
per_feature	pan_squamous	median_stromal_score	missing_fraction	0
per_feature	pan_squamous	median_stromal_score	n_missing_projects	0
per_feature	pan_squamous	median_stromal_score	n_unique_non_missing	5
per_feature	pan_squamous	median_stromal_score	raw_sd	0.0952684328494798
per_feature	pan_squamous	median_stromal_score	imputed_value	-0.206659908717456
per_feature	pan_squamous	median_stromal_score	n_imputed_values	0
per_feature	pan_squamous	median_stromal_score	retained_for_group_tree	TRUE
per_feature	pan_squamous	median_stromal_score	drop_reason	
per_feature	pan_squamous	median_total_arm_alteration_count	missing_fraction	0
per_feature	pan_squamous	median_total_arm_alteration_count	n_missing_projects	0
per_feature	pan_squamous	median_total_arm_alteration_count	n_unique_non_missing	5
per_feature	pan_squamous	median_total_arm_alteration_count	raw_sd	3.43511280746353
per_feature	pan_squamous	median_total_arm_alteration_count	imputed_value	14
per_feature	pan_squamous	median_total_arm_alteration_count	n_imputed_values	0
per_feature	pan_squamous	median_total_arm_alteration_count	retained_for_group_tree	TRUE
per_feature	pan_squamous	median_total_arm_alteration_count	drop_reason	
per_feature	pan_squamous	mutation_prevalence_ALK	missing_fraction	0
per_feature	pan_squamous	mutation_prevalence_ALK	n_missing_projects	0
per_feature	pan_squamous	mutation_prevalence_ALK	n_unique_non_missing	5
per_feature	pan_squamous	mutation_prevalence_ALK	raw_sd	0.00500672155586982
per_feature	pan_squamous	mutation_prevalence_ALK	imputed_value	0.0324324324324324
per_feature	pan_squamous	mutation_prevalence_ALK	n_imputed_values	0
per_feature	pan_squamous	mutation_prevalence_ALK	retained_for_group_tree	TRUE
per_feature	pan_squamous	mutation_prevalence_ALK	drop_reason	
per_feature	pan_squamous	mutation_prevalence_APC	missing_fraction	0
per_feature	pan_squamous	mutation_prevalence_APC	n_missing_projects	0
per_feature	pan_squamous	mutation_prevalence_APC	n_unique_non_missing	5
per_feature	pan_squamous	mutation_prevalence_APC	raw_sd	0.00974903593665438
per_feature	pan_squamous	mutation_prevalence_APC	imputed_value	0.0451866404715128
per_feature	pan_squamous	mutation_prevalence_APC	n_imputed_values	0
per_feature	pan_squamous	mutation_prevalence_APC	retained_for_group_tree	TRUE
per_feature	pan_squamous	mutation_prevalence_APC	drop_reason	
per_feature	pan_squamous	mutation_prevalence_ARID1A	missing_fraction	0
per_feature	pan_squamous	mutation_prevalence_ARID1A	n_missing_projects	0
per_feature	pan_squamous	mutation_prevalence_ARID1A	n_unique_non_missing	5
per_feature	pan_squamous	mutation_prevalence_ARID1A	raw_sd	0.0875952690064425
per_feature	pan_squamous	mutation_prevalence_ARID1A	imputed_value	0.0680412371134021
per_feature	pan_squamous	mutation_prevalence_ARID1A	n_imputed_values	0
per_feature	pan_squamous	mutation_prevalence_ARID1A	retained_for_group_tree	TRUE
per_feature	pan_squamous	mutation_prevalence_ARID1A	drop_reason	
per_feature	pan_squamous	mutation_prevalence_BAP1	missing_fraction	0
per_feature	pan_squamous	mutation_prevalence_BAP1	n_missing_projects	0
per_feature	pan_squamous	mutation_prevalence_BAP1	n_unique_non_missing	5
per_feature	pan_squamous	mutation_prevalence_BAP1	raw_sd	0.0160532430180542
per_feature	pan_squamous	mutation_prevalence_BAP1	imputed_value	0.0103092783505155
per_feature	pan_squamous	mutation_prevalence_BAP1	n_imputed_values	0
per_feature	pan_squamous	mutation_prevalence_BAP1	retained_for_group_tree	TRUE
per_feature	pan_squamous	mutation_prevalence_BAP1	drop_reason	
per_feature	pan_squamous	mutation_prevalence_BRAF	missing_fraction	0
per_feature	pan_squamous	mutation_prevalence_BRAF	n_missing_projects	0
per_feature	pan_squamous	mutation_prevalence_BRAF	n_unique_non_missing	5
per_feature	pan_squamous	mutation_prevalence_BRAF	raw_sd	0.0110156367736205
per_feature	pan_squamous	mutation_prevalence_BRAF	imputed_value	0.0176817288801572
per_feature	pan_squamous	mutation_prevalence_BRAF	n_imputed_values	0
per_feature	pan_squamous	mutation_prevalence_BRAF	retained_for_group_tree	TRUE
per_feature	pan_squamous	mutation_prevalence_BRAF	drop_reason	
per_feature	pan_squamous	mutation_prevalence_BRCA1	missing_fraction	0
per_feature	pan_squamous	mutation_prevalence_BRCA1	n_missing_projects	0
per_feature	pan_squamous	mutation_prevalence_BRCA1	n_unique_non_missing	5
per_feature	pan_squamous	mutation_prevalence_BRCA1	raw_sd	0.0189758158218353
per_feature	pan_squamous	mutation_prevalence_BRCA1	imputed_value	0.0474226804123711
per_feature	pan_squamous	mutation_prevalence_BRCA1	n_imputed_values	0
per_feature	pan_squamous	mutation_prevalence_BRCA1	retained_for_group_tree	TRUE
per_feature	pan_squamous	mutation_prevalence_BRCA1	drop_reason	
per_feature	pan_squamous	mutation_prevalence_BRCA2	missing_fraction	0
per_feature	pan_squamous	mutation_prevalence_BRCA2	n_missing_projects	0
per_feature	pan_squamous	mutation_prevalence_BRCA2	n_unique_non_missing	5
per_feature	pan_squamous	mutation_prevalence_BRCA2	raw_sd	0.0244673547168554
per_feature	pan_squamous	mutation_prevalence_BRCA2	imputed_value	0.0481099656357388
per_feature	pan_squamous	mutation_prevalence_BRCA2	n_imputed_values	0
per_feature	pan_squamous	mutation_prevalence_BRCA2	retained_for_group_tree	TRUE
per_feature	pan_squamous	mutation_prevalence_BRCA2	drop_reason	
per_feature	pan_squamous	mutation_prevalence_CDKN2A	missing_fraction	0
per_feature	pan_squamous	mutation_prevalence_CDKN2A	n_missing_projects	0
per_feature	pan_squamous	mutation_prevalence_CDKN2A	n_unique_non_missing	5
per_feature	pan_squamous	mutation_prevalence_CDKN2A	raw_sd	0.0727536463472581
per_feature	pan_squamous	mutation_prevalence_CDKN2A	imputed_value	0.0810810810810811
per_feature	pan_squamous	mutation_prevalence_CDKN2A	n_imputed_values	0
per_feature	pan_squamous	mutation_prevalence_CDKN2A	retained_for_group_tree	TRUE
per_feature	pan_squamous	mutation_prevalence_CDKN2A	drop_reason	
per_feature	pan_squamous	mutation_prevalence_CTNNB1	missing_fraction	0
per_feature	pan_squamous	mutation_prevalence_CTNNB1	n_missing_projects	0
per_feature	pan_squamous	mutation_prevalence_CTNNB1	n_unique_non_missing	5
per_feature	pan_squamous	mutation_prevalence_CTNNB1	raw_sd	0.0128475166663343
per_feature	pan_squamous	mutation_prevalence_CTNNB1	imputed_value	0.0171821305841924
per_feature	pan_squamous	mutation_prevalence_CTNNB1	n_imputed_values	0
per_feature	pan_squamous	mutation_prevalence_CTNNB1	retained_for_group_tree	TRUE
per_feature	pan_squamous	mutation_prevalence_CTNNB1	drop_reason	
per_feature	pan_squamous	mutation_prevalence_EGFR	missing_fraction	0
per_feature	pan_squamous	mutation_prevalence_EGFR	n_missing_projects	0
per_feature	pan_squamous	mutation_prevalence_EGFR	n_unique_non_missing	5
per_feature	pan_squamous	mutation_prevalence_EGFR	raw_sd	0.00419920893623046
per_feature	pan_squamous	mutation_prevalence_EGFR	imputed_value	0.0247422680412371
per_feature	pan_squamous	mutation_prevalence_EGFR	n_imputed_values	0
per_feature	pan_squamous	mutation_prevalence_EGFR	retained_for_group_tree	TRUE
per_feature	pan_squamous	mutation_prevalence_EGFR	drop_reason	
per_feature	pan_squamous	mutation_prevalence_ERBB2	missing_fraction	0
per_feature	pan_squamous	mutation_prevalence_ERBB2	n_missing_projects	0
per_feature	pan_squamous	mutation_prevalence_ERBB2	n_unique_non_missing	5
per_feature	pan_squamous	mutation_prevalence_ERBB2	raw_sd	0.0434486106739775
per_feature	pan_squamous	mutation_prevalence_ERBB2	imputed_value	0.0481099656357388
per_feature	pan_squamous	mutation_prevalence_ERBB2	n_imputed_values	0
per_feature	pan_squamous	mutation_prevalence_ERBB2	retained_for_group_tree	TRUE
per_feature	pan_squamous	mutation_prevalence_ERBB2	drop_reason	
per_feature	pan_squamous	mutation_prevalence_IDH1	missing_fraction	0
per_feature	pan_squamous	mutation_prevalence_IDH1	n_missing_projects	0
per_feature	pan_squamous	mutation_prevalence_IDH1	n_unique_non_missing	5
per_feature	pan_squamous	mutation_prevalence_IDH1	raw_sd	0.00816746850732214
per_feature	pan_squamous	mutation_prevalence_IDH1	imputed_value	0.00618556701030928
per_feature	pan_squamous	mutation_prevalence_IDH1	n_imputed_values	0
per_feature	pan_squamous	mutation_prevalence_IDH1	retained_for_group_tree	TRUE
per_feature	pan_squamous	mutation_prevalence_IDH1	drop_reason	
per_feature	pan_squamous	mutation_prevalence_IDH2	missing_fraction	0
per_feature	pan_squamous	mutation_prevalence_IDH2	n_missing_projects	0
per_feature	pan_squamous	mutation_prevalence_IDH2	n_unique_non_missing	5
per_feature	pan_squamous	mutation_prevalence_IDH2	raw_sd	0.0022045723670747
per_feature	pan_squamous	mutation_prevalence_IDH2	imputed_value	0.00343642611683849
per_feature	pan_squamous	mutation_prevalence_IDH2	n_imputed_values	0
per_feature	pan_squamous	mutation_prevalence_IDH2	retained_for_group_tree	TRUE
per_feature	pan_squamous	mutation_prevalence_IDH2	drop_reason	
per_feature	pan_squamous	mutation_prevalence_KRAS	missing_fraction	0
per_feature	pan_squamous	mutation_prevalence_KRAS	n_missing_projects	0
per_feature	pan_squamous	mutation_prevalence_KRAS	n_unique_non_missing	5
per_feature	pan_squamous	mutation_prevalence_KRAS	raw_sd	0.0217751967136351
per_feature	pan_squamous	mutation_prevalence_KRAS	imputed_value	0.0164948453608247
per_feature	pan_squamous	mutation_prevalence_KRAS	n_imputed_values	0
per_feature	pan_squamous	mutation_prevalence_KRAS	retained_for_group_tree	TRUE
per_feature	pan_squamous	mutation_prevalence_KRAS	drop_reason	
per_feature	pan_squamous	mutation_prevalence_MET	missing_fraction	0
per_feature	pan_squamous	mutation_prevalence_MET	n_missing_projects	0
per_feature	pan_squamous	mutation_prevalence_MET	n_unique_non_missing	5
per_feature	pan_squamous	mutation_prevalence_MET	raw_sd	0.0133368940274804
per_feature	pan_squamous	mutation_prevalence_MET	imputed_value	0.0164948453608247
per_feature	pan_squamous	mutation_prevalence_MET	n_imputed_values	0
per_feature	pan_squamous	mutation_prevalence_MET	retained_for_group_tree	TRUE
per_feature	pan_squamous	mutation_prevalence_MET	drop_reason	
per_feature	pan_squamous	mutation_prevalence_MLH1	missing_fraction	0
per_feature	pan_squamous	mutation_prevalence_MLH1	n_missing_projects	0
per_feature	pan_squamous	mutation_prevalence_MLH1	n_unique_non_missing	5
per_feature	pan_squamous	mutation_prevalence_MLH1	raw_sd	0.0087381375302607
per_feature	pan_squamous	mutation_prevalence_MLH1	imputed_value	0.0171821305841924
per_feature	pan_squamous	mutation_prevalence_MLH1	n_imputed_values	0
per_feature	pan_squamous	mutation_prevalence_MLH1	retained_for_group_tree	TRUE
per_feature	pan_squamous	mutation_prevalence_MLH1	drop_reason	
per_feature	pan_squamous	mutation_prevalence_MSH2	missing_fraction	0
per_feature	pan_squamous	mutation_prevalence_MSH2	n_missing_projects	0
per_feature	pan_squamous	mutation_prevalence_MSH2	n_unique_non_missing	5
per_feature	pan_squamous	mutation_prevalence_MSH2	raw_sd	0.00832444485696444
per_feature	pan_squamous	mutation_prevalence_MSH2	imputed_value	0.0103092783505155
per_feature	pan_squamous	mutation_prevalence_MSH2	n_imputed_values	0
per_feature	pan_squamous	mutation_prevalence_MSH2	retained_for_group_tree	TRUE
per_feature	pan_squamous	mutation_prevalence_MSH2	drop_reason	
per_feature	pan_squamous	mutation_prevalence_MSH6	missing_fraction	0
per_feature	pan_squamous	mutation_prevalence_MSH6	n_missing_projects	0
per_feature	pan_squamous	mutation_prevalence_MSH6	n_unique_non_missing	5
per_feature	pan_squamous	mutation_prevalence_MSH6	raw_sd	0.0101687992046006
per_feature	pan_squamous	mutation_prevalence_MSH6	imputed_value	0.0164948453608247
per_feature	pan_squamous	mutation_prevalence_MSH6	n_imputed_values	0
per_feature	pan_squamous	mutation_prevalence_MSH6	retained_for_group_tree	TRUE
per_feature	pan_squamous	mutation_prevalence_MSH6	drop_reason	
per_feature	pan_squamous	mutation_prevalence_MYC	missing_fraction	0
per_feature	pan_squamous	mutation_prevalence_MYC	n_missing_projects	0
per_feature	pan_squamous	mutation_prevalence_MYC	n_unique_non_missing	5
per_feature	pan_squamous	mutation_prevalence_MYC	raw_sd	0.00455856986439406
per_feature	pan_squamous	mutation_prevalence_MYC	imputed_value	0.00824742268041237
per_feature	pan_squamous	mutation_prevalence_MYC	n_imputed_values	0
per_feature	pan_squamous	mutation_prevalence_MYC	retained_for_group_tree	TRUE
per_feature	pan_squamous	mutation_prevalence_MYC	drop_reason	
per_feature	pan_squamous	mutation_prevalence_NF1	missing_fraction	0
per_feature	pan_squamous	mutation_prevalence_NF1	n_missing_projects	0
per_feature	pan_squamous	mutation_prevalence_NF1	n_unique_non_missing	5
per_feature	pan_squamous	mutation_prevalence_NF1	raw_sd	0.037658426047563
per_feature	pan_squamous	mutation_prevalence_NF1	imputed_value	0.0446735395189003
per_feature	pan_squamous	mutation_prevalence_NF1	n_imputed_values	0
per_feature	pan_squamous	mutation_prevalence_NF1	retained_for_group_tree	TRUE
per_feature	pan_squamous	mutation_prevalence_NF1	drop_reason	
per_feature	pan_squamous	mutation_prevalence_PIK3CA	missing_fraction	0
per_feature	pan_squamous	mutation_prevalence_PIK3CA	n_missing_projects	0
per_feature	pan_squamous	mutation_prevalence_PIK3CA	n_unique_non_missing	5
per_feature	pan_squamous	mutation_prevalence_PIK3CA	raw_sd	0.0794529989801369
per_feature	pan_squamous	mutation_prevalence_PIK3CA	imputed_value	0.180746561886051
per_feature	pan_squamous	mutation_prevalence_PIK3CA	n_imputed_values	0
per_feature	pan_squamous	mutation_prevalence_PIK3CA	retained_for_group_tree	TRUE
per_feature	pan_squamous	mutation_prevalence_PIK3CA	drop_reason	
per_feature	pan_squamous	mutation_prevalence_PMS2	missing_fraction	0
per_feature	pan_squamous	mutation_prevalence_PMS2	n_missing_projects	0
per_feature	pan_squamous	mutation_prevalence_PMS2	n_unique_non_missing	5
per_feature	pan_squamous	mutation_prevalence_PMS2	raw_sd	0.00829447192923565
per_feature	pan_squamous	mutation_prevalence_PMS2	imputed_value	0.0144329896907217
per_feature	pan_squamous	mutation_prevalence_PMS2	n_imputed_values	0
per_feature	pan_squamous	mutation_prevalence_PMS2	retained_for_group_tree	TRUE
per_feature	pan_squamous	mutation_prevalence_PMS2	drop_reason	
per_feature	pan_squamous	mutation_prevalence_POLE	missing_fraction	0
per_feature	pan_squamous	mutation_prevalence_POLE	n_missing_projects	0
per_feature	pan_squamous	mutation_prevalence_POLE	n_unique_non_missing	5
per_feature	pan_squamous	mutation_prevalence_POLE	raw_sd	0.0173441512737072
per_feature	pan_squamous	mutation_prevalence_POLE	imputed_value	0.0324324324324324
per_feature	pan_squamous	mutation_prevalence_POLE	n_imputed_values	0
per_feature	pan_squamous	mutation_prevalence_POLE	retained_for_group_tree	TRUE
per_feature	pan_squamous	mutation_prevalence_POLE	drop_reason	
per_feature	pan_squamous	mutation_prevalence_PTEN	missing_fraction	0
per_feature	pan_squamous	mutation_prevalence_PTEN	n_missing_projects	0
per_feature	pan_squamous	mutation_prevalence_PTEN	n_unique_non_missing	5
per_feature	pan_squamous	mutation_prevalence_PTEN	raw_sd	0.0345548604112333
per_feature	pan_squamous	mutation_prevalence_PTEN	imputed_value	0.0389294403892944
per_feature	pan_squamous	mutation_prevalence_PTEN	n_imputed_values	0
per_feature	pan_squamous	mutation_prevalence_PTEN	retained_for_group_tree	TRUE
per_feature	pan_squamous	mutation_prevalence_PTEN	drop_reason	
per_feature	pan_squamous	mutation_prevalence_RB1	missing_fraction	0
per_feature	pan_squamous	mutation_prevalence_RB1	n_missing_projects	0
per_feature	pan_squamous	mutation_prevalence_RB1	n_unique_non_missing	5
per_feature	pan_squamous	mutation_prevalence_RB1	raw_sd	0.0651165876537965
per_feature	pan_squamous	mutation_prevalence_RB1	imputed_value	0.0652920962199313
per_feature	pan_squamous	mutation_prevalence_RB1	n_imputed_values	0
per_feature	pan_squamous	mutation_prevalence_RB1	retained_for_group_tree	TRUE
per_feature	pan_squamous	mutation_prevalence_RB1	drop_reason	
per_feature	pan_squamous	mutation_prevalence_SMAD4	missing_fraction	0
per_feature	pan_squamous	mutation_prevalence_SMAD4	n_missing_projects	0
per_feature	pan_squamous	mutation_prevalence_SMAD4	n_unique_non_missing	5
per_feature	pan_squamous	mutation_prevalence_SMAD4	raw_sd	0.0193419326181981
per_feature	pan_squamous	mutation_prevalence_SMAD4	imputed_value	0.0275049115913556
per_feature	pan_squamous	mutation_prevalence_SMAD4	n_imputed_values	0
per_feature	pan_squamous	mutation_prevalence_SMAD4	retained_for_group_tree	TRUE
per_feature	pan_squamous	mutation_prevalence_SMAD4	drop_reason	
per_feature	pan_squamous	mutation_prevalence_TERT	missing_fraction	0
per_feature	pan_squamous	mutation_prevalence_TERT	n_missing_projects	0
per_feature	pan_squamous	mutation_prevalence_TERT	n_unique_non_missing	5
per_feature	pan_squamous	mutation_prevalence_TERT	raw_sd	0.0034281791009808
per_feature	pan_squamous	mutation_prevalence_TERT	imputed_value	0.0108108108108108
per_feature	pan_squamous	mutation_prevalence_TERT	n_imputed_values	0
per_feature	pan_squamous	mutation_prevalence_TERT	retained_for_group_tree	TRUE
per_feature	pan_squamous	mutation_prevalence_TERT	drop_reason	
per_feature	pan_squamous	mutation_prevalence_TP53	missing_fraction	0
per_feature	pan_squamous	mutation_prevalence_TP53	n_missing_projects	0
per_feature	pan_squamous	mutation_prevalence_TP53	n_unique_non_missing	5
per_feature	pan_squamous	mutation_prevalence_TP53	raw_sd	0.321404182440591
per_feature	pan_squamous	mutation_prevalence_TP53	imputed_value	0.703339882121807
per_feature	pan_squamous	mutation_prevalence_TP53	n_imputed_values	0
per_feature	pan_squamous	mutation_prevalence_TP53	retained_for_group_tree	TRUE
per_feature	pan_squamous	mutation_prevalence_TP53	drop_reason	
per_feature	pan_squamous	mutation_prevalence_VHL	missing_fraction	0
per_feature	pan_squamous	mutation_prevalence_VHL	n_missing_projects	0
per_feature	pan_squamous	mutation_prevalence_VHL	n_unique_non_missing	3
per_feature	pan_squamous	mutation_prevalence_VHL	raw_sd	0.00214076045403462
per_feature	pan_squamous	mutation_prevalence_VHL	imputed_value	0
per_feature	pan_squamous	mutation_prevalence_VHL	n_imputed_values	0
per_feature	pan_squamous	mutation_prevalence_VHL	retained_for_group_tree	TRUE
per_feature	pan_squamous	mutation_prevalence_VHL	drop_reason	
per_feature	pan_squamous	tmb_proxy_mean_nonsynonymous_count	missing_fraction	0
per_feature	pan_squamous	tmb_proxy_mean_nonsynonymous_count	n_missing_projects	0
per_feature	pan_squamous	tmb_proxy_mean_nonsynonymous_count	n_unique_non_missing	5
per_feature	pan_squamous	tmb_proxy_mean_nonsynonymous_count	raw_sd	60.8086203714496
per_feature	pan_squamous	tmb_proxy_mean_nonsynonymous_count	imputed_value	196.298969072165
per_feature	pan_squamous	tmb_proxy_mean_nonsynonymous_count	n_imputed_values	0
per_feature	pan_squamous	tmb_proxy_mean_nonsynonymous_count	retained_for_group_tree	TRUE
per_feature	pan_squamous	tmb_proxy_mean_nonsynonymous_count	drop_reason	
per_feature	pan_squamous	tmb_proxy_mean_total_mutation_count	missing_fraction	0
per_feature	pan_squamous	tmb_proxy_mean_total_mutation_count	n_missing_projects	0
per_feature	pan_squamous	tmb_proxy_mean_total_mutation_count	n_unique_non_missing	5
per_feature	pan_squamous	tmb_proxy_mean_total_mutation_count	raw_sd	78.7907970075399
per_feature	pan_squamous	tmb_proxy_mean_total_mutation_count	imputed_value	357.649484536082
per_feature	pan_squamous	tmb_proxy_mean_total_mutation_count	n_imputed_values	0
per_feature	pan_squamous	tmb_proxy_mean_total_mutation_count	retained_for_group_tree	TRUE
per_feature	pan_squamous	tmb_proxy_mean_total_mutation_count	drop_reason	
per_feature	pan_squamous	tmb_proxy_median_nonsynonymous_count	missing_fraction	0
per_feature	pan_squamous	tmb_proxy_median_nonsynonymous_count	n_missing_projects	0
per_feature	pan_squamous	tmb_proxy_median_nonsynonymous_count	n_unique_non_missing	5
per_feature	pan_squamous	tmb_proxy_median_nonsynonymous_count	raw_sd	60.3058869431501
per_feature	pan_squamous	tmb_proxy_median_nonsynonymous_count	imputed_value	107
per_feature	pan_squamous	tmb_proxy_median_nonsynonymous_count	n_imputed_values	0
per_feature	pan_squamous	tmb_proxy_median_nonsynonymous_count	retained_for_group_tree	TRUE
per_feature	pan_squamous	tmb_proxy_median_nonsynonymous_count	drop_reason	
per_feature	pan_squamous	tmb_proxy_median_total_mutation_count	missing_fraction	0
per_feature	pan_squamous	tmb_proxy_median_total_mutation_count	n_missing_projects	0
per_feature	pan_squamous	tmb_proxy_median_total_mutation_count	n_unique_non_missing	5
per_feature	pan_squamous	tmb_proxy_median_total_mutation_count	raw_sd	76.5885108877304
per_feature	pan_squamous	tmb_proxy_median_total_mutation_count	imputed_value	195
per_feature	pan_squamous	tmb_proxy_median_total_mutation_count	n_imputed_values	0
per_feature	pan_squamous	tmb_proxy_median_total_mutation_count	retained_for_group_tree	TRUE
per_feature	pan_squamous	tmb_proxy_median_total_mutation_count	drop_reason	
global	sarcoma	ALL	n_projects	1
global	sarcoma	ALL	n_raw_biologic_features	52
global	sarcoma	ALL	n_features_retained	0
global	sarcoma	ALL	n_features_dropped	52
global	sarcoma	ALL	tree_attempted	FALSE
global	sarcoma	ALL	reason_or_warning	underpowered_project_count_1_lt_3;insufficient_variable_features_0_lt_2;no_clinical_or_sarc_subtype_feature_metadata_found
global	sarcoma	ALL	bootstrap_iterations_completed	0
per_feature	sarcoma	median_DNA_repair_score	missing_fraction	0
per_feature	sarcoma	median_DNA_repair_score	n_missing_projects	0
per_feature	sarcoma	median_DNA_repair_score	n_unique_non_missing	1
per_feature	sarcoma	median_DNA_repair_score	raw_sd	NA
per_feature	sarcoma	median_DNA_repair_score	imputed_value	-0.135533296429484
per_feature	sarcoma	median_DNA_repair_score	n_imputed_values	0
per_feature	sarcoma	median_DNA_repair_score	retained_for_group_tree	FALSE
per_feature	sarcoma	median_DNA_repair_score	drop_reason	constant_or_near_constant_within_group
per_feature	sarcoma	median_EMT_score	missing_fraction	0
per_feature	sarcoma	median_EMT_score	n_missing_projects	0
per_feature	sarcoma	median_EMT_score	n_unique_non_missing	1
per_feature	sarcoma	median_EMT_score	raw_sd	NA
per_feature	sarcoma	median_EMT_score	imputed_value	1.00133734532535
per_feature	sarcoma	median_EMT_score	n_imputed_values	0
per_feature	sarcoma	median_EMT_score	retained_for_group_tree	FALSE
per_feature	sarcoma	median_EMT_score	drop_reason	constant_or_near_constant_within_group
per_feature	sarcoma	median_aneuploidy_score	missing_fraction	0
per_feature	sarcoma	median_aneuploidy_score	n_missing_projects	0
per_feature	sarcoma	median_aneuploidy_score	n_unique_non_missing	1
per_feature	sarcoma	median_aneuploidy_score	raw_sd	NA
per_feature	sarcoma	median_aneuploidy_score	imputed_value	10
per_feature	sarcoma	median_aneuploidy_score	n_imputed_values	0
per_feature	sarcoma	median_aneuploidy_score	retained_for_group_tree	FALSE
per_feature	sarcoma	median_aneuploidy_score	drop_reason	constant_or_near_constant_within_group
per_feature	sarcoma	median_angiogenesis_score	missing_fraction	0
per_feature	sarcoma	median_angiogenesis_score	n_missing_projects	0
per_feature	sarcoma	median_angiogenesis_score	n_unique_non_missing	1
per_feature	sarcoma	median_angiogenesis_score	raw_sd	NA
per_feature	sarcoma	median_angiogenesis_score	imputed_value	0.175103333698414
per_feature	sarcoma	median_angiogenesis_score	n_imputed_values	0
per_feature	sarcoma	median_angiogenesis_score	retained_for_group_tree	FALSE
per_feature	sarcoma	median_angiogenesis_score	drop_reason	constant_or_near_constant_within_group
per_feature	sarcoma	median_arm_gain_count	missing_fraction	0
per_feature	sarcoma	median_arm_gain_count	n_missing_projects	0
per_feature	sarcoma	median_arm_gain_count	n_unique_non_missing	1
per_feature	sarcoma	median_arm_gain_count	raw_sd	NA
per_feature	sarcoma	median_arm_gain_count	imputed_value	2
per_feature	sarcoma	median_arm_gain_count	n_imputed_values	0
per_feature	sarcoma	median_arm_gain_count	retained_for_group_tree	FALSE
per_feature	sarcoma	median_arm_gain_count	drop_reason	constant_or_near_constant_within_group
per_feature	sarcoma	median_arm_loss_count	missing_fraction	0
per_feature	sarcoma	median_arm_loss_count	n_missing_projects	0
per_feature	sarcoma	median_arm_loss_count	n_unique_non_missing	1
per_feature	sarcoma	median_arm_loss_count	raw_sd	NA
per_feature	sarcoma	median_arm_loss_count	imputed_value	6
per_feature	sarcoma	median_arm_loss_count	n_imputed_values	0
per_feature	sarcoma	median_arm_loss_count	retained_for_group_tree	FALSE
per_feature	sarcoma	median_arm_loss_count	drop_reason	constant_or_near_constant_within_group
per_feature	sarcoma	median_cell_cycle_score	missing_fraction	0
per_feature	sarcoma	median_cell_cycle_score	n_missing_projects	0
per_feature	sarcoma	median_cell_cycle_score	n_unique_non_missing	1
per_feature	sarcoma	median_cell_cycle_score	raw_sd	NA
per_feature	sarcoma	median_cell_cycle_score	imputed_value	0.0452804271595212
per_feature	sarcoma	median_cell_cycle_score	n_imputed_values	0
per_feature	sarcoma	median_cell_cycle_score	retained_for_group_tree	FALSE
per_feature	sarcoma	median_cell_cycle_score	drop_reason	constant_or_near_constant_within_group
per_feature	sarcoma	median_cytotoxic_t_cell_score	missing_fraction	0
per_feature	sarcoma	median_cytotoxic_t_cell_score	n_missing_projects	0
per_feature	sarcoma	median_cytotoxic_t_cell_score	n_unique_non_missing	1
per_feature	sarcoma	median_cytotoxic_t_cell_score	raw_sd	NA
per_feature	sarcoma	median_cytotoxic_t_cell_score	imputed_value	-0.201340700334111
per_feature	sarcoma	median_cytotoxic_t_cell_score	n_imputed_values	0
per_feature	sarcoma	median_cytotoxic_t_cell_score	retained_for_group_tree	FALSE
per_feature	sarcoma	median_cytotoxic_t_cell_score	drop_reason	constant_or_near_constant_within_group
per_feature	sarcoma	median_epithelial_score	missing_fraction	0
per_feature	sarcoma	median_epithelial_score	n_missing_projects	0
per_feature	sarcoma	median_epithelial_score	n_unique_non_missing	1
per_feature	sarcoma	median_epithelial_score	raw_sd	NA
per_feature	sarcoma	median_epithelial_score	imputed_value	-0.862676041567608
per_feature	sarcoma	median_epithelial_score	n_imputed_values	0
per_feature	sarcoma	median_epithelial_score	retained_for_group_tree	FALSE
per_feature	sarcoma	median_epithelial_score	drop_reason	constant_or_near_constant_within_group
per_feature	sarcoma	median_hypoxia_score	missing_fraction	0
per_feature	sarcoma	median_hypoxia_score	n_missing_projects	0
per_feature	sarcoma	median_hypoxia_score	n_unique_non_missing	1
per_feature	sarcoma	median_hypoxia_score	raw_sd	NA
per_feature	sarcoma	median_hypoxia_score	imputed_value	-0.417310754454426
per_feature	sarcoma	median_hypoxia_score	n_imputed_values	0
per_feature	sarcoma	median_hypoxia_score	retained_for_group_tree	FALSE
per_feature	sarcoma	median_hypoxia_score	drop_reason	constant_or_near_constant_within_group
per_feature	sarcoma	median_immune_inflammatory_score	missing_fraction	0
per_feature	sarcoma	median_immune_inflammatory_score	n_missing_projects	0
per_feature	sarcoma	median_immune_inflammatory_score	n_unique_non_missing	1
per_feature	sarcoma	median_immune_inflammatory_score	raw_sd	NA
per_feature	sarcoma	median_immune_inflammatory_score	imputed_value	-0.23489403190894
per_feature	sarcoma	median_immune_inflammatory_score	n_imputed_values	0
per_feature	sarcoma	median_immune_inflammatory_score	retained_for_group_tree	FALSE
per_feature	sarcoma	median_immune_inflammatory_score	drop_reason	constant_or_near_constant_within_group
per_feature	sarcoma	median_interferon_gamma_score	missing_fraction	0
per_feature	sarcoma	median_interferon_gamma_score	n_missing_projects	0
per_feature	sarcoma	median_interferon_gamma_score	n_unique_non_missing	1
per_feature	sarcoma	median_interferon_gamma_score	raw_sd	NA
per_feature	sarcoma	median_interferon_gamma_score	imputed_value	-0.243170226437635
per_feature	sarcoma	median_interferon_gamma_score	n_imputed_values	0
per_feature	sarcoma	median_interferon_gamma_score	retained_for_group_tree	FALSE
per_feature	sarcoma	median_interferon_gamma_score	drop_reason	constant_or_near_constant_within_group
per_feature	sarcoma	median_lineage_or_tissue_PC1	missing_fraction	0
per_feature	sarcoma	median_lineage_or_tissue_PC1	n_missing_projects	0
per_feature	sarcoma	median_lineage_or_tissue_PC1	n_unique_non_missing	1
per_feature	sarcoma	median_lineage_or_tissue_PC1	raw_sd	NA
per_feature	sarcoma	median_lineage_or_tissue_PC1	imputed_value	0.630763813694477
per_feature	sarcoma	median_lineage_or_tissue_PC1	n_imputed_values	0
per_feature	sarcoma	median_lineage_or_tissue_PC1	retained_for_group_tree	FALSE
per_feature	sarcoma	median_lineage_or_tissue_PC1	drop_reason	constant_or_near_constant_within_group
per_feature	sarcoma	median_lineage_or_tissue_PC2	missing_fraction	0
per_feature	sarcoma	median_lineage_or_tissue_PC2	n_missing_projects	0
per_feature	sarcoma	median_lineage_or_tissue_PC2	n_unique_non_missing	1
per_feature	sarcoma	median_lineage_or_tissue_PC2	raw_sd	NA
per_feature	sarcoma	median_lineage_or_tissue_PC2	imputed_value	-2.49584306496114
per_feature	sarcoma	median_lineage_or_tissue_PC2	n_imputed_values	0
per_feature	sarcoma	median_lineage_or_tissue_PC2	retained_for_group_tree	FALSE
per_feature	sarcoma	median_lineage_or_tissue_PC2	drop_reason	constant_or_near_constant_within_group
per_feature	sarcoma	median_ploidy	missing_fraction	0
per_feature	sarcoma	median_ploidy	n_missing_projects	0
per_feature	sarcoma	median_ploidy	n_unique_non_missing	1
per_feature	sarcoma	median_ploidy	raw_sd	NA
per_feature	sarcoma	median_ploidy	imputed_value	2.12
per_feature	sarcoma	median_ploidy	n_imputed_values	0
per_feature	sarcoma	median_ploidy	retained_for_group_tree	FALSE
per_feature	sarcoma	median_ploidy	drop_reason	constant_or_near_constant_within_group
per_feature	sarcoma	median_proliferation_score	missing_fraction	0
per_feature	sarcoma	median_proliferation_score	n_missing_projects	0
per_feature	sarcoma	median_proliferation_score	n_unique_non_missing	1
per_feature	sarcoma	median_proliferation_score	raw_sd	NA
per_feature	sarcoma	median_proliferation_score	imputed_value	0.0551067297953672
per_feature	sarcoma	median_proliferation_score	n_imputed_values	0
per_feature	sarcoma	median_proliferation_score	retained_for_group_tree	FALSE
per_feature	sarcoma	median_proliferation_score	drop_reason	constant_or_near_constant_within_group
per_feature	sarcoma	median_purity	missing_fraction	0
per_feature	sarcoma	median_purity	n_missing_projects	0
per_feature	sarcoma	median_purity	n_unique_non_missing	1
per_feature	sarcoma	median_purity	raw_sd	NA
per_feature	sarcoma	median_purity	imputed_value	0.78
per_feature	sarcoma	median_purity	n_imputed_values	0
per_feature	sarcoma	median_purity	retained_for_group_tree	FALSE
per_feature	sarcoma	median_purity	drop_reason	constant_or_near_constant_within_group
per_feature	sarcoma	median_stromal_score	missing_fraction	0
per_feature	sarcoma	median_stromal_score	n_missing_projects	0
per_feature	sarcoma	median_stromal_score	n_unique_non_missing	1
per_feature	sarcoma	median_stromal_score	raw_sd	NA
per_feature	sarcoma	median_stromal_score	imputed_value	1.78118667834738
per_feature	sarcoma	median_stromal_score	n_imputed_values	0
per_feature	sarcoma	median_stromal_score	retained_for_group_tree	FALSE
per_feature	sarcoma	median_stromal_score	drop_reason	constant_or_near_constant_within_group
per_feature	sarcoma	median_total_arm_alteration_count	missing_fraction	0
per_feature	sarcoma	median_total_arm_alteration_count	n_missing_projects	0
per_feature	sarcoma	median_total_arm_alteration_count	n_unique_non_missing	1
per_feature	sarcoma	median_total_arm_alteration_count	raw_sd	NA
per_feature	sarcoma	median_total_arm_alteration_count	imputed_value	10
per_feature	sarcoma	median_total_arm_alteration_count	n_imputed_values	0
per_feature	sarcoma	median_total_arm_alteration_count	retained_for_group_tree	FALSE
per_feature	sarcoma	median_total_arm_alteration_count	drop_reason	constant_or_near_constant_within_group
per_feature	sarcoma	mutation_prevalence_ALK	missing_fraction	0
per_feature	sarcoma	mutation_prevalence_ALK	n_missing_projects	0
per_feature	sarcoma	mutation_prevalence_ALK	n_unique_non_missing	1
per_feature	sarcoma	mutation_prevalence_ALK	raw_sd	NA
per_feature	sarcoma	mutation_prevalence_ALK	imputed_value	0.0125523012552301
per_feature	sarcoma	mutation_prevalence_ALK	n_imputed_values	0
per_feature	sarcoma	mutation_prevalence_ALK	retained_for_group_tree	FALSE
per_feature	sarcoma	mutation_prevalence_ALK	drop_reason	constant_or_near_constant_within_group
per_feature	sarcoma	mutation_prevalence_APC	missing_fraction	0
per_feature	sarcoma	mutation_prevalence_APC	n_missing_projects	0
per_feature	sarcoma	mutation_prevalence_APC	n_unique_non_missing	1
per_feature	sarcoma	mutation_prevalence_APC	raw_sd	NA
per_feature	sarcoma	mutation_prevalence_APC	imputed_value	0.0251046025104603
per_feature	sarcoma	mutation_prevalence_APC	n_imputed_values	0
per_feature	sarcoma	mutation_prevalence_APC	retained_for_group_tree	FALSE
per_feature	sarcoma	mutation_prevalence_APC	drop_reason	constant_or_near_constant_within_group
per_feature	sarcoma	mutation_prevalence_ARID1A	missing_fraction	0
per_feature	sarcoma	mutation_prevalence_ARID1A	n_missing_projects	0
per_feature	sarcoma	mutation_prevalence_ARID1A	n_unique_non_missing	1
per_feature	sarcoma	mutation_prevalence_ARID1A	raw_sd	NA
per_feature	sarcoma	mutation_prevalence_ARID1A	imputed_value	0.0125523012552301
per_feature	sarcoma	mutation_prevalence_ARID1A	n_imputed_values	0
per_feature	sarcoma	mutation_prevalence_ARID1A	retained_for_group_tree	FALSE
per_feature	sarcoma	mutation_prevalence_ARID1A	drop_reason	constant_or_near_constant_within_group
per_feature	sarcoma	mutation_prevalence_BAP1	missing_fraction	0
per_feature	sarcoma	mutation_prevalence_BAP1	n_missing_projects	0
per_feature	sarcoma	mutation_prevalence_BAP1	n_unique_non_missing	1
per_feature	sarcoma	mutation_prevalence_BAP1	raw_sd	NA
per_feature	sarcoma	mutation_prevalence_BAP1	imputed_value	0
per_feature	sarcoma	mutation_prevalence_BAP1	n_imputed_values	0
per_feature	sarcoma	mutation_prevalence_BAP1	retained_for_group_tree	FALSE
per_feature	sarcoma	mutation_prevalence_BAP1	drop_reason	constant_or_near_constant_within_group
per_feature	sarcoma	mutation_prevalence_BRAF	missing_fraction	0
per_feature	sarcoma	mutation_prevalence_BRAF	n_missing_projects	0
per_feature	sarcoma	mutation_prevalence_BRAF	n_unique_non_missing	1
per_feature	sarcoma	mutation_prevalence_BRAF	raw_sd	NA
per_feature	sarcoma	mutation_prevalence_BRAF	imputed_value	0.00418410041841004
per_feature	sarcoma	mutation_prevalence_BRAF	n_imputed_values	0
per_feature	sarcoma	mutation_prevalence_BRAF	retained_for_group_tree	FALSE
per_feature	sarcoma	mutation_prevalence_BRAF	drop_reason	constant_or_near_constant_within_group
per_feature	sarcoma	mutation_prevalence_BRCA1	missing_fraction	0
per_feature	sarcoma	mutation_prevalence_BRCA1	n_missing_projects	0
per_feature	sarcoma	mutation_prevalence_BRCA1	n_unique_non_missing	1
per_feature	sarcoma	mutation_prevalence_BRCA1	raw_sd	NA
per_feature	sarcoma	mutation_prevalence_BRCA1	imputed_value	0
per_feature	sarcoma	mutation_prevalence_BRCA1	n_imputed_values	0
per_feature	sarcoma	mutation_prevalence_BRCA1	retained_for_group_tree	FALSE
per_feature	sarcoma	mutation_prevalence_BRCA1	drop_reason	constant_or_near_constant_within_group
per_feature	sarcoma	mutation_prevalence_BRCA2	missing_fraction	0
per_feature	sarcoma	mutation_prevalence_BRCA2	n_missing_projects	0
per_feature	sarcoma	mutation_prevalence_BRCA2	n_unique_non_missing	1
per_feature	sarcoma	mutation_prevalence_BRCA2	raw_sd	NA
per_feature	sarcoma	mutation_prevalence_BRCA2	imputed_value	0.0167364016736402
per_feature	sarcoma	mutation_prevalence_BRCA2	n_imputed_values	0
per_feature	sarcoma	mutation_prevalence_BRCA2	retained_for_group_tree	FALSE
per_feature	sarcoma	mutation_prevalence_BRCA2	drop_reason	constant_or_near_constant_within_group
per_feature	sarcoma	mutation_prevalence_CDKN2A	missing_fraction	0
per_feature	sarcoma	mutation_prevalence_CDKN2A	n_missing_projects	0
per_feature	sarcoma	mutation_prevalence_CDKN2A	n_unique_non_missing	1
per_feature	sarcoma	mutation_prevalence_CDKN2A	raw_sd	NA
per_feature	sarcoma	mutation_prevalence_CDKN2A	imputed_value	0.00418410041841004
per_feature	sarcoma	mutation_prevalence_CDKN2A	n_imputed_values	0
per_feature	sarcoma	mutation_prevalence_CDKN2A	retained_for_group_tree	FALSE
per_feature	sarcoma	mutation_prevalence_CDKN2A	drop_reason	constant_or_near_constant_within_group
per_feature	sarcoma	mutation_prevalence_CTNNB1	missing_fraction	0
per_feature	sarcoma	mutation_prevalence_CTNNB1	n_missing_projects	0
per_feature	sarcoma	mutation_prevalence_CTNNB1	n_unique_non_missing	1
per_feature	sarcoma	mutation_prevalence_CTNNB1	raw_sd	NA
per_feature	sarcoma	mutation_prevalence_CTNNB1	imputed_value	0.00418410041841004
per_feature	sarcoma	mutation_prevalence_CTNNB1	n_imputed_values	0
per_feature	sarcoma	mutation_prevalence_CTNNB1	retained_for_group_tree	FALSE
per_feature	sarcoma	mutation_prevalence_CTNNB1	drop_reason	constant_or_near_constant_within_group
per_feature	sarcoma	mutation_prevalence_EGFR	missing_fraction	0
per_feature	sarcoma	mutation_prevalence_EGFR	n_missing_projects	0
per_feature	sarcoma	mutation_prevalence_EGFR	n_unique_non_missing	1
per_feature	sarcoma	mutation_prevalence_EGFR	raw_sd	NA
per_feature	sarcoma	mutation_prevalence_EGFR	imputed_value	0.0167364016736402
per_feature	sarcoma	mutation_prevalence_EGFR	n_imputed_values	0
per_feature	sarcoma	mutation_prevalence_EGFR	retained_for_group_tree	FALSE
per_feature	sarcoma	mutation_prevalence_EGFR	drop_reason	constant_or_near_constant_within_group
per_feature	sarcoma	mutation_prevalence_ERBB2	missing_fraction	0
per_feature	sarcoma	mutation_prevalence_ERBB2	n_missing_projects	0
per_feature	sarcoma	mutation_prevalence_ERBB2	n_unique_non_missing	1
per_feature	sarcoma	mutation_prevalence_ERBB2	raw_sd	NA
per_feature	sarcoma	mutation_prevalence_ERBB2	imputed_value	0.00418410041841004
per_feature	sarcoma	mutation_prevalence_ERBB2	n_imputed_values	0
per_feature	sarcoma	mutation_prevalence_ERBB2	retained_for_group_tree	FALSE
per_feature	sarcoma	mutation_prevalence_ERBB2	drop_reason	constant_or_near_constant_within_group
per_feature	sarcoma	mutation_prevalence_IDH1	missing_fraction	0
per_feature	sarcoma	mutation_prevalence_IDH1	n_missing_projects	0
per_feature	sarcoma	mutation_prevalence_IDH1	n_unique_non_missing	1
per_feature	sarcoma	mutation_prevalence_IDH1	raw_sd	NA
per_feature	sarcoma	mutation_prevalence_IDH1	imputed_value	0.00836820083682008
per_feature	sarcoma	mutation_prevalence_IDH1	n_imputed_values	0
per_feature	sarcoma	mutation_prevalence_IDH1	retained_for_group_tree	FALSE
per_feature	sarcoma	mutation_prevalence_IDH1	drop_reason	constant_or_near_constant_within_group
per_feature	sarcoma	mutation_prevalence_IDH2	missing_fraction	0
per_feature	sarcoma	mutation_prevalence_IDH2	n_missing_projects	0
per_feature	sarcoma	mutation_prevalence_IDH2	n_unique_non_missing	1
per_feature	sarcoma	mutation_prevalence_IDH2	raw_sd	NA
per_feature	sarcoma	mutation_prevalence_IDH2	imputed_value	0
per_feature	sarcoma	mutation_prevalence_IDH2	n_imputed_values	0
per_feature	sarcoma	mutation_prevalence_IDH2	retained_for_group_tree	FALSE
per_feature	sarcoma	mutation_prevalence_IDH2	drop_reason	constant_or_near_constant_within_group
per_feature	sarcoma	mutation_prevalence_KRAS	missing_fraction	0
per_feature	sarcoma	mutation_prevalence_KRAS	n_missing_projects	0
per_feature	sarcoma	mutation_prevalence_KRAS	n_unique_non_missing	1
per_feature	sarcoma	mutation_prevalence_KRAS	raw_sd	NA
per_feature	sarcoma	mutation_prevalence_KRAS	imputed_value	0.00836820083682008
per_feature	sarcoma	mutation_prevalence_KRAS	n_imputed_values	0
per_feature	sarcoma	mutation_prevalence_KRAS	retained_for_group_tree	FALSE
per_feature	sarcoma	mutation_prevalence_KRAS	drop_reason	constant_or_near_constant_within_group
per_feature	sarcoma	mutation_prevalence_MET	missing_fraction	0
per_feature	sarcoma	mutation_prevalence_MET	n_missing_projects	0
per_feature	sarcoma	mutation_prevalence_MET	n_unique_non_missing	1
per_feature	sarcoma	mutation_prevalence_MET	raw_sd	NA
per_feature	sarcoma	mutation_prevalence_MET	imputed_value	0.0167364016736402
per_feature	sarcoma	mutation_prevalence_MET	n_imputed_values	0
per_feature	sarcoma	mutation_prevalence_MET	retained_for_group_tree	FALSE
per_feature	sarcoma	mutation_prevalence_MET	drop_reason	constant_or_near_constant_within_group
per_feature	sarcoma	mutation_prevalence_MLH1	missing_fraction	0
per_feature	sarcoma	mutation_prevalence_MLH1	n_missing_projects	0
per_feature	sarcoma	mutation_prevalence_MLH1	n_unique_non_missing	1
per_feature	sarcoma	mutation_prevalence_MLH1	raw_sd	NA
per_feature	sarcoma	mutation_prevalence_MLH1	imputed_value	0.00418410041841004
per_feature	sarcoma	mutation_prevalence_MLH1	n_imputed_values	0
per_feature	sarcoma	mutation_prevalence_MLH1	retained_for_group_tree	FALSE
per_feature	sarcoma	mutation_prevalence_MLH1	drop_reason	constant_or_near_constant_within_group
per_feature	sarcoma	mutation_prevalence_MSH2	missing_fraction	0
per_feature	sarcoma	mutation_prevalence_MSH2	n_missing_projects	0
per_feature	sarcoma	mutation_prevalence_MSH2	n_unique_non_missing	1
per_feature	sarcoma	mutation_prevalence_MSH2	raw_sd	NA
per_feature	sarcoma	mutation_prevalence_MSH2	imputed_value	0
per_feature	sarcoma	mutation_prevalence_MSH2	n_imputed_values	0
per_feature	sarcoma	mutation_prevalence_MSH2	retained_for_group_tree	FALSE
per_feature	sarcoma	mutation_prevalence_MSH2	drop_reason	constant_or_near_constant_within_group
per_feature	sarcoma	mutation_prevalence_MSH6	missing_fraction	0
per_feature	sarcoma	mutation_prevalence_MSH6	n_missing_projects	0
per_feature	sarcoma	mutation_prevalence_MSH6	n_unique_non_missing	1
per_feature	sarcoma	mutation_prevalence_MSH6	raw_sd	NA
per_feature	sarcoma	mutation_prevalence_MSH6	imputed_value	0
per_feature	sarcoma	mutation_prevalence_MSH6	n_imputed_values	0
per_feature	sarcoma	mutation_prevalence_MSH6	retained_for_group_tree	FALSE
per_feature	sarcoma	mutation_prevalence_MSH6	drop_reason	constant_or_near_constant_within_group
per_feature	sarcoma	mutation_prevalence_MYC	missing_fraction	0
per_feature	sarcoma	mutation_prevalence_MYC	n_missing_projects	0
per_feature	sarcoma	mutation_prevalence_MYC	n_unique_non_missing	1
per_feature	sarcoma	mutation_prevalence_MYC	raw_sd	NA
per_feature	sarcoma	mutation_prevalence_MYC	imputed_value	0.00418410041841004
per_feature	sarcoma	mutation_prevalence_MYC	n_imputed_values	0
per_feature	sarcoma	mutation_prevalence_MYC	retained_for_group_tree	FALSE
per_feature	sarcoma	mutation_prevalence_MYC	drop_reason	constant_or_near_constant_within_group
per_feature	sarcoma	mutation_prevalence_NF1	missing_fraction	0
per_feature	sarcoma	mutation_prevalence_NF1	n_missing_projects	0
per_feature	sarcoma	mutation_prevalence_NF1	n_unique_non_missing	1
per_feature	sarcoma	mutation_prevalence_NF1	raw_sd	NA
per_feature	sarcoma	mutation_prevalence_NF1	imputed_value	0.0418410041841004
per_feature	sarcoma	mutation_prevalence_NF1	n_imputed_values	0
per_feature	sarcoma	mutation_prevalence_NF1	retained_for_group_tree	FALSE
per_feature	sarcoma	mutation_prevalence_NF1	drop_reason	constant_or_near_constant_within_group
per_feature	sarcoma	mutation_prevalence_PIK3CA	missing_fraction	0
per_feature	sarcoma	mutation_prevalence_PIK3CA	n_missing_projects	0
per_feature	sarcoma	mutation_prevalence_PIK3CA	n_unique_non_missing	1
per_feature	sarcoma	mutation_prevalence_PIK3CA	raw_sd	NA
per_feature	sarcoma	mutation_prevalence_PIK3CA	imputed_value	0.0292887029288703
per_feature	sarcoma	mutation_prevalence_PIK3CA	n_imputed_values	0
per_feature	sarcoma	mutation_prevalence_PIK3CA	retained_for_group_tree	FALSE
per_feature	sarcoma	mutation_prevalence_PIK3CA	drop_reason	constant_or_near_constant_within_group
per_feature	sarcoma	mutation_prevalence_PMS2	missing_fraction	0
per_feature	sarcoma	mutation_prevalence_PMS2	n_missing_projects	0
per_feature	sarcoma	mutation_prevalence_PMS2	n_unique_non_missing	1
per_feature	sarcoma	mutation_prevalence_PMS2	raw_sd	NA
per_feature	sarcoma	mutation_prevalence_PMS2	imputed_value	0.00836820083682008
per_feature	sarcoma	mutation_prevalence_PMS2	n_imputed_values	0
per_feature	sarcoma	mutation_prevalence_PMS2	retained_for_group_tree	FALSE
per_feature	sarcoma	mutation_prevalence_PMS2	drop_reason	constant_or_near_constant_within_group
per_feature	sarcoma	mutation_prevalence_POLE	missing_fraction	0
per_feature	sarcoma	mutation_prevalence_POLE	n_missing_projects	0
per_feature	sarcoma	mutation_prevalence_POLE	n_unique_non_missing	1
per_feature	sarcoma	mutation_prevalence_POLE	raw_sd	NA
per_feature	sarcoma	mutation_prevalence_POLE	imputed_value	0.0167364016736402
per_feature	sarcoma	mutation_prevalence_POLE	n_imputed_values	0
per_feature	sarcoma	mutation_prevalence_POLE	retained_for_group_tree	FALSE
per_feature	sarcoma	mutation_prevalence_POLE	drop_reason	constant_or_near_constant_within_group
per_feature	sarcoma	mutation_prevalence_PTEN	missing_fraction	0
per_feature	sarcoma	mutation_prevalence_PTEN	n_missing_projects	0
per_feature	sarcoma	mutation_prevalence_PTEN	n_unique_non_missing	1
per_feature	sarcoma	mutation_prevalence_PTEN	raw_sd	NA
per_feature	sarcoma	mutation_prevalence_PTEN	imputed_value	0.0251046025104603
per_feature	sarcoma	mutation_prevalence_PTEN	n_imputed_values	0
per_feature	sarcoma	mutation_prevalence_PTEN	retained_for_group_tree	FALSE
per_feature	sarcoma	mutation_prevalence_PTEN	drop_reason	constant_or_near_constant_within_group
per_feature	sarcoma	mutation_prevalence_RB1	missing_fraction	0
per_feature	sarcoma	mutation_prevalence_RB1	n_missing_projects	0
per_feature	sarcoma	mutation_prevalence_RB1	n_unique_non_missing	1
per_feature	sarcoma	mutation_prevalence_RB1	raw_sd	NA
per_feature	sarcoma	mutation_prevalence_RB1	imputed_value	0.104602510460251
per_feature	sarcoma	mutation_prevalence_RB1	n_imputed_values	0
per_feature	sarcoma	mutation_prevalence_RB1	retained_for_group_tree	FALSE
per_feature	sarcoma	mutation_prevalence_RB1	drop_reason	constant_or_near_constant_within_group
per_feature	sarcoma	mutation_prevalence_SMAD4	missing_fraction	0
per_feature	sarcoma	mutation_prevalence_SMAD4	n_missing_projects	0
per_feature	sarcoma	mutation_prevalence_SMAD4	n_unique_non_missing	1
per_feature	sarcoma	mutation_prevalence_SMAD4	raw_sd	NA
per_feature	sarcoma	mutation_prevalence_SMAD4	imputed_value	0.00836820083682008
per_feature	sarcoma	mutation_prevalence_SMAD4	n_imputed_values	0
per_feature	sarcoma	mutation_prevalence_SMAD4	retained_for_group_tree	FALSE
per_feature	sarcoma	mutation_prevalence_SMAD4	drop_reason	constant_or_near_constant_within_group
per_feature	sarcoma	mutation_prevalence_TERT	missing_fraction	0
per_feature	sarcoma	mutation_prevalence_TERT	n_missing_projects	0
per_feature	sarcoma	mutation_prevalence_TERT	n_unique_non_missing	1
per_feature	sarcoma	mutation_prevalence_TERT	raw_sd	NA
per_feature	sarcoma	mutation_prevalence_TERT	imputed_value	0.0167364016736402
per_feature	sarcoma	mutation_prevalence_TERT	n_imputed_values	0
per_feature	sarcoma	mutation_prevalence_TERT	retained_for_group_tree	FALSE
per_feature	sarcoma	mutation_prevalence_TERT	drop_reason	constant_or_near_constant_within_group
per_feature	sarcoma	mutation_prevalence_TP53	missing_fraction	0
per_feature	sarcoma	mutation_prevalence_TP53	n_missing_projects	0
per_feature	sarcoma	mutation_prevalence_TP53	n_unique_non_missing	1
per_feature	sarcoma	mutation_prevalence_TP53	raw_sd	NA
per_feature	sarcoma	mutation_prevalence_TP53	imputed_value	0.364016736401674
per_feature	sarcoma	mutation_prevalence_TP53	n_imputed_values	0
per_feature	sarcoma	mutation_prevalence_TP53	retained_for_group_tree	FALSE
per_feature	sarcoma	mutation_prevalence_TP53	drop_reason	constant_or_near_constant_within_group
per_feature	sarcoma	mutation_prevalence_VHL	missing_fraction	0
per_feature	sarcoma	mutation_prevalence_VHL	n_missing_projects	0
per_feature	sarcoma	mutation_prevalence_VHL	n_unique_non_missing	1
per_feature	sarcoma	mutation_prevalence_VHL	raw_sd	NA
per_feature	sarcoma	mutation_prevalence_VHL	imputed_value	0
per_feature	sarcoma	mutation_prevalence_VHL	n_imputed_values	0
per_feature	sarcoma	mutation_prevalence_VHL	retained_for_group_tree	FALSE
per_feature	sarcoma	mutation_prevalence_VHL	drop_reason	constant_or_near_constant_within_group
per_feature	sarcoma	tmb_proxy_mean_nonsynonymous_count	missing_fraction	0
per_feature	sarcoma	tmb_proxy_mean_nonsynonymous_count	n_missing_projects	0
per_feature	sarcoma	tmb_proxy_mean_nonsynonymous_count	n_unique_non_missing	1
per_feature	sarcoma	tmb_proxy_mean_nonsynonymous_count	raw_sd	NA
per_feature	sarcoma	tmb_proxy_mean_nonsynonymous_count	imputed_value	73.6317991631799
per_feature	sarcoma	tmb_proxy_mean_nonsynonymous_count	n_imputed_values	0
per_feature	sarcoma	tmb_proxy_mean_nonsynonymous_count	retained_for_group_tree	FALSE
per_feature	sarcoma	tmb_proxy_mean_nonsynonymous_count	drop_reason	constant_or_near_constant_within_group
per_feature	sarcoma	tmb_proxy_mean_total_mutation_count	missing_fraction	0
per_feature	sarcoma	tmb_proxy_mean_total_mutation_count	n_missing_projects	0
per_feature	sarcoma	tmb_proxy_mean_total_mutation_count	n_unique_non_missing	1
per_feature	sarcoma	tmb_proxy_mean_total_mutation_count	raw_sd	NA
per_feature	sarcoma	tmb_proxy_mean_total_mutation_count	imputed_value	133.292887029289
per_feature	sarcoma	tmb_proxy_mean_total_mutation_count	n_imputed_values	0
per_feature	sarcoma	tmb_proxy_mean_total_mutation_count	retained_for_group_tree	FALSE
per_feature	sarcoma	tmb_proxy_mean_total_mutation_count	drop_reason	constant_or_near_constant_within_group
per_feature	sarcoma	tmb_proxy_median_nonsynonymous_count	missing_fraction	0
per_feature	sarcoma	tmb_proxy_median_nonsynonymous_count	n_missing_projects	0
per_feature	sarcoma	tmb_proxy_median_nonsynonymous_count	n_unique_non_missing	1
per_feature	sarcoma	tmb_proxy_median_nonsynonymous_count	raw_sd	NA
per_feature	sarcoma	tmb_proxy_median_nonsynonymous_count	imputed_value	41
per_feature	sarcoma	tmb_proxy_median_nonsynonymous_count	n_imputed_values	0
per_feature	sarcoma	tmb_proxy_median_nonsynonymous_count	retained_for_group_tree	FALSE
per_feature	sarcoma	tmb_proxy_median_nonsynonymous_count	drop_reason	constant_or_near_constant_within_group
per_feature	sarcoma	tmb_proxy_median_total_mutation_count	missing_fraction	0
per_feature	sarcoma	tmb_proxy_median_total_mutation_count	n_missing_projects	0
per_feature	sarcoma	tmb_proxy_median_total_mutation_count	n_unique_non_missing	1
per_feature	sarcoma	tmb_proxy_median_total_mutation_count	raw_sd	NA
per_feature	sarcoma	tmb_proxy_median_total_mutation_count	imputed_value	76
per_feature	sarcoma	tmb_proxy_median_total_mutation_count	n_imputed_values	0
per_feature	sarcoma	tmb_proxy_median_total_mutation_count	retained_for_group_tree	FALSE
per_feature	sarcoma	tmb_proxy_median_total_mutation_count	drop_reason	constant_or_near_constant_within_group
